PRT2
586
469
1302
4 0 4 (1328 896 2096) (1408 896 2096) (1408 896 2112) (1328 896 2112) 
4 0 3 (1408 896 2096) (1328 896 2096) (1328 1024 2096) (1408 1024 2096) 
4 0 2 (1328 1024 2096) (1328 896 2096) (1328 896 2112) (1328 1024 2112) 
4 1 17 (576 1088 2096) (576 1024 2096) (576 1024 2112) (576 1088 2112) 
4 1 2 (576 1024 2096) (1328 1024 2096) (1328 1024 2112) (576 1024 2112) 
4 2 18 (576 1024 2096) (576 896 2096) (576 896 2112) (576 1024 2112) 
4 2 8 (576 896 2112) (576 896 2096) (1280 896 2096) (1280 896 2112) 
4 2 6 (1280 896 2096) (1328 896 2096) (1328 896 2112) (1280 896 2112) 
4 2 3 (1328 896 2096) (576 896 2096) (576 1024 2096) (1328 1024 2096) 
4 3 101 (1408 896 432) (576 896 432) (576 1024 432) (1408 1024 432) 
4 3 50 (576 1024 432) (576 896 432) (576 896 528) (576 1024 528) 
4 3 22 (576 896 528) (576 896 592) (576 1024 592) (576 1024 528) 
4 3 20 (576 896 592) (576 896 2096) (576 1024 2096) (576 1024 592) 
4 3 7 (1280 896 432) (1408 896 432) (1408 896 2096) (1280 896 2096) 
4 4 13 (1328 -2688 2112) (1328 -2688 2096) (1408 -2688 2096) (1408 -2688 2112) 
4 4 7 (1408 -2688 2096) (1328 -2688 2096) (1328 896 2096) (1408 896 2096) 
4 4 6 (1328 896 2112) (1328 896 2096) (1328 -2688 2096) (1328 -2688 2112) 
4 4 5 (1328 896 2176) (1328 896 2112) (1328 -2688 2112) (1328 -2688 2176) 
4 5 6 (1280 -2688 2112) (1280 896 2112) (1328 896 2112) (1328 -2688 2112) 
4 6 14 (1280 -2688 2112) (1280 -2688 2096) (1328 -2688 2096) (1328 -2688 2112) 
4 6 8 (1280 896 2112) (1280 896 2096) (1280 -2688 2096) (1280 -2688 2112) 
4 6 7 (1328 -2688 2096) (1280 -2688 2096) (1280 896 2096) (1328 896 2096) 
4 7 286 (1408 -2688 432) (1280 -2688 432) (1280 -816 432) (1408 -816 432) 
4 7 213 (1280 -816 432) (1280 -536 432) (1408 -536 432) (1408 -816 432) 
4 7 129 (1280 -536 432) (1280 360 432) (1408 360 432) (1408 -536 432) 
4 7 103 (1280 360 432) (1280 896 432) (1408 896 432) (1408 360 432) 
4 7 16 (1280 -2688 2096) (1280 -2688 432) (1408 -2688 432) (1408 -2688 2096) 
4 8 45 (576 72 2096) (576 -2688 2096) (576 -2688 2112) (576 72 2112) 
4 8 19 (576 896 2112) (576 896 2096) (576 72 2096) (576 72 2112) 
4 8 14 (576 -2688 2112) (576 -2688 2096) (1280 -2688 2096) (1280 -2688 2112) 
4 9 290 (1280 -2688 432) (592 -2688 432) (592 -816 432) (1280 -816 432) 
4 9 214 (592 -816 432) (592 -536 432) (1280 -536 432) (1280 -816 432) 
4 9 136 (592 -536 432) (592 -512 432) (1280 -512 432) (1280 -536 432) 
4 9 133 (592 -512 432) (592 360 432) (1280 360 432) (1280 -512 432) 
4 9 107 (592 360 432) (592 896 432) (1280 896 432) (1280 360 432) 
4 9 12 (592 -2688 432) (592 -2688 2096) (592 72 2096) (592 72 432) 
4 9 11 (592 72 2096) (592 360 2096) (592 360 528) (592 72 528) 
4 9 10 (592 360 2096) (592 896 2096) (592 896 432) (592 360 432) 
4 10 107 (576 360 432) (576 896 432) (592 896 432) (592 360 432) 
4 10 51 (576 896 528) (576 896 432) (576 360 432) (576 360 528) 
4 10 24 (576 360 552) (576 360 592) (576 456 592) (576 456 552) 
4 10 23 (576 896 592) (576 896 528) (576 456 528) (576 456 592) 
4 10 21 (576 896 2096) (576 896 592) (576 360 592) (576 360 2096) 
4 10 11 (592 360 528) (592 360 2096) (576 360 2096) (576 360 528) 
3 11 44 (576 72 528) (576 72 537.3725830020308) (576 81.372583002031 528) 
3 11 43 (576 72 582.6274169979588) (576 72 592) (576 81.37258300204111 592) 
3 11 42 (576 72 550.6274169979587) (576 72 569.3725830020323) (576 81.37258300203665 559.9999999999956) 
3 11 41 (576 96 529.3725830020303) (576 96 528) (576 94.62741699796972 528) 
3 11 40 (576 96 561.3725830020303) (576 96 558.6274169979802) (576 94.62741699797431 560.0000000000047) 
5 11 37 (576 104 569.3725830020301) (576 104 552) (576 102.62741699798025 552) (576 96 558.62741699798) (576 96 561.3725830020303) 
3 11 36 (576 94.62741699795873 592) (576 104 592) (576 104 582.6274169979588) 
4 11 34 (576 104 592) (576 200 592) (576 200 552) (576 104 552) 
3 11 33 (576 200 592) (576 209.37258300204098 592) (576 200 582.6274169979589) 
4 11 28 (576 232 569.3725830020301) (576 232 552) (576 230.62741699798025 552) (576 222.62741699797493 560.0000000000052) 
4 11 27 (576 209.37258300203325 559.9999999999977) (576 201.37258300204113 552) (576 200 552) (576 200 569.3725830020308) 
3 11 26 (576 222.62741699798008 592) (576 232 592) (576 232 582.6274169979803) 
4 11 24 (576 232 592) (576 360 592) (576 360 552) (576 232 552) 
4 11 21 (576 72 592) (576 72 2096) (576 360 2096) (576 360 592) 
4 11 12 (592 72 528) (592 72 2096) (576 72 2096) (576 72 528) 
4 12 290 (592 -2688 432) (576 -2688 432) (576 -816 432) (592 -816 432) 
4 12 214 (576 -816 432) (576 -536 432) (592 -536 432) (592 -816 432) 
4 12 136 (576 -536 432) (576 -512 432) (592 -512 432) (592 -536 432) 
4 12 133 (576 -512 432) (576 72 432) (592 72 432) (592 -512 432) 
4 12 83 (576 72 432) (576 -2688 432) (576 -2688 528) (576 72 528) 
4 12 46 (576 -2688 528) (576 -2688 2096) (576 72 2096) (576 72 528) 
4 13 16 (1408 -2816 2096) (1328 -2816 2096) (1328 -2688 2096) (1408 -2688 2096) 
4 13 14 (1328 -2688 2096) (1328 -2816 2096) (1328 -2816 2112) (1328 -2688 2112) 
4 14 47 (576 -2688 2112) (576 -2688 2096) (576 -2816 2096) (576 -2816 2112) 
4 14 16 (1328 -2816 2096) (576 -2816 2096) (576 -2688 2096) (1328 -2688 2096) 
4 14 15 (576 -2816 2096) (1328 -2816 2096) (1328 -2816 2112) (576 -2816 2112) 
4 15 48 (576 -2816 2096) (576 -2848 2096) (576 -2848 2112) (576 -2816 2112) 
4 16 294 (576 -2816 432) (576 -2688 432) (1408 -2688 432) (1408 -2816 432) 
4 16 86 (576 -2688 528) (576 -2688 432) (576 -2816 432) (576 -2816 528) 
4 16 49 (576 -2688 2096) (576 -2688 528) (576 -2816 528) (576 -2816 2096) 
4 17 87 (-448 1088 2096) (-448 1024 2096) (-448 1024 2112) (-448 1088 2112) 
4 17 18 (-448 1024 2096) (576 1024 2096) (576 1024 2112) (-448 1024 2112) 
4 18 88 (-448 1024 2096) (-448 896 2096) (-448 896 2112) (-448 1024 2112) 
4 18 20 (-448 896 2096) (-448 1024 2096) (576 1024 2096) (576 896 2096) 
4 18 19 (-448 896 2112) (-448 896 2096) (576 896 2096) (576 896 2112) 
4 19 91 (-448 896 2112) (-448 896 2096) (-448 72 2096) (-448 72 2112) 
4 19 45 (-448 72 2112) (-448 72 2096) (576 72 2096) (576 72 2112) 
4 20 90 (-448 1024 592) (-448 896 592) (-448 896 2096) (-448 1024 2096) 
4 20 22 (-448 896 592) (-448 1024 592) (576 1024 592) (576 896 592) 
4 21 92 (-448 896 592) (-448 72 592) (-448 72 2096) (-448 896 2096) 
4 21 46 (-448 72 2096) (-448 72 592) (576 72 592) (576 72 2096) 
4 21 43 (576 72 592) (-448 72 592) (-448 81.37258300204111 592) (576 81.37258300204111 592) 
4 21 36 (-448 94.62741699795873 592) (-448 104 592) (576 104 592) (576 94.62741699795873 592) 
4 21 34 (-448 104 592) (-448 200 592) (576 200 592) (576 104 592) 
4 21 33 (-448 200 592) (-448 209.37258300204098 592) (576 209.37258300204098 592) (576 200 592) 
4 21 26 (-448 222.62741699798008 592) (-448 232 592) (576 232 592) (576 222.62741699798008 592) 
4 21 25 (-448 232 592) (-448 456 592) (392 456 592) (392 232 592) 
4 21 24 (392 456 592) (576 456 592) (576 232 592) (392 232 592) 
4 21 23 (-448 456 592) (-448 896 592) (576 896 592) (576 456 592) 
4 22 90 (-448 1024 528) (-448 896 528) (-448 896 592) (-448 1024 592) 
4 22 50 (-448 896 528) (-448 1024 528) (576 1024 528) (576 896 528) 
4 23 92 (-448 896 528) (-448 456 528) (-448 456 592) (-448 896 592) 
4 23 51 (-448 456 528) (-448 896 528) (576 896 528) (576 456 528) 
4 23 25 (-448 456 528) (392 456 528) (392 456 592) (-448 456 592) 
4 23 24 (576 456 552) (576 456 592) (392 456 592) (392 456 552) 
4 24 28 (576 232 552) (576 232 569.3725830020301) (392 232 569.3725830020301) (392 232 552) 
4 24 26 (576 232 582.6274169979803) (576 232 592) (392 232 592) (392 232 582.6274169979803) 
4 24 25 (392 456 592) (392 456 552) (392 232 552) (392 232 592) 
4 25 92 (-448 456 528) (-448 232 528) (-448 232 592) (-448 456 592) 
4 25 55 (-448 232 528) (-448 344 528) (-96 344 528) (-96 232 528) 
4 25 54 (-448 344 528) (-448 360 528) (-96 360 528) (-96 344 528) 
4 25 53 (-96 360 528) (104 360 528) (104 232 528) (-96 232 528) 
4 25 52 (120 360 528) (392 360 528) (392 232 528) (120 232 528) 
4 25 51 (-448 360 528) (-448 456 528) (392 456 528) (392 360 528) 
4 25 32 (-448 232 528) (392 232 528) (392 232 537.3725830020301) (-448 232 537.3725830020301) 
4 25 29 (392 232 550.6274169979803) (392 232 552) (-448 232 552) (-448 232 550.6274169979803) 
4 25 28 (392 232 552) (392 232 569.3725830020301) (-448 232 569.3725830020301) (-448 232 552) 
4 25 26 (392 232 582.6274169979803) (392 232 592) (-448 232 592) (-448 232 582.6274169979803) 
3 26 92 (-448 222.62741699798008 592) (-448 232 592) (-448 232 582.6274169979803) 
4 27 92 (-448 200 552) (-448 200 569.3725830020308) (-448 209.37258300203325 559.9999999999977) (-448 201.37258300204113 552) 
4 27 34 (576 200 552) (576 200 569.3725830020308) (-448 200 569.3725830020308) (-448 200 552) 
4 27 30 (392 200 552) (-448 200 552) (-448 201.37258300204113 552) (392 201.37258300204113 552) 
4 28 92 (-448 232 569.3725830020301) (-448 232 552) (-448 230.62741699798025 552) (-448 222.62741699797493 560.0000000000052) 
4 28 29 (-448 230.62741699798025 552) (-448 232 552) (392 232 552) (392 230.62741699798025 552) 
3 29 92 (-448 230.62741699798025 552) (-448 232 552) (-448 232 550.6274169979803) 
3 30 92 (-448 200 550.6274169979589) (-448 200 552) (-448 201.37258300204113 552) 
4 30 35 (392 200 550.6274169979589) (392 200 552) (-448 200 552) (-448 200 550.6274169979589) 
3 31 92 (-448 209.37258300203098 528) (-448 200 528) (-448 200 537.3725830020308) 
4 31 59 (-448 200 528) (-448 209.37258300203098 528) (392 209.37258300203098 528) (392 200 528) 
4 31 35 (-448 200 528) (392 200 528) (392 200 537.3725830020308) (-448 200 537.3725830020308) 
3 32 92 (-448 232 528) (-448 222.6274169979697 528) (-448 232 537.3725830020301) 
4 32 58 (-448 222.6274169979697 528) (-448 232 528) (392 232 528) (392 222.6274169979697 528) 
3 33 92 (-448 200 582.6274169979589) (-448 200 592) (-448 209.37258300204098 592) 
4 33 34 (576 200 582.6274169979589) (576 200 592) (-448 200 592) (-448 200 582.6274169979589) 
4 34 92 (-448 104 552) (-448 104 592) (-448 200 592) (-448 200 552) 
4 34 37 (576 104 552) (576 104 569.3725830020301) (-448 104 569.3725830020301) (-448 104 552) 
4 34 36 (576 104 582.6274169979588) (576 104 592) (-448 104 592) (-448 104 582.6274169979588) 
4 34 35 (392 104 552) (-448 104 552) (-448 200 552) (392 200 552) 
4 35 92 (-448 200 528) (-448 104 528) (-448 104 552) (-448 200 552) 
4 35 67 (-448 104 528) (-448 200 528) (-432 200 528) (-432 104 528) 
4 35 66 (-432 200 528) (-360 200 528) (-360 104 528) (-432 104 528) 
4 35 65 (-360 200 528) (392 200 528) (392 104 528) (-360 104 528) 
4 35 39 (-448 104 528) (392 104 528) (392 104 537.3725830020301) (-448 104 537.3725830020301) 
4 35 38 (392 104 550.6274169979803) (392 104 552) (-448 104 552) (-448 104 550.6274169979803) 
3 36 92 (-448 94.62741699795873 592) (-448 104 592) (-448 104 582.6274169979588) 
5 37 92 (-448 96 558.62741699798) (-448 96 561.3725830020303) (-448 104 569.3725830020301) (-448 104 552) (-448 102.62741699798025 552) 
4 37 40 (576 96 558.62741699798) (576 96 561.3725830020303) (-448 96 561.3725830020303) (-448 96 558.62741699798) 
4 37 38 (-448 102.62741699798025 552) (-448 104 552) (392 104 552) (392 102.62741699798025 552) 
3 38 92 (-448 102.62741699798025 552) (-448 104 552) (-448 104 550.6274169979803) 
4 39 92 (-448 104 528) (-448 96 528) (-448 96 529.3725830020303) (-448 104 537.3725830020301) 
4 39 70 (-448 96 528) (-448 104 528) (392 104 528) (392 96 528) 
4 39 41 (-448 96 528) (392 96 528) (392 96 529.3725830020303) (-448 96 529.3725830020303) 
3 40 92 (-448 96 561.3725830020303) (-448 96 558.6274169979802) (-448 94.62741699797431 560.0000000000047) 
3 41 92 (-448 96 528) (-448 94.62741699796972 528) (-448 96 529.3725830020303) 
4 41 70 (-448 94.62741699796972 528) (-448 96 528) (576 96 528) (576 94.62741699796972 528) 
3 42 92 (-448 72 550.6274169979587) (-448 72 569.3725830020323) (-448 81.37258300203665 559.9999999999956) 
4 42 46 (-448 72 569.3725830020323) (-448 72 550.6274169979587) (576 72 550.6274169979587) (576 72 569.3725830020323) 
3 43 92 (-448 72 582.6274169979588) (-448 72 592) (-448 81.37258300204111 592) 
4 43 46 (-448 72 592) (-448 72 582.6274169979587) (576 72 582.6274169979588) (576 72 592) 
3 44 92 (-448 81.37258300203086 528) (-448 72 528) (-448 72 537.3725830020306) 
4 44 82 (-448 72 528) (-448 81.37258300203086 528) (576 81.372583002031 528) (576 72 528) 
4 44 46 (-448 72 537.3725830020306) (-448 72 528) (576 72 528) (576 72 537.3725830020308) 
4 45 91 (-448 72 2112) (-448 72 2096) (-448 -2688 2096) (-448 -2688 2112) 
4 45 47 (-448 -2688 2112) (-448 -2688 2096) (576 -2688 2096) (576 -2688 2112) 
4 46 92 (-448 72 2096) (-448 72 528) (-448 -2688 528) (-448 -2688 2096) 
4 46 85 (-448 -2688 528) (-448 -128 528) (-96 -128 528) (-96 -2688 528) 
4 46 84 (-448 -128 528) (-448 72 528) (-96 72 528) (-96 -128 528) 
4 46 83 (-96 72 528) (576 72 528) (576 -2688 528) (-96 -2688 528) 
4 47 97 (-448 -2688 2112) (-448 -2688 2096) (-448 -2816 2096) (-448 -2816 2112) 
4 47 49 (-448 -2816 2096) (-448 -2688 2096) (576 -2688 2096) (576 -2816 2096) 
4 47 48 (-448 -2816 2096) (576 -2816 2096) (576 -2816 2112) (-448 -2816 2112) 
4 48 99 (-448 -2816 2096) (-448 -2848 2096) (-448 -2848 2112) (-448 -2816 2112) 
4 49 100 (-448 -2688 2096) (-448 -2688 528) (-448 -2816 528) (-448 -2816 2096) 
4 49 86 (-448 -2816 528) (-448 -2688 528) (576 -2688 528) (576 -2816 528) 
4 50 336 (-448 896 432) (-448 1024 432) (-96 1024 432) (-96 896 432) 
4 50 300 (-96 1024 432) (-48 1024 432) (-48 896 432) (-96 896 432) 
4 50 114 (-48 1024 432) (304 1024 432) (304 896 432) (-48 896 432) 
4 50 101 (304 1024 432) (576 1024 432) (576 896 432) (304 896 432) 
4 50 90 (-448 1024 432) (-448 896 432) (-448 896 528) (-448 1024 528) 
4 51 339 (-448 360 432) (-448 896 432) (-104 896 432) (-104 360 432) 
4 51 337 (-104 896 432) (-96 896 432) (-96 456 432) (-104 456 432) 
4 51 301 (-96 896 432) (-48 896 432) (-48 456 432) (-96 456 432) 
4 51 123 (304 368 432) (304 360 432) (120 360 432) (120 368 432) 
4 51 115 (-48 896 432) (304 896 432) (304 456 432) (-48 456 432) 
4 51 111 (304 896 432) (488 896 432) (488 456 432) (304 456 432) 
4 51 108 (488 896 432) (576 896 432) (576 456 432) (488 456 432) 
4 51 92 (-448 896 432) (-448 360 432) (-448 360 528) (-448 896 528) 
4 51 54 (-96 360 528) (-448 360 528) (-448 360 432) (-96 360 432) 
4 51 53 (104 360 528) (-96 360 528) (-96 360 432) (104 360 432) 
4 51 52 (576 360 432) (576 360 528) (120 360 528) (120 360 432) 
4 52 141 (120 360 432) (472 360 432) (472 232 432) (120 232 432) 
4 52 76 (472 232 440) (120 232 440) (120 232 432) (472 232 432) 
4 52 75 (576 232 432) (576 232 440) (472 232 440) (472 232 432) 
4 52 62 (120 232 473.3725830020302) (120 232 454.62741699795873) (472 232 454.6274169979588) (472 232 473.3725830020302) 
4 52 61 (120 232 505.37258300203007) (120 232 486.62741699790587) (472 232 486.62741699790644) (472 232 505.3725830020301) 
4 52 58 (472 232 528) (120 232 528) (120 232 518.6274169980105) (472 232 518.6274169980105) 
4 52 57 (120 232 441.3725830020303) (120 232 440) (472 232 440) (472 232 441.37258300203035) 
4 52 56 (576 232 440) (576 232 528) (472 232 528) (472 232 440) 
4 53 167 (-40 232 432) (-48 232 432) (-48 256 432) (-40 256 432) 
4 53 166 (-24 232 432) (-32 232 432) (-32 256 432) (-24 256 432) 
4 53 165 (-8 232 432) (-16 232 432) (-16 256 432) (-8 256 432) 
4 53 164 (8 232 432) (0 232 432) (0 256 432) (8 256 432) 
4 53 163 (24 232 432) (16 232 432) (16 256 432) (24 256 432) 
4 53 162 (40 232 432) (32 232 432) (32 256 432) (40 256 432) 
4 53 161 (56 232 432) (48 232 432) (48 256 432) (56 256 432) 
4 53 160 (72 232 432) (64 232 432) (64 256 432) (72 256 432) 
4 53 159 (88 232 432) (80 232 432) (80 256 432) (88 256 432) 
4 53 76 (-96 232 440) (-96 232 432) (104 232 432) (104 232 440) 
4 53 62 (-96 232 473.3725830020302) (-96 232 454.62741699795873) (104 232 454.62741699795873) (104 232 473.3725830020302) 
4 53 61 (-96 232 505.37258300203007) (-96 232 486.6274169979055) (104 232 486.62741699790587) (104 232 505.37258300203007) 
4 53 58 (104 232 528) (-96 232 528) (-96 232 518.6274169980105) (104 232 518.6274169980105) 
4 53 57 (-96 232 441.3725830020303) (-96 232 440) (104 232 440) (104 232 441.3725830020303) 
4 53 55 (-96 232 440) (-96 232 528) (-96 344 528) (-96 344 440) 
4 53 54 (-96 360 528) (-96 360 432) (-96 344 432) (-96 344 528) 
4 54 92 (-448 360 432) (-448 344 432) (-448 344 528) (-448 360 528) 
4 54 55 (-96 344 440) (-96 344 528) (-448 344 528) (-448 344 440) 
4 55 92 (-448 232 440) (-448 232 528) (-448 344 528) (-448 344 440) 
4 55 62 (-448 232 473.3725830020302) (-448 232 454.62741699795873) (-96 232 454.62741699795873) (-96 232 473.3725830020302) 
4 55 61 (-448 232 505.37258300203) (-448 232 486.627416997905) (-96 232 486.6274169979055) (-96 232 505.37258300203007) 
4 55 58 (-96 232 528) (-448 232 528) (-448 232 518.6274169980105) (-96 232 518.6274169980105) 
4 55 57 (-448 232 441.3725830020303) (-448 232 440) (-96 232 440) (-96 232 441.3725830020303) 
4 56 75 (472 232 440) (576 232 440) (576 200 440) (472 200 440) 
4 56 65 (472 200 440) (576 200 440) (576 200 528) (472 200 528) 
3 56 64 (472 201.3725830020304 440) (472 200 440) (472 200 441.37258300203047) 
3 56 63 (472 200 454.62741699793816) (472 200 473.37258300201216) (472 209.37258300203703 463.99999999997516) 
3 56 62 (472 232 473.3725830020302) (472 232 454.6274169979588) (472 222.6274169979642 463.9999999999946) 
3 56 61 (472 232 505.3725830020301) (472 232 486.62741699790644) (472 222.62741699793798 495.9999999999683) 
3 56 60 (472 200 486.62741699795885) (472 200 505.3725830020306) (472 209.37258300202842 496.0000000000024) 
3 56 59 (472 200 518.6274169979442) (472 200 528) (472 209.37258300205602 528) 
3 56 58 (472 222.62741699801 528) (472 232 528) (472 232 518.6274169980105) 
3 56 57 (472 232 440) (472 230.62741699796965 440) (472 232 441.37258300203035) 
3 57 92 (-448 232 441.3725830020303) (-448 232 440) (-448 230.62741699796973 440) 
4 57 76 (-96 232 440) (472 232 440) (472 230.62741699796965 440) (-96 230.6274169979697 440) 
3 58 92 (-448 222.62741699801 528) (-448 232 528) (-448 232 518.6274169980105) 
3 59 92 (-448 200 528) (-448 209.37258300205602 528) (-448 200 518.6274169979442) 
4 59 67 (-432 200 528) (-448 200 528) (-448 200 518.6274169979442) (-432 200 518.6274169979442) 
4 59 66 (-360 200 528) (-432 200 528) (-432 200 518.6274169979442) (-360 200 518.6274169979442) 
4 59 65 (472 200 518.6274169979442) (472 200 528) (-360 200 528) (-360 200 518.6274169979442) 
3 60 92 (-448 209.37258300202836 496.00000000000233) (-448 200 486.62741699795885) (-448 200 505.37258300203047) 
4 60 67 (-432 200 505.37258300203047) (-448 200 505.37258300203047) (-448 200 486.62741699795885) (-432 200 486.62741699795885) 
4 60 66 (-360 200 505.37258300203047) (-432 200 505.37258300203047) (-432 200 486.62741699795885) (-360 200 486.62741699795885) 
4 60 65 (472 200 486.62741699795885) (472 200 505.3725830020306) (-360 200 505.37258300203047) (-360 200 486.62741699795885) 
3 61 92 (-448 232 505.37258300203) (-448 232 486.627416997905) (-448 222.62741699793733 495.9999999999675) 
3 62 92 (-448 232 473.3725830020302) (-448 232 454.62741699795873) (-448 222.62741699796416 463.9999999999946) 
3 63 92 (-448 200 454.62741699793696) (-448 200 473.37258300201205) (-448 209.37258300203757 463.99999999997453) 
4 63 67 (-432 200 473.37258300201205) (-448 200 473.37258300201205) (-448 200 454.62741699793696) (-432 200 454.62741699793696) 
4 63 66 (-360 200 473.37258300201205) (-432 200 473.37258300201205) (-432 200 454.62741699793696) (-360 200 454.6274169979371) 
4 63 65 (472 200 454.62741699793816) (472 200 473.37258300201216) (-360 200 473.37258300201205) (-360 200 454.6274169979371) 
3 64 92 (-448 201.3725830020304 440) (-448 200 440) (-448 200 441.37258300203047) 
4 64 79 (-448 200 440) (-448 201.3725830020304 440) (-96 201.3725830020304 440) (-96 200 440) 
4 64 77 (-96 201.3725830020304 440) (472 201.3725830020304 440) (472 200 440) (-96 200 440) 
4 64 67 (-448 200 440) (-432 200 440) (-432 200 441.37258300203047) (-448 200 441.37258300203047) 
4 64 65 (-360 200 440) (472 200 440) (472 200 441.37258300203047) (-360 200 441.37258300203047) 
4 65 79 (-360 200 440) (-96 200 440) (-96 104 440) (-360 104 440) 
4 65 77 (-96 200 440) (472 200 440) (472 104 440) (-96 104 440) 
4 65 75 (472 200 440) (576 200 440) (576 104 440) (472 104 440) 
4 65 71 (576 104 486.6274169979571) (576 104 505.37258300203007) (-360 104 505.37258300203007) (-360 104 486.6274169979571) 
4 65 70 (576 104 518.6274169979803) (576 104 528) (-360 104 528) (-360 104 518.6274169979803) 
4 65 69 (-360 104 440) (576 104 440) (576 104 441.37258300203325) (-360 104 441.37258300203325) 
4 65 68 (576 104 454.6274169979497) (576 104 473.37258300203024) (-360 104 473.37258300203024) (-360 104 454.6274169979497) 
4 65 66 (-360 200 528) (-360 200 448) (-360 104 448) (-360 104 528) 
4 66 71 (-360 104 486.6274169979571) (-360 104 505.37258300203007) (-432 104 505.37258300203007) (-432 104 486.6274169979571) 
4 66 70 (-360 104 518.6274169979803) (-360 104 528) (-432 104 528) (-432 104 518.6274169979803) 
4 66 68 (-360 104 454.6274169979497) (-360 104 473.37258300203024) (-432 104 473.37258300203024) (-432 104 454.6274169979497) 
4 66 67 (-432 200 528) (-432 200 448) (-432 104 448) (-432 104 528) 
4 67 92 (-448 104 528) (-448 200 528) (-448 200 440) (-448 104 440) 
4 67 79 (-448 104 440) (-448 200 440) (-432 200 440) (-432 104 440) 
4 67 71 (-432 104 486.6274169979571) (-432 104 505.37258300203007) (-448 104 505.37258300203007) (-448 104 486.6274169979571) 
4 67 70 (-432 104 518.6274169979803) (-432 104 528) (-448 104 528) (-448 104 518.6274169979803) 
4 67 69 (-448 104 440) (-432 104 440) (-432 104 441.37258300203325) (-448 104 441.37258300203325) 
4 67 68 (-432 104 454.6274169979497) (-432 104 473.37258300203024) (-448 104 473.37258300203024) (-448 104 454.6274169979497) 
3 68 92 (-448 104 473.37258300203024) (-448 104 454.6274169979497) (-448 94.62741699795926 463.9999999999898) 
3 69 92 (-448 104 441.37258300203325) (-448 104 440) (-448 102.62741699796673 440) 
4 69 79 (-448 102.62741699796673 440) (-448 104 440) (-96 104 440) (-96 102.62741699796673 440) 
4 69 77 (-96 104 440) (472 104 440) (472 102.62741699796673 440) (-96 102.62741699796673 440) 
4 69 75 (472 104 440) (576 104 440) (576 102.62741699796673 440) (472 102.62741699796673 440) 
3 70 92 (-448 94.6274169979801 528) (-448 104 528) (-448 104 518.6274169979803) 
3 71 92 (-448 104 505.37258300203007) (-448 104 486.6274169979571) (-448 94.62741699796365 495.9999999999939) 
3 72 92 (-448 72 486.627416997966) (-448 72 505.37258300203064) (-448 81.37258300203453 495.9999999999963) 
4 72 84 (-96 72 505.3725830020307) (-448 72 505.37258300203064) (-448 72 486.627416997966) (-96 72 486.6274169979668) 
4 72 83 (576 72 486.6274169979683) (576 72 505.3725830020308) (-96 72 505.3725830020307) (-96 72 486.6274169979668) 
3 73 92 (-448 72 454.6274169979565) (-448 72 473.3725830020312) (-448 81.37258300203736 463.99999999999403) 
4 73 84 (-96 72 473.3725830020312) (-448 72 473.3725830020312) (-448 72 454.6274169979565) (-96 72 454.6274169979565) 
4 73 83 (576 72 454.6274169979565) (576 72 473.3725830020312) (-96 72 473.3725830020312) (-96 72 454.6274169979565) 
3 74 92 (-448 72 440) (-448 72 441.3725830020308) (-448 73.37258300203086 440) 
4 74 84 (-96 72 441.3725830020308) (-448 72 441.3725830020308) (-448 72 440) (-96 72 440) 
4 74 83 (576 72 440) (576 72 441.3725830020308) (-96 72 441.3725830020308) (-96 72 440) 
4 74 81 (576 72 440) (-96 72 440) (-96 73.37258300203086 440) (576 73.37258300203086 440) 
4 75 77 (472 102.62741699796675 440) (472 201.37258300203047 440) (472 209.3725830020303 432) (472 94.62741699796658 432) 
4 75 76 (472 230.62741699796965 440) (472 232 440) (472 232 432) (472 222.6274169979697 432) 
4 76 167 (-48 232 432) (-40 232 432) (-40 222.62741699796973 432) (-48 222.62741699796973 432) 
4 76 166 (-32 232 432) (-24 232 432) (-24 222.62741699796973 432) (-32 222.62741699796973 432) 
4 76 165 (-16 232 432) (-8 232 432) (-8 222.62741699796973 432) (-16 222.62741699796973 432) 
4 76 164 (0 232 432) (8 232 432) (8 222.62741699796973 432) (0 222.62741699796973 432) 
4 76 163 (16 232 432) (24 232 432) (24 222.62741699796973 432) (16 222.62741699796973 432) 
4 76 162 (32 232 432) (40 232 432) (40 222.62741699796973 432) (32 222.62741699796973 432) 
4 76 161 (48 232 432) (56 232 432) (56 222.62741699796973 432) (48 222.62741699796973 432) 
4 76 160 (64 232 432) (72 232 432) (72 222.62741699796973 432) (64 222.62741699796973 432) 
4 76 159 (80 232 432) (88 232 432) (88 222.62741699796973 432) (80 222.62741699796973 432) 
4 76 141 (120 232 432) (472 232 432) (472 222.6274169979697 432) (120 222.62741699796973 432) 
3 76 78 (-96 224 432) (-96 222.62741699796973 432) (-96 224 433.3725830020303) 
4 77 177 (96 94.62741699796658 432) (-48 94.62741699796658 432) (-48 128 432) (96 128 432) 
4 77 167 (-48 144 432) (-48 209.37258300203024 432) (-40 209.37258300203024 432) (-40 144 432) 
4 77 166 (-32 209.37258300203024 432) (-24 209.37258300203024 432) (-24 144 432) (-32 144 432) 
4 77 165 (-16 209.37258300203024 432) (-8 209.37258300203024 432) (-8 144 432) (-16 144 432) 
4 77 164 (0 209.37258300203024 432) (8 209.37258300203024 432) (8 144 432) (0 144 432) 
4 77 163 (16 209.37258300203024 432) (24 209.37258300203024 432) (24 144 432) (16 144 432) 
4 77 162 (32 209.37258300203024 432) (40 209.37258300203024 432) (40 144 432) (32 144 432) 
4 77 161 (48 209.37258300203024 432) (56 209.37258300203024 432) (56 144 432) (48 144 432) 
4 77 160 (64 209.37258300203024 432) (72 209.37258300203024 432) (72 144 432) (64 144 432) 
4 77 159 (80 209.37258300203024 432) (88 209.37258300203024 432) (88 144 432) (80 144 432) 
4 77 141 (472 209.3725830020303 432) (472 94.62741699796658 432) (120 94.62741699796658 432) (120 209.37258300203027 432) 
4 77 79 (-96 102.62741699796673 440) (-96 201.3725830020304 440) (-96 209.37258300203024 432) (-96 94.62741699796658 432) 
4 78 348 (-432 224 432) (-96 224 432) (-96 222.62741699796973 432) (-432 222.62741699796976 432) 
3 78 92 (-448 224 432) (-448 222.62741699796976 432) (-448 224 433.37258300203024) 
4 79 348 (-432 209.37258300203027 432) (-96 209.37258300203024 432) (-96 94.62741699796658 432) (-432 94.62741699796658 432) 
4 79 92 (-448 209.37258300203027 432) (-448 94.62741699796658 432) (-448 102.62741699796675 440) (-448 201.37258300203047 440) 
4 80 177 (-48 81.37258300203118 432) (96 81.37258300203118 432) (96 80 432) (-48 80 432) 
4 80 141 (120 81.37258300203118 432) (472 81.37258300203118 432) (472 80 432) (120 80 432) 
3 80 92 (-448 81.37258300203118 432) (-448 80 432) (-448 80 433.37258300203115) 
4 80 81 (576 80 432) (576 80 433.37258300203115) (-96 80 433.37258300203115) (-96 80 432) 
4 81 177 (-48 80 432) (96 80 432) (96 72 432) (-48 72 432) 
4 81 141 (120 80 432) (472 80 432) (472 72 432) (120 72 432) 
4 81 83 (576 72 432) (576 72 440) (-96 72 440) (-96 72 432) 
3 82 92 (-448 72 518.6274169979588) (-448 72 528) (-448 81.37258300204111 528) 
4 82 84 (-96 72 528) (-448 72 528) (-448 72 518.6274169979588) (-96 72 518.6274169979588) 
4 82 83 (576 72 518.6274169979588) (576 72 528) (-96 72 528) (-96 72 518.6274169979588) 
4 83 333 (-48 -848 432) (-48 -2688 432) (-96 -2688 432) (-96 -848 432) 
4 83 297 (488 -2688 432) (-48 -2688 432) (-48 -848 432) (488 -848 432) 
4 83 292 (504 -2688 432) (488 -2688 432) (488 -848 432) (504 -848 432) 
4 83 290 (576 -816 432) (576 -2688 432) (504 -2688 432) (504 -816 432) 
4 83 269 (104 -816 432) (-48 -816 432) (-48 -536 432) (104 -536 432) 
4 83 267 (216 -816 432) (208 -816 432) (208 -536 432) (216 -536 432) 
4 83 261 (232 -816 432) (216 -816 432) (216 -536 432) (232 -536 432) 
4 83 255 (248 -816 432) (232 -816 432) (232 -600 432) (248 -600 432) 
4 83 254 (304 -816 432) (288 -816 432) (288 -600 432) (304 -600 432) 
4 83 251 (328 -816 432) (304 -816 432) (304 -752 432) (328 -752 432) 
4 83 246 (392 -816 432) (368 -816 432) (368 -752 432) (392 -752 432) 
4 83 240 (304 -752 432) (304 -600 432) (328 -600 432) (328 -752 432) 
4 83 238 (368 -600 432) (392 -600 432) (392 -752 432) (368 -752 432) 
4 83 236 (232 -600 432) (232 -536 432) (248 -536 432) (248 -600 432) 
4 83 232 (288 -536 432) (296 -536 432) (296 -600 432) (288 -600 432) 
4 83 231 (296 -536 432) (312 -536 432) (312 -600 432) (296 -600 432) 
4 83 230 (312 -536 432) (328 -536 432) (328 -600 432) (312 -600 432) 
4 83 225 (368 -536 432) (392 -536 432) (392 -600 432) (368 -600 432) 
4 83 221 (408 -816 432) (392 -816 432) (392 -600 432) (408 -600 432) 
4 83 219 (392 -600 432) (392 -536 432) (408 -536 432) (408 -600 432) 
4 83 214 (576 -536 432) (576 -816 432) (504 -816 432) (504 -536 432) 
4 83 181 (96 -384 432) (96 -496 432) (-48 -496 432) (-48 -384 432) 
4 83 180 (96 -256 432) (96 -368 432) (-48 -368 432) (-48 -256 432) 
4 83 179 (96 -128 432) (96 -240 432) (-48 -240 432) (-48 -128 432) 
4 83 178 (96 -0 432) (96 -112 432) (-48 -112 432) (-48 -0 432) 
4 83 177 (-48 72 432) (96 72 432) (96 16 432) (-48 16 432) 
4 83 150 (488 -208 432) (488 -512 432) (104 -512 432) (104 -208 432) 
4 83 141 (120 72 432) (472 72 432) (472 -184 432) (120 -184 432) 
4 83 136 (576 -512 432) (576 -536 432) (504 -536 432) (504 -512 432) 
4 83 135 (576 -8 432) (576 -512 432) (488 -512 432) (488 -8 432) 
4 83 85 (-96 -128 432) (-96 -2688 432) (-96 -2688 528) (-96 -128 528) 
4 83 84 (-96 72 528) (-96 72 440) (-96 -128 440) (-96 -128 528) 
4 84 92 (-448 -128 440) (-448 -128 528) (-448 72 528) (-448 72 440) 
4 84 85 (-96 -128 440) (-96 -128 528) (-448 -128 528) (-448 -128 440) 
4 85 371 (-448 -2688 432) (-448 -1408 432) (-432 -1408 432) (-432 -2688 432) 
4 85 367 (-96 -496 432) (-96 -2688 432) (-432 -2688 432) (-432 -496 432) 
4 85 92 (-448 -128 432) (-448 -2688 432) (-448 -2688 528) (-448 -128 528) 
4 86 372 (-448 -2816 432) (-448 -2688 432) (-432 -2688 432) (-432 -2816 432) 
4 86 368 (-432 -2688 432) (-96 -2688 432) (-96 -2816 432) (-432 -2816 432) 
4 86 334 (-96 -2688 432) (-48 -2688 432) (-48 -2816 432) (-96 -2816 432) 
4 86 298 (-48 -2688 432) (488 -2688 432) (488 -2816 432) (-48 -2816 432) 
4 86 294 (488 -2688 432) (576 -2688 432) (576 -2816 432) (488 -2816 432) 
4 86 100 (-448 -2688 432) (-448 -2816 432) (-448 -2816 528) (-448 -2688 528) 
4 87 88 (-1344 1024 2112) (-1344 1024 2096) (-448 1024 2096) (-448 1024 2112) 
4 88 94 (-1344 896 2096) (-1280 896 2096) (-1280 896 2112) (-1344 896 2112) 
4 88 91 (-1280 896 2096) (-448 896 2096) (-448 896 2112) (-1280 896 2112) 
4 88 90 (-448 896 2096) (-1344 896 2096) (-1344 1024 2096) (-448 1024 2096) 
4 88 89 (-1344 1024 2096) (-1344 896 2096) (-1344 896 2112) (-1344 1024 2112) 
4 89 95 (-1408 896 2096) (-1344 896 2096) (-1344 896 2112) (-1408 896 2112) 
4 89 90 (-1344 896 2096) (-1408 896 2096) (-1408 1024 2096) (-1344 1024 2096) 
4 90 376 (-928 896 432) (-1408 896 432) (-1408 1024 432) (-928 1024 432) 
4 90 373 (-448 1024 432) (-448 896 432) (-928 896 432) (-928 1024 432) 
4 90 96 (-1408 896 432) (-1280 896 432) (-1280 896 2096) (-1408 896 2096) 
4 91 97 (-1280 -2688 2112) (-1280 -2688 2096) (-448 -2688 2096) (-448 -2688 2112) 
4 91 94 (-1280 896 2112) (-1280 896 2096) (-1280 -2688 2096) (-1280 -2688 2112) 
4 92 447 (-944 -2688 432) (-1280 -2688 432) (-1280 160 432) (-944 160 432) 
4 92 446 (-928 -2688 432) (-944 -2688 432) (-944 -1408 432) (-928 -1408 432) 
4 92 427 (-808 -2688 432) (-928 -2688 432) (-928 -1408 432) (-808 -1408 432) 
4 92 425 (-448 -1408 432) (-448 -2688 432) (-808 -2688 432) (-808 -1408 432) 
4 92 404 (-944 160 432) (-1280 160 432) (-1280 232 432) (-944 232 432) 
4 92 378 (-1280 896 432) (-944 896 432) (-944 232 432) (-1280 232 432) 
4 92 377 (-944 896 432) (-928 896 432) (-928 360 432) (-944 360 432) 
4 92 374 (-928 896 432) (-448 896 432) (-448 376 432) (-928 376 432) 
4 93 95 (-1344 896 2176) (-1344 896 2112) (-1344 -2688 2112) (-1344 -2688 2176) 
4 93 94 (-1344 -2688 2112) (-1344 896 2112) (-1280 896 2112) (-1280 -2688 2112) 
4 94 97 (-1344 -2688 2112) (-1344 -2688 2096) (-1280 -2688 2096) (-1280 -2688 2112) 
4 94 96 (-1344 896 2096) (-1280 896 2096) (-1280 -2688 2096) (-1344 -2688 2096) 
4 94 95 (-1344 896 2112) (-1344 896 2096) (-1344 -2688 2096) (-1344 -2688 2112) 
4 95 98 (-1408 -2688 2112) (-1408 -2688 2096) (-1344 -2688 2096) (-1344 -2688 2112) 
4 95 96 (-1408 896 2096) (-1344 896 2096) (-1344 -2688 2096) (-1408 -2688 2096) 
4 96 448 (-1280 160 432) (-1280 -2688 432) (-1408 -2688 432) (-1408 160 432) 
4 96 405 (-1280 232 432) (-1280 160 432) (-1408 160 432) (-1408 232 432) 
4 96 379 (-1408 896 432) (-1280 896 432) (-1280 232 432) (-1408 232 432) 
4 96 100 (-1408 -2688 432) (-1280 -2688 432) (-1280 -2688 2096) (-1408 -2688 2096) 
4 97 100 (-1344 -2688 2096) (-448 -2688 2096) (-448 -2816 2096) (-1344 -2816 2096) 
4 97 99 (-1344 -2816 2096) (-448 -2816 2096) (-448 -2816 2112) (-1344 -2816 2112) 
4 97 98 (-1344 -2688 2096) (-1344 -2816 2096) (-1344 -2816 2112) (-1344 -2688 2112) 
4 98 100 (-1408 -2688 2096) (-1344 -2688 2096) (-1344 -2816 2096) (-1408 -2816 2096) 
4 100 449 (-1408 -2816 432) (-1408 -2688 432) (-928 -2688 432) (-928 -2816 432) 
4 100 428 (-928 -2688 432) (-808 -2688 432) (-808 -2816 432) (-928 -2816 432) 
4 100 426 (-808 -2688 432) (-448 -2688 432) (-448 -2816 432) (-808 -2816 432) 
4 101 114 (304 1024 -192) (304 896 -192) (304 896 432) (304 1024 432) 
4 101 103 (1280 896 -192) (1408 896 -192) (1408 896 432) (1280 896 432) 
4 101 102 (1328 896 -192) (304 896 -192) (304 1024 -192) (1328 1024 -192) 
4 102 116 (304 896 -208) (304 896 -192) (304 1088 -192) (304 1088 -208) 
4 102 113 (304 896 -192) (304 896 -208) (488 896 -208) (488 896 -192) 
4 102 110 (488 896 -208) (1280 896 -208) (1280 896 -192) (488 896 -192) 
4 102 105 (1280 896 -208) (1328 896 -208) (1328 896 -192) (1280 896 -192) 
4 103 129 (1408 360 432) (1280 360 432) (1280 360 -192) (1408 360 -192) 
4 103 105 (1328 360 -192) (1280 360 -192) (1280 896 -192) (1328 896 -192) 
4 103 104 (1408 360 -192) (1328 360 -192) (1328 896 -192) (1408 896 -192) 
4 104 130 (1408 360 -256) (1408 360 -192) (1328 360 -192) (1328 360 -256) 
4 104 106 (1328 360 -256) (1328 360 -208) (1328 896 -208) (1328 896 -256) 
4 104 105 (1328 360 -208) (1328 360 -192) (1328 896 -192) (1328 896 -208) 
4 105 131 (1328 360 -208) (1328 360 -192) (1280 360 -192) (1280 360 -208) 
4 105 110 (1280 896 -192) (1280 896 -208) (1280 360 -208) (1280 360 -192) 
4 105 106 (1280 360 -208) (1280 896 -208) (1328 896 -208) (1328 360 -208) 
4 106 132 (1328 360 -256) (1328 360 -208) (1280 360 -208) (1280 360 -256) 
4 107 133 (1280 360 -192) (1280 360 432) (576 360 432) (576 360 -192) 
4 107 109 (576 456 -192) (576 360 -192) (576 360 408) (576 456 408) 
4 107 108 (576 896 432) (576 896 -192) (576 456 -192) (576 456 432) 
4 108 111 (488 896 432) (488 896 -192) (488 456 -192) (488 456 432) 
4 108 109 (488 456 408) (488 456 -192) (576 456 -192) (576 456 408) 
4 109 134 (488 360 408) (488 360 -192) (576 360 -192) (576 360 408) 
4 109 112 (488 456 -192) (488 360 -192) (488 360 248) (488 456 248) 
4 110 138 (1280 360 -208) (1280 360 -192) (488 360 -192) (488 360 -208) 
4 110 113 (488 896 -192) (488 896 -208) (488 360 -208) (488 360 -192) 
4 111 115 (304 456 432) (304 896 432) (304 896 -192) (304 456 -192) 
4 111 112 (304 456 248) (304 456 -192) (488 456 -192) (488 456 248) 
4 112 146 (304 360 -16) (304 360 -192) (472 360 -192) (472 360 -16) 
4 112 139 (488 360 -192) (488 360 -16) (472 360 -16) (472 360 -192) 
4 112 124 (304 360 -192) (304 360 248) (304 368 248) (304 368 -192) 
4 112 121 (304 456 -16) (304 456 -192) (304 368 -192) (304 368 -16) 
4 112 119 (304 368 248) (304 456 248) (304 456 -16) (304 368 -16) 
4 113 147 (472 360 -192) (304 360 -192) (304 360 -208) (472 360 -208) 
4 113 140 (488 360 -208) (488 360 -192) (472 360 -192) (472 360 -208) 
4 113 125 (304 360 -208) (304 360 -192) (304 368 -192) (304 368 -208) 
4 113 122 (304 368 -192) (304 456 -192) (304 456 -208) (304 368 -208) 
4 113 116 (304 456 -192) (304 896 -192) (304 896 -208) (304 456 -208) 
4 114 306 (-48 1024 -192) (-48 896 -192) (-48 896 248) (-48 1024 248) 
4 114 304 (-48 896 248) (-48 896 264) (-48 1024 264) (-48 1024 248) 
4 114 300 (-48 896 264) (-48 896 432) (-48 1024 432) (-48 1024 264) 
4 114 116 (-48 896 -192) (-48 1024 -192) (304 1024 -192) (304 896 -192) 
4 115 307 (-48 896 -192) (-48 456 -192) (-48 456 248) (-48 896 248) 
4 115 305 (-48 456 248) (-48 456 264) (-48 896 264) (-48 896 248) 
4 115 301 (-48 456 264) (-48 456 432) (-48 896 432) (-48 896 264) 
4 115 121 (-48 456 -16) (-48 456 -192) (304 456 -192) (304 456 -16) 
4 115 120 (-48 456 248) (-48 456 -16) (120 456 -16) (120 456 248) 
4 115 119 (120 456 -16) (304 456 -16) (304 456 248) (120 456 248) 
4 115 118 (-48 456 336) (-48 456 264) (304 456 264) (304 456 336) 
4 115 117 (-48 456 376) (-48 456 336) (304 456 336) (304 456 376) 
4 116 310 (-48 456 -208) (-48 456 -192) (-48 1088 -192) (-48 1088 -208) 
4 116 122 (-48 456 -192) (-48 456 -208) (304 456 -208) (304 456 -192) 
3 117 302 (-48 456 376) (-48 456 336) (-48 408 336) 
4 117 118 (-48 408 336) (-48 456 336) (304 456 336) (304 408 336) 
4 118 303 (-48 368 264) (-48 368 336) (-48 456 336) (-48 456 264) 
4 118 126 (-48 368 304) (-48 368 264) (-8 368 264) (-8 368 304) 
4 118 123 (120 368 264) (304 368 264) (304 368 336) (120 368 336) 
4 119 124 (120 368 -16) (304 368 -16) (304 368 248) (120 368 248) 
4 119 121 (304 368 -16) (120 368 -16) (120 456 -16) (304 456 -16) 
4 119 120 (120 456 -16) (120 384 -16) (120 384 248) (120 456 248) 
4 120 307 (-48 384 248) (-48 456 248) (-48 456 -16) (-48 384 -16) 
4 120 121 (-48 384 -16) (-48 456 -16) (120 456 -16) (120 384 -16) 
4 121 308 (-48 368 -192) (-48 368 -16) (-48 384 -16) (-48 384 -192) 
4 121 307 (-48 384 -16) (-48 456 -16) (-48 456 -192) (-48 384 -192) 
4 121 127 (-48 368 -16) (-48 368 -192) (120 368 -192) (120 368 -16) 
4 121 124 (120 368 -192) (304 368 -192) (304 368 -16) (120 368 -16) 
4 122 310 (-48 368 -208) (-48 368 -192) (-48 456 -192) (-48 456 -208) 
4 122 128 (-48 368 -192) (-48 368 -208) (120 368 -208) (120 368 -192) 
4 122 125 (120 368 -208) (304 368 -208) (304 368 -192) (120 368 -192) 
4 123 145 (288 360 328) (120 360 328) (120 360 264) (288 360 264) 
4 123 143 (304 360 264) (304 360 328) (288 360 328) (288 360 264) 
4 123 141 (304 360 328) (304 360 432) (120 360 432) (120 360 328) 
4 124 146 (304 360 -192) (304 360 -16) (120 360 -16) (120 360 -192) 
4 124 127 (120 368 -16) (120 368 -192) (120 360 -192) (120 360 -16) 
4 125 147 (304 360 -208) (304 360 -192) (120 360 -192) (120 360 -208) 
4 125 128 (120 368 -192) (120 368 -208) (120 360 -208) (120 360 -192) 
4 126 156 (-48 360 304) (-48 360 264) (-8 360 264) (-8 360 304) 
4 127 308 (-48 360 -192) (-48 360 -16) (-48 368 -16) (-48 368 -192) 
4 127 185 (-48 360 -16) (-48 360 -192) (104 360 -192) (104 360 -16) 
4 127 148 (104 360 -192) (120 360 -192) (120 360 -16) (104 360 -16) 
4 128 310 (-48 360 -208) (-48 360 -192) (-48 368 -192) (-48 368 -208) 
4 128 186 (-48 360 -192) (-48 360 -208) (104 360 -208) (104 360 -192) 
4 128 149 (104 360 -208) (120 360 -208) (120 360 -192) (104 360 -192) 
4 129 280 (1280 -536 -16) (1280 -536 -192) (1408 -536 -192) (1408 -536 -16) 
4 129 278 (1280 -536 56) (1280 -536 -16) (1408 -536 -16) (1408 -536 56) 
4 129 213 (1408 -536 432) (1280 -536 432) (1280 -536 56) (1408 -536 56) 
4 129 131 (1328 -536 -192) (1280 -536 -192) (1280 360 -192) (1328 360 -192) 
4 129 130 (1408 -536 -192) (1328 -536 -192) (1328 360 -192) (1408 360 -192) 
4 130 281 (1408 -536 -256) (1408 -536 -192) (1328 -536 -192) (1328 -536 -256) 
4 130 132 (1328 -536 -256) (1328 -536 -208) (1328 360 -208) (1328 360 -256) 
4 130 131 (1328 -536 -208) (1328 -536 -192) (1328 360 -192) (1328 360 -208) 
4 131 282 (1328 -536 -208) (1328 -536 -192) (1280 -536 -192) (1280 -536 -208) 
4 131 138 (1280 360 -192) (1280 360 -208) (1280 -536 -208) (1280 -536 -192) 
4 131 132 (1280 -536 -208) (1280 360 -208) (1328 360 -208) (1328 -536 -208) 
4 132 283 (1328 -536 -256) (1328 -536 -208) (1280 -536 -208) (1280 -536 -256) 
4 133 136 (576 -512 -192) (1280 -512 -192) (1280 -512 432) (576 -512 432) 
4 133 135 (576 -8 -192) (576 -512 -192) (576 -512 432) (576 -8 432) 
4 133 134 (576 360 408) (576 360 -192) (576 -8 -192) (576 -8 408) 
4 134 139 (488 360 -16) (488 360 -192) (488 -8 -192) (488 -8 -16) 
4 134 135 (488 -8 408) (488 -8 -192) (576 -8 -192) (576 -8 408) 
4 135 151 (488 -184 -192) (488 -512 -192) (488 -512 -16) (488 -184 -16) 
4 135 150 (488 -512 192) (488 -512 432) (488 -208 432) (488 -208 192) 
4 135 139 (488 -8 -192) (488 -184 -192) (488 -184 -16) (488 -8 -16) 
4 135 137 (488 -512 -16) (488 -512 -192) (504 -512 -192) (504 -512 -16) 
4 135 136 (504 -512 -192) (576 -512 -192) (576 -512 432) (504 -512 432) 
4 136 284 (1280 -536 -192) (1280 -536 -16) (504 -536 -16) (504 -536 -192) 
4 136 279 (1280 -536 -16) (1280 -536 56) (504 -536 56) (504 -536 -16) 
4 136 214 (1280 -536 56) (1280 -536 432) (504 -536 432) (504 -536 56) 
4 136 137 (504 -512 -16) (504 -512 -192) (504 -536 -192) (504 -536 -16) 
4 137 284 (488 -536 -16) (488 -536 -192) (504 -536 -192) (504 -536 -16) 
4 137 153 (488 -512 -192) (488 -536 -192) (488 -536 -16) (488 -512 -16) 
4 138 285 (1280 -536 -208) (1280 -536 -192) (488 -536 -192) (488 -536 -208) 
4 138 154 (488 -512 -208) (488 -536 -208) (488 -536 -192) (488 -512 -192) 
4 138 152 (488 -184 -208) (488 -512 -208) (488 -512 -192) (488 -184 -192) 
4 138 140 (488 360 -192) (488 360 -208) (488 -184 -208) (488 -184 -192) 
4 139 151 (488 -184 -192) (488 -184 -16) (472 -184 -16) (472 -184 -192) 
4 139 146 (472 360 -16) (472 360 -192) (472 -184 -192) (472 -184 -16) 
4 140 152 (488 -184 -208) (488 -184 -192) (472 -184 -192) (472 -184 -208) 
4 140 147 (472 360 -192) (472 360 -208) (472 -184 -208) (472 -184 -192) 
4 141 145 (120 -184 328) (120 360 328) (288 360 328) (288 -184 328) 
4 141 144 (400 144 328) (400 -184 328) (288 -184 328) (288 144 328) 
4 141 143 (288 360 328) (400 360 328) (400 344 328) (288 344 328) 
4 141 142 (400 360 328) (472 360 328) (472 -184 328) (400 -184 328) 
4 142 144 (400 144 248) (400 -184 248) (400 -184 328) (400 144 328) 
4 142 143 (400 360 248) (400 344 248) (400 344 328) (400 360 328) 
4 143 145 (288 360 248) (288 344 248) (288 344 328) (288 360 328) 
4 144 145 (288 144 248) (288 -184 248) (288 -184 328) (288 144 328) 
4 146 151 (472 -184 -192) (472 -184 -16) (120 -184 -16) (120 -184 -192) 
4 146 148 (120 360 -16) (120 360 -192) (120 -184 -192) (120 -184 -16) 
4 147 152 (472 -184 -208) (472 -184 -192) (120 -184 -192) (120 -184 -208) 
4 147 149 (120 360 -192) (120 360 -208) (120 -184 -208) (120 -184 -192) 
4 148 211 (104 -152 -192) (104 -184 -192) (104 -184 -16) (104 -152 -16) 
4 148 209 (104 -112 -192) (104 -152 -192) (104 -152 -16) (104 -112 -16) 
4 148 206 (104 -72 -192) (104 -112 -192) (104 -112 -16) (104 -72 -16) 
4 148 203 (104 -32 -192) (104 -72 -192) (104 -72 -16) (104 -32 -16) 
4 148 200 (104 8 -192) (104 -32 -192) (104 -32 -16) (104 8 -16) 
4 148 197 (104 48 -192) (104 8 -192) (104 8 -16) (104 48 -16) 
4 148 194 (104 88 -192) (104 48 -192) (104 48 -16) (104 88 -16) 
4 148 191 (104 128 -192) (104 88 -192) (104 88 -16) (104 128 -16) 
4 148 188 (104 168 -192) (104 128 -192) (104 128 -16) (104 168 -16) 
4 148 185 (104 360 -16) (104 360 -192) (104 168 -192) (104 168 -16) 
4 148 151 (104 -184 -16) (104 -184 -192) (120 -184 -192) (120 -184 -16) 
4 149 212 (104 -152 -208) (104 -184 -208) (104 -184 -192) (104 -152 -192) 
4 149 210 (104 -112 -208) (104 -152 -208) (104 -152 -192) (104 -112 -192) 
4 149 207 (104 -72 -208) (104 -112 -208) (104 -112 -192) (104 -72 -192) 
4 149 204 (104 -32 -208) (104 -72 -208) (104 -72 -192) (104 -32 -192) 
4 149 201 (104 8 -208) (104 -32 -208) (104 -32 -192) (104 8 -192) 
4 149 198 (104 48 -208) (104 8 -208) (104 8 -192) (104 48 -192) 
4 149 195 (104 88 -208) (104 48 -208) (104 48 -192) (104 88 -192) 
4 149 192 (104 128 -208) (104 88 -208) (104 88 -192) (104 128 -192) 
4 149 189 (104 168 -208) (104 128 -208) (104 128 -192) (104 168 -192) 
4 149 186 (104 360 -192) (104 360 -208) (104 168 -208) (104 168 -192) 
4 149 152 (104 -184 -192) (104 -184 -208) (120 -184 -208) (120 -184 -192) 
4 151 211 (104 -512 -192) (104 -512 -16) (104 -184 -16) (104 -184 -192) 
4 151 153 (104 -512 -16) (104 -512 -192) (488 -512 -192) (488 -512 -16) 
4 152 212 (104 -512 -208) (104 -512 -192) (104 -184 -192) (104 -184 -208) 
4 152 154 (104 -512 -192) (104 -512 -208) (488 -512 -208) (488 -512 -192) 
4 153 284 (488 -536 -192) (488 -536 -16) (104 -536 -16) (104 -536 -192) 
4 153 211 (104 -536 -192) (104 -536 -16) (104 -512 -16) (104 -512 -192) 
4 154 285 (488 -536 -208) (488 -536 -192) (104 -536 -192) (104 -536 -208) 
4 154 212 (104 -536 -208) (104 -536 -192) (104 -512 -192) (104 -512 -208) 
4 155 269 (96 -536 208) (104 -536 208) (104 -536 416) (96 -536 416) 
4 155 183 (96 -527.9999999999999 208) (96 -536 208) (96 -536 408) (96 -527.9999999999999 408) 
4 155 182 (96 -536 408) (96 -536 416) (96 -527.9999999999999 416) (96 -527.9999999999999 408) 
4 156 158 (-40 280 264) (48 280 264) (48 280 304) (-40 280 304) 
4 156 157 (56 280 264) (96 280 264) (96 280 304) (56 280 304) 
4 157 168 (56 272 264) (96 272 264) (96 272 304) (56 272 304) 
4 158 168 (-40 272 264) (48 272 264) (48 272 304) (-40 272 304) 
4 159 175 (88 144 416) (80 144 416) (80 152 416) (88 152 416) 
4 159 174 (80 152 416) (80 176 416) (88 176 416) (88 152 416) 
4 159 171 (80 176 416) (80 216 416) (88 216 416) (88 176 416) 
4 159 169 (80 216 416) (80 256 416) (88 256 416) (88 216 416) 
4 160 176 (72 144 416) (64 144 416) (64 176 416) (72 176 416) 
4 160 171 (64 176 416) (64 216 416) (72 216 416) (72 176 416) 
4 160 169 (64 216 416) (64 256 416) (72 256 416) (72 216 416) 
4 161 176 (56 144 416) (48 144 416) (48 176 416) (56 176 416) 
4 161 172 (48 176 416) (48 216 416) (56 216 416) (56 176 416) 
4 161 169 (48 216 416) (48 256 416) (56 256 416) (56 216 416) 
4 162 176 (40 144 416) (32 144 416) (32 176 416) (40 176 416) 
4 162 172 (32 176 416) (32 216 416) (40 216 416) (40 176 416) 
4 162 169 (32 216 416) (32 256 416) (40 256 416) (40 216 416) 
4 163 176 (24 144 416) (16 144 416) (16 176 416) (24 176 416) 
4 163 173 (16 176 416) (16 216 416) (24 216 416) (24 176 416) 
4 163 169 (16 216 416) (16 256 416) (24 256 416) (24 216 416) 
4 164 176 (8 144 416) (0 144 416) (0 176 416) (8 176 416) 
4 164 173 (0 176 416) (0 216 416) (8 216 416) (8 176 416) 
4 164 169 (0 216 416) (0 256 416) (8 256 416) (8 216 416) 
4 165 176 (-8 144 416) (-16 144 416) (-16 176 416) (-8 176 416) 
4 165 173 (-16 176 416) (-16 216 416) (-8 216 416) (-8 176 416) 
4 165 169 (-16 216 416) (-16 256 416) (-8 256 416) (-8 216 416) 
4 166 176 (-24 144 416) (-32 144 416) (-32 176 416) (-24 176 416) 
4 166 173 (-32 176 416) (-32 216 416) (-24 216 416) (-24 176 416) 
4 166 169 (-32 216 416) (-32 256 416) (-24 256 416) (-24 216 416) 
4 167 176 (-40 144 416) (-48 144 416) (-48 176 416) (-40 176 416) 
4 167 173 (-48 176 416) (-48 216 416) (-40 216 416) (-40 176 416) 
4 167 169 (-48 216 416) (-48 256 416) (-40 256 416) (-40 216 416) 
4 168 170 (-48 256 256) (-48 272 256) (32 272 256) (32 256 256) 
4 168 169 (-48 256 256) (96 256 256) (96 256 408) (-48 256 408) 
4 169 314 (-48 256 256) (-48 216 256) (-48 216 336) (-48 256 336) 
4 169 313 (-48 216 336) (-48 216 352) (-48 256 352) (-48 256 336) 
4 169 311 (-48 216 352) (-48 216 416) (-48 256 416) (-48 256 352) 
4 169 173 (24 216 416) (-48 216 416) (-48 216 256) (24 216 256) 
4 169 172 (64 216 416) (24 216 416) (24 216 256) (64 216 256) 
4 169 171 (96 216 256) (96 216 416) (64 216 416) (64 216 256) 
4 169 170 (32 216 256) (-48 216 256) (-48 256 256) (32 256 256) 
4 170 314 (-48 256 208) (-48 216 208) (-48 216 256) (-48 256 256) 
4 170 173 (-48 216 208) (24 216 208) (24 216 256) (-48 216 256) 
4 170 172 (32 216 240) (32 216 256) (24 216 256) (24 216 240) 
4 171 176 (64 176 208) (72 176 208) (72 176 416) (64 176 416) 
4 171 174 (96 176 232) (96 176 416) (72 176 416) (72 176 232) 
4 171 172 (64 216 416) (64 216 240) (64 176 240) (64 176 416) 
4 172 176 (64 176 240) (64 176 416) (24 176 416) (24 176 240) 
4 172 173 (24 216 416) (24 216 240) (24 176 240) (24 176 416) 
4 173 314 (-48 216 208) (-48 176 208) (-48 176 336) (-48 216 336) 
4 173 313 (-48 176 336) (-48 176 352) (-48 216 352) (-48 216 336) 
4 173 311 (-48 176 352) (-48 176 416) (-48 216 416) (-48 216 352) 
4 173 176 (-48 176 208) (24 176 208) (24 176 416) (-48 176 416) 
4 174 176 (72 176 416) (72 176 232) (72 152 232) (72 152 416) 
4 174 175 (72 152 416) (72 152 232) (96 152 232) (96 152 416) 
4 175 183 (72 144 208) (96 144 208) (96 144 408) (72 144 408) 
4 175 176 (72 152 208) (72 144 208) (72 144 416) (72 152 416) 
4 176 314 (-48 176 208) (-48 144 208) (-48 144 336) (-48 176 336) 
4 176 313 (-48 144 336) (-48 144 352) (-48 176 352) (-48 176 336) 
4 176 311 (-48 144 352) (-48 144 416) (-48 176 416) (-48 176 352) 
4 176 183 (-48 144 408) (-48 144 208) (72 144 208) (72 144 408) 
4 177 183 (96 128 408) (96 16 408) (-48 16 408) (-48 128 408) 
4 178 183 (96 -0 408) (96 -112 408) (-48 -112 408) (-48 -0 408) 
4 179 183 (96 -128 408) (96 -240 408) (-48 -240 408) (-48 -128 408) 
4 180 183 (96 -256 408) (96 -368 408) (-48 -368 408) (-48 -256 408) 
4 181 183 (96 -384 408) (96 -496 408) (-48 -496 408) (-48 -384 408) 
4 181 182 (-48 -496 416) (-48 -496 408) (96 -496 408) (96 -496 416) 
4 182 269 (-48 -536 416) (-48 -536 408) (96 -536 408) (96 -536 416) 
4 182 183 (96 -496 408) (96 -536 408) (-48 -536 408) (-48 -496 408) 
4 183 269 (-48 -536 408) (-48 -536 208) (96 -536 208) (96 -536 408) 
4 184 187 (104 168 120) (104 168 192) (-48 168 192) (-48 168 120) 
4 185 321 (-48 168 -192) (-48 168 -16) (-48 360 -16) (-48 360 -192) 
4 185 188 (104 168 -192) (104 168 -8) (-48 168 -8) (-48 168 -192) 
4 186 322 (-48 168 -208) (-48 168 -192) (-48 360 -192) (-48 360 -208) 
4 186 189 (104 168 -208) (104 168 -192) (-48 168 -192) (-48 168 -208) 
4 187 190 (104 128 112) (104 128 192) (-48 128 192) (-48 128 112) 
4 188 321 (-48 128 -192) (-48 128 -16) (-48 168 -16) (-48 168 -192) 
4 188 191 (104 128 -192) (104 128 88) (-48 128 88) (-48 128 -192) 
4 189 322 (-48 128 -208) (-48 128 -192) (-48 168 -192) (-48 168 -208) 
4 189 192 (104 128 -208) (104 128 -192) (-48 128 -192) (-48 128 -208) 
4 190 193 (104 88 104) (104 88 192) (-48 88 192) (-48 88 104) 
4 191 321 (-48 88 -192) (-48 88 -16) (-48 128 -16) (-48 128 -192) 
4 191 194 (104 88 -192) (104 88 80) (-48 88 80) (-48 88 -192) 
4 192 322 (-48 88 -208) (-48 88 -192) (-48 128 -192) (-48 128 -208) 
4 192 195 (104 88 -208) (104 88 -192) (-48 88 -192) (-48 88 -208) 
4 193 196 (104 48 96) (104 48 192) (-48 48 192) (-48 48 96) 
4 194 321 (-48 48 -192) (-48 48 -16) (-48 88 -16) (-48 88 -192) 
4 194 197 (104 48 -192) (104 48 72) (-48 48 72) (-48 48 -192) 
4 195 322 (-48 48 -208) (-48 48 -192) (-48 88 -192) (-48 88 -208) 
4 195 198 (104 48 -208) (104 48 -192) (-48 48 -192) (-48 48 -208) 
4 196 199 (104 8 88) (104 8 192) (-48 8 192) (-48 8 88) 
4 197 321 (-48 8 -192) (-48 8 -16) (-48 48 -16) (-48 48 -192) 
4 197 200 (104 8 -192) (104 8 64) (-48 8 64) (-48 8 -192) 
4 198 322 (-48 8 -208) (-48 8 -192) (-48 48 -192) (-48 48 -208) 
4 198 201 (104 8 -208) (104 8 -192) (-48 8 -192) (-48 8 -208) 
4 199 202 (104 -32 80) (104 -32 192) (-48 -32 192) (-48 -32 80) 
4 200 321 (-48 -32 -192) (-48 -32 -16) (-48 8 -16) (-48 8 -192) 
4 200 203 (104 -32 -192) (104 -32 56) (-48 -32 56) (-48 -32 -192) 
4 201 322 (-48 -32 -208) (-48 -32 -192) (-48 8 -192) (-48 8 -208) 
4 201 204 (104 -32 -208) (104 -32 -192) (-48 -32 -192) (-48 -32 -208) 
4 202 205 (104 -72 72) (104 -72 192) (-48 -72 192) (-48 -72 72) 
4 203 321 (-48 -72 -192) (-48 -72 -16) (-48 -32 -16) (-48 -32 -192) 
4 203 206 (104 -72 -192) (104 -72 48) (-48 -72 48) (-48 -72 -192) 
4 204 322 (-48 -72 -208) (-48 -72 -192) (-48 -32 -192) (-48 -32 -208) 
4 204 207 (104 -72 -208) (104 -72 -192) (-48 -72 -192) (-48 -72 -208) 
4 205 208 (104 -112 64) (104 -112 192) (-48 -112 192) (-48 -112 64) 
4 206 321 (-48 -112 -192) (-48 -112 -16) (-48 -72 -16) (-48 -72 -192) 
4 206 209 (104 -112 -192) (104 -112 40) (-48 -112 40) (-48 -112 -192) 
4 207 322 (-48 -112 -208) (-48 -112 -192) (-48 -72 -192) (-48 -72 -208) 
4 207 210 (104 -112 -208) (104 -112 -192) (-48 -112 -192) (-48 -112 -208) 
4 208 277 (-48 -536 96) (-48 -536 56) (40 -536 56) (40 -536 96) 
4 208 275 (40 -536 56) (88 -536 56) (88 -536 96) (40 -536 96) 
4 208 274 (-48 -536 192) (-48 -536 96) (88 -536 96) (88 -536 192) 
4 208 272 (88 -536 56) (104 -536 56) (104 -536 112) (88 -536 112) 
4 208 270 (104 -536 112) (104 -536 192) (88 -536 192) (88 -536 112) 
4 209 321 (-48 -152 -192) (-48 -152 -16) (-48 -112 -16) (-48 -112 -192) 
4 209 211 (104 -152 -192) (104 -152 -16) (-48 -152 -16) (-48 -152 -192) 
4 210 322 (-48 -152 -208) (-48 -152 -192) (-48 -112 -192) (-48 -112 -208) 
4 210 212 (104 -152 -208) (104 -152 -192) (-48 -152 -192) (-48 -152 -208) 
4 211 321 (-48 -536 -192) (-48 -536 -16) (-48 -152 -16) (-48 -152 -192) 
4 211 284 (-48 -536 -16) (-48 -536 -192) (104 -536 -192) (104 -536 -16) 
4 212 322 (-48 -536 -208) (-48 -536 -192) (-48 -152 -192) (-48 -152 -208) 
4 212 285 (-48 -536 -192) (-48 -536 -208) (104 -536 -208) (104 -536 -192) 
4 213 286 (1280 -816 56) (1408 -816 56) (1408 -816 432) (1280 -816 432) 
4 213 278 (1408 -816 56) (1280 -816 56) (1280 -536 56) (1408 -536 56) 
4 214 290 (504 -816 56) (1280 -816 56) (1280 -816 432) (504 -816 432) 
4 214 279 (1280 -816 56) (504 -816 56) (504 -536 56) (1280 -536 56) 
5 215 223 (408 -752 112) (408 -816 112) (408 -816 304) (408 -775.9999999999999 312) (408 -752 312) 
4 215 222 (408 -616 112) (408 -752 112) (408 -752 312) (408 -616 312) 
3 215 221 (408 -775.9999999999999 312) (408 -600 347.19999999999993) (408 -600 312) 
4 215 219 (408 -536 359.99999999999994) (408 -536 120) (408 -600 120) (408 -600 347.19999999999993) 
4 215 217 (408 -752 112) (408 -600 112) (424 -600 112) (424 -752 112) 
4 216 220 (408 -536 104) (408 -536 56) (408 -600 56) (408 -600 104) 
4 216 217 (424 -600 56) (424 -600 104) (408 -600 104) (408 -600 56) 
4 217 222 (408 -616 56) (408 -752 56) (408 -752 112) (408 -616 112) 
4 217 218 (424 -752 56) (424 -752 104) (408 -752 96) (408 -752 56) 
4 218 224 (408 -752 56) (408 -816 56) (408 -816 95.99999999999999) (408 -752 96) 
4 219 227 (392 -536 136) (392 -536 128) (392 -600 128) (392 -600 136) 
4 219 225 (392 -536 432) (392 -536 136) (392 -600 136) (392 -600 432) 
4 219 221 (392 -600 432) (392 -600 312) (408 -600 312) (408 -600 432) 
4 220 237 (392 -536 111.99999999999996) (392 -536 56) (392 -600 56) (392 -600 111.99999999999996) 
4 221 246 (392 -816 312) (392 -816 432) (392 -752 432) (392 -752 312) 
4 221 238 (392 -752 432) (392 -600 432) (392 -600 312) (392 -752 312) 
4 221 223 (392 -816 312) (392 -752 312) (408 -752 312) (408 -816 312) 
4 221 222 (392 -752 312) (392 -616 312) (408 -616 312) (408 -752 312) 
4 222 253 (392 -616 56) (392 -752 56) (392 -752 87.99999999999999) (392 -616 87.99999999999997) 
4 222 244 (392 -752 87.99999999999999) (392 -752 296) (392 -616 296) (392 -616 87.99999999999997) 
4 222 241 (392 -752 296) (392 -752 312) (392 -616 312) (392 -616 296) 
4 222 224 (408 -752 56) (408 -752 96) (392 -752 87.99999999999999) (392 -752 56) 
4 222 223 (408 -752 104) (408 -752 312) (392 -752 312) (392 -752 104) 
4 223 246 (392 -816 104) (392 -816 312) (392 -752 312) (392 -752 104) 
4 224 253 (392 -752 56) (392 -816 56) (392 -816 87.99999999999999) (392 -752 87.99999999999999) 
4 225 242 (392 -600 160.00000000000006) (392 -600 296) (368 -600 296) (368 -600 170.66666666666669) 
4 225 238 (392 -600 312) (392 -600 432) (368 -600 432) (368 -600 312) 
4 225 227 (392 -600 136) (376 -600 136) (376 -536 136) (392 -536 136) 
4 225 226 (368 -536 359.99999999999994) (368 -536 136) (368 -600 136) (368 -600 347.2) 
4 226 242 (360 -600 296) (360 -600 174.22222222222223) (368 -600 170.66666666666669) (368 -600 296) 
4 226 239 (360 -600 347.2) (360 -600 312) (368 -600 312) (368 -600 347.2) 
4 226 228 (360 -536 359.99999999999994) (360 -536 144) (360 -600 144) (360 -600 347.2) 
4 228 242 (360 -600 174.22222222222229) (360 -600 296) (344 -600 296) (344 -600 181.33333333333334) 
4 228 239 (360 -600 312) (360 -600 347.2) (344 -600 347.2) (344 -600 312) 
4 228 229 (344 -536 359.99999999999994) (344 -536 152) (344 -600 152) (344 -600 347.2) 
4 229 242 (344 -600 181.33333333333334) (344 -600 296) (328 -600 296) (328 -600 188.44444444444446) 
4 229 239 (344 -600 312) (344 -600 347.2) (328 -600 347.2) (328 -600 312) 
4 229 230 (328 -536 359.99999999999994) (328 -536 160) (328 -600 160) (328 -600 347.2) 
4 230 242 (328 -600 188.4444444444445) (328 -600 296) (320 -600 296) (320 -600 192.00000000000006) 
4 230 240 (328 -600 312) (328 -600 432) (312 -600 432) (312 -600 312) 
4 230 231 (312 -536 432) (312 -536 168) (312 -600 168) (312 -600 432) 
4 231 258 (296 -600 296) (296 -600 203.5555555555556) (304 -600 200) (304 -600 296) 
4 231 256 (296 -600 347.20000000000005) (296 -600 312) (304 -600 312) (304 -600 347.20000000000005) 
4 231 254 (304 -600 432) (296 -600 432) (296 -600 347.20000000000005) (304 -600 347.20000000000005) 
4 231 240 (312 -600 312) (312 -600 432) (304 -600 432) (304 -600 312) 
4 231 232 (296 -536 432) (296 -536 176) (296 -600 176) (296 -600 432) 
4 232 258 (296 -600 203.5555555555556) (296 -600 296) (288 -600 296) (288 -600 207.11111111111114) 
4 232 256 (296 -600 312) (296 -600 347.20000000000005) (288 -600 347.20000000000005) (288 -600 312) 
4 232 254 (296 -600 347.20000000000005) (296 -600 432) (288 -600 432) (288 -600 347.20000000000005) 
4 232 233 (288 -536 359.99999999999994) (288 -536 176) (288 -600 176) (288 -600 347.2) 
4 233 258 (288 -600 207.11111111111114) (288 -600 296) (280 -600 296) (280 -600 210.66666666666669) 
4 233 256 (288 -600 312) (288 -600 347.2) (280 -600 347.2) (280 -600 312) 
4 233 234 (280 -536 359.99999999999994) (280 -536 184) (280 -600 184) (280 -600 347.2) 
4 234 258 (280 -600 210.66666666666674) (280 -600 296) (264 -600 296) (264 -600 217.77777777777786) 
4 234 256 (280 -600 312) (280 -600 347.2) (264 -600 347.2) (264 -600 312) 
4 234 235 (264 -536 359.99999999999994) (264 -536 192) (264 -600 192) (264 -600 347.2) 
4 235 258 (264 -600 217.77777777777783) (264 -600 296) (248 -600 296) (248 -600 224.8888888888889) 
4 235 256 (264 -600 312) (264 -600 347.20000000000005) (248 -600 347.2) (248 -600 312) 
4 235 236 (248 -536 359.99999999999994) (248 -536 200) (248 -600 200) (248 -600 347.20000000000005) 
4 236 262 (232 -536 312) (232 -536 208) (232 -600 208) (232 -600 312) 
4 236 261 (232 -536 432) (232 -536 312) (232 -600 312) (232 -600 432) 
4 236 258 (232 -600 296) (232 -600 232.00000000000003) (248 -600 224.88888888888894) (248 -600 296) 
4 236 256 (232 -600 347.20000000000005) (232 -600 312) (248 -600 312) (248 -600 347.20000000000005) 
4 236 255 (232 -600 432) (232 -600 347.20000000000005) (248 -600 347.20000000000005) (248 -600 432) 
4 237 263 (232 -536 192) (232 -536 56) (232 -600 56) (232 -600 191.99999999999997) 
4 237 259 (232 -600 176.00000000000003) (232 -600 56) (304 -600 56) (304 -600 144.00000000000003) 
3 237 253 (328 -600 56) (392 -600 56) (392 -600 87.99999999999997) 
5 237 243 (320 -600 56) (328 -600 56) (392 -600 87.99999999999997) (392 -600 103.99999999999997) (320 -600 136) 
4 238 246 (368 -752 312) (392 -752 312) (392 -752 432) (368 -752 432) 
4 238 241 (392 -752 312) (368 -752 312) (368 -616 312) (392 -616 312) 
4 238 239 (368 -600 347.20000000000005) (368 -600 312) (368 -752 312) (368 -752 316.79999999999995) 
4 239 250 (328 -752 312) (344 -752 312) (344 -752 316.79999999999995) (328 -752 316.79999999999995) 
4 239 249 (344 -752 312) (360 -752 312) (360 -752 316.79999999999995) (344 -752 316.79999999999995) 
4 239 247 (360 -752 312) (368 -752 312) (368 -752 316.79999999999995) (360 -752 316.79999999999995) 
4 239 241 (368 -752 312) (328 -752 312) (328 -616 312) (368 -616 312) 
4 239 240 (328 -600 347.20000000000005) (328 -600 312) (328 -752 312) (328 -752 316.79999999999995) 
4 240 257 (304 -616 312) (304 -752 312) (304 -752 316.79999999999995) (304 -616 344.00000000000006) 
4 240 256 (304 -600 347.20000000000005) (304 -600 312) (304 -616 312) (304 -616 344.00000000000006) 
4 240 254 (304 -600 432) (304 -600 347.20000000000005) (304 -752 316.79999999999995) (304 -752 432) 
4 240 251 (304 -752 432) (304 -752 312) (328 -752 312) (328 -752 432) 
4 240 245 (320 -752 312) (304 -752 312) (304 -616 312) (320 -616 312) 
4 240 241 (328 -752 312) (320 -752 312) (320 -616 312) (328 -616 312) 
4 241 251 (328 -752 312) (320 -752 312) (320 -752 296) (328 -752 296) 
4 241 250 (344 -752 312) (328 -752 312) (328 -752 296) (344 -752 296) 
4 241 249 (360 -752 312) (344 -752 312) (344 -752 296) (360 -752 296) 
4 241 247 (368 -752 312) (360 -752 312) (360 -752 296) (368 -752 296) 
4 241 246 (392 -752 296) (392 -752 312) (368 -752 312) (368 -752 296) 
4 241 245 (320 -752 296) (320 -752 312) (320 -616 312) (320 -616 296) 
4 241 244 (392 -752 296) (320 -752 296) (320 -616 296) (392 -616 296) 
4 242 244 (392 -608 296) (320 -608 296) (320 -608 192.00000000000003) (392 -608 160.00000000000006) 
4 243 253 (328 -608 56) (328 -600 56) (392 -600 88) (392 -608 88) 
5 243 244 (320 -608 136) (320 -608 56) (328 -608 56) (392 -608 88) (392 -608 104.00000000000001) 
4 244 253 (328 -752 56) (328 -608 56) (392 -608 88) (392 -752 88) 
4 244 251 (328.00000000000085 -752 64) (328 -752 296) (320 -752 296) (320 -752 64) 
4 244 250 (344 -752 72) (344 -752 296) (328 -752 296) (328.00000000000085 -752 72) 
4 244 249 (360 -752 80) (360 -752 296) (344 -752 296) (344 -752 80) 
4 244 248 (376 -752 88) (376 -752 96) (360 -752 96) (360 -752 88) 
4 244 247 (368 -752 296) (360 -752 296) (360 -752 96) (368 -752 96) 
4 244 246 (392 -752 96) (392 -752 296) (368 -752 296) (368 -752 96) 
4 244 245 (320 -752 56) (320 -752 296) (320 -616 296) (320 -616 56) 
4 245 260 (304 -616 56) (304 -752 56) (304 -752 296) (304 -616 296) 
4 245 257 (304 -752 296) (304 -752 312) (304 -616 312) (304 -616 296) 
4 245 252 (304 -752 64) (304 -752 56) (312 -752 56) (312 -752 64) 
4 245 251 (304 -752 312) (304 -752 64) (320 -752 64) (320 -752 312) 
4 246 248 (368 -752 96) (376 -752 96) (376 -816 96) (368 -816 96) 
4 246 247 (368 -752 316.8) (368 -752 96) (368 -816 96) (368 -816 304.00000000000006) 
4 247 249 (360 -752 316.8) (360 -752 96) (360 -816 96) (360 -816 304.00000000000006) 
4 247 248 (360 -816 96) (360 -752 96) (368 -752 96) (368 -816 96) 
4 248 249 (360 -752 96) (360 -752 88) (360 -816 88) (360 -816 96) 
4 249 250 (344 -752 316.8) (344 -752 80) (344 -816 80) (344 -816 304) 
4 250 251 (328 -752 316.79999999999995) (328 -752 72) (328 -816 72) (328 -816 304) 
4 251 260 (304 -816 64) (304 -816 296) (304 -752 296) (304 -752 64) 
4 251 257 (304 -816 296) (304 -816 304) (304 -752 316.8) (304 -752 296) 
4 251 254 (304 -816 304) (304 -816 432) (304 -752 432) (304 -752 316.8) 
4 251 252 (304 -816 64) (304 -752 64) (312 -752 64) (312 -816 64) 
4 252 260 (304 -752 56) (304 -816 56) (304 -816 64) (304 -752 64) 
4 254 257 (304 -616 344.0000000000003) (304 -816 304.0000000000002) (288 -816 304.0000000000002) (288 -616 344.0000000000003) 
4 254 256 (288 -600 347.2000000000003) (304 -600 347.2000000000003) (304 -616 344.0000000000003) (288 -616 344.0000000000003) 
3 255 264 (232 -800 312) (232 -776 312) (232 -800 307.2) 
5 255 261 (232 -816 312) (232 -816 432) (232 -600 432) (232 -600 347.20000000000005) (232 -776 312) 
4 255 257 (232 -816 304.00000000000017) (232 -616 344.0000000000003) (248 -616 344.0000000000003) (248 -816 304.00000000000017) 
4 255 256 (232 -616 344.0000000000003) (232 -600 347.2000000000003) (248 -600 347.2000000000003) (248 -616 344.0000000000003) 
4 256 261 (232 -616 344.00000000000006) (232 -600 347.20000000000005) (232 -600 312) (232 -616 312) 
4 256 257 (304 -616 312) (304 -616 343.99999999999955) (232 -616 343.99999999999955) (232 -616 312) 
5 257 264 (232 -800 307.2) (232 -776 312) (232 -616 312) (232 -616 296) (232 -800 296) 
3 257 261 (232 -776 312) (232 -616 344.00000000000006) (232 -616 312) 
4 257 260 (232 -816 296) (232 -616 296) (304 -616 296) (304 -816 296) 
4 258 260 (304 -608 200.00000000000003) (304 -608 296) (232 -608 296) (232 -608 232.00000000000006) 
4 259 260 (304 -608 56) (304 -608 144.00000000000003) (232 -608 176) (232 -608 56) 
4 260 264 (232 -616 56) (232 -800 56) (232 -800 296) (232 -616 296) 
4 261 267 (216 -536 432) (216 -536 312) (216 -816 312) (216 -816 432) 
4 261 264 (224 -616 312) (232 -616 312) (232 -800 312) (224 -800 312) 
4 261 262 (216 -600 312) (216 -536 312) (232 -536 312) (232 -600 312) 
4 262 267 (216 -536 312) (216 -536 208) (216 -600 208) (216 -600 312) 
4 263 271 (216 -536 112) (216 -536 56) (216 -600 56) (216 -600 112) 
4 263 270 (216 -536 192) (216 -536 112) (216 -600 112) (216 -600 192) 
4 264 266 (224 -616 208) (224 -616 56) (224 -800 56) (224 -800 208) 
4 264 265 (224 -616 288) (224 -616 232) (224 -800 232) (224 -800 288) 
4 265 267 (216 -800 232) (216 -800 288) (216 -616 288) (216 -616 232) 
4 266 271 (216 -616 56) (216 -800 56) (216 -800 112) (216 -616 112) 
4 266 270 (216 -800 112) (216 -800 192) (216 -616 192) (216 -616 112) 
4 267 268 (208 -536 360) (208 -536 208) (208 -816 208) (208 -816 304) 
4 268 269 (104 -536 360) (104 -536 208) (104 -816 208) (104 -816 304) 
4 270 274 (88 -816 112) (88 -816 192) (88 -536 192) (88 -536 112) 
4 270 273 (88 -816 112) (88 -760 112) (152 -760 112) (152 -816 112) 
4 270 272 (88 -696 112) (88 -536 112) (152 -536 112) (152 -696 112) 
4 270 271 (152 -536 112) (216 -536 112) (216 -816 112) (152 -816 112) 
4 271 273 (152 -760 56) (152 -816 56) (152 -816 112) (152 -760 112) 
4 271 272 (152 -536 56) (152 -696 56) (152 -696 112) (152 -536 112) 
4 272 275 (88 -536 56) (88 -696 56) (88 -696 96) (88 -536 96) 
4 272 274 (88 -696 96) (88 -696 112) (88 -536 112) (88 -536 96) 
4 273 276 (88 -784 56) (88 -816 56) (88 -816 96) (88 -784 96) 
4 273 274 (88 -816 96) (88 -816 112) (88 -760 112) (88 -760 96) 
4 274 326 (-48 -800 112) (-48 -808 112) (-48 -808 176) (-48 -800 176) 
4 274 325 (-48 -680 112) (-48 -800 112) (-48 -800 176) (-48 -680 176) 
4 274 323 (-48 -672 176) (-48 -672 112) (-48 -680 112) (-48 -680 176) 
4 274 277 (-48 -536 96) (40 -536 96) (40 -816 96) (-48 -816 96) 
4 274 276 (88 -784 96) (88 -816 96) (40 -816 96) (40 -784 96) 
4 274 275 (40 -536 96) (88 -536 96) (88 -728 96) (40 -728 96) 
4 275 277 (40 -536 56) (40 -728 56) (40 -728 96) (40 -536 96) 
4 276 277 (40 -784 56) (40 -816 56) (40 -816 96) (40 -784 96) 
4 278 286 (1280 -816 -16) (1408 -816 -16) (1408 -816 56) (1280 -816 56) 
4 278 280 (1408 -816 -16) (1280 -816 -16) (1280 -536 -16) (1408 -536 -16) 
4 279 290 (504 -816 -16) (1280 -816 -16) (1280 -816 56) (504 -816 56) 
4 279 284 (1280 -816 -16) (504 -816 -16) (504 -536 -16) (1280 -536 -16) 
4 280 286 (1408 -816 -16) (1280 -816 -16) (1280 -816 -192) (1408 -816 -192) 
4 280 282 (1328 -816 -192) (1280 -816 -192) (1280 -536 -192) (1328 -536 -192) 
4 280 281 (1408 -816 -192) (1328 -816 -192) (1328 -536 -192) (1408 -536 -192) 
4 281 287 (1408 -816 -256) (1408 -816 -192) (1328 -816 -192) (1328 -816 -256) 
4 281 283 (1328 -816 -256) (1328 -816 -208) (1328 -536 -208) (1328 -536 -256) 
4 281 282 (1328 -816 -208) (1328 -816 -192) (1328 -536 -192) (1328 -536 -208) 
4 282 288 (1328 -816 -208) (1328 -816 -192) (1280 -816 -192) (1280 -816 -208) 
4 282 285 (1280 -816 -208) (1280 -816 -192) (1280 -536 -192) (1280 -536 -208) 
4 282 283 (1280 -816 -208) (1280 -536 -208) (1328 -536 -208) (1328 -816 -208) 
4 283 289 (1328 -816 -256) (1328 -816 -208) (1280 -816 -208) (1280 -816 -256) 
4 284 330 (-48 -816 -192) (-48 -816 -16) (-48 -808 -16) (-48 -808 -192) 
4 284 328 (-48 -808 -16) (-48 -672 -16) (-48 -672 -192) (-48 -808 -192) 
4 284 321 (-48 -672 -16) (-48 -536 -16) (-48 -536 -192) (-48 -672 -192) 
4 284 296 (-48 -816 -16) (-48 -816 -192) (488 -816 -192) (488 -816 -16) 
4 284 291 (488 -816 -192) (504 -816 -192) (504 -816 -16) (488 -816 -16) 
4 284 290 (504 -816 -192) (1280 -816 -192) (1280 -816 -16) (504 -816 -16) 
4 285 331 (-48 -816 -208) (-48 -816 -192) (-48 -808 -192) (-48 -808 -208) 
4 285 329 (-48 -808 -192) (-48 -672 -192) (-48 -672 -208) (-48 -808 -208) 
4 285 322 (-48 -672 -192) (-48 -536 -192) (-48 -536 -208) (-48 -672 -208) 
4 285 299 (-48 -816 -192) (-48 -816 -208) (488 -816 -208) (488 -816 -192) 
4 285 293 (488 -816 -208) (1280 -816 -208) (1280 -816 -192) (488 -816 -192) 
4 286 294 (1408 -2688 432) (1280 -2688 432) (1280 -2688 -192) (1408 -2688 -192) 
4 286 288 (1328 -2688 -192) (1280 -2688 -192) (1280 -816 -192) (1328 -816 -192) 
4 286 287 (1408 -2688 -192) (1328 -2688 -192) (1328 -816 -192) (1408 -816 -192) 
4 287 289 (1328 -2688 -256) (1328 -2688 -208) (1328 -816 -208) (1328 -816 -256) 
4 287 288 (1328 -2688 -208) (1328 -2688 -192) (1328 -816 -192) (1328 -816 -208) 
4 288 295 (1328 -2688 -208) (1328 -2688 -192) (1280 -2688 -192) (1280 -2688 -208) 
4 288 293 (1280 -816 -192) (1280 -816 -208) (1280 -2688 -208) (1280 -2688 -192) 
4 288 289 (1280 -2688 -208) (1280 -816 -208) (1328 -816 -208) (1328 -2688 -208) 
4 290 292 (504 -848 -192) (504 -2688 -192) (504 -2688 432) (504 -848 432) 
4 290 291 (504 -816 -16) (504 -816 -192) (504 -848 -192) (504 -848 -16) 
4 291 296 (488 -816 -16) (488 -816 -192) (488 -848 -192) (488 -848 -16) 
4 291 292 (488 -848 -16) (488 -848 -192) (504 -848 -192) (504 -848 -16) 
4 292 297 (488 -848 -192) (488 -2688 -192) (488 -2688 432) (488 -848 432) 
4 293 299 (488 -816 -192) (488 -816 -208) (488 -2688 -208) (488 -2688 -192) 
4 293 295 (488 -2688 -192) (488 -2688 -208) (1280 -2688 -208) (1280 -2688 -192) 
4 294 298 (488 -2816 432) (488 -2688 432) (488 -2688 -192) (488 -2816 -192) 
4 294 295 (488 -2816 -192) (488 -2688 -192) (1328 -2688 -192) (1328 -2816 -192) 
4 295 299 (488 -2848 -208) (488 -2848 -192) (488 -2688 -192) (488 -2688 -208) 
4 296 332 (-48 -816 -16) (-48 -816 -192) (-48 -848 -192) (-48 -848 -16) 
4 296 297 (-48 -848 -16) (-48 -848 -192) (488 -848 -192) (488 -848 -16) 
4 297 333 (-48 -2688 432) (-48 -848 432) (-48 -848 -192) (-48 -2688 -192) 
4 298 334 (-48 -2816 432) (-48 -2688 432) (-48 -2688 -192) (-48 -2816 -192) 
4 298 299 (-48 -2816 -192) (-48 -2688 -192) (488 -2688 -192) (488 -2816 -192) 
4 299 335 (-48 -2848 -208) (-48 -2848 -192) (-48 -816 -192) (-48 -816 -208) 
4 300 336 (-96 1024 264) (-96 896 264) (-96 896 432) (-96 1024 432) 
4 300 304 (-96 896 264) (-96 1024 264) (-48 1024 264) (-48 896 264) 
4 301 337 (-96 896 264) (-96 456 264) (-96 456 432) (-96 896 432) 
4 301 305 (-96 456 264) (-96 896 264) (-48 896 264) (-48 456 264) 
4 301 303 (-96 456 336) (-96 456 264) (-48 456 264) (-48 456 336) 
4 301 302 (-96 456 376) (-96 456 336) (-48 456 336) (-48 456 376) 
4 302 303 (-96 408 336) (-96 456 336) (-48 456 336) (-48 408 336) 
4 304 336 (-96 1024 248) (-96 896 248) (-96 896 264) (-96 1024 264) 
4 304 306 (-96 896 248) (-96 1024 248) (-48 1024 248) (-48 896 248) 
4 305 337 (-96 896 248) (-96 456 248) (-96 456 264) (-96 896 264) 
4 305 307 (-96 456 248) (-96 896 248) (-48 896 248) (-48 456 248) 
4 306 450 (-96 1024 -192) (-96 896 -192) (-96 896 208) (-96 1024 208) 
4 306 336 (-96 896 208) (-96 896 248) (-96 1024 248) (-96 1024 208) 
4 306 310 (-96 896 -192) (-96 1024 -192) (-48 1024 -192) (-48 896 -192) 
4 307 451 (-96 896 -192) (-96 384 -192) (-96 384 208) (-96 896 208) 
4 307 338 (-96 384 208) (-96 384 248) (-96 456 248) (-96 456 208) 
4 307 337 (-96 456 248) (-96 896 248) (-96 896 208) (-96 456 208) 
4 307 309 (-96 384 -192) (-64 384 -192) (-64 384 248) (-96 384 248) 
4 307 308 (-64 384 -192) (-48 384 -192) (-48 384 -16) (-64 384 -16) 
4 308 321 (-64 360 -192) (-48 360 -192) (-48 360 -16) (-64 360 -16) 
4 308 309 (-64 384 -16) (-64 384 -192) (-64 360 -192) (-64 360 -16) 
4 309 451 (-96 384 -192) (-96 360 -192) (-96 360 208) (-96 384 208) 
4 309 338 (-96 360 208) (-96 360 248) (-96 384 248) (-96 384 208) 
4 309 321 (-96 360 -16) (-96 360 -192) (-64 360 -192) (-64 360 -16) 
4 310 463 (-96 360 -208) (-96 360 -192) (-96 1088 -192) (-96 1088 -208) 
4 310 322 (-96 360 -192) (-96 360 -208) (-48 360 -208) (-48 360 -192) 
4 311 313 (-48 144 352) (-56 144 352) (-56 256 352) (-48 256 352) 
4 312 348 (-96 256 416) (-96 256 352) (-96 144 352) (-96 144 416) 
4 312 319 (-88 144 352) (-96 144 352) (-96 256 352) (-88 256 352) 
4 313 314 (-48 144 336) (-56 144 336) (-56 256 336) (-48 256 336) 
3 314 318 (-64 208 214.06577606765097) (-64 208 208) (-64 173.59927446565888 208) 
3 314 317 (-64 144 208) (-64 144 223.83010821022884) (-64 146.79127518499791 208) 
4 314 316 (-64 181.08531191991614 336) (-64 208 336) (-64 208 214.06577606765097) (-64 202.74886944297654 213.13986007122506) 
3 314 315 (-64 144 332.7554556236845) (-64 144 336) (-64 162.40072553434095 336) 
3 315 320 (-80 144 332.7554556236845) (-80 144 336) (-80 162.40072553434095 336) 
4 316 320 (-80 181.08531191991614 336) (-80 208 336) (-80 208 214.06577606765097) (-80 202.74886944297654 213.13986007122506) 
4 316 318 (-80 202.74886944297654 213.139860071225) (-80 208 214.06577606765092) (-64 208 214.06577606765092) (-64 202.74886944297654 213.139860071225) 
3 317 320 (-80 144 208) (-80 144 223.83010821022884) (-80 146.79127518499791 208) 
3 318 320 (-80 208 214.06577606765097) (-80 208 208) (-80 173.59927446565888 208) 
4 319 348 (-96 256 352) (-96 256 336) (-96 144 336) (-96 144 352) 
4 319 320 (-96 256 336) (-88 256 336) (-88 144 336) (-96 144 336) 
4 320 351 (-96 160 208) (-96 144 208) (-96 144 320) (-96 160 320) 
4 320 350 (-96 256 320) (-96 256 208) (-96 160 208) (-96 160 320) 
4 320 348 (-96 256 336) (-96 256 320) (-96 144 320) (-96 144 336) 
4 321 455 (-96 -672 -192) (-96 -672 -16) (-96 -664 -16) (-96 -664 -192) 
4 321 453 (-96 -664 -16) (-96 -496 -16) (-96 -496 -192) (-96 -664 -192) 
4 321 452 (-96 -496 -16) (-96 360 -16) (-96 360 -192) (-96 -496 -192) 
4 321 328 (-96 -672 -16) (-96 -672 -192) (-48 -672 -192) (-48 -672 -16) 
4 322 463 (-96 -672 -208) (-96 -672 -192) (-96 360 -192) (-96 360 -208) 
4 322 329 (-96 -672 -192) (-96 -672 -208) (-48 -672 -208) (-48 -672 -192) 
4 323 325 (-56 -680 112) (-48 -680 112) (-48 -680 176) (-56 -680 176) 
4 324 325 (-96 -680 112) (-88 -680 112) (-88 -680 176) (-96 -680 176) 
4 325 327 (-96 -800 112) (-88 -800 112) (-88 -800 176) (-96 -800 176) 
4 325 326 (-56 -800 112) (-48 -800 112) (-48 -800 176) (-56 -800 176) 
4 328 455 (-96 -808 -192) (-96 -808 -16) (-96 -672 -16) (-96 -672 -192) 
4 328 330 (-96 -808 -16) (-96 -808 -192) (-48 -808 -192) (-48 -808 -16) 
4 329 463 (-96 -808 -208) (-96 -808 -192) (-96 -672 -192) (-96 -672 -208) 
4 329 331 (-96 -808 -192) (-96 -808 -208) (-48 -808 -208) (-48 -808 -192) 
4 330 455 (-96 -816 -192) (-96 -816 -16) (-96 -808 -16) (-96 -808 -192) 
4 330 332 (-96 -816 -16) (-96 -816 -192) (-48 -816 -192) (-48 -816 -16) 
4 331 463 (-96 -816 -208) (-96 -816 -192) (-96 -808 -192) (-96 -808 -208) 
4 331 335 (-96 -816 -192) (-96 -816 -208) (-48 -816 -208) (-48 -816 -192) 
4 332 456 (-96 -816 -16) (-96 -816 -192) (-96 -848 -192) (-96 -848 -16) 
4 332 333 (-96 -848 -16) (-96 -848 -192) (-48 -848 -192) (-48 -848 -16) 
4 333 456 (-96 -848 208) (-96 -848 -192) (-96 -2688 -192) (-96 -2688 208) 
4 333 367 (-96 -2688 432) (-96 -848 432) (-96 -848 208) (-96 -2688 208) 
4 334 462 (-96 -2688 208) (-96 -2688 -192) (-96 -2816 -192) (-96 -2816 208) 
4 334 368 (-96 -2816 432) (-96 -2688 432) (-96 -2688 208) (-96 -2816 208) 
4 334 335 (-96 -2816 -192) (-96 -2688 -192) (-48 -2688 -192) (-48 -2816 -192) 
4 335 463 (-96 -2848 -208) (-96 -2848 -192) (-96 -816 -192) (-96 -816 -208) 
4 336 450 (-448 896 208) (-448 1024 208) (-96 1024 208) (-96 896 208) 
4 336 373 (-448 1024 208) (-448 896 208) (-448 896 432) (-448 1024 432) 
4 337 451 (-104 896 208) (-96 896 208) (-96 456 208) (-104 456 208) 
4 337 339 (-104 896 432) (-104 896 208) (-104 456 208) (-104 456 432) 
4 337 338 (-104 456 248) (-104 456 208) (-96 456 208) (-96 456 248) 
4 338 451 (-96 456 208) (-96 360 208) (-104 360 208) (-104 456 208) 
4 338 339 (-104 456 208) (-104 360 208) (-104 360 248) (-104 456 248) 
4 339 451 (-448 360 208) (-448 896 208) (-104 896 208) (-104 360 208) 
4 339 374 (-448 896 208) (-448 376 208) (-448 376 432) (-448 896 432) 
4 339 340 (-400 360 280) (-152 360 280) (-152 360 360) (-400 360 360) 
4 340 346 (-392 352 280) (-280 352 280) (-280 352 288) (-392 352 288) 
4 340 345 (-280 352 296) (-280 352 344) (-392 352 344) (-392 352 296) 
4 340 344 (-280 352 352) (-280 352 360) (-392 352 360) (-392 352 352) 
4 340 343 (-272 352 280) (-160 352 280) (-160 352 288) (-272 352 288) 
4 340 342 (-160 352 296) (-160 352 344) (-272 352 344) (-272 352 296) 
4 340 341 (-160 352 352) (-160 352 360) (-272 352 360) (-272 352 352) 
4 341 347 (-160 344 352) (-160 344 360) (-272 344 360) (-272 344 352) 
4 342 347 (-160 344 296) (-160 344 344) (-272 344 344) (-272 344 296) 
4 343 347 (-272 344 280) (-160 344 280) (-160 344 288) (-272 344 288) 
4 344 347 (-280 344 352) (-280 344 360) (-392 344 360) (-392 344 352) 
4 345 347 (-280 344 296) (-280 344 344) (-392 344 344) (-392 344 296) 
4 346 347 (-392 344 280) (-280 344 280) (-280 344 288) (-392 344 288) 
4 347 365 (-400 328 280) (-392 328 280) (-392 328 320) (-400 328 320) 
4 347 359 (-392 328 280) (-288 328 280) (-288 328 320) (-392 328 320) 
4 347 357 (-288 328 280) (-216 328 280) (-216 328 320) (-288 328 320) 
4 347 350 (-216 328 280) (-152 328 280) (-152 328 320) (-216 328 320) 
4 347 348 (-152 328 320) (-152 328 360) (-400 328 360) (-400 328 320) 
4 348 369 (-432 328 376) (-432 328 320) (-432 136 320) (-432 136 376) 
4 348 365 (-432 88 320) (-432 328 320) (-392 328 320) (-392 88 320) 
4 348 364 (-320 88 320) (-392 88 320) (-392 200 320) (-320 200 320) 
4 348 363 (-224 88 320) (-320 88 320) (-320 112 320) (-224 112 320) 
4 348 362 (-320 112 320) (-320 192 320) (-224 192 320) (-224 112 320) 
4 348 361 (-320 192 320) (-320 200 320) (-224 200 320) (-224 192 320) 
4 348 360 (-216 200 320) (-216 88 320) (-224 88 320) (-224 200 320) 
4 348 359 (-392 328 320) (-288 328 320) (-288 200 320) (-392 200 320) 
4 348 358 (-216 264 320) (-216 200 320) (-288 200 320) (-288 264 320) 
4 348 357 (-288 328 320) (-216 328 320) (-216 264 320) (-288 264 320) 
4 348 352 (-120 88 320) (-216 88 320) (-216 160 320) (-120 160 320) 
4 348 351 (-96 160 320) (-96 88 320) (-120 88 320) (-120 160 320) 
5 348 350 (-216 328 320) (-144 328 320) (-96 272 320) (-96 160 320) (-216 160 320) 
4 348 349 (-432 88 352) (-432 88 320) (-96 88 320) (-96 88 352) 
4 349 365 (-432 56 320) (-432 88 320) (-392 88 320) (-392 56 320) 
4 349 364 (-392 88 320) (-320 88 320) (-320 55.99999999999999 320) (-392 56 320) 
4 349 363 (-320 88 320) (-224 88 320) (-224 55.999999999999986 320) (-320 55.99999999999999 320) 
4 349 360 (-224 88 320) (-216 88 320) (-216 55.999999999999986 320) (-224 55.999999999999986 320) 
4 349 356 (-136 55.99999999999998 320) (-216 55.999999999999986 320) (-216 64 320) (-136 64 320) 
4 349 353 (-96 64 320) (-96 55.99999999999998 320) (-136 55.99999999999998 320) (-136 64 320) 
4 349 352 (-216 88 320) (-120 88 320) (-120 64 320) (-216 64 320) 
4 349 351 (-120 88 320) (-96 88 320) (-96 64 320) (-120 64 320) 
4 350 360 (-216 160 320) (-216 200 320) (-216 200 208) (-216 160 208) 
4 350 358 (-216 200 320) (-216 264 320) (-216 264 256) (-216 200 256) 
4 350 357 (-216 264 320) (-216 328 320) (-216 328 208) (-216 264 208) 
4 350 352 (-216 160 320) (-216 160 296) (-120 160 296) (-120 160 320) 
4 350 351 (-120 160 208) (-96 160 208) (-96 160 320) (-120 160 320) 
4 351 353 (-120 64 208) (-96 64 208) (-96 64 320) (-120 64 320) 
4 351 352 (-120 160 320) (-120 160 296) (-120 64 296) (-120 64 320) 
4 352 360 (-216 64 320) (-216 160 320) (-216 160 296) (-216 64 296) 
4 352 356 (-216 64 320) (-216 64 296) (-136 64 296) (-136 64 320) 
4 352 353 (-136 64 296) (-120 64 296) (-120 64 320) (-136 64 320) 
4 353 356 (-136 64 320) (-136 64 208) (-136 -72 208) (-136 -72 320) 
4 354 356 (-136 -104 208) (-136 -432 208) (-136 -432 320) (-136 -104 320) 
4 355 356 (-136 -464 208) (-136 -472 208) (-136 -472 320) (-136 -464 320) 
4 356 360 (-216 -472 208) (-216 -472 320) (-216 64 320) (-216 64 208) 
4 357 359 (-288 264 320) (-288 328 320) (-288 328 208) (-288 264 208) 
4 357 358 (-288 264 320) (-288 264 256) (-216 264 256) (-216 264 320) 
4 358 361 (-224 200 320) (-288 200 320) (-288 200 256) (-224 200 256) 
4 358 360 (-216 200 256) (-216 200 320) (-224 200 320) (-224 200 256) 
4 358 359 (-288 200 256) (-288 200 320) (-288 264 320) (-288 264 256) 
4 359 365 (-392 200 320) (-392 328 320) (-392 328 208) (-392 200 208) 
4 359 364 (-392 200 320) (-392 200 208) (-320 200 208) (-320 200 320) 
4 359 361 (-320 200 208) (-288 200 208) (-288 200 320) (-320 200 320) 
4 360 363 (-224 112 208) (-224 -472 208) (-224 -472 320) (-224 112 320) 
4 360 362 (-224 112 280) (-224 112 320) (-224 192 320) (-224 192 280) 
4 360 361 (-224 200 320) (-224 200 208) (-224 192 208) (-224 192 320) 
4 361 364 (-320 200 320) (-320 200 208) (-320 192 208) (-320 192 320) 
4 361 362 (-320 192 320) (-320 192 280) (-224 192 280) (-224 192 320) 
4 362 364 (-320 112 280) (-320 112 320) (-320 192 320) (-320 192 280) 
4 362 363 (-320 112 320) (-320 112 280) (-224 112 280) (-224 112 320) 
4 363 364 (-320 112 208) (-320 -472 208) (-320 -472 320) (-320 112 320) 
4 364 366 (-392 -440 320) (-392 -104 320) (-392 -104 208) (-392 -440 208) 
4 364 365 (-392 -72 320) (-392 200 320) (-392 200 208) (-392 -72 208) 
4 365 369 (-432 328 320) (-432 328 312) (-432 136 312) (-432 136 320) 
4 366 370 (-432 -104 208) (-432 -440 208) (-432 -440 320) (-432 -104 320) 
4 367 457 (-432 -2688 208) (-432 -496 208) (-104 -496 208) (-104 -2688 208) 
4 367 456 (-96 -816 208) (-96 -2688 208) (-104 -2688 208) (-104 -816 208) 
4 367 453 (-104 -496 208) (-96 -496 208) (-96 -664 208) (-104 -664 208) 
4 367 371 (-432 -1408 208) (-432 -2688 208) (-432 -2688 432) (-432 -1408 432) 
4 368 462 (-432 -2816 208) (-432 -2688 208) (-96 -2688 208) (-96 -2816 208) 
4 368 372 (-432 -2688 208) (-432 -2816 208) (-432 -2816 432) (-432 -2688 432) 
4 369 406 (-448 136 312) (-448 136 376) (-448 160 376) (-448 160 312) 
4 369 380 (-448 160 376) (-448 232 376) (-448 232 312) (-448 160 312) 
4 369 375 (-448 232 376) (-448 328 376) (-448 328 312) (-448 232 312) 
4 370 407 (-448 -104 208) (-448 -472 208) (-448 -472 424) (-448 -104 424) 
4 371 457 (-448 -2688 208) (-448 -1408 208) (-432 -1408 208) (-432 -2688 208) 
4 371 425 (-448 -1408 208) (-448 -2688 208) (-448 -2688 432) (-448 -1408 432) 
4 372 462 (-448 -2816 208) (-448 -2688 208) (-432 -2688 208) (-432 -2816 208) 
4 372 426 (-448 -2688 208) (-448 -2816 208) (-448 -2816 432) (-448 -2688 432) 
4 373 450 (-448 1024 208) (-448 896 208) (-928 896 208) (-928 1024 208) 
4 373 376 (-928 1024 208) (-928 896 208) (-928 896 432) (-928 1024 432) 
4 374 451 (-448 896 208) (-448 376 208) (-928 376 208) (-928 896 208) 
4 374 377 (-928 896 208) (-928 376 208) (-928 376 432) (-928 896 432) 
4 375 383 (-816 232 424) (-928 232 424) (-928 232 296) (-816 232 296) 
4 375 382 (-808 232 424) (-816 232 424) (-816 232 296) (-808 232 296) 
4 375 381 (-784 232 424) (-808 232 424) (-808 232 296) (-784 232 296) 
4 375 380 (-448 232 296) (-448 232 424) (-784 232 424) (-784 232 296) 
4 376 450 (-928 1024 208) (-928 896 208) (-1408 896 208) (-1408 1024 208) 
4 376 379 (-1408 896 208) (-1280 896 208) (-1280 896 432) (-1408 896 432) 
4 377 460 (-944 896 208) (-928 896 208) (-928 360 208) (-944 360 208) 
4 377 378 (-944 896 432) (-944 896 208) (-944 360 208) (-944 360 432) 
4 378 460 (-1280 896 208) (-944 896 208) (-944 232 208) (-1280 232 208) 
4 378 404 (-1280 232 208) (-944 232 208) (-944 232 432) (-1280 232 432) 
4 379 461 (-1408 896 208) (-1280 896 208) (-1280 232 208) (-1408 232 208) 
4 379 405 (-1408 232 208) (-1280 232 208) (-1280 232 432) (-1408 232 432) 
4 380 414 (-784 160 304) (-784 160 280) (-664 160 280) (-664 160 304) 
4 380 413 (-664 160 424) (-784 160 424) (-784 160 304) (-664 160 304) 
4 380 411 (-640 160 424) (-664 160 424) (-664 160 280) (-640 160 280) 
4 380 408 (-456 160 424) (-640 160 424) (-640 160 280) (-456 160 280) 
4 380 406 (-448 160 280) (-448 160 424) (-456 160 424) (-456 160 280) 
4 380 385 (-776 160 280) (-784 160 280) (-784 232 280) (-776 232 280) 
4 380 384 (-448 160 280) (-752 160 280) (-752 232 280) (-448 232 280) 
4 380 381 (-784 160 288) (-784 160 424) (-784 232 424) (-784 232 288) 
4 381 414 (-808 160 304) (-808 160 288) (-784 160 288) (-784 160 304) 
4 381 413 (-784 160 424) (-808 160 424) (-808 160 304) (-784 160 304) 
4 381 382 (-808 160 288) (-808 160 424) (-808 232 424) (-808 232 288) 
4 382 414 (-816 160 304) (-816 160 280) (-808 160 280) (-808 160 304) 
4 382 413 (-808 160 424) (-816 160 424) (-816 160 304) (-808 160 304) 
4 382 385 (-808 160 280) (-816 160 280) (-816 232 280) (-808 232 280) 
4 382 383 (-816 160 296) (-816 160 424) (-816 232 424) (-816 232 296) 
4 383 420 (-928 160 304) (-928 160 296) (-903.27172275047 160 296) (-903.27172275047 160 304) 
4 383 414 (-903.27172275047 160 296) (-816 160 296) (-816 160 304) (-903.27172275047 160 304) 
4 383 413 (-816 160 424) (-928 160 424) (-928 160 304) (-816 160 304) 
4 384 414 (-664 160 280) (-752 160 280) (-752 160 272) (-664 160 272) 
4 384 411 (-640 160 280) (-664 160 280) (-664 160 272) (-640 160 272) 
4 384 408 (-456 160 280) (-640 160 280) (-640 160 272) (-456 160 272) 
4 384 406 (-448 160 272) (-448 160 280) (-456 160 280) (-456 160 272) 
4 384 392 (-744 160 272) (-752 160 272) (-752 232 272) (-744 232 272) 
4 384 390 (-712 160 272) (-720 160 272) (-720 232 272) (-712 232 272) 
4 384 387 (-688 160 272) (-712 160 272) (-712 232 272) (-688 232 272) 
4 384 386 (-448 160 272) (-688 160 272) (-688 232 272) (-448 232 272) 
4 385 414 (-776 160 280) (-816 160 280) (-816 160 272) (-776 160 272) 
4 385 392 (-776 160 272) (-816 160 272) (-816 232 272) (-776 232 272) 
4 386 414 (-664 160 272) (-688 160 272) (-688 160 256) (-664 160 256) 
4 386 411 (-640 160 272) (-664 160 272) (-664 160 256) (-640 160 256) 
4 386 408 (-456 160 272) (-640 160 272) (-640 160 256) (-456 160 256) 
4 386 406 (-448 160 256) (-448 160 272) (-456 160 272) (-456 160 256) 
4 386 389 (-680 160 256) (-688 160 256) (-688 232 256) (-680 232 256) 
4 386 388 (-448 160 256) (-656 160 256) (-656 232 256) (-448 232 256) 
4 386 387 (-688 160 264) (-688 160 272) (-688 232 272) (-688 232 264) 
4 387 414 (-688 160 272) (-712 160 272) (-712 160 264) (-688 160 264) 
4 387 390 (-712 160 264) (-712 160 272) (-712 232 272) (-712 232 264) 
4 388 411 (-640 160 256) (-656 160 256) (-656 160 248) (-640 160 248) 
4 388 408 (-456 160 256) (-640 160 256) (-640 160 248) (-456 160 248) 
4 388 406 (-448 160 248) (-448 160 256) (-456 160 256) (-456 160 248) 
4 388 400 (-648 160 248) (-656 160 248) (-656 232 248) (-648 232 248) 
4 388 399 (-584 160 248) (-624 160 248) (-624 232 248) (-584 232 248) 
4 388 394 (-560 160 248) (-584 160 248) (-584 232 248) (-560 232 248) 
4 388 393 (-448 160 248) (-560 160 248) (-560 232 248) (-448 232 248) 
4 389 414 (-680 160 256) (-712 160 256) (-712 160 248) (-680 160 248) 
4 389 400 (-680 160 248) (-712 160 248) (-712 232 248) (-680 232 248) 
4 389 390 (-712 232 248) (-712 160 248) (-712 160 256) (-712 232 256) 
4 390 414 (-712 160 272) (-720 160 272) (-720 160 248) (-712 160 248) 
4 390 400 (-712 160 248) (-720 160 248) (-720 232 248) (-712 232 248) 
4 390 391 (-720 232 248) (-720 160 248) (-720 160 264) (-720 232 264) 
4 391 414 (-744 160 264) (-744 160 248) (-720 160 248) (-720 160 264) 
4 391 400 (-720 160 248) (-744 160 248) (-744 232 248) (-720 232 248) 
4 391 392 (-744 232 248) (-744 160 248) (-744 160 264) (-744 232 264) 
4 392 414 (-744 160 272) (-816 160 272) (-816 160 248) (-744 160 248) 
4 392 400 (-744 160 248) (-816 160 248) (-816 232 248) (-744 232 248) 
4 393 408 (-456 160 248) (-560 160 248) (-560 160 224) (-456 160 224) 
4 393 406 (-448 160 224) (-448 160 248) (-456 160 248) (-456 160 224) 
4 393 396 (-552 160 224) (-560 160 224) (-560 232 224) (-552 232 224) 
4 393 395 (-448 160 224) (-528 160 224) (-528 232 224) (-448 232 224) 
4 393 394 (-560 160 232) (-560 160 248) (-560 232 248) (-560 232 232) 
4 394 408 (-560 160 248) (-584 160 248) (-584 160 232) (-560 160 232) 
4 394 401 (-584 160 232) (-584 160 240) (-584 232 240) (-584 232 232) 
4 394 399 (-584 160 240) (-584 160 248) (-584 232 248) (-584 232 240) 
4 395 408 (-456 160 224) (-528 160 224) (-528 160 216) (-456 160 216) 
4 395 406 (-448 160 216) (-448 160 224) (-456 160 224) (-456 160 216) 
4 395 398 (-520 160 216) (-528 160 216) (-528 232 216) (-520 232 216) 
4 395 397 (-448 160 216) (-496 160 216) (-496 232 216) (-448 232 216) 
4 396 408 (-552 160 224) (-584 160 224) (-584 160 216) (-552 160 216) 
4 396 401 (-584 160 216) (-584 160 224) (-584 232 224) (-584 232 216) 
4 396 398 (-552 160 216) (-584 160 216) (-584 232 216) (-552 232 216) 
4 397 408 (-496 160 208) (-456 160 208) (-456 160 216) (-496 160 216) 
4 397 406 (-456 160 208) (-448 160 208) (-448 160 216) (-456 160 216) 
4 398 408 (-584 160 208) (-520 160 208) (-520 160 216) (-584 160 216) 
4 398 401 (-584 160 208) (-584 160 216) (-584 232 216) (-584 232 208) 
4 399 408 (-584 160 240) (-584 160 248) (-624 160 248) (-624 160 240) 
4 399 403 (-624 232 240) (-616 232 240) (-616 160 240) (-624 160 240) 
4 399 401 (-592 232 240) (-584 232 240) (-584 160 240) (-592 160 240) 
4 400 414 (-664 160 248) (-816 160 248) (-816 160 240) (-664 160 240) 
4 400 411 (-648 160 248) (-664 160 248) (-664 160 240) (-648 160 240) 
4 400 403 (-816 232 240) (-648 232 240) (-648 160 240) (-816 160 240) 
4 401 408 (-592 160 208) (-584 160 208) (-584 160 240) (-592 160 240) 
4 401 402 (-592 160 208) (-592 160 232) (-592 232 232) (-592 232 208) 
4 402 408 (-616 160 208) (-592 160 208) (-592 160 232) (-616 160 232) 
4 402 403 (-616 160 208) (-616 160 232) (-616 232 232) (-616 232 208) 
4 403 414 (-816 160 208) (-664 160 208) (-664 160 240) (-816 160 240) 
4 403 411 (-664 160 208) (-640 160 208) (-640 160 240) (-664 160 240) 
4 403 408 (-640 160 208) (-616 160 208) (-616 160 240) (-640 160 240) 
4 404 460 (-1280 232 208) (-944 232 208) (-944 160 208) (-1280 160 208) 
4 404 447 (-1280 160 208) (-944 160 208) (-944 160 432) (-1280 160 432) 
4 405 461 (-1408 232 208) (-1280 232 208) (-1280 160 208) (-1408 160 208) 
4 405 448 (-1408 160 208) (-1280 160 208) (-1280 160 432) (-1408 160 432) 
4 406 408 (-456 -80 424) (-456 160 424) (-456 160 208) (-456 -80 208) 
4 407 410 (-456 -472 424) (-456 -104 424) (-456 -104 208) (-456 -472 208) 
4 408 411 (-640 -80 424) (-640 160 424) (-640 160 208) (-640 -80 208) 
4 408 409 (-640 -88 336) (-640 -88 296) (-456 -88 296) (-456 -88 336) 
4 409 410 (-640 -96 336) (-640 -96 296) (-456 -96 296) (-456 -96 336) 
4 410 412 (-640 -496 208) (-640 -496 424) (-640 -104 424) (-640 -104 208) 
4 411 421 (-664 -15.09401076758607 208) (-664 -80 208) (-664 -80 304) (-664 -15.094010767586084 304) 
4 411 415 (-664 21.856406460551 208) (-664 -15.09401076758607 208) (-664 -15.094010767586084 304) (-664 21.856406460551007 304) 
4 411 414 (-664 160 304) (-664 160 208) (-664 21.856406460551 208) (-664 21.856406460551007 304) 
4 411 413 (-664 -80 424) (-664 160 424) (-664 160 304) (-664 -80 304) 
4 412 422 (-664 -496 208) (-664 -496 424) (-664 -128 424) (-664 -128 208) 
4 412 421 (-664 -104 304) (-664 -104 208) (-664 -128 208) (-664 -128 304) 
4 412 413 (-664 -128 424) (-664 -104 424) (-664 -104 304) (-664 -128 304) 
4 413 424 (-920 -128 424) (-928 -128 424) (-928 -128 304) (-920 -128 304) 
4 413 423 (-808 -128 424) (-920 -128 424) (-920 -128 328) (-808 -128 328) 
4 413 422 (-664 -128 304) (-664 -128 424) (-808 -128 424) (-808 -128 304) 
3 413 421 (-664 -128 304) (-859.5589098293676 -128 304) (-664 -15.09401076758607 304) 
4 413 420 (-928 -73.98969044771434 304) (-928 160 304) (-903.27172275047 160 304) (-820.4974226119286 112.2102355330304 304) 
5 413 419 (-859.5589098293676 -128 304) (-928 -128 304) (-928 -73.98969044771434 304) (-903.7572409168231 -32.00000000000013 304) (-851.1384387633057 -123.13843876330569 304) 
3 413 418 (-808 -98.23244953089129 304) (-851.1384387633057 -123.13843876330569 304) (-894.2768775266119 -48.42047106606158 304) 
3 413 417 (-824.994845223857 104.42047106606121 304) (-820.4974226119286 112.2102355330304 304) (-816.0000000000002 109.61364737737402 304) 
3 413 416 (-719.005154776143 47.9999999999998 304) (-677.9333580064181 -23.138438763306873 304) (-801.1487483155917 -94.27687752661231 304) 
4 413 415 (-723.8667160128368 56.4204710660611 304) (-664 21.856406460551 304) (-664 -15.09401076758607 304) (-677.9333580064181 -23.138438763306873 304) 
3 413 414 (-903.27172275047 160 304) (-664 160 304) (-664 21.856406460551 304) 
4 414 420 (-820.4974226119288 112.21023553303036 304) (-903.2717227504701 160 304) (-903.2717227504701 160 208) (-820.4974226119288 112.21023553303036 208) 
4 414 417 (-816.0000000000002 109.61364737737395 304) (-820.4974226119288 112.21023553303036 304) (-820.4974226119288 112.21023553303036 208) (-816.0000000000002 109.61364737737395 208) 
4 414 415 (-664 21.856406460550847 208) (-664 21.85640646055085 304) (-723.8667160128367 56.420471066060955 304) (-723.8667160128367 56.42047106606097 208) 
4 415 421 (-664 -15.094010767585596 208) (-664 -15.094010767585587 304) (-677.9333580064182 -23.138438763306496 304) (-677.9333580064183 -23.13843876330651 208) 
4 415 416 (-719.0051547761431 47.999999999999325 208) (-677.9333580064185 -23.13843876330706 208) (-677.9333580064185 -23.13843876330706 304) (-719.0051547761431 47.99999999999933 304) 
4 416 421 (-677.9333580064182 -23.138438763306496 304) (-801.1487483155914 -94.27687752661168 304) (-801.1487483155914 -94.27687752661166 208) (-677.9333580064183 -23.13843876330651 208) 
4 417 420 (-820.4974226119292 112.21023553303027 304) (-820.4974226119292 112.21023553303029 208) (-824.9948452238579 104.42047106606071 208) (-824.9948452238579 104.4204710660607 304) 
4 418 421 (-808.0000000000005 -98.23244953089105 304) (-851.1384387633059 -123.1384387633053 304) (-851.1384387633059 -123.1384387633053 208) (-808.0000000000005 -98.23244953089102 208) 
4 418 419 (-894.2768775266122 -48.420471066061374 208) (-851.1384387633059 -123.13843876330586 208) (-851.1384387633059 -123.13843876330586 304) (-894.2768775266122 -48.42047106606138 304) 
4 419 424 (-920 -128 304) (-928 -128 304) (-928 -128 208) (-920 -128 208) 
4 419 421 (-851.1384387633059 -123.1384387633053 304) (-859.5589098293685 -128 304) (-859.5589098293685 -128 208) (-851.1384387633059 -123.1384387633053 208) 
4 419 420 (-903.7572409168234 -31.999999999999673 208) (-928 -73.98969044771346 208) (-928 -73.98969044771346 304) (-903.7572409168234 -31.9999999999997 304) 
4 421 422 (-664 -128 208) (-664 -128 304) (-808 -128 304) (-808 -128 208) 
4 422 423 (-808 -128 424) (-808 -128 328) (-808 -496 328) (-808 -496 424) 
4 423 429 (-808 -496 328) (-808 -496 424) (-920 -496 424) (-920 -496 328) 
4 423 424 (-920 -128 424) (-920 -128 328) (-920 -496 328) (-920 -496 424) 
4 424 429 (-928 -496 424) (-928 -496 208) (-920 -496 208) (-920 -496 424) 
4 425 457 (-808 -2688 208) (-808 -1408 208) (-448 -1408 208) (-448 -2688 208) 
4 425 444 (-808 -1408 208) (-808 -2688 208) (-808 -2688 424) (-808 -1408 424) 
4 425 427 (-808 -2688 424) (-808 -2688 432) (-808 -1408 432) (-808 -1408 424) 
4 426 462 (-808 -2816 208) (-808 -2688 208) (-448 -2688 208) (-448 -2816 208) 
4 426 445 (-808 -2688 208) (-808 -2816 208) (-808 -2816 424) (-808 -2688 424) 
4 426 428 (-808 -2816 424) (-808 -2816 432) (-808 -2688 432) (-808 -2688 424) 
4 427 446 (-928 -2688 432) (-928 -1408 432) (-928 -1408 424) (-928 -2688 424) 
4 427 444 (-928 -2688 424) (-928 -1408 424) (-808 -1408 424) (-808 -2688 424) 
4 428 449 (-928 -2816 432) (-928 -2688 432) (-928 -2688 424) (-928 -2816 424) 
4 428 445 (-928 -2816 424) (-928 -2688 424) (-808 -2688 424) (-808 -2816 424) 
4 429 435 (-808 -512 208) (-808 -512 360) (-928 -512 360) (-928 -512 208) 
4 429 432 (-808 -512 384) (-808 -512 392) (-928 -512 392) (-928 -512 384) 
4 429 431 (-808 -512 360) (-808 -512 368.00000000000006) (-928 -512 368.00000000000006) (-928 -512 360) 
4 429 430 (-808 -512 392) (-808 -512 424) (-928 -512 424) (-928 -512 392) 
4 430 442 (-896 -544 424) (-928 -544 424) (-928 -544 392) (-896 -544 392) 
4 430 437 (-864 -544 424) (-896 -544 424) (-896 -544 392) (-864 -544 392) 
4 430 436 (-808 -544 392) (-808 -544 424) (-864 -544 424) (-864 -544 392) 
4 430 434 (-808 -544 392) (-928 -544 392) (-928 -536 392) (-808 -536 392) 
4 430 432 (-928 -520 392) (-928 -512 392) (-808 -512 392) (-808 -520 392) 
4 431 435 (-928 -520.0000000000001 360) (-928 -512 360) (-808 -512 360) (-808 -520.0000000000001 360) 
4 433 442 (-896 -544 368) (-928 -544 368) (-928 -544 360) (-896 -544 360) 
4 433 437 (-864 -544 368) (-896 -544 368) (-896 -544 360) (-864 -544 360) 
4 433 436 (-808 -544 360) (-808 -544 368) (-864 -544 368) (-864 -544 360) 
4 433 435 (-808 -544 360) (-928 -544 360) (-928 -536 360) (-808 -536 360) 
4 434 442 (-896 -544 392) (-928 -544 392) (-928 -544 384.00000000000006) (-896 -544 384.00000000000006) 
4 434 437 (-864 -544 392) (-896 -544 392) (-896 -544 384.00000000000006) (-864 -544 384.00000000000006) 
4 434 436 (-808 -544 384.00000000000006) (-808 -544 392) (-864 -544 392) (-864 -544 384.00000000000006) 
4 435 442 (-896 -544 360) (-928 -544 360) (-928 -544 208) (-896 -544 208) 
4 435 437 (-864 -544 360) (-896 -544 360) (-896 -544 208) (-864 -544 208) 
4 435 436 (-808 -544 208) (-808 -544 360) (-864 -544 360) (-864 -544 208) 
4 436 443 (-808 -592 208) (-808 -592 424) (-864 -592 424) (-864 -592 208) 
4 436 439 (-864 -560 208) (-864 -568.0000000000001 208) (-864 -568.0000000000001 424) (-864 -560 424) 
4 436 438 (-864 -584 208) (-864 -592 208) (-864 -592 424) (-864 -584 424) 
4 436 437 (-864 -544 424) (-864 -544 208) (-864 -560 208) (-864 -560 424) 
4 437 442 (-896 -544 424) (-896 -544 208) (-896 -560 208) (-896 -560 424) 
4 437 441 (-896 -560 424) (-896 -560 208) (-888 -560 208) (-888 -560 424) 
4 437 439 (-872.0000000000001 -560 208) (-864 -560 208) (-864 -560 424) (-872.0000000000001 -560 424) 
4 438 443 (-864 -592 424) (-872 -592 424) (-872 -592 208) (-864 -592 208) 
4 440 443 (-887.9999999999999 -592 424) (-896 -592 424) (-896 -592 208) (-887.9999999999999 -592 208) 
4 440 442 (-896 -584 208) (-896 -592 208) (-896 -592 424) (-896 -584 424) 
4 441 442 (-896 -560 208) (-896 -568 208) (-896 -568 424) (-896 -560 424) 
4 442 443 (-896 -592 424) (-928 -592 424) (-928 -592 208) (-896 -592 208) 
4 444 459 (-928 -2688 208) (-928 -1400 208) (-808 -1400 208) (-808 -2688 208) 
4 444 446 (-928 -1408 208) (-928 -2688 208) (-928 -2688 424) (-928 -1408 424) 
4 445 462 (-928 -2816 208) (-928 -2688 208) (-808 -2688 208) (-808 -2816 208) 
4 445 449 (-928 -2688 208) (-928 -2816 208) (-928 -2816 424) (-928 -2688 424) 
4 446 460 (-928 -1408 208) (-928 -2688 208) (-944 -2688 208) (-944 -1408 208) 
4 446 447 (-944 -1408 208) (-944 -2688 208) (-944 -2688 432) (-944 -1408 432) 
4 447 460 (-1280 160 208) (-944 160 208) (-944 -2688 208) (-1280 -2688 208) 
4 448 461 (-1408 160 208) (-1280 160 208) (-1280 -2688 208) (-1408 -2688 208) 
4 448 449 (-1408 -2688 208) (-1280 -2688 208) (-1280 -2688 432) (-1408 -2688 432) 
4 449 462 (-1408 -2816 208) (-1408 -2688 208) (-928 -2688 208) (-928 -2816 208) 
4 450 464 (-1280 896 -192) (-1344 896 -192) (-1344 1024 -192) (-1280 1024 -192) 
4 450 463 (-96 1024 -192) (-96 896 -192) (-1280 896 -192) (-1280 1024 -192) 
4 450 461 (-1408 896 -192) (-1280 896 -192) (-1280 896 208) (-1408 896 208) 
4 451 460 (-928 896 208) (-928 896 -192) (-928 360 -192) (-928 360 208) 
4 451 452 (-928 360 192) (-928 360 -192) (-96 360 -192) (-96 360 192) 
4 452 460 (-928 360 -192) (-928 -496 -192) (-928 -496 192) (-928 360 192) 
4 452 458 (-928 -496 192) (-928 -496 -192) (-808 -496 -192) (-808 -496 192) 
4 452 457 (-808 -496 -192) (-104 -496 -192) (-104 -496 192) (-808 -496 192) 
4 452 453 (-104 -496 -192) (-96 -496 -192) (-96 -496 192) (-104 -496 192) 
4 453 457 (-104 -496 208) (-104 -496 -192) (-104 -664 -192) (-104 -664 208) 
4 453 455 (-104 -664 104) (-104 -664 -192) (-96 -664 -192) (-96 -664 104) 
4 455 457 (-104 -664 -192) (-104 -816 -192) (-104 -816 104) (-104 -664 104) 
4 455 456 (-104 -816 104) (-104 -816 -192) (-96 -816 -192) (-96 -816 104) 
4 456 457 (-104 -816 -192) (-104 -2688 -192) (-104 -2688 208) (-104 -816 208) 
4 457 459 (-808 -1400 -192) (-808 -2688 -192) (-808 -2688 208) (-808 -1400 208) 
4 457 458 (-808 -496 192) (-808 -496 -192) (-808 -1400 -192) (-808 -1400 192) 
4 458 460 (-928 -496 -192) (-928 -1400 -192) (-928 -1400 192) (-928 -496 192) 
4 458 459 (-928 -1400 192) (-928 -1400 -192) (-808 -1400 -192) (-808 -1400 192) 
4 459 460 (-928 -1400 -192) (-928 -2688 -192) (-928 -2688 208) (-928 -1400 208) 
4 461 467 (-1408 896 -192) (-1344 896 -192) (-1344 -2688 -192) (-1408 -2688 -192) 
4 461 465 (-1344 896 -192) (-1280 896 -192) (-1280 -2688 -192) (-1344 -2688 -192) 
4 461 462 (-1408 -2688 -192) (-1280 -2688 -192) (-1280 -2688 208) (-1408 -2688 208) 
4 462 468 (-1344 -2688 -192) (-1280 -2688 -192) (-1280 -2816 -192) (-1344 -2816 -192) 
4 462 463 (-1280 -2688 -192) (-96 -2688 -192) (-96 -2816 -192) (-1280 -2816 -192) 
4 463 468 (-1280 -2848 -208) (-1280 -2848 -192) (-1280 -2688 -192) (-1280 -2688 -208) 
4 463 465 (-1280 -2688 -192) (-1280 896 -192) (-1280 896 -208) (-1280 -2688 -208) 
4 463 464 (-1280 896 -192) (-1280 1088 -192) (-1280 1088 -208) (-1280 896 -208) 
4 464 465 (-1280 896 -208) (-1280 896 -192) (-1344 896 -192) (-1344 896 -208) 
4 465 468 (-1280 -2688 -208) (-1280 -2688 -192) (-1344 -2688 -192) (-1344 -2688 -208) 
4 465 467 (-1344 896 -192) (-1344 896 -208) (-1344 -2688 -208) (-1344 -2688 -192) 
4 465 466 (-1280 -2688 -208) (-1344 -2688 -208) (-1344 896 -208) (-1280 896 -208) 
4 466 467 (-1344 896 -208) (-1344 896 -256) (-1344 -2688 -256) (-1344 -2688 -208) 
0 -1
1 -1
2 -1
3 -1
4 -1
5 -1
6 -1
7 -1
8 -1
9 -1
10 -1
11 -1
12 -1
13 -1
14 -1
15 -1
16 -1
17 -1
18 -1
19 -1
20 -1
21 -1
22 -1
23 -1
24 -1
25 -1
26 -1
27 28 29 -1
30 -1
31 -1
32 33 -1
34 35 36 -1
37 -1
38 -1
39 40 41 42 43 -1
44 45 -1
46 -1
47 48 -1
49 50 -1
51 52 -1
53 -1
54 -1
55 -1
56 -1
57 -1
58 -1
59 -1
60 -1
61 -1
62 -1
63 -1
64 -1
65 66 67 68 69 70 71 72 73 74 75 76 77 78 79 80 81 82 83 -1
84 -1
85 -1
86 -1
87 88 -1
89 -1
90 -1
91 92 93 -1
94 95 96 -1
97 -1
98 -1
99 100 101 -1
102 103 -1
104 105 106 -1
107 -1
108 -1
109 110 111 -1
112 113 -1
114 115 116 117 -1
118 119 120 -1
121 -1
122 -1
123 -1
124 -1
125 -1
126 127 128 -1
129 -1
130 131 132 133 -1
134 -1
135 -1
136 -1
137 -1
138 -1
139 -1
140 -1
141 -1
142 -1
143 -1
144 -1
145 -1
146 -1
147 -1
148 -1
149 -1
150 -1
151 -1
152 -1
153 -1
154 -1
155 -1
156 -1
157 -1
158 -1
159 -1
160 -1
161 -1
162 -1
163 -1
164 -1
165 -1
166 -1
167 -1
168 -1
169 -1
170 -1
171 172 -1
173 174 -1
175 -1
176 -1
177 -1
178 -1
179 180 181 182 -1
183 -1
184 -1
185 -1
186 -1
187 -1
188 -1
189 -1
190 -1
191 -1
192 -1
193 -1
194 -1
195 -1
196 -1
197 -1
198 -1
199 -1
200 201 202 203 204 205 206 207 208 209 210 211 212 213 214 215 216 217 218 219 220 221 222 223 224 225 226 227 228 229 230 231 232 233 -1
234 -1
235 -1
236 -1
237 -1
238 -1
239 -1
240 -1
241 -1
242 -1
243 -1
244 -1
245 -1
246 -1
247 -1
248 -1
249 -1
250 -1
251 -1
252 -1
253 -1
254 -1
255 -1
256 -1
257 -1
258 -1
259 -1
260 -1
261 -1
262 -1
263 -1
264 -1
265 -1
266 -1
267 -1
268 -1
269 270 -1
271 272 -1
273 274 -1
275 276 -1
277 278 -1
279 -1
280 -1
281 -1
282 -1
283 -1
284 -1
285 -1
286 -1
287 -1
288 -1
289 -1
290 -1
291 -1
292 -1
293 -1
294 -1
295 -1
296 -1
297 -1
298 -1
299 -1
300 -1
301 -1
302 -1
303 -1
304 -1
305 -1
306 -1
307 -1
308 -1
309 -1
310 -1
311 -1
312 -1
313 -1
314 -1
315 -1
316 317 -1
318 -1
319 320 -1
321 -1
322 -1
323 -1
324 325 -1
326 -1
327 -1
328 -1
329 -1
330 331 -1
332 333 -1
334 335 -1
336 -1
337 -1
338 -1
339 340 -1
341 -1
342 343 -1
344 -1
345 346 -1
347 -1
348 -1
349 -1
350 -1
351 -1
352 353 -1
354 -1
355 -1
356 -1
357 -1
358 359 -1
360 -1
361 -1
362 363 -1
364 365 -1
366 -1
367 -1
368 -1
369 -1
370 -1
371 372 -1
373 -1
374 -1
375 -1
376 -1
377 -1
378 379 -1
380 -1
381 382 -1
383 -1
384 -1
385 -1
386 -1
387 -1
388 -1
389 -1
390 -1
391 -1
392 -1
393 -1
394 -1
395 -1
396 -1
397 -1
398 -1
399 -1
400 -1
401 -1
402 -1
403 -1
404 -1
405 -1
406 -1
407 -1
408 -1
409 -1
410 -1
411 -1
412 -1
413 -1
414 -1
415 416 -1
417 418 -1
419 -1
420 -1
421 -1
422 -1
423 -1
424 -1
425 -1
426 -1
427 -1
428 -1
429 -1
430 -1
431 -1
432 -1
433 -1
434 -1
435 -1
436 -1
437 -1
438 -1
439 -1
440 441 442 -1
443 -1
444 -1
445 -1
446 -1
447 -1
448 -1
449 -1
450 -1
451 -1
452 -1
453 -1
454 -1
455 -1
456 -1
457 -1
458 -1
459 -1
460 -1
461 -1
462 -1
463 -1
464 -1
465 -1
466 -1
467 -1
468 -1
469 -1
470 -1
471 -1
472 -1
473 -1
474 -1
475 -1
476 -1
477 -1
478 -1
479 -1
480 -1
481 -1
482 -1
483 -1
484 -1
485 -1
486 -1
487 -1
488 -1
489 -1
490 -1
491 -1
492 -1
493 -1
494 -1
495 -1
496 -1
497 -1
498 -1
499 -1
500 -1
501 -1
502 -1
503 -1
504 -1
505 -1
506 -1
507 -1
508 -1
509 -1
510 -1
511 -1
512 -1
513 -1
514 -1
515 -1
516 -1
517 -1
518 -1
519 -1
520 -1
521 -1
522 -1
523 -1
524 -1
525 -1
526 -1
527 -1
528 -1
529 -1
530 -1
531 -1
532 -1
533 -1
534 -1
535 -1
536 -1
537 -1
538 -1
539 -1
540 -1
541 -1
542 -1
543 -1
544 -1
545 -1
546 -1
547 -1
548 -1
549 -1
550 -1
551 -1
552 -1
553 -1
554 -1
555 -1
556 -1
557 -1
558 -1
559 -1
560 -1
561 -1
562 -1
563 -1
564 -1
565 -1
566 -1
567 -1
568 -1
569 -1
570 -1
571 -1
572 -1
573 -1
574 -1
575 -1
576 -1
577 -1
578 -1
579 -1
580 -1
581 -1
582 -1
583 -1
584 -1
585 -1
