PRT2
673
667
1612
4 0 5 (3328 528 1159.2138976801866) (2736 528 1159.2138976801866) (2736 784 1159.2138976801866) (3328 784 1159.2138976801866) 
4 0 2 (2736 784 1159.2138976801866) (2736 528 1159.2138976801866) (2736 528 1168) (2736 784 1168) 
4 1 7 (2480 784 1159.2138976801866) (2480 2560 1159.2138976801866) (2736 2560 1159.2138976801866) (2736 784 1159.2138976801866) 
4 1 2 (2480 784 1159.2138976801866) (2736 784 1159.2138976801866) (2736 784 1168) (2480 784 1168) 
4 2 12 (2480 784 1159.2138976801866) (2480 528 1159.2138976801866) (2480 528 1168) (2480 784 1168) 
4 2 9 (2480 528 1168) (2480 528 1159.2138976801866) (2736 528 1159.2138976801866) (2736 528 1168) 
4 2 8 (2736 528 1159.2138976801866) (2480 528 1159.2138976801866) (2480 784 1159.2138976801866) (2736 784 1159.2138976801866) 
4 3 10 (3328 528 1151.2138976801866) (3648 528 1151.2138976801866) (3648 528 1159.2138976801866) (3328 528 1159.2138976801866) 
4 3 5 (3328 784 1151.2138976801866) (3328 528 1151.2138976801866) (3328 528 1159.2138976801866) (3328 784 1159.2138976801866) 
4 3 4 (3328 2567.03247312972 1151.2138976801866) (3328 784 1151.2138976801866) (3328 784 1159.2138976801866) (3328 2567.03247312972 1159.2138976801866) 
4 4 7 (2736 2560 1151.2138976801866) (2736 784 1151.2138976801866) (2736 784 1159.2138976801866) (2736 2560 1159.2138976801866) 
4 4 6 (2736 2567.03247312972 1151.2138976801866) (2736 2560 1151.2138976801866) (2736 2560 1159.2138976801866) (2736 2567.03247312972 1159.2138976801866) 
4 4 5 (2736 784 1159.2138976801866) (2736 784 1151.2138976801866) (3328 784 1151.2138976801866) (3328 784 1159.2138976801866) 
4 5 16 (3328 528 1151.2138976801866) (2736 528 1151.2138976801866) (2736 784 1151.2138976801866) (3328 784 1151.2138976801866) 
4 5 10 (2736 528 1151.2138976801866) (3328 528 1151.2138976801866) (3328 528 1159.2138976801866) (2736 528 1159.2138976801866) 
4 5 8 (2736 784 1151.2138976801866) (2736 528 1151.2138976801866) (2736 528 1159.2138976801866) (2736 784 1159.2138976801866) 
4 6 13 (2480 2567.03247312972 1151.2138976801866) (2480 2560 1151.2138976801866) (2480 2560 1159.2138976801866) (2480 2567.03247312972 1159.2138976801866) 
4 6 7 (2736 2560 1151.2138976801866) (2736 2560 1159.2138976801866) (2480 2560 1159.2138976801866) (2480 2560 1151.2138976801866) 
4 7 17 (2480 784 1151.2138976801866) (2480 2560 1151.2138976801866) (2736 2560 1151.2138976801866) (2736 784 1151.2138976801866) 
4 7 13 (2480 2560 1151.2138976801866) (2480 784 1151.2138976801866) (2480 784 1159.2138976801866) (2480 2560 1159.2138976801866) 
4 7 8 (2736 784 1151.2138976801866) (2736 784 1159.2138976801866) (2480 784 1159.2138976801866) (2480 784 1151.2138976801866) 
4 8 18 (2736 528 1151.2138976801866) (2480 528 1151.2138976801866) (2480 784 1151.2138976801866) (2736 784 1151.2138976801866) 
4 8 14 (2480 784 1151.2138976801866) (2480 528 1151.2138976801866) (2480 528 1159.2138976801866) (2480 784 1159.2138976801866) 
4 8 11 (2480 528 1159.2138976801866) (2480 528 1151.2138976801866) (2736 528 1151.2138976801866) (2736 528 1159.2138976801866) 
4 9 22 (2480 448 1168) (2480 448 1159.2138976801866) (2736 448 1159.2138976801866) (2736 448 1168) 
4 9 11 (2736 448 1159.2138976801866) (2480 448 1159.2138976801866) (2480 528 1159.2138976801866) (2736 528 1159.2138976801866) 
4 10 23 (2736 448 1151.2138976801866) (3648 448 1151.2138976801866) (3648 448 1159.2138976801866) (2736 448 1159.2138976801866) 
4 10 11 (2736 448 1159.2138976801866) (2736 528 1159.2138976801866) (2736 528 1151.2138976801866) (2736 448 1151.2138976801866) 
4 11 24 (2480 448 1159.2138976801866) (2480 448 1151.2138976801866) (2736 448 1151.2138976801866) (2736 448 1159.2138976801866) 
4 11 19 (2736 448 1151.2138976801866) (2480 448 1151.2138976801866) (2480 528 1151.2138976801866) (2736 528 1151.2138976801866) 
4 11 15 (2480 528 1159.2138976801866) (2480 528 1151.2138976801866) (2480 448 1151.2138976801866) (2480 448 1159.2138976801866) 
4 12 52 (1432 784 1168) (1432 784 1159.2138976801866) (1432 528 1159.2138976801866) (1432 528 1168) 
4 12 14 (2480 528 1159.2138976801866) (1432 528 1159.2138976801866) (1432 784 1159.2138976801866) (2480 784 1159.2138976801866) 
4 13 53 (1432 2567.03247312972 1151.2138976801866) (1432 784 1151.2138976801866) (1432 784 1159.2138976801866) (1432 2567.03247312972 1159.2138976801866) 
4 13 14 (1432 784 1151.2138976801866) (2480 784 1151.2138976801866) (2480 784 1159.2138976801866) (1432 784 1159.2138976801866) 
4 14 54 (1432 784 1151.2138976801866) (1432 528 1151.2138976801866) (1432 528 1159.2138976801866) (1432 784 1159.2138976801866) 
4 14 20 (1432 528 1151.2138976801866) (1432 784 1151.2138976801866) (2480 784 1151.2138976801866) (2480 528 1151.2138976801866) 
4 14 15 (1432 528 1159.2138976801866) (1432 528 1151.2138976801866) (2480 528 1151.2138976801866) (2480 528 1159.2138976801866) 
4 15 55 (1432 528 1159.2138976801866) (1432 528 1151.2138976801866) (1432 448 1151.2138976801866) (1432 448 1159.2138976801866) 
4 15 25 (1432 448 1159.2138976801866) (1432 448 1151.2138976801866) (2480 448 1151.2138976801866) (2480 448 1159.2138976801866) 
4 16 51 (3328 528 -1136) (2736 528 -1136) (2736 784 -1136) (3328 784 -1136) 
4 16 18 (2736 784 -1136) (2736 528 -1136) (2736 528 1151.2138976801866) (2736 784 1151.2138976801866) 
4 17 51 (2480 784 -1136) (2480 2560 -1136) (2736 2560 -1136) (2736 784 -1136) 
4 17 18 (2480 784 1151.2138976801866) (2480 784 -1136) (2736 784 -1136) (2736 784 1151.2138976801866) 
4 18 51 (2736 528 -1136) (2480 528 -1136) (2480 784 -1136) (2736 784 -1136) 
4 18 20 (2480 784 -1136) (2480 528 -1136) (2480 528 1151.2138976801866) (2480 784 1151.2138976801866) 
4 18 19 (2480 528 1151.2138976801866) (2480 528 -1136) (2736 528 -1136) (2736 528 1151.2138976801866) 
4 19 51 (2736 448 -1136) (2480 448 -1136) (2480 528 -1136) (2736 528 -1136) 
4 19 30 (2480 448 -1136) (2736 448 -1136) (2736 448 -152) (2480 448 -152) 
4 19 26 (2736 448 -152) (2736 448 1151.2138976801866) (2480 448 1151.2138976801866) (2480 448 -152) 
4 20 56 (1432 784 -1136) (1432 528 -1136) (1432 528 1151.2138976801866) (1432 784 1151.2138976801866) 
4 20 51 (1432 528 -1136) (1432 784 -1136) (2480 784 -1136) (2480 528 -1136) 
4 21 57 (1432 528 -1136) (1432 448 -1136) (1432 448 1151.2138976801866) (1432 528 1151.2138976801866) 
4 21 31 (1432 448 -152) (1432 448 -1136) (2480 448 -1136) (2480 448 -152) 
4 21 29 (1448 448 -144) (1456 448 -144) (1456 448 168) (1448 448 168) 
4 21 28 (1432 448 1151.2138976801866) (1432 448 168) (1456 448 168) (1456 448 1151.2138976801866) 
4 21 27 (1456 448 -152) (2480 448 -152) (2480 448 1151.2138976801866) (1456 448 1151.2138976801866) 
4 22 32 (2480 432 1168) (2480 432 1159.2138976801866) (2736 432 1159.2138976801866) (2736 432 1168) 
4 22 24 (2736 432 1159.2138976801866) (2480 432 1159.2138976801866) (2480 448 1159.2138976801866) (2736 448 1159.2138976801866) 
4 23 33 (2736 432 1151.2138976801866) (3648 432 1151.2138976801866) (3648 432 1159.2138976801866) (2736 432 1159.2138976801866) 
4 23 24 (2736 448 1151.2138976801866) (2736 432 1151.2138976801866) (2736 432 1159.2138976801866) (2736 448 1159.2138976801866) 
4 24 34 (2480 432 1159.2138976801866) (2480 432 1151.2138976801866) (2736 432 1151.2138976801866) (2736 432 1159.2138976801866) 
4 24 26 (2736 432 1151.2138976801866) (2480 432 1151.2138976801866) (2480 448 1151.2138976801866) (2736 448 1151.2138976801866) 
4 24 25 (2480 448 1159.2138976801866) (2480 448 1151.2138976801866) (2480 432 1151.2138976801866) (2480 432 1159.2138976801866) 
4 25 59 (1432 448 1159.2138976801866) (1432 448 1151.2138976801866) (1432 432 1151.2138976801866) (1432 432 1159.2138976801866) 
4 25 35 (1432 432 1159.2138976801866) (1432 432 1151.2138976801866) (2480 432 1151.2138976801866) (2480 432 1159.2138976801866) 
4 26 46 (2480 432 -152) (2736 432 -152) (2736 432 72) (2480 432 72) 
4 26 41 (2736 432 72) (2736 432 136) (2480 432 136) (2480 432 72) 
4 26 38 (2736 432 136) (2736 432 168) (2480 432 168) (2480 432 136) 
4 26 36 (2736 432 168) (2736 432 1151.2138976801866) (2480 432 1151.2138976801866) (2480 432 168) 
4 26 30 (2736 432 -152) (2480 432 -152) (2480 448 -152) (2736 448 -152) 
4 27 48 (1456 432 -152) (2256 432 -152) (2256 432 72) (1456 432 72) 
4 27 47 (2256 432 -152) (2480 432 -152) (2480 432 72) (2256 432 72) 
4 27 45 (1488 432 136) (1456 432 136) (1456 432 72) (1488 432 72) 
4 27 44 (2208 432 136) (1488 432 136) (1488 432 72) (2208 432 72) 
4 27 43 (2256 432 136) (2208 432 136) (2208 432 72) (2256 432 72) 
4 27 42 (2480 432 72) (2480 432 136) (2256 432 136) (2256 432 72) 
4 27 40 (2256 432 168) (1456 432 168) (1456 432 136) (2256 432 136) 
4 27 39 (2480 432 136) (2480 432 168) (2256 432 168) (2256 432 136) 
4 27 37 (2480 432 168) (2480 432 1151.2138976801866) (1456 432 1151.2138976801866) (1456 432 168) 
4 27 31 (2480 432 -152) (1456 432 -152) (1456 448 -152) (2480 448 -152) 
4 27 29 (1456 432 -144) (1456 432 168) (1456 448 168) (1456 448 -144) 
4 27 28 (1456 432 168) (1456 432 1151.2138976801866) (1456 448 1151.2138976801866) (1456 448 168) 
4 28 60 (1432 448 1151.2138976801866) (1432 448 168) (1432 432 168) (1432 432 1151.2138976801866) 
4 28 37 (1432 432 1151.2138976801866) (1432 432 168) (1456 432 168) (1456 432 1151.2138976801866) 
4 28 29 (1448 448 168) (1456 448 168) (1456 432 168) (1448 432 168) 
4 30 51 (2736 432 -1136) (2480 432 -1136) (2480 448 -1136) (2736 448 -1136) 
4 30 46 (2480 432 -1136) (2736 432 -1136) (2736 432 -152) (2480 432 -152) 
4 31 66 (1432 448 -152) (1432 448 -1136) (1432 432 -1136) (1432 432 -152) 
4 31 50 (1432 432 -152) (1432 432 -1136) (2256 432 -1136) (2256 432 -152) 
4 31 47 (2256 432 -1136) (2480 432 -1136) (2480 432 -152) (2256 432 -152) 
4 32 125 (2480 256 1168) (2480 256 1159.2138976801866) (2736 256 1159.2138976801866) (2736 256 1168) 
4 32 34 (2736 256 1159.2138976801866) (2480 256 1159.2138976801866) (2480 432 1159.2138976801866) (2736 432 1159.2138976801866) 
4 33 126 (2736 256 1151.2138976801866) (3648 256 1151.2138976801866) (3648 256 1159.2138976801866) (2736 256 1159.2138976801866) 
4 33 34 (2736 432 1151.2138976801866) (2736 256 1151.2138976801866) (2736 256 1159.2138976801866) (2736 432 1159.2138976801866) 
4 34 127 (2480 256 1159.2138976801866) (2480 256 1151.2138976801866) (2736 256 1151.2138976801866) (2736 256 1159.2138976801866) 
4 34 36 (2736 256 1151.2138976801866) (2480 256 1151.2138976801866) (2480 432 1151.2138976801866) (2736 432 1151.2138976801866) 
4 34 35 (2480 432 1159.2138976801866) (2480 432 1151.2138976801866) (2480 256 1151.2138976801866) (2480 256 1159.2138976801866) 
4 35 172 (1432 256 1159.2138976801866) (1432 256 1151.2138976801866) (1440 256 1151.2138976801866) (1440 256 1159.2138976801866) 
4 35 149 (1440 256 1151.2138976801866) (2152 256 1151.2138976801866) (2152 256 1159.2138976801866) (1440 256 1159.2138976801866) 
4 35 134 (2152 256 1151.2138976801866) (2160 256 1151.2138976801866) (2160 256 1159.2138976801866) (2152 256 1159.2138976801866) 
4 35 131 (2160 256 1151.2138976801866) (2256 256 1151.2138976801866) (2256 256 1159.2138976801866) (2160 256 1159.2138976801866) 
4 35 128 (2256 256 1151.2138976801866) (2480 256 1151.2138976801866) (2480 256 1159.2138976801866) (2256 256 1159.2138976801866) 
4 35 68 (1432 432 1159.2138976801866) (1432 432 1151.2138976801866) (1432 256 1151.2138976801866) (1432 256 1159.2138976801866) 
4 36 129 (2480 256 168) (2736 256 168) (2736 256 1151.2138976801866) (2480 256 1151.2138976801866) 
4 36 38 (2736 256 168) (2480 256 168) (2480 432 168) (2736 432 168) 
4 37 173 (1432 256 1151.2138976801866) (1432 256 168) (1440 256 168) (1440 256 1151.2138976801866) 
4 37 150 (1440 256 168) (2152 256 168) (2152 256 1151.2138976801866) (1440 256 1151.2138976801866) 
4 37 135 (2152 256 168) (2160 256 168) (2160 256 1151.2138976801866) (2152 256 1151.2138976801866) 
4 37 132 (2160 256 168) (2256 256 168) (2256 256 1151.2138976801866) (2160 256 1151.2138976801866) 
4 37 130 (2256 256 168) (2480 256 168) (2480 256 1151.2138976801866) (2256 256 1151.2138976801866) 
4 37 69 (1432 432 1151.2138976801866) (1432 432 168) (1432 256 168) (1432 256 1151.2138976801866) 
4 37 40 (1456 264 168) (1456 432 168) (2256 432 168) (2256 264 168) 
4 37 39 (2480 256 168) (2256 256 168) (2256 432 168) (2480 432 168) 
4 38 129 (2480 256 136) (2736 256 136) (2736 256 168) (2480 256 168) 
4 38 41 (2736 256 136) (2480 256 136) (2480 432 136) (2736 432 136) 
4 39 130 (2256 256 136) (2480 256 136) (2480 256 168) (2256 256 168) 
4 39 42 (2480 256 136) (2256 256 136) (2256 432 136) (2480 432 136) 
4 39 40 (2256 432 136) (2256 264 136) (2256 264 168) (2256 432 168) 
4 40 45 (1456 264 136) (1456 432 136) (1488 432 136) (1488 264 136) 
4 40 44 (1488 432 136) (2208 432 136) (2208 264 136) (1488 264 136) 
4 40 43 (2208 432 136) (2256 432 136) (2256 264 136) (2208 264 136) 
4 41 129 (2480 256 72) (2736 256 72) (2736 256 136) (2480 256 136) 
4 41 46 (2736 256 72) (2480 256 72) (2480 432 72) (2736 432 72) 
4 42 130 (2256 256 72) (2480 256 72) (2480 256 136) (2256 256 136) 
4 42 47 (2480 256 72) (2256 256 72) (2256 432 72) (2480 432 72) 
4 42 43 (2256 432 72) (2256 264 72) (2256 264 136) (2256 432 136) 
4 43 48 (2208 264 72) (2208 432 72) (2256 432 72) (2256 264 72) 
4 43 44 (2208 432 72) (2208 264 72) (2208 264 136) (2208 432 136) 
4 44 154 (1488 256 72) (2152 256 72) (2152 256 136) (1488 256 136) 
4 44 136 (2152 256 72) (2160 256 72) (2160 256 136) (2152 256 136) 
4 44 133 (2160 256 72) (2208 256 72) (2208 256 136) (2160 256 136) 
4 44 48 (1488 264 72) (1488 432 72) (2208 432 72) (2208 264 72) 
4 44 45 (1488 432 72) (1488 264 72) (1488 264 136) (1488 432 136) 
4 45 48 (1456 432 72) (1488 432 72) (1488 264 72) (1456 264 72) 
4 46 145 (2480 256 -1136) (2736 256 -1136) (2736 256 -144) (2480 256 -144) 
4 46 143 (2736 256 -144) (2736 256 56) (2480 256 56) (2480 256 -144) 
4 46 129 (2736 256 56) (2736 256 72) (2480 256 72) (2480 256 56) 
4 46 51 (2736 256 -1136) (2480 256 -1136) (2480 432 -1136) (2736 432 -1136) 
4 47 146 (2256 256 -1136) (2480 256 -1136) (2480 256 -144) (2256 256 -144) 
4 47 144 (2480 256 -144) (2480 256 56) (2256 256 56) (2256 256 -144) 
4 47 130 (2480 256 56) (2480 256 72) (2256 256 72) (2256 256 56) 
4 47 50 (2256 432 -152) (2256 432 -1136) (2256 256 -1136) (2256 256 -152) 
4 47 49 (2256 264 16) (2256 264 -152) (2256 256 -152) (2256 256 16) 
4 47 48 (2256 264 72) (2256 432 72) (2256 432 -152) (2256 264 -152) 
4 48 50 (1456 432 -152) (2256 432 -152) (2256 264 -152) (1456 264 -152) 
4 48 49 (1456 264 -152) (2256 264 -152) (2256 264 16) (1456 264 16) 
4 49 146 (2216 256 -152) (2256 256 -152) (2256 256 -144) (2216 256 -144) 
4 49 50 (1456 264 -152) (2256 264 -152) (2256 256 -152) (1456 256 -152) 
4 50 211 (1432 256 -152) (1432 256 -1136) (1440 256 -1136) (1440 256 -152) 
4 50 170 (1440 256 -1136) (2152 256 -1136) (2152 256 -152) (1440 256 -152) 
4 50 147 (2152 256 -1136) (2216 256 -1136) (2216 256 -152) (2152 256 -152) 
4 50 146 (2216 256 -1136) (2256 256 -1136) (2256 256 -152) (2216 256 -152) 
4 50 113 (1432 432 -152) (1432 432 -1136) (1432 256 -1136) (1432 256 -152) 
4 51 214 (1432 256 -1136) (1432 256 -1144) (1440 256 -1144) (1440 256 -1136) 
4 51 171 (1440 256 -1144) (2152 256 -1144) (2152 256 -1136) (1440 256 -1136) 
4 51 148 (2152 256 -1144) (3648 256 -1144) (3648 256 -1136) (2152 256 -1136) 
4 51 114 (1432 256 -1144) (1432 256 -1136) (1432 432 -1136) (1432 432 -1144) 
4 51 67 (1432 432 -1136) (1432 448 -1136) (1432 448 -1144) (1432 432 -1144) 
4 51 58 (1432 448 -1136) (1432 2576 -1136) (1432 2576 -1144) (1432 448 -1144) 
4 52 115 (1296 784 1168) (1296 784 1159.2138976801866) (1296 528 1159.2138976801866) (1296 528 1168) 
4 52 54 (1432 528 1159.2138976801866) (1296 528 1159.2138976801866) (1296 784 1159.2138976801866) (1432 784 1159.2138976801866) 
4 53 116 (1296 2567.03247312972 1151.2138976801866) (1296 784 1151.2138976801866) (1296 784 1159.2138976801866) (1296 2567.03247312972 1159.2138976801866) 
4 53 54 (1296 784 1151.2138976801866) (1432 784 1151.2138976801866) (1432 784 1159.2138976801866) (1296 784 1159.2138976801866) 
4 54 117 (1296 784 1151.2138976801866) (1296 528 1151.2138976801866) (1296 528 1159.2138976801866) (1296 784 1159.2138976801866) 
4 54 56 (1296 528 1151.2138976801866) (1296 784 1151.2138976801866) (1432 784 1151.2138976801866) (1432 528 1151.2138976801866) 
4 54 55 (1296 528 1159.2138976801866) (1296 528 1151.2138976801866) (1432 528 1151.2138976801866) (1432 528 1159.2138976801866) 
4 55 118 (1296 528 1159.2138976801866) (1296 528 1151.2138976801866) (1296 448 1151.2138976801866) (1296 448 1159.2138976801866) 
4 55 59 (1296 448 1159.2138976801866) (1296 448 1151.2138976801866) (1432 448 1151.2138976801866) (1432 448 1159.2138976801866) 
4 56 121 (1296 784 -1136) (1296 528 -1136) (1296 528 168) (1296 784 168) 
4 56 119 (1296 528 168) (1296 528 1151.2138976801866) (1296 784 1151.2138976801866) (1296 784 168) 
4 56 58 (1296 528 -1136) (1296 784 -1136) (1432 784 -1136) (1432 528 -1136) 
4 57 123 (1296 528 -1136) (1296 448 -1136) (1296 448 -152) (1296 528 -152) 
4 57 122 (1296 448 -152) (1296 448 168) (1296 528 168) (1296 528 -152) 
4 57 120 (1296 448 168) (1296 448 1151.2138976801866) (1296 528 1151.2138976801866) (1296 528 168) 
4 57 66 (1296 448 -152) (1296 448 -1136) (1432 448 -1136) (1432 448 -152) 
4 57 64 (1296 448 -8) (1296 448 -16) (1432 448 -16) (1432 448 -8) 
4 57 63 (1296 448 144) (1296 448 -0) (1432 448 -0) (1432 448 144) 
4 57 61 (1296 448 160) (1296 448 152) (1432 448 152) (1432 448 160) 
4 57 60 (1296 448 1151.2138976801866) (1296 448 168) (1432 448 168) (1432 448 1151.2138976801866) 
4 58 124 (1296 448 -1144) (1296 448 -1136) (1296 2576 -1136) (1296 2576 -1144) 
4 58 67 (1296 448 -1136) (1296 448 -1144) (1432 448 -1144) (1432 448 -1136) 
4 59 118 (1296 448 1159.2138976801866) (1296 448 1151.2138976801866) (1296 432 1151.2138976801866) (1296 432 1159.2138976801866) 
4 59 93 (1296 432 1159.2138976801866) (1296 432 1151.2138976801866) (1344 432 1151.2138976801866) (1344 432 1159.2138976801866) 
4 59 87 (1344 432 1151.2138976801866) (1384 432 1151.2138976801866) (1384 432 1159.2138976801866) (1344 432 1159.2138976801866) 
4 59 68 (1384 432 1151.2138976801866) (1432 432 1151.2138976801866) (1432 432 1159.2138976801866) (1384 432 1159.2138976801866) 
4 60 120 (1296 448 1151.2138976801866) (1296 448 168) (1296 432 168) (1296 432 1151.2138976801866) 
4 60 94 (1296 432 1151.2138976801866) (1296 432 168) (1344 432 168) (1344 432 1151.2138976801866) 
4 60 88 (1344 432 168) (1384 432 168) (1384 432 1151.2138976801866) (1344 432 1151.2138976801866) 
4 60 69 (1384 432 168) (1432 432 168) (1432 432 1151.2138976801866) (1384 432 1151.2138976801866) 
4 61 62 (1432 440 152) (1432 440 160) (1296 440 160) (1296 440 152) 
4 62 95 (1296 432 160) (1296 432 144) (1344 432 144) (1344 432 160) 
4 62 89 (1344 432 144) (1384 432 144) (1384 432 160) (1344 432 160) 
4 62 70 (1384 432 144) (1432 432 144) (1432 432 160) (1384 432 160) 
4 62 63 (1432 432 144) (1296 432 144) (1296 440 144) (1432 440 144) 
4 63 97 (1296 432 40) (1296 432 -0) (1344 432 0) (1344 432 40) 
4 63 96 (1296 432 48) (1296 432 40) (1344 432 40) (1344 432 48) 
4 63 95 (1296 432 144) (1296 432 48) (1344 432 48) (1344 432 144) 
4 63 89 (1344 432 0) (1384 432 0) (1384 432 144) (1344 432 144) 
4 63 70 (1384 432 0) (1432 432 -0) (1432 432 144) (1384 432 144) 
4 63 65 (1432 432 0) (1296 432 0) (1296 440 0) (1432 440 0) 
4 64 65 (1296 440 -16) (1432 440 -16) (1432 440 -8) (1296 440 -8) 
4 65 97 (1296 432 -0) (1296 432 -16) (1344 432 -16) (1344 432 0) 
4 65 89 (1344 432 -16) (1384 432 -16) (1384 432 0) (1344 432 0) 
4 65 70 (1384 432 -16) (1432 432 -16) (1432 432 -0) (1384 432 0) 
4 66 123 (1296 448 -152) (1296 448 -1136) (1296 432 -1136) (1296 432 -152) 
4 66 113 (1296 432 -152) (1296 432 -1136) (1432 432 -1136) (1432 432 -152) 
4 67 124 (1296 448 -1136) (1296 448 -1144) (1296 432 -1144) (1296 432 -1136) 
4 67 114 (1296 432 -1136) (1296 432 -1144) (1432 432 -1144) (1432 432 -1136) 
4 68 181 (1384 256 1159.2138976801866) (1384 256 1151.2138976801866) (1432 256 1151.2138976801866) (1432 256 1159.2138976801866) 
4 68 87 (1384 432 1159.2138976801866) (1384 432 1151.2138976801866) (1384 256 1151.2138976801866) (1384 256 1159.2138976801866) 
4 69 182 (1384 256 1151.2138976801866) (1384 256 168) (1432 256 168) (1432 256 1151.2138976801866) 
4 69 88 (1384 432 1151.2138976801866) (1384 432 168) (1384 256 168) (1384 256 1151.2138976801866) 
4 70 89 (1384 432 160) (1384 432 -16) (1384 384 -16) (1384 384 160) 
4 70 71 (1432 384 -16) (1432 384 160) (1384 384 160) (1384 384 -16) 
4 71 84 (1384 264 -24) (1384 288 -24) (1432 288 -24) (1432 264 -24) 
4 71 83 (1384 288 -24) (1384 304 -24) (1432 304 -24) (1432 288 -24) 
4 71 81 (1384 304 -24) (1384 320 -24) (1432 320 -24) (1432 304 -24) 
4 71 79 (1384 320 -24) (1384 336 -24) (1432 336 -24) (1432 320 -24) 
4 71 77 (1384 336 -24) (1384 352 -24) (1432 352 -24) (1432 336 -24) 
4 71 75 (1384 352 -24) (1384 368 -24) (1432 368 -24) (1432 352 -24) 
4 71 72 (1384 264 -24) (1432 264 -24) (1432 264 16) (1384 264 16) 
4 72 195 (1384 256 16) (1384 256 -24) (1432 256 -24) (1432 256 16) 
4 72 84 (1384 256 -24) (1384 264 -24) (1432 264 -24) (1432 256 -24) 
4 73 91 (1384 392 -144) (1384 384 -144) (1384 384 -24) (1384 392 -24) 
4 73 90 (1384 432 -24) (1384 432 -144) (1384 392 -144) (1384 392 -24) 
4 73 74 (1384 384 -32) (1384 384 -144) (1432 384 -144) (1432 384 -32) 
4 74 76 (1384 368 -40) (1384 368 -144) (1432 368 -144) (1432 368 -40) 
4 75 77 (1432 352 -24) (1384 352 -24) (1384 352 -32) (1432 352 -32) 
4 76 78 (1384 352 -48) (1384 352 -144) (1432 352 -144) (1432 352 -48) 
4 77 79 (1432 336 -24) (1384 336 -24) (1384 336 -40) (1432 336 -40) 
4 78 86 (1384 336 -80) (1384 336 -144) (1432 336 -144) (1432 336 -80) 
4 78 85 (1384 336 -72) (1384 336 -80) (1432 336 -80) (1432 336 -72) 
4 78 80 (1384 336 -56) (1384 336 -72) (1432 336 -72) (1432 336 -56) 
4 79 81 (1432 320 -48) (1432 320 -24) (1384 320 -24) (1384 320 -48) 
4 80 85 (1384 320 -72) (1384 336 -72) (1432 336 -72) (1432 320 -72) 
4 80 82 (1384 320 -72) (1432 320 -72) (1432 320 -64) (1384 320 -64) 
4 81 83 (1432 304 -56) (1432 304 -24) (1384 304 -24) (1384 304 -56) 
4 82 85 (1384 304 -72) (1384 320 -72) (1432 320 -72) (1432 304 -72) 
4 83 84 (1432 288 -64) (1432 288 -24) (1384 288 -24) (1384 288 -64) 
4 84 195 (1384 256 -24) (1384 256 -72) (1432 256 -72) (1432 256 -24) 
4 85 86 (1384 288 -80) (1384 336 -80) (1432 336 -80) (1432 288 -80) 
4 86 196 (1384 256 -80) (1384 256 -144) (1432 256 -144) (1432 256 -80) 
4 87 181 (1344 256 1159.2138976801866) (1344 256 1151.2138976801866) (1384 256 1151.2138976801866) (1384 256 1159.2138976801866) 
4 87 93 (1344 432 1159.2138976801866) (1344 432 1151.2138976801866) (1344 256 1151.2138976801866) (1344 256 1159.2138976801866) 
4 88 182 (1344 256 1151.2138976801866) (1344 256 168) (1384 256 168) (1384 256 1151.2138976801866) 
4 88 94 (1344 432 1151.2138976801866) (1344 432 168) (1344 256 168) (1344 256 1151.2138976801866) 
4 89 97 (1344 432 40) (1344 432 -16) (1344 384 -16) (1344 384 40) 
4 89 96 (1344 432 48) (1344 432 40) (1344 384 40) (1344 384 48) 
4 89 95 (1344 432 160) (1344 432 48) (1344 384 48) (1344 384 160) 
4 90 98 (1344 432 -24) (1344 432 -144) (1344 392 -144) (1344 392 -24) 
4 90 92 (1352 392 -24) (1344 392 -24) (1344 392 -144) (1352 392 -144) 
4 90 91 (1384 392 -144) (1384 392 -24) (1376 392 -24) (1376 392 -144) 
4 92 98 (1344 392 -144) (1344 384 -144) (1344 384 -24) (1344 392 -24) 
4 93 181 (1296 256 1159.2138976801866) (1296 256 1151.2138976801866) (1344 256 1151.2138976801866) (1344 256 1159.2138976801866) 
4 93 118 (1296 432 1159.2138976801866) (1296 432 1151.2138976801866) (1296 256 1151.2138976801866) (1296 256 1159.2138976801866) 
4 94 182 (1296 256 1151.2138976801866) (1296 256 168) (1344 256 168) (1344 256 1151.2138976801866) 
4 94 120 (1296 432 1151.2138976801866) (1296 432 168) (1296 256 168) (1296 256 1151.2138976801866) 
4 95 186 (1296 256 144) (1296 256 56) (1344 256 56) (1344 256 144) 
4 95 183 (1296 256 160) (1296 256 152) (1344 256 152) (1344 256 160) 
4 95 96 (1296 272 48) (1296 432 48) (1344 432 48) (1344 272 48) 
4 96 109 (1296 288 40) (1296 304 40) (1344 304 40) (1344 288 40) 
4 96 107 (1296 304 40) (1296 320 40) (1344 320 40) (1344 304 40) 
4 96 105 (1296 320 40) (1296 336 40) (1344 336 40) (1344 320 40) 
4 96 103 (1296 336 40) (1296 352 40) (1344 352 40) (1344 336 40) 
4 96 101 (1296 352 40) (1296 368 40) (1344 368 40) (1344 352 40) 
4 96 99 (1296 368 40) (1296 384 40) (1344 384 40) (1344 368 40) 
4 96 97 (1296 384 40) (1296 432 40) (1344 432 40) (1344 384 40) 
4 97 99 (1344 384 -8) (1344 384 40) (1296 384 40) (1296 384 -8) 
4 98 100 (1296 384 -144) (1344 384 -144) (1344 384 -24) (1296 384 -24) 
4 99 101 (1344 368 -0) (1344 368 40) (1296 368 40) (1296 368 -0) 
4 100 102 (1296 368 -144) (1344 368 -144) (1344 368 -16) (1296 368 -16) 
4 101 103 (1344 352 8) (1344 352 40) (1296 352 40) (1296 352 8) 
4 102 104 (1296 352 -144) (1344 352 -144) (1344 352 -8) (1296 352 -8) 
4 103 105 (1344 336 16) (1344 336 40) (1296 336 40) (1296 336 16) 
4 104 106 (1296 336 -144) (1344 336 -144) (1344 336 -0) (1296 336 -0) 
4 105 107 (1344 320 24) (1344 320 40) (1296 320 40) (1296 320 24) 
4 106 108 (1296 320 -144) (1344 320 -144) (1344 320 8) (1296 320 8) 
4 107 109 (1344 304 32) (1344 304 40) (1296 304 40) (1296 304 32) 
4 108 110 (1296 304 -144) (1344 304 -144) (1344 304 16) (1296 304 16) 
4 110 111 (1296 288 -144) (1344 288 -144) (1344 288 24) (1296 288 24) 
4 111 112 (1296 272 -144) (1344 272 -144) (1344 272 32) (1296 272 32) 
4 113 212 (1296 256 -152) (1296 256 -1136) (1368 256 -1136) (1368 256 -152) 
4 113 211 (1368 256 -1136) (1432 256 -1136) (1432 256 -152) (1368 256 -152) 
4 113 123 (1296 432 -152) (1296 432 -1136) (1296 256 -1136) (1296 256 -152) 
4 114 214 (1296 256 -1136) (1296 256 -1144) (1432 256 -1144) (1432 256 -1136) 
4 114 124 (1296 432 -1136) (1296 432 -1144) (1296 256 -1144) (1296 256 -1136) 
4 115 323 (1280 784 1168) (1280 784 1159.2138976801866) (1280 528 1159.2138976801866) (1280 528 1168) 
4 115 117 (1296 528 1159.2138976801866) (1280 528 1159.2138976801866) (1280 784 1159.2138976801866) (1296 784 1159.2138976801866) 
4 116 324 (1280 2567.03247312972 1151.2138976801866) (1280 784 1151.2138976801866) (1280 784 1159.2138976801866) (1280 2567.03247312972 1159.2138976801866) 
4 116 117 (1280 784 1151.2138976801866) (1296 784 1151.2138976801866) (1296 784 1159.2138976801866) (1280 784 1159.2138976801866) 
4 117 325 (1280 784 1151.2138976801866) (1280 528 1151.2138976801866) (1280 528 1159.2138976801866) (1280 784 1159.2138976801866) 
4 117 119 (1296 784 1151.2138976801866) (1296 528 1151.2138976801866) (1280 528 1151.2138976801866) (1280 784 1151.2138976801866) 
4 117 118 (1280 528 1159.2138976801866) (1280 528 1151.2138976801866) (1296 528 1151.2138976801866) (1296 528 1159.2138976801866) 
4 118 326 (1280 528 1159.2138976801866) (1280 528 1151.2138976801866) (1280 256 1151.2138976801866) (1280 256 1159.2138976801866) 
4 118 187 (1280 256 1159.2138976801866) (1280 256 1151.2138976801866) (1296 256 1151.2138976801866) (1296 256 1159.2138976801866) 
4 119 327 (1280 784 168) (1280 528 168) (1280 528 1151.2138976801866) (1280 784 1151.2138976801866) 
4 119 121 (1296 784 168) (1296 528 168) (1280 528 168) (1280 784 168) 
4 120 328 (1280 528 168) (1280 256 168) (1280 256 1151.2138976801866) (1280 528 1151.2138976801866) 
4 120 188 (1280 256 1151.2138976801866) (1280 256 168) (1296 256 168) (1296 256 1151.2138976801866) 
4 120 122 (1296 528 168) (1296 448 168) (1280 448 168) (1280 528 168) 
4 121 639 (1280 784 -1136) (1280 528 -1136) (1280 528 -144) (1280 784 -144) 
4 121 539 (1280 528 -144) (1280 528 8) (1280 784 8) (1280 784 -144) 
4 121 524 (1280 528 8) (1280 528 16) (1280 784 16) (1280 784 8) 
4 121 327 (1280 528 16) (1280 528 168) (1280 784 168) (1280 784 16) 
4 121 124 (1296 784 -1136) (1296 528 -1136) (1280 528 -1136) (1280 784 -1136) 
4 122 641 (1280 472 -152) (1280 448 -152) (1280 448 -144) (1280 472 -144) 
4 122 640 (1280 528 -144) (1280 528 -152) (1280 472 -152) (1280 472 -144) 
4 122 541 (1280 480 -144) (1280 448 -144) (1280 448 8) (1280 480 8) 
4 122 540 (1280 528 8) (1280 528 -144) (1280 480 -144) (1280 480 8) 
4 122 525 (1280 528 16) (1280 528 8) (1280 448 8) (1280 448 16) 
4 122 328 (1280 448 168) (1280 528 168) (1280 528 16) (1280 448 16) 
4 122 123 (1280 528 -152) (1296 528 -152) (1296 448 -152) (1280 448 -152) 
4 123 643 (1280 472 -1136) (1280 256 -1136) (1280 256 -184) (1280 472 -184) 
4 123 641 (1280 256 -184) (1280 256 -152) (1280 472 -152) (1280 472 -184) 
4 123 640 (1280 528 -1136) (1280 472 -1136) (1280 472 -152) (1280 528 -152) 
4 123 215 (1280 256 -464) (1280 256 -1136) (1296 256 -1136) (1296 256 -464) 
4 124 648 (1280 256 -1144) (1280 256 -1136) (1280 2576 -1136) (1280 2576 -1144) 
4 124 216 (1280 256 -1136) (1280 256 -1144) (1296 256 -1144) (1296 256 -1136) 
4 125 217 (2480 -168 1168) (2480 -168 1159.2138976801866) (2736 -168 1159.2138976801866) (2736 -168 1168) 
4 125 127 (2736 -168 1159.2138976801866) (2480 -168 1159.2138976801866) (2480 256 1159.2138976801866) (2736 256 1159.2138976801866) 
4 126 218 (2736 -168 1151.2138976801866) (3648 -168 1151.2138976801866) (3648 -168 1159.2138976801866) (2736 -168 1159.2138976801866) 
4 126 127 (2736 256 1151.2138976801866) (2736 -168 1151.2138976801866) (2736 -168 1159.2138976801866) (2736 256 1159.2138976801866) 
4 127 219 (2480 -168 1159.2138976801866) (2480 -168 1151.2138976801866) (2736 -168 1151.2138976801866) (2736 -168 1159.2138976801866) 
4 127 129 (2736 -168 1151.2138976801866) (2480 -168 1151.2138976801866) (2480 256 1151.2138976801866) (2736 256 1151.2138976801866) 
4 127 128 (2480 256 1159.2138976801866) (2480 256 1151.2138976801866) (2480 -168 1151.2138976801866) (2480 -168 1159.2138976801866) 
4 128 220 (2256 -168 1159.2138976801866) (2256 -168 1151.2138976801866) (2480 -168 1151.2138976801866) (2480 -168 1159.2138976801866) 
4 128 131 (2256 256 1159.2138976801866) (2256 256 1151.2138976801866) (2256 -168 1151.2138976801866) (2256 -168 1159.2138976801866) 
4 129 224 (2480 -168 56) (2736 -168 56) (2736 -168 160) (2480 -168 160) 
4 129 221 (2736 -168 160) (2736 -168 1151.2138976801866) (2480 -168 1151.2138976801866) (2480 -168 160) 
4 129 143 (2736 -168 56) (2480 -168 56) (2480 256 56) (2736 256 56) 
4 130 225 (2256 -168 160) (2256 -168 56) (2480 -168 56) (2480 -168 160) 
4 130 222 (2256 -168 1151.2138976801866) (2256 -168 160) (2480 -168 160) (2480 -168 1151.2138976801866) 
4 130 144 (2480 -168 56) (2256 -168 56) (2256 256 56) (2480 256 56) 
4 130 132 (2256 256 1151.2138976801866) (2256 256 168) (2256 -168 168) (2256 -168 1151.2138976801866) 
4 131 220 (2160 -168 1159.2138976801866) (2160 -168 1151.2138976801866) (2256 -168 1151.2138976801866) (2256 -168 1159.2138976801866) 
4 131 134 (2160 256 1159.2138976801866) (2160 256 1151.2138976801866) (2160 -168 1151.2138976801866) (2160 -168 1159.2138976801866) 
4 132 223 (2160 -168 1151.2138976801866) (2160 -168 168) (2256 -168 168) (2256 -168 1151.2138976801866) 
4 132 135 (2160 256 1151.2138976801866) (2160 256 168) (2160 -168 168) (2160 -168 1151.2138976801866) 
4 133 226 (2160 -168 160) (2160 -168 56) (2248 -168 56) (2248 -168 160) 
4 133 142 (2160 -104 56) (2160 -168 56) (2160 -168 160) (2160 -104 160) 
4 133 141 (2160 184 56) (2160 -96 56) (2160 -96 64) (2160 184 64) 
4 133 140 (2160 -96 72) (2160 -96 112) (2160 184 112) (2160 184 72) 
4 133 139 (2160 -96 120) (2160 -96 128) (2160 184 128) (2160 184 120) 
4 133 138 (2160 -96 136) (2160 -96 144) (2160 184 144) (2160 184 136) 
4 133 137 (2160 -96 152) (2160 -96 160) (2160 184 160) (2160 184 152) 
4 133 136 (2160 256 160) (2160 256 56) (2160 192 56) (2160 192 160) 
4 134 220 (2152 -168 1159.2138976801866) (2152 -168 1151.2138976801866) (2160 -168 1151.2138976801866) (2160 -168 1159.2138976801866) 
4 134 158 (2152 184 1151.2138976801866) (2152 -168 1151.2138976801866) (2152 -168 1159.2138976801866) (2152 184 1159.2138976801866) 
4 134 149 (2152 256 1159.2138976801866) (2152 256 1151.2138976801866) (2152 184 1151.2138976801866) (2152 184 1159.2138976801866) 
4 135 223 (2152 -168 1151.2138976801866) (2152 -168 168) (2160 -168 168) (2160 -168 1151.2138976801866) 
4 135 159 (2152 184 168) (2152 -168 168) (2152 -168 1151.2138976801866) (2152 184 1151.2138976801866) 
4 135 150 (2152 256 1151.2138976801866) (2152 256 168) (2152 184 168) (2152 184 1151.2138976801866) 
4 136 154 (2152 256 136) (2152 256 56) (2152 192 56) (2152 192 136) 
4 136 151 (2152 256 160) (2152 256 136) (2152 192 136) (2152 192 160) 
4 137 160 (2152 -96 152) (2152 -96 160) (2152 184 160) (2152 184 152) 
4 138 160 (2152 -96 136) (2152 -96 144) (2152 184 144) (2152 184 136) 
4 139 160 (2152 -96 120) (2152 -96 128) (2152 184 128) (2152 184 120) 
4 140 160 (2152 -96 72) (2152 -96 112) (2152 184 112) (2152 184 72) 
4 141 160 (2152 184 56) (2152 -96 56) (2152 -96 64) (2152 184 64) 
4 142 226 (2152 -168 160) (2152 -168 56) (2160 -168 56) (2160 -168 160) 
4 142 169 (2152 -104 56) (2152 -168 56) (2152 -168 160) (2152 -104 160) 
4 143 297 (2480 -168 -144) (2736 -168 -144) (2736 -168 16) (2480 -168 16) 
4 143 231 (2736 -168 16) (2736 -168 56) (2480 -168 56) (2480 -168 16) 
4 143 145 (2736 -168 -144) (2480 -168 -144) (2480 256 -144) (2736 256 -144) 
4 144 298 (2256 -168 -144) (2480 -168 -144) (2480 -168 16) (2256 -168 16) 
4 144 232 (2480 -168 16) (2480 -168 56) (2256 -168 56) (2256 -168 16) 
4 144 146 (2480 -168 -144) (2256 -168 -144) (2256 256 -144) (2480 256 -144) 
4 145 314 (2480 -168 -1136) (2736 -168 -1136) (2736 -168 -144) (2480 -168 -144) 
4 145 148 (2736 -168 -1136) (2480 -168 -1136) (2480 256 -1136) (2736 256 -1136) 
4 146 318 (2216 -168 -1136) (2480 -168 -1136) (2480 -168 -144) (2216 -168 -144) 
4 146 147 (2216 256 -1136) (2216 -168 -1136) (2216 -168 -152) (2216 256 -152) 
4 147 318 (2152 -168 -152) (2152 -168 -1136) (2216 -168 -1136) (2216 -168 -152) 
4 147 170 (2152 256 -152) (2152 256 -1136) (2152 -168 -1136) (2152 -168 -152) 
4 148 322 (2152 -168 -1136) (2152 -168 -1144) (3648 -168 -1144) (3648 -168 -1136) 
4 148 171 (2152 256 -1136) (2152 256 -1144) (2152 -168 -1144) (2152 -168 -1136) 
4 149 172 (1440 256 1159.2138976801866) (1440 256 1151.2138976801866) (1440 184 1151.2138976801866) (1440 184 1159.2138976801866) 
4 149 158 (1440 184 1159.2138976801866) (1440 184 1151.2138976801866) (2152 184 1151.2138976801866) (2152 184 1159.2138976801866) 
4 150 173 (1440 256 1151.2138976801866) (1440 256 168) (1440 184 168) (1440 184 1151.2138976801866) 
4 150 159 (1440 184 1151.2138976801866) (1440 184 168) (2152 184 168) (2152 184 1151.2138976801866) 
4 151 174 (1440 248 136) (1440 192 136) (1440 192 160) (1440 248 160) 
4 151 154 (1440 192 136) (1440 256 136) (2152 256 136) (2152 192 136) 
4 151 153 (1440 192 136) (2152 192 136) (2152 192 144) (1440 192 144) 
4 151 152 (2152 192 152) (2152 192 160) (1440 192 160) (1440 192 152) 
4 152 161 (1440 184 160) (1440 184 152) (1464 184 152) (1464 184 160) 
4 152 160 (1464 184 152) (2152 184 152) (2152 184 160) (1464 184 160) 
4 153 161 (1440 184 144) (1440 184 136) (1464 184 136) (1464 184 144) 
4 153 160 (1464 184 136) (2152 184 136) (2152 184 144) (1464 184 144) 
4 154 174 (1440 248 56) (1440 192 56) (1440 192 136) (1440 248 136) 
4 154 157 (1440 192 56) (2152 192 56) (2152 192 64) (1440 192 64) 
4 154 156 (2152 192 72) (2152 192 112) (1440 192 112) (1440 192 72) 
4 154 155 (2152 192 120) (2152 192 128) (1440 192 128) (1440 192 120) 
4 155 161 (1440 184 128) (1440 184 120) (1464 184 120) (1464 184 128) 
4 155 160 (1464 184 120) (2152 184 120) (2152 184 128) (1464 184 128) 
4 156 161 (1440 184 112) (1440 184 72) (1464 184 72) (1464 184 112) 
4 156 160 (1464 184 72) (2152 184 72) (2152 184 112) (1464 184 112) 
4 157 161 (1440 184 64) (1440 184 56) (1464 184 56) (1464 184 64) 
4 157 160 (1464 184 56) (2152 184 56) (2152 184 64) (1464 184 64) 
4 158 265 (1440 -168 1159.2138976801866) (1440 -168 1151.2138976801866) (1680 -168 1151.2138976801866) (1680 -168 1159.2138976801866) 
4 158 220 (1680 -168 1151.2138976801866) (2152 -168 1151.2138976801866) (2152 -168 1159.2138976801866) (1680 -168 1159.2138976801866) 
4 158 172 (1440 184 1159.2138976801866) (1440 184 1151.2138976801866) (1440 -168 1151.2138976801866) (1440 -168 1159.2138976801866) 
4 159 266 (1440 -168 1151.2138976801866) (1440 -168 168) (1680 -168 168) (1680 -168 1151.2138976801866) 
4 159 223 (1680 -168 168) (2152 -168 168) (2152 -168 1151.2138976801866) (1680 -168 1151.2138976801866) 
4 159 173 (1440 184 1151.2138976801866) (1440 184 168) (1440 -168 168) (1440 -168 1151.2138976801866) 
4 160 168 (2152 -96 56) (2152 -96 64) (1464 -96 64) (1464 -96 56) 
4 160 167 (2152 -96 72) (2152 -96 112) (1464 -96 112) (1464 -96 72) 
4 160 166 (2152 -96 120) (2152 -96 128) (1464 -96 128) (1464 -96 120) 
4 160 165 (2152 -96 136) (2152 -96 144) (1464 -96 144) (1464 -96 136) 
4 160 164 (2152 -96 152) (2152 -96 160) (1464 -96 160) (1464 -96 152) 
4 160 163 (1464 -96 -144) (1464 -96 160) (1464 -88 160) (1464 -88 -144) 
4 160 162 (1464 -64 160) (1464 152 160) (1464 152 -144) (1464 -64 -144) 
4 160 161 (1464 176 160) (1464 184 160) (1464 184 -144) (1464 176 -144) 
4 161 200 (1440 184 -64) (1440 184 -144) (1440 176 -144) (1440 176 -64) 
4 161 199 (1440 184 -0) (1440 184 -56) (1440 176 -56) (1440 176 -0) 
4 161 198 (1440 184 16) (1440 184 8) (1440 176 8) (1440 176 16) 
4 161 179 (1440 184 64) (1440 184 56) (1440 176 56) (1440 176 64) 
4 161 178 (1440 184 112) (1440 184 72) (1440 176 72) (1440 176 112) 
4 161 177 (1440 184 128) (1440 184 120) (1440 176 120) (1440 176 128) 
4 161 176 (1440 184 144) (1440 184 136) (1440 176 136) (1440 176 144) 
4 161 175 (1440 184 160) (1440 184 152) (1440 176 152) (1440 176 160) 
4 162 200 (1440 152 -144) (1440 -64 -144) (1440 -64 -64) (1440 152 -64) 
4 162 199 (1440 -64 -56) (1440 -64 -0) (1440 152 -0) (1440 152 -56) 
4 162 198 (1440 -64 8) (1440 -64 16) (1440 152 16) (1440 152 8) 
4 162 179 (1440 -64 56) (1440 -64 64) (1440 152 64) (1440 152 56) 
4 162 178 (1440 -64 72) (1440 -64 112) (1440 152 112) (1440 152 72) 
4 162 177 (1440 -64 120) (1440 -64 128) (1440 152 128) (1440 152 120) 
4 162 176 (1440 -64 136) (1440 -64 144) (1440 152 144) (1440 152 136) 
4 162 175 (1440 -64 152) (1440 -64 160) (1440 152 160) (1440 152 152) 
4 163 179 (1440 -96 56) (1440 -96 64) (1440 -88 64) (1440 -88 56) 
4 163 178 (1440 -96 72) (1440 -96 112) (1440 -88 112) (1440 -88 72) 
4 163 177 (1440 -96 120) (1440 -96 128) (1440 -88 128) (1440 -88 120) 
4 163 176 (1440 -96 136) (1440 -96 144) (1440 -88 144) (1440 -88 136) 
4 163 175 (1440 -96 152) (1440 -96 160) (1440 -88 160) (1440 -88 152) 
4 163 168 (1464 -96 56) (1464 -96 64) (1440 -96 64) (1440 -96 56) 
4 163 167 (1464 -96 72) (1464 -96 112) (1440 -96 112) (1440 -96 72) 
4 163 166 (1464 -96 120) (1464 -96 128) (1440 -96 128) (1440 -96 120) 
4 163 165 (1464 -96 136) (1464 -96 144) (1440 -96 144) (1440 -96 136) 
4 163 164 (1464 -96 152) (1464 -96 160) (1440 -96 160) (1440 -96 152) 
4 164 169 (2152 -104 152) (2152 -104 160) (1440 -104 160) (1440 -104 152) 
4 165 169 (2152 -104 136) (2152 -104 144) (1440 -104 144) (1440 -104 136) 
4 166 169 (2152 -104 120) (2152 -104 128) (1440 -104 128) (1440 -104 120) 
4 167 169 (2152 -104 72) (2152 -104 112) (1440 -104 112) (1440 -104 72) 
4 168 169 (2152 -104 56) (2152 -104 64) (1440 -104 64) (1440 -104 56) 
4 169 268 (1440 -168 160) (1440 -168 56) (1680 -168 56) (1680 -168 160) 
4 169 229 (1680 -168 56) (1696 -168 56) (1696 -168 160) (1680 -168 160) 
4 169 228 (1696 -168 56) (1920 -168 56) (1920 -168 160) (1696 -168 160) 
4 169 226 (1920 -168 56) (2152 -168 56) (2152 -168 160) (1920 -168 160) 
4 169 180 (1440 -168 56) (1440 -168 160) (1440 -104 160) (1440 -104 56) 
4 170 318 (1440 -168 -152) (1440 -168 -1136) (2152 -168 -1136) (2152 -168 -152) 
4 170 211 (1440 256 -152) (1440 256 -1136) (1440 -168 -1136) (1440 -168 -152) 
4 171 322 (1440 -168 -1136) (1440 -168 -1144) (2152 -168 -1144) (2152 -168 -1136) 
4 171 214 (1440 256 -1136) (1440 256 -1144) (1440 -168 -1144) (1440 -168 -1136) 
4 172 265 (1432 -168 1159.2138976801866) (1432 -168 1151.2138976801866) (1440 -168 1151.2138976801866) (1440 -168 1159.2138976801866) 
4 172 181 (1432 256 1159.2138976801866) (1432 256 1151.2138976801866) (1432 -168 1151.2138976801866) (1432 -168 1159.2138976801866) 
4 173 266 (1432 -168 1151.2138976801866) (1432 -168 168) (1440 -168 168) (1440 -168 1151.2138976801866) 
4 173 182 (1432 256 1151.2138976801866) (1432 256 168) (1432 -168 168) (1432 -168 1151.2138976801866) 
4 174 186 (1432 248 56) (1432 192 56) (1432 192 144) (1432 248 144) 
4 174 184 (1432 192 144) (1432 192 152) (1432 248 152) (1432 248 144) 
4 174 183 (1432 192 152) (1432 192 160) (1432 248 160) (1432 248 152) 
4 175 183 (1432 -96 152) (1432 -96 160) (1432 184 160) (1432 184 152) 
4 176 186 (1432 -96 136) (1432 -96 144) (1432 184 144) (1432 184 136) 
4 177 186 (1432 -96 120) (1432 -96 128) (1432 184 128) (1432 184 120) 
4 178 186 (1432 -96 72) (1432 -96 112) (1432 184 112) (1432 184 72) 
4 179 186 (1432 184 56) (1432 -96 56) (1432 -96 64) (1432 184 64) 
4 180 268 (1432 -168 160) (1432 -168 56) (1440 -168 56) (1440 -168 160) 
4 180 186 (1432 -104 56) (1432 -168 56) (1432 -168 144) (1432 -104 144) 
4 180 185 (1432 -168 144) (1432 -168 152) (1432 -104 152) (1432 -104 144) 
4 180 183 (1432 -168 152) (1432 -168 160) (1432 -104 160) (1432 -104 152) 
4 181 265 (1296 -168 1159.2138976801866) (1296 -168 1151.2138976801866) (1432 -168 1151.2138976801866) (1432 -168 1159.2138976801866) 
4 181 187 (1296 256 1159.2138976801866) (1296 256 1151.2138976801866) (1296 -168 1151.2138976801866) (1296 -168 1159.2138976801866) 
4 182 266 (1296 -168 1151.2138976801866) (1296 -168 168) (1432 -168 168) (1432 -168 1151.2138976801866) 
4 182 188 (1296 256 1151.2138976801866) (1296 256 168) (1296 -168 168) (1296 -168 1151.2138976801866) 
4 183 268 (1296 -168 160) (1296 -168 152) (1432 -168 152) (1432 -168 160) 
4 183 193 (1296 184 152) (1296 -168 152) (1296 -168 160) (1296 184 160) 
4 183 189 (1296 248 152) (1296 192 152) (1296 192 160) (1296 248 160) 
4 183 185 (1296 -168 152) (1296 184 152) (1432 184 152) (1432 -168 152) 
4 183 184 (1296 192 152) (1296 248 152) (1432 248 152) (1432 192 152) 
4 184 186 (1296 192 144) (1296 248 144) (1432 248 144) (1432 192 144) 
4 185 268 (1296 -168 152) (1296 -168 144) (1432 -168 144) (1432 -168 152) 
4 185 193 (1296 184 144) (1296 -168 144) (1296 -168 152) (1296 184 152) 
4 185 186 (1296 -168 144) (1296 184 144) (1432 184 144) (1432 -168 144) 
4 186 268 (1296 -168 144) (1296 -168 56) (1432 -168 56) (1432 -168 144) 
4 186 193 (1296 184 56) (1296 -168 56) (1296 -168 144) (1296 184 144) 
4 186 192 (1296 248 56) (1296 192 56) (1296 192 64) (1296 248 64) 
4 186 191 (1296 192 72) (1296 192 128) (1296 248 128) (1296 248 72) 
4 186 190 (1296 192 136) (1296 192 144) (1296 248 144) (1296 248 136) 
4 187 366 (1280 -128 1151.2138976801866) (1280 -168 1151.2138976801866) (1280 -168 1159.2138976801866) (1280 -128 1159.2138976801866) 
4 187 346 (1280 240 1151.2138976801866) (1280 -128 1151.2138976801866) (1280 -128 1159.2138976801866) (1280 240 1159.2138976801866) 
4 187 334 (1280 256 1159.2138976801866) (1280 256 1151.2138976801866) (1280 240 1151.2138976801866) (1280 240 1159.2138976801866) 
4 187 265 (1280 -168 1159.2138976801866) (1280 -168 1151.2138976801866) (1296 -168 1151.2138976801866) (1296 -168 1159.2138976801866) 
4 188 367 (1280 -168 328) (1280 -168 1151.2138976801866) (1280 -128 1151.2138976801866) (1280 -128 328) 
4 188 347 (1280 -128 328) (1280 -128 1151.2138976801866) (1280 240 1151.2138976801866) (1280 240 328) 
4 188 335 (1280 256 1151.2138976801866) (1280 256 328) (1280 240 328) (1280 240 1151.2138976801866) 
4 188 266 (1280 -168 1151.2138976801866) (1280 -168 168) (1296 -168 168) (1296 -168 1151.2138976801866) 
4 189 194 (1288 192 152) (1288 192 160) (1288 248 160) (1288 248 152) 
4 190 194 (1288 192 136) (1288 192 144) (1288 248 144) (1288 248 136) 
4 191 194 (1288 192 72) (1288 192 128) (1288 248 128) (1288 248 72) 
4 192 194 (1288 248 56) (1288 192 56) (1288 192 64) (1288 248 64) 
4 193 268 (1288 -168 56) (1296 -168 56) (1296 -168 160) (1288 -168 160) 
4 193 194 (1288 184 56) (1288 -168 56) (1288 -168 160) (1288 184 160) 
4 194 268 (1280 -168 160) (1280 -168 56) (1288 -168 56) (1288 -168 160) 
4 195 201 (1432 184 -72) (1432 184 16) (1376 184 16) (1376 184 -72) 
4 195 197 (1376 184 -72) (1376 184 16) (1376 256 16) (1376 256 -72) 
4 196 206 (1376 184 -144) (1424 184 -144) (1424 184 -80) (1376 184 -80) 
4 197 208 (1368 184 16) (1296 184 16) (1296 184 -72) (1368 184 -72) 
4 198 201 (1432 184 16) (1432 184 8) (1432 -64 8) (1432 -64 16) 
4 199 201 (1432 184 -0) (1432 184 -56) (1432 -64 -56) (1432 -64 -0) 
4 200 207 (1432 16 -144) (1432 -64 -144) (1432 -64 -80) (1432 16 -80) 
4 200 201 (1432 184 -64) (1432 184 -72) (1432 -64 -72) (1432 -64 -64) 
4 201 299 (1432 -168 -72) (1432 -168 16) (1376 -168 16) (1376 -168 -72) 
4 201 205 (1376 -64 -72) (1376 -168 -72) (1376 -168 16) (1376 -64 16) 
4 201 204 (1376 176 -72) (1376 -56 -72) (1376 -56 -64) (1376 176 -64) 
4 201 203 (1376 -56 -56) (1376 -56 -0) (1376 176 -0) (1376 176 -56) 
4 201 202 (1376 -56 8) (1376 -56 16) (1376 176 16) (1376 176 8) 
4 202 208 (1368 -56 8) (1368 -56 16) (1368 176 16) (1368 176 8) 
4 203 208 (1368 -56 -56) (1368 -56 -0) (1368 176 -0) (1368 176 -56) 
4 204 208 (1368 176 -72) (1368 -56 -72) (1368 -56 -64) (1368 176 -64) 
4 205 299 (1376 -168 16) (1368 -168 16) (1368 -168 -72) (1376 -168 -72) 
4 206 207 (1424 16 -80) (1376 16 -80) (1376 16 -144) (1424 16 -144) 
4 207 208 (1368 16 -144) (1368 -64 -144) (1368 -64 -80) (1368 16 -80) 
4 208 210 (1296 -64 16) (1296 -64 -144) (1344 -64 -144) (1344 -64 16) 
4 208 209 (1344 -64 -144) (1360 -64 -144) (1360 -64 16) (1344 -64 16) 
4 209 210 (1344 -64 16) (1344 -64 -144) (1344 -79.99999999999996 -144) (1344 -79.99999999999997 16) 
4 210 300 (1296 -168 -144) (1344 -168 -144) (1344 -168 16) (1296 -168 16) 
4 211 318 (1440 -168 -1136) (1440 -168 -152) (1368 -168 -152) (1368 -168 -1136) 
4 211 213 (1368 -128 -1136) (1368 -168 -1136) (1368 -168 -464) (1368 -128 -464) 
4 211 212 (1368 256 -1136) (1368 -128 -1136) (1368 -128 -152) (1368 256 -152) 
4 212 215 (1296 256 -464) (1296 256 -1136) (1296 -128 -1136) (1296 -128 -464) 
4 212 213 (1296 -128 -1136) (1368 -128 -1136) (1368 -128 -464) (1296 -128 -464) 
4 213 319 (1296 -168 -464) (1296 -168 -1136) (1368 -168 -1136) (1368 -168 -464) 
4 213 215 (1296 -168 -1136) (1296 -168 -464) (1296 -128 -464) (1296 -128 -1136) 
4 214 322 (1440 -168 -1144) (1440 -168 -1136) (1296 -168 -1136) (1296 -168 -1144) 
4 214 216 (1296 -168 -1144) (1296 -168 -1136) (1296 256 -1136) (1296 256 -1144) 
4 215 643 (1280 256 -464) (1280 256 -1136) (1280 -168 -1136) (1280 -168 -464) 
4 215 319 (1280 -168 -464) (1280 -168 -1136) (1296 -168 -1136) (1296 -168 -464) 
4 216 648 (1280 256 -1136) (1280 256 -1144) (1280 -168 -1144) (1280 -168 -1136) 
4 216 322 (1280 -168 -1136) (1280 -168 -1144) (1296 -168 -1144) (1296 -168 -1136) 
4 217 234 (2480 -792 1168) (2480 -792 1159.2138976801866) (2736 -792 1159.2138976801866) (2736 -792 1168) 
4 217 219 (2736 -792 1159.2138976801866) (2480 -792 1159.2138976801866) (2480 -168 1159.2138976801866) (2736 -168 1159.2138976801866) 
4 218 235 (2736 -792 1151.2138976801866) (3648 -792 1151.2138976801866) (3648 -792 1159.2138976801866) (2736 -792 1159.2138976801866) 
4 218 219 (2736 -168 1151.2138976801866) (2736 -792 1151.2138976801866) (2736 -792 1159.2138976801866) (2736 -168 1159.2138976801866) 
4 219 236 (2480 -792 1159.2138976801866) (2480 -792 1151.2138976801866) (2736 -792 1151.2138976801866) (2736 -792 1159.2138976801866) 
4 219 221 (2736 -792 1151.2138976801866) (2480 -792 1151.2138976801866) (2480 -168 1151.2138976801866) (2736 -168 1151.2138976801866) 
4 219 220 (2480 -168 1159.2138976801866) (2480 -168 1151.2138976801866) (2480 -792 1151.2138976801866) (2480 -792 1159.2138976801866) 
4 220 273 (1680 -528 1151.2138976801866) (1680 -792 1151.2138976801866) (1680 -792 1159.2138976801866) (1680 -528 1159.2138976801866) 
4 220 270 (1680 -512 1151.2138976801866) (1680 -528 1151.2138976801866) (1680 -528 1159.2138976801866) (1680 -512 1159.2138976801866) 
4 220 265 (1680 -168 1159.2138976801866) (1680 -168 1151.2138976801866) (1680 -512 1151.2138976801866) (1680 -512 1159.2138976801866) 
4 220 237 (1680 -792 1159.2138976801866) (1680 -792 1151.2138976801866) (2480 -792 1151.2138976801866) (2480 -792 1159.2138976801866) 
4 221 240 (2480 -792 160) (2736 -792 160) (2736 -792 168) (2480 -792 168) 
4 221 238 (2736 -792 168) (2736 -792 1151.2138976801866) (2480 -792 1151.2138976801866) (2480 -792 168) 
4 221 224 (2736 -792 160) (2480 -792 160) (2480 -168 160) (2736 -168 160) 
4 222 241 (2256 -792 160) (2480 -792 160) (2480 -792 168) (2256 -792 168) 
4 222 239 (2480 -792 168) (2480 -792 1151.2138976801866) (2256 -792 1151.2138976801866) (2256 -792 168) 
4 222 225 (2480 -792 160) (2256 -792 160) (2256 -168 160) (2480 -168 160) 
4 222 223 (2256 -792 168) (2256 -792 1151.2138976801866) (2256 -168 1151.2138976801866) (2256 -168 168) 
4 223 274 (1680 -528 168) (1680 -792 168) (1680 -792 1151.2138976801866) (1680 -528 1151.2138976801866) 
4 223 271 (1680 -512 168) (1680 -528 168) (1680 -528 1151.2138976801866) (1680 -512 1151.2138976801866) 
4 223 267 (1680 -232 168) (1680 -512 168) (1680 -512 1151.2138976801866) (1680 -232 1151.2138976801866) 
4 223 266 (1680 -168 1151.2138976801866) (1680 -168 168) (1680 -232 168) (1680 -232 1151.2138976801866) 
4 223 239 (1680 -792 1151.2138976801866) (1680 -792 168) (2256 -792 168) (2256 -792 1151.2138976801866) 
4 224 240 (2480 -792 56) (2736 -792 56) (2736 -792 160) (2480 -792 160) 
4 224 231 (2736 -792 56) (2480 -792 56) (2480 -168 56) (2736 -168 56) 
4 225 241 (2256 -792 56) (2480 -792 56) (2480 -792 160) (2256 -792 160) 
4 225 232 (2480 -792 56) (2256 -792 56) (2256 -168 56) (2480 -168 56) 
4 225 227 (2256 -728 56) (2256 -792 56) (2256 -792 160) (2256 -728 160) 
4 226 228 (1920 -168 56) (1920 -216 56) (1920 -216 160) (1920 -168 160) 
4 227 241 (1920 -792 56) (2256 -792 56) (2256 -792 160) (1920 -792 160) 
4 228 230 (1696 -511.9999999999999 56) (1696 -792 56) (1696 -792 160) (1696 -511.9999999999999 160) 
4 228 229 (1696 -168 56) (1696 -216 56) (1696 -216 160) (1696 -168 160) 
4 229 268 (1680 -168 160) (1680 -168 56) (1680 -216 56) (1680 -216 160) 
4 230 275 (1680 -528 56) (1680 -792 56) (1680 -792 160) (1680 -528 160) 
4 231 303 (2736 -792 16) (2480 -792 16) (2480 -512 16) (2736 -512 16) 
4 231 297 (2480 -512 16) (2480 -168 16) (2736 -168 16) (2736 -512 16) 
4 231 240 (2480 -792 16) (2736 -792 16) (2736 -792 56) (2480 -792 56) 
4 232 310 (2480 -792 16) (2256 -792 16) (2256 -528 16) (2480 -528 16) 
4 232 307 (2256 -528 16) (2256 -512 16) (2480 -512 16) (2480 -528 16) 
4 232 298 (2256 -512 16) (2256 -168 16) (2480 -168 16) (2480 -512 16) 
4 232 242 (2256 -792 16) (2480 -792 16) (2480 -792 48) (2256 -792 48) 
4 232 241 (2480 -792 48) (2480 -792 56) (2256 -792 56) (2256 -792 48) 
4 232 233 (2256 -168 16) (2256 -792 16) (2256 -792 48) (2256 -168 48) 
4 233 310 (2256 -792 16) (1680 -792 16) (1680 -528 16) (2256 -528 16) 
4 233 307 (1680 -528 16) (1680 -512 16) (2256 -512 16) (2256 -528 16) 
4 233 298 (1680 -512 16) (1680 -168 16) (2256 -168 16) (2256 -512 16) 
4 233 277 (1680 -528 16) (1680 -792 16) (1680 -792 48) (1680 -528 48) 
4 233 242 (1680 -792 48) (1680 -792 16) (2256 -792 16) (2256 -792 48) 
4 234 243 (2480 -808 1168) (2480 -808 1159.2138976801866) (2736 -808 1159.2138976801866) (2736 -808 1168) 
4 234 236 (2736 -808 1159.2138976801866) (2480 -808 1159.2138976801866) (2480 -792 1159.2138976801866) (2736 -792 1159.2138976801866) 
4 235 244 (2736 -808 1151.2138976801866) (3648 -808 1151.2138976801866) (3648 -808 1159.2138976801866) (2736 -808 1159.2138976801866) 
4 235 236 (2736 -792 1151.2138976801866) (2736 -808 1151.2138976801866) (2736 -808 1159.2138976801866) (2736 -792 1159.2138976801866) 
4 236 245 (2480 -808 1159.2138976801866) (2480 -808 1151.2138976801866) (2736 -808 1151.2138976801866) (2736 -808 1159.2138976801866) 
4 236 238 (2736 -808 1151.2138976801866) (2480 -808 1151.2138976801866) (2480 -792 1151.2138976801866) (2736 -792 1151.2138976801866) 
4 236 237 (2480 -792 1159.2138976801866) (2480 -792 1151.2138976801866) (2480 -808 1151.2138976801866) (2480 -808 1159.2138976801866) 
4 237 288 (1680 -792 1159.2138976801866) (1680 -792 1151.2138976801866) (1680 -808 1151.2138976801866) (1680 -808 1159.2138976801866) 
4 237 255 (1680 -808 1159.2138976801866) (1680 -808 1151.2138976801866) (2480 -808 1151.2138976801866) (2480 -808 1159.2138976801866) 
4 238 259 (2480 -808 168) (2736 -808 168) (2736 -808 1151.2138976801866) (2480 -808 1151.2138976801866) 
4 238 240 (2736 -808 168) (2480 -808 168) (2480 -792 168) (2736 -792 168) 
4 239 289 (1680 -792 1151.2138976801866) (1680 -792 168) (1680 -808 168) (1680 -808 1151.2138976801866) 
4 239 263 (1680 -808 1151.2138976801866) (1680 -808 168) (2480 -808 168) (2480 -808 1151.2138976801866) 
4 239 241 (2480 -808 168) (1888 -808 168) (1888 -792 168) (2480 -792 168) 
4 240 303 (2736 -808 16) (2480 -808 16) (2480 -792 16) (2736 -792 16) 
4 240 259 (2480 -808 16) (2736 -808 16) (2736 -808 168) (2480 -808 168) 
4 241 263 (1888 -808 48) (2480 -808 48) (2480 -808 168) (1888 -808 168) 
4 241 242 (1888 -792 48) (2480 -792 48) (2480 -808 48) (1888 -808 48) 
4 242 310 (2480 -808 16) (1680 -808 16) (1680 -792 16) (2480 -792 16) 
4 242 263 (1680 -808 48) (1680 -808 16) (2480 -808 16) (2480 -808 48) 
4 243 247 (2480 -1528 1168) (2480 -1528 1159.2138976801866) (2736 -1528 1159.2138976801866) (2736 -1528 1168) 
4 243 245 (2736 -1528 1159.2138976801866) (2480 -1528 1159.2138976801866) (2480 -808 1159.2138976801866) (2736 -808 1159.2138976801866) 
4 244 250 (2736 -1528 1151.2138976801866) (3328 -1528 1151.2138976801866) (3328 -1528 1159.2138976801866) (2736 -1528 1159.2138976801866) 
4 244 249 (3328 -1528 1151.2138976801866) (3648 -1528 1151.2138976801866) (3648 -1528 1159.2138976801866) (3328 -1528 1159.2138976801866) 
4 244 245 (2736 -808 1151.2138976801866) (2736 -1528 1151.2138976801866) (2736 -1528 1159.2138976801866) (2736 -808 1159.2138976801866) 
4 245 259 (2736 -1528 1151.2138976801866) (2480 -1528 1151.2138976801866) (2480 -808 1151.2138976801866) (2736 -808 1151.2138976801866) 
4 245 255 (2480 -808 1159.2138976801866) (2480 -808 1151.2138976801866) (2480 -1528 1151.2138976801866) (2480 -1528 1159.2138976801866) 
4 245 252 (2480 -1528 1159.2138976801866) (2480 -1528 1151.2138976801866) (2736 -1528 1151.2138976801866) (2736 -1528 1159.2138976801866) 
4 246 250 (2736 -1784 1159.2138976801866) (2736 -1528 1159.2138976801866) (3328 -1528 1159.2138976801866) (3328 -1784 1159.2138976801866) 
4 246 247 (2736 -1528 1159.2138976801866) (2736 -1784 1159.2138976801866) (2736 -1784 1168) (2736 -1528 1168) 
4 247 256 (2480 -1528 1168) (2480 -1528 1159.2138976801866) (2480 -1784 1159.2138976801866) (2480 -1784 1168) 
4 247 252 (2480 -1784 1159.2138976801866) (2480 -1528 1159.2138976801866) (2736 -1528 1159.2138976801866) (2736 -1784 1159.2138976801866) 
4 247 248 (2480 -1784 1159.2138976801866) (2736 -1784 1159.2138976801866) (2736 -1784 1168) (2480 -1784 1168) 
4 248 254 (2480 -2816 1159.2138976801866) (2480 -2768.9675268702144 1159.2138976801866) (2736 -2768.9675268702144 1159.2138976801866) (2736 -2816 1159.2138976801866) 
4 248 253 (2480 -2768.9675268702144 1159.2138976801866) (2480 -1784 1159.2138976801866) (2736 -1784 1159.2138976801866) (2736 -2768.9675268702144 1159.2138976801866) 
4 249 251 (3328 -2768.9675268702144 1159.2138976801866) (3328 -1784 1159.2138976801866) (3328 -1784 1151.2138976801866) (3328 -2768.9675268702144 1151.2138976801866) 
4 249 250 (3328 -1784 1159.2138976801866) (3328 -1528 1159.2138976801866) (3328 -1528 1151.2138976801866) (3328 -1784 1151.2138976801866) 
4 250 260 (2736 -1784 1151.2138976801866) (2736 -1528 1151.2138976801866) (3328 -1528 1151.2138976801866) (3328 -1784 1151.2138976801866) 
4 250 252 (2736 -1784 1159.2138976801866) (2736 -1528 1159.2138976801866) (2736 -1528 1151.2138976801866) (2736 -1784 1151.2138976801866) 
4 250 251 (2736 -1784 1159.2138976801866) (2736 -1784 1151.2138976801866) (3328 -1784 1151.2138976801866) (3328 -1784 1159.2138976801866) 
4 251 253 (2736 -2768.9675268702144 1159.2138976801866) (2736 -1784 1159.2138976801866) (2736 -1784 1151.2138976801866) (2736 -2768.9675268702144 1151.2138976801866) 
4 252 261 (2480 -1784 1151.2138976801866) (2480 -1528 1151.2138976801866) (2736 -1528 1151.2138976801866) (2736 -1784 1151.2138976801866) 
4 252 257 (2480 -1528 1159.2138976801866) (2480 -1528 1151.2138976801866) (2480 -1784 1151.2138976801866) (2480 -1784 1159.2138976801866) 
4 252 253 (2736 -1784 1151.2138976801866) (2736 -1784 1159.2138976801866) (2480 -1784 1159.2138976801866) (2480 -1784 1151.2138976801866) 
4 253 262 (2480 -2768.9675268702144 1151.2138976801866) (2480 -1784 1151.2138976801866) (2736 -1784 1151.2138976801866) (2736 -2768.9675268702144 1151.2138976801866) 
4 253 258 (2480 -1784 1151.2138976801866) (2480 -2768.9675268702144 1151.2138976801866) (2480 -2768.9675268702144 1159.2138976801866) (2480 -1784 1159.2138976801866) 
4 253 254 (2736 -2768.9675268702144 1151.2138976801866) (2736 -2768.9675268702144 1159.2138976801866) (2480 -2768.9675268702144 1159.2138976801866) (2480 -2768.9675268702144 1151.2138976801866) 
4 254 262 (2480 -2816 1151.2138976801866) (2480 -2768.9675268702144 1151.2138976801866) (2736 -2768.9675268702144 1151.2138976801866) (2736 -2816 1151.2138976801866) 
4 255 291 (1680 -808 1159.2138976801866) (1680 -808 1151.2138976801866) (1680 -1528 1151.2138976801866) (1680 -1528 1159.2138976801866) 
4 255 257 (1680 -1528 1159.2138976801866) (1680 -1528 1151.2138976801866) (2480 -1528 1151.2138976801866) (2480 -1528 1159.2138976801866) 
4 256 292 (1680 -1528 1168) (1680 -1528 1159.2138976801866) (1680 -1784 1159.2138976801866) (1680 -1784 1168) 
4 256 257 (1680 -1784 1159.2138976801866) (1680 -1528 1159.2138976801866) (2480 -1528 1159.2138976801866) (2480 -1784 1159.2138976801866) 
4 257 293 (1680 -1528 1159.2138976801866) (1680 -1528 1151.2138976801866) (1680 -1784 1151.2138976801866) (1680 -1784 1159.2138976801866) 
4 257 264 (1680 -1784 1151.2138976801866) (1680 -1528 1151.2138976801866) (2480 -1528 1151.2138976801866) (2480 -1784 1151.2138976801866) 
4 257 258 (1680 -1784 1151.2138976801866) (2480 -1784 1151.2138976801866) (2480 -1784 1159.2138976801866) (1680 -1784 1159.2138976801866) 
4 258 294 (1680 -1784 1151.2138976801866) (1680 -2768.9675268702144 1151.2138976801866) (1680 -2768.9675268702144 1159.2138976801866) (1680 -1784 1159.2138976801866) 
4 259 303 (2736 -1528 16) (2480 -1528 16) (2480 -808 16) (2736 -808 16) 
4 259 261 (2480 -1528 1151.2138976801866) (2480 -1528 16) (2736 -1528 16) (2736 -1528 1151.2138976801866) 
4 260 304 (2736 -1784 16) (2736 -1528 16) (3328 -1528 16) (3328 -1784 16) 
4 260 261 (2736 -1528 1151.2138976801866) (2736 -1528 16) (2736 -1784 16) (2736 -1784 1151.2138976801866) 
4 261 305 (2480 -1784 16) (2480 -1528 16) (2736 -1528 16) (2736 -1784 16) 
4 261 264 (2480 -1784 1151.2138976801866) (2480 -1528 1151.2138976801866) (2480 -1528 16) (2480 -1784 16) 
4 261 262 (2480 -1784 1151.2138976801866) (2480 -1784 16) (2736 -1784 16) (2736 -1784 1151.2138976801866) 
4 262 306 (2480 -2816 16) (2480 -1784 16) (2736 -1784 16) (2736 -2816 16) 
4 263 310 (1680 -1528 16) (1680 -808 16) (2480 -808 16) (2480 -1528 16) 
4 263 295 (1680 -808 1151.2138976801866) (1680 -808 16) (1680 -1528 16) (1680 -1528 1151.2138976801866) 
4 264 313 (1680 -1784 16) (1680 -1528 16) (2480 -1528 16) (2480 -1784 16) 
4 264 296 (1680 -1528 16) (1680 -1784 16) (1680 -1784 1151.2138976801866) (1680 -1528 1151.2138976801866) 
4 265 366 (1280 -168 1159.2138976801866) (1280 -168 1151.2138976801866) (1280 -512 1151.2138976801866) (1280 -512 1159.2138976801866) 
4 265 270 (1280 -512 1159.2138976801866) (1280 -512 1151.2138976801866) (1680 -512 1151.2138976801866) (1680 -512 1159.2138976801866) 
4 266 367 (1280 -168 1151.2138976801866) (1280 -168 328) (1280 -232 328) (1280 -232 1151.2138976801866) 
4 266 267 (1680 -232 168) (1680 -232 1151.2138976801866) (1280 -232 1151.2138976801866) (1280 -232 168) 
4 267 367 (1280 -512 328) (1280 -512 1151.2138976801866) (1280 -232 1151.2138976801866) (1280 -232 328) 
4 267 272 (1280 -512 1151.2138976801866) (1280 -512 160) (1440 -512 160) (1440 -512 1151.2138976801866) 
5 267 271 (1440 -512 160) (1654.4 -512 160) (1680 -512 167.99999999999994) (1680 -512 1151.2138976801866) (1440 -512 1151.2138976801866) 
4 267 269 (1680 -512 160) (1280 -512 160) (1280 -232 160) (1680 -232 160) 
4 269 271 (1440 -512 128) (1552 -512 128) (1654.4 -512 160) (1440 -512 160) 
4 270 366 (1280 -512 1159.2138976801866) (1280 -512 1151.2138976801866) (1280 -528 1151.2138976801866) (1280 -528 1159.2138976801866) 
4 270 283 (1280 -528 1159.2138976801866) (1280 -528 1151.2138976801866) (1552 -528 1151.2138976801866) (1552 -528 1159.2138976801866) 
4 270 273 (1552 -528 1151.2138976801866) (1680 -528 1151.2138976801866) (1680 -528 1159.2138976801866) (1552 -528 1159.2138976801866) 
4 271 284 (1440 -528 128) (1552 -528 128) (1552 -528 1151.2138976801866) (1440 -528 1151.2138976801866) 
4 271 274 (1552 -528 128) (1680 -528 168) (1680 -528 1151.2138976801866) (1552 -528 1151.2138976801866) 
4 271 272 (1440 -528 160) (1440 -528 1151.2138976801866) (1440 -512 1151.2138976801866) (1440 -512 160) 
4 272 367 (1280 -512 1151.2138976801866) (1280 -512 328) (1280 -528 328) (1280 -528 1151.2138976801866) 
4 272 285 (1280 -528 1151.2138976801866) (1280 -528 160) (1440 -528 160) (1440 -528 1151.2138976801866) 
4 273 288 (1552 -792 1159.2138976801866) (1552 -792 1151.2138976801866) (1680 -792 1151.2138976801866) (1680 -792 1159.2138976801866) 
4 273 283 (1552 -528 1159.2138976801866) (1552 -528 1151.2138976801866) (1552 -792 1151.2138976801866) (1552 -792 1159.2138976801866) 
4 274 289 (1552 -792 1151.2138976801866) (1552 -792 127.99999999999989) (1680 -792 167.99999999999994) (1680 -792 1151.2138976801866) 
4 274 284 (1552 -528 1151.2138976801866) (1552 -528 127.99999999999989) (1552 -792 127.99999999999997) (1552 -792 1151.2138976801866) 
4 275 286 (1552 -528 120) (1552 -528 56) (1552 -792 56) (1552 -792 120.00000000000001) 
4 275 276 (1648 -792 56) (1552 -792 56) (1552 -528 56) (1648 -528 56) 
4 276 286 (1552 -528 56) (1552 -528 48) (1552 -792 48) (1552 -792 56) 
4 276 281 (1584 -792 48) (1552 -792 48) (1552 -528 48) (1584 -528 48) 
4 276 279 (1616 -792 48) (1584 -792 48) (1584 -528 48) (1616 -528 48) 
4 277 310 (1648 -528 16) (1680 -528 16) (1680 -792 16) (1648 -792 16) 
4 277 278 (1648 -792 16) (1648 -792 40) (1648 -528 40) (1648 -528 16) 
4 278 310 (1632 -528 16) (1648 -528 16) (1648 -792 16) (1632 -792 16) 
4 278 280 (1616 -792 16) (1616 -792 32) (1616 -528 32) (1616 -528 16) 
4 279 281 (1584 -792 40) (1584 -792 48) (1584 -528 48) (1584 -528 40) 
4 280 282 (1584 -792 16) (1584 -792 24) (1584 -528 24) (1584 -528 16) 
4 281 286 (1552 -528 48) (1552 -528 32) (1552 -792 32) (1552 -792 48) 
4 283 469 (1280 -528 1159.2138976801866) (1280 -528 1151.2138976801866) (1280 -792 1151.2138976801866) (1280 -792 1159.2138976801866) 
4 283 288 (1280 -792 1159.2138976801866) (1280 -792 1151.2138976801866) (1552 -792 1151.2138976801866) (1552 -792 1159.2138976801866) 
4 284 289 (1440 -792 128) (1552 -792 128) (1552 -792 1151.2138976801866) (1440 -792 1151.2138976801866) 
4 284 285 (1440 -792 160) (1440 -792 1151.2138976801866) (1440 -528 1151.2138976801866) (1440 -528 160) 
4 285 473 (1280 -528 1151.2138976801866) (1280 -528 328) (1280 -792 328) (1280 -792 1151.2138976801866) 
4 285 290 (1280 -792 1151.2138976801866) (1280 -792 160) (1440 -792 160) (1440 -792 1151.2138976801866) 
4 286 287 (1520 -792 24) (1520 -792 120) (1520 -528 120) (1520 -528 24) 
4 287 476 (1280 -528 120) (1280 -528 16) (1280 -792 16) (1280 -792 120) 
4 288 469 (1280 -792 1159.2138976801866) (1280 -792 1151.2138976801866) (1280 -808 1151.2138976801866) (1280 -808 1159.2138976801866) 
4 288 291 (1280 -808 1159.2138976801866) (1280 -808 1151.2138976801866) (1680 -808 1151.2138976801866) (1680 -808 1159.2138976801866) 
5 289 295 (1440 -808 128) (1552 -808 128) (1680 -808 168) (1680 -808 1151.2138976801866) (1440 -808 1151.2138976801866) 
4 289 290 (1440 -808 160) (1440 -808 1151.2138976801866) (1440 -792 1151.2138976801866) (1440 -792 160) 
4 290 473 (1280 -792 1151.2138976801866) (1280 -792 328) (1280 -808 328) (1280 -808 1151.2138976801866) 
4 290 295 (1280 -808 1151.2138976801866) (1280 -808 160) (1440 -808 160) (1440 -808 1151.2138976801866) 
4 291 469 (1280 -808 1159.2138976801866) (1280 -808 1151.2138976801866) (1280 -1528 1151.2138976801866) (1280 -1528 1159.2138976801866) 
4 291 293 (1280 -1528 1159.2138976801866) (1280 -1528 1151.2138976801866) (1680 -1528 1151.2138976801866) (1680 -1528 1159.2138976801866) 
4 292 470 (1280 -1528 1168) (1280 -1528 1159.2138976801866) (1280 -1784 1159.2138976801866) (1280 -1784 1168) 
4 292 293 (1280 -1784 1159.2138976801866) (1280 -1528 1159.2138976801866) (1680 -1528 1159.2138976801866) (1680 -1784 1159.2138976801866) 
4 293 471 (1280 -1528 1159.2138976801866) (1280 -1528 1151.2138976801866) (1280 -1784 1151.2138976801866) (1280 -1784 1159.2138976801866) 
4 293 296 (1280 -1784 1151.2138976801866) (1280 -1528 1151.2138976801866) (1680 -1528 1151.2138976801866) (1680 -1784 1151.2138976801866) 
4 293 294 (1280 -1784 1151.2138976801866) (1680 -1784 1151.2138976801866) (1680 -1784 1159.2138976801866) (1280 -1784 1159.2138976801866) 
4 294 472 (1280 -1784 1151.2138976801866) (1280 -2768.9675268702144 1151.2138976801866) (1280 -2768.9675268702144 1159.2138976801866) (1280 -1784 1159.2138976801866) 
4 295 496 (1280 -1032 16) (1280 -1528 16) (1280 -1528 328) (1280 -1032 328) 
4 295 491 (1280 -912 16) (1280 -1032 16) (1280 -1032 120) (1280 -912 120) 
4 295 473 (1280 -808 1151.2138976801866) (1280 -808 328) (1280 -1528 328) (1280 -1528 1151.2138976801866) 
4 295 312 (1280 -1528 16) (1280 -896 16) (1632 -896 16) (1632 -1528 16) 
4 295 310 (1632 -808 16) (1680 -808 16) (1680 -1528 16) (1632 -1528 16) 
4 296 497 (1280 -1528 16) (1280 -1784 16) (1280 -1784 328) (1280 -1528 328) 
4 296 474 (1280 -1784 328) (1280 -1784 1151.2138976801866) (1280 -1528 1151.2138976801866) (1280 -1528 328) 
4 296 313 (1280 -1784 16) (1280 -1528 16) (1680 -1528 16) (1680 -1784 16) 
4 297 314 (2736 -512 -144) (2480 -512 -144) (2480 -168 -144) (2736 -168 -144) 
4 297 303 (2480 -512 -144) (2736 -512 -144) (2736 -512 16) (2480 -512 16) 
4 298 318 (2480 -512 -144) (1440 -512 -144) (1440 -168 -144) (2480 -168 -144) 
4 298 307 (1440 -512 -144) (2480 -512 -144) (2480 -512 16) (1440 -512 16) 
4 299 302 (1368 -512 -72) (1368 -512 16) (1368 -440 16) (1368 -440 -72) 
4 299 301 (1368 -440 16) (1368 -383.99999999999994 16) (1368 -383.99999999999994 -72) (1368 -440 -72) 
4 300 559 (1280 -408 -144) (1280 -432.0000000000002 -144) (1280 -432.0000000000002 8) (1280 -408 8) 
4 300 557 (1280 -320 -144) (1280 -408 -144) (1280 -408 8) (1280 -320 8) 
4 300 554 (1280 -296 -144) (1280 -320 -144) (1280 -320 8) (1280 -296 8) 
4 300 551 (1280 -208 -144) (1280 -296 -144) (1280 -296 8) (1280 -208 8) 
4 300 548 (1280 -184.00000000000014 -144) (1280 -208 -144) (1280 -208 8) (1280 -184.0000000000001 8) 
4 301 302 (1368 -440 -72) (1368 -440 16) (1304 -440 16) (1304 -440 -72) 
4 302 612 (1280 -512 -72) (1280 -512 8) (1280 -440 8) (1280 -440 -72) 
4 303 314 (2736 -1528 -144) (2480 -1528 -144) (2480 -512 -144) (2736 -512 -144) 
4 303 305 (2480 -1528 16) (2480 -1528 -144) (2736 -1528 -144) (2736 -1528 16) 
4 304 315 (2736 -1784 -144) (2736 -1528 -144) (3328 -1528 -144) (3328 -1784 -144) 
4 304 305 (2736 -1528 16) (2736 -1528 -144) (2736 -1784 -144) (2736 -1784 16) 
4 305 316 (2480 -1784 -144) (2480 -1528 -144) (2736 -1528 -144) (2736 -1784 -144) 
4 305 313 (2480 -1528 -144) (2480 -1784 -144) (2480 -1784 16) (2480 -1528 16) 
4 305 306 (2480 -1784 16) (2480 -1784 -144) (2736 -1784 -144) (2736 -1784 16) 
4 306 317 (2480 -2816 -144) (2480 -1784 -144) (2736 -1784 -144) (2736 -2816 -144) 
4 307 318 (1432 -512 -144) (2480 -512 -144) (2480 -528 -144) (1432 -528 -144) 
4 307 311 (1432 -528 -144) (1632 -528 -144) (1632 -528 -0) (1432 -528 -0) 
4 307 310 (1632 -528 -144) (2480 -528 -144) (2480 -528 16) (1632 -528 16) 
4 307 309 (1432 -520 -144) (1432 -528 -144) (1432 -528 16) (1432 -520 16) 
4 307 308 (1432 -512 -72) (1432 -512 -144) (1432 -520 -144) (1432 -520 -72) 
4 308 622 (1280 -512 -144) (1280 -520 -144) (1280 -520 -72) (1280 -512 -72) 
4 308 320 (1280 -520 -144) (1280 -512 -144) (1368 -512 -144) (1368 -520 -144) 
4 308 318 (1368 -512 -144) (1432 -512 -144) (1432 -520 -144) (1368 -520 -144) 
4 308 309 (1280 -520 -144) (1432 -520 -144) (1432 -520 -72) (1280 -520 -72) 
4 309 623 (1280 -520 -144) (1280 -528 -144) (1280 -528 8) (1280 -520 8) 
4 309 320 (1280 -528 -144) (1280 -520 -144) (1368 -520 -144) (1368 -528 -144) 
4 309 318 (1368 -520 -144) (1432 -520 -144) (1432 -528 -144) (1368 -528 -144) 
4 309 311 (1280 -528 -144) (1432 -528 -144) (1432 -528 -0) (1280 -528 -0) 
4 310 318 (1632 -528 -144) (2480 -528 -144) (2480 -1528 -144) (1632 -1528 -144) 
4 310 312 (1632 -896 -144) (1632 -1528 -144) (1632 -1528 16) (1632 -896 16) 
4 310 311 (1632 -528 -0) (1632 -528 -144) (1632 -896 -144) (1632 -896 -0) 
4 311 626 (1280 -528 -144) (1280 -896 -144) (1280 -896 -0) (1280 -528 -0) 
4 311 320 (1280 -896 -144) (1280 -528 -144) (1368 -528 -144) (1368 -896 -144) 
4 311 318 (1368 -528 -144) (1632 -528 -144) (1632 -896 -144) (1368 -896 -144) 
4 311 312 (1280 -896 -144) (1632 -896 -144) (1632 -896 -0) (1280 -896 -0) 
4 312 629 (1280 -912 -144) (1280 -1528 -144) (1280 -1528 16) (1280 -912 16) 
4 312 628 (1280 -896 -144) (1280 -912 -144) (1280 -912 -0) (1280 -896 -0) 
4 312 320 (1280 -1528 -144) (1280 -896 -144) (1368 -896 -144) (1368 -1528 -144) 
4 312 318 (1368 -896 -144) (1632 -896 -144) (1632 -1528 -144) (1368 -1528 -144) 
4 313 631 (1280 -1528 -144) (1280 -1784 -144) (1280 -1784 16) (1280 -1528 16) 
4 313 321 (1280 -1784 -144) (1280 -1528 -144) (2480 -1528 -144) (2480 -1784 -144) 
4 314 322 (2736 -1528 -1136) (2480 -1528 -1136) (2480 -168 -1136) (2736 -168 -1136) 
4 314 316 (2480 -1528 -144) (2480 -1528 -1136) (2736 -1528 -1136) (2736 -1528 -144) 
4 315 322 (2736 -1784 -1136) (2736 -1528 -1136) (3328 -1528 -1136) (3328 -1784 -1136) 
4 315 316 (2736 -1528 -144) (2736 -1528 -1136) (2736 -1784 -1136) (2736 -1784 -144) 
4 316 322 (2480 -1784 -1136) (2480 -1528 -1136) (2736 -1528 -1136) (2736 -1784 -1136) 
4 316 321 (2480 -1528 -1136) (2480 -1784 -1136) (2480 -1784 -144) (2480 -1528 -144) 
4 316 317 (2480 -1784 -144) (2480 -1784 -1136) (2736 -1784 -1136) (2736 -1784 -144) 
4 317 322 (2480 -2760 -1136) (2480 -1784 -1136) (2736 -1784 -1136) (2736 -2760 -1136) 
4 318 320 (1368 -440 -1136) (1368 -1528 -1136) (1368 -1528 -144) (1368 -440 -144) 
4 318 319 (1368 -168 -1136) (1368 -440 -1136) (1368 -440 -464) (1368 -168 -464) 
4 319 644 (1280 -168 -464) (1280 -168 -1136) (1280 -440 -1136) (1280 -440 -464) 
4 319 320 (1280 -440 -1136) (1368 -440 -1136) (1368 -440 -464) (1280 -440 -464) 
4 320 645 (1280 -440 -1136) (1280 -1528 -1136) (1280 -1528 -144) (1280 -440 -144) 
4 321 647 (1280 -1528 -1136) (1280 -1784 -1136) (1280 -1784 -144) (1280 -1528 -144) 
4 321 322 (1280 -1784 -1136) (1280 -1528 -1136) (2480 -1528 -1136) (2480 -1784 -1136) 
4 322 648 (1280 -168 -1136) (1280 -168 -1144) (1280 -2760 -1144) (1280 -2760 -1136) 
4 323 329 (-2304 784 1168) (-2304 784 1159.2138976801866) (-2304 528 1159.2138976801866) (-2304 528 1168) 
4 323 325 (1280 528 1159.2138976801866) (-2304 528 1159.2138976801866) (-2304 784 1159.2138976801866) (1280 784 1159.2138976801866) 
4 324 331 (-2304 2560 1151.2138976801866) (-2304 784 1151.2138976801866) (-2304 784 1159.2138976801866) (-2304 2560 1159.2138976801866) 
4 324 330 (-2304 2567.03247312972 1151.2138976801866) (-2304 2560 1151.2138976801866) (-2304 2560 1159.2138976801866) (-2304 2567.03247312972 1159.2138976801866) 
4 324 325 (-2304 784 1151.2138976801866) (1280 784 1151.2138976801866) (1280 784 1159.2138976801866) (-2304 784 1159.2138976801866) 
4 325 331 (-2304 784 1151.2138976801866) (-2304 528 1151.2138976801866) (-2304 528 1159.2138976801866) (-2304 784 1159.2138976801866) 
4 325 327 (-2304 528 1151.2138976801866) (-2304 784 1151.2138976801866) (1280 784 1151.2138976801866) (1280 528 1151.2138976801866) 
4 325 326 (-2304 528 1159.2138976801866) (-2304 528 1151.2138976801866) (1280 528 1151.2138976801866) (1280 528 1159.2138976801866) 
4 326 337 (-2304 256 1159.2138976801866) (-2304 256 1151.2138976801866) (384 256 1151.2138976801866) (384 256 1159.2138976801866) 
4 326 334 (384 256 1151.2138976801866) (1280 256 1151.2138976801866) (1280 256 1159.2138976801866) (384 256 1159.2138976801866) 
4 326 331 (-2304 528 1159.2138976801866) (-2304 528 1151.2138976801866) (-2304 256 1151.2138976801866) (-2304 256 1159.2138976801866) 
4 327 530 (-320 528 16) (-2304 528 16) (-2304 784 16) (-320 784 16) 
4 327 527 (288 528 16) (-320 528 16) (-320 784 16) (288 784 16) 
4 327 524 (1280 784 16) (1280 528 16) (288 528 16) (288 784 16) 
4 327 333 (-2304 784 16) (-2304 528 16) (-2304 528 1151.2138976801866) (-2304 784 1151.2138976801866) 
4 328 532 (-736 256 16) (-2304 256 16) (-2304 528 16) (-736 528 16) 
4 328 531 (-320 256 16) (-736 256 16) (-736 528 16) (-320 528 16) 
4 328 528 (288 256 16) (-320 256 16) (-320 528 16) (288 528 16) 
4 328 526 (288 480 16) (288 528 16) (1040 528 16) (1040 480 16) 
4 328 525 (1280 528 16) (1280 256 16) (1040 256 16) (1040 528 16) 
4 328 344 (-2304 256 128) (-2304 256 16) (288 256 16) (288 256 128) 
4 328 342 (-2304 256 1151.2138976801866) (-2304 256 128) (288 256 128) (288 256 1151.2138976801866) 
4 328 341 (384 256 328) (384 256 1151.2138976801866) (288 256 1151.2138976801866) (288 256 328) 
4 328 336 (384 256 128) (1152 256 128) (1152 256 272) (384 256 272) 
4 328 335 (1280 256 328) (1280 256 1151.2138976801866) (384 256 1151.2138976801866) (384 256 328) 
4 329 338 (-2376 256 1168) (-2376 256 1159.2138976801866) (-2304 256 1159.2138976801866) (-2304 256 1168) 
4 329 332 (-2376 2560 1168) (-2376 2560 1159.2138976801866) (-2376 256 1159.2138976801866) (-2376 256 1168) 
4 329 331 (-2376 256 1159.2138976801866) (-2376 2560 1159.2138976801866) (-2304 2560 1159.2138976801866) (-2304 256 1159.2138976801866) 
4 330 331 (-2304 2560 1159.2138976801866) (-2376 2560 1159.2138976801866) (-2376 2560 1151.2138976801866) (-2304 2560 1151.2138976801866) 
4 331 339 (-2376 256 1159.2138976801866) (-2376 256 1151.2138976801866) (-2304 256 1151.2138976801866) (-2304 256 1159.2138976801866) 
4 331 333 (-2304 2560 1151.2138976801866) (-2304 256 1151.2138976801866) (-2376 256 1151.2138976801866) (-2376 2560 1151.2138976801866) 
4 331 332 (-2376 2560 1151.2138976801866) (-2376 256 1151.2138976801866) (-2376 256 1159.2138976801866) (-2376 2560 1159.2138976801866) 
4 332 340 (-2560 256 1168) (-2560 256 1151.2138976801866) (-2376 256 1151.2138976801866) (-2376 256 1168) 
4 332 333 (-2376 2560 1151.2138976801866) (-2376 256 1151.2138976801866) (-2560 256 1151.2138976801866) (-2560 2560 1151.2138976801866) 
4 333 533 (-2304 2560 16) (-2304 256 16) (-2560 256 16) (-2560 2560 16) 
4 333 345 (-2560 256 16) (-2304 256 16) (-2304 256 128) (-2560 256 128) 
4 333 343 (-2304 256 128) (-2304 256 1151.2138976801866) (-2560 256 1151.2138976801866) (-2560 256 128) 
4 334 385 (384 240 1159.2138976801866) (384 240 1151.2138976801866) (1056 240 1151.2138976801866) (1056 240 1159.2138976801866) 
4 334 374 (1056 240 1151.2138976801866) (1152 240 1151.2138976801866) (1152 240 1159.2138976801866) (1056 240 1159.2138976801866) 
4 334 348 (1152 240 1151.2138976801866) (1264 240 1151.2138976801866) (1264 240 1159.2138976801866) (1152 240 1159.2138976801866) 
4 334 346 (1264 240 1151.2138976801866) (1280 240 1151.2138976801866) (1280 240 1159.2138976801866) (1264 240 1159.2138976801866) 
4 334 337 (384 256 1159.2138976801866) (384 256 1151.2138976801866) (384 240 1151.2138976801866) (384 240 1159.2138976801866) 
4 335 386 (384 240 1151.2138976801866) (384 240 328) (1056 240 328) (1056 240 1151.2138976801866) 
4 335 375 (1056 240 328) (1152 240 328) (1152 240 1151.2138976801866) (1056 240 1151.2138976801866) 
4 335 349 (1152 240 328) (1264 240 328) (1264 240 1151.2138976801866) (1152 240 1151.2138976801866) 
4 335 347 (1264 240 328) (1280 240 328) (1280 240 1151.2138976801866) (1264 240 1151.2138976801866) 
4 335 341 (384 256 1151.2138976801866) (384 256 328) (384 240 328) (384 240 1151.2138976801866) 
4 336 390 (384 240 272) (384 240 128) (656 240 128) (656 240 272) 
4 336 389 (656 240 128) (768 240 128) (768 240 272) (656 240 272) 
4 336 388 (768 240 128) (968 240 128) (968 240 272) (768 240 272) 
4 336 387 (968 240 128) (1056 240 128) (1056 240 272) (968 240 272) 
4 336 376 (1056 240 128) (1152 240 128) (1152 240 272) (1056 240 272) 
4 337 441 (-2304 240 1159.2138976801866) (-2304 240 1151.2138976801866) (288 240 1151.2138976801866) (288 240 1159.2138976801866) 
4 337 385 (288 240 1151.2138976801866) (384 240 1151.2138976801866) (384 240 1159.2138976801866) (288 240 1159.2138976801866) 
4 337 339 (-2304 256 1159.2138976801866) (-2304 256 1151.2138976801866) (-2304 240 1151.2138976801866) (-2304 240 1159.2138976801866) 
4 338 442 (-2376 240 1168) (-2376 240 1159.2138976801866) (-2304 240 1159.2138976801866) (-2304 240 1168) 
4 338 340 (-2376 256 1168) (-2376 256 1159.2138976801866) (-2376 240 1159.2138976801866) (-2376 240 1168) 
4 338 339 (-2376 240 1159.2138976801866) (-2376 256 1159.2138976801866) (-2304 256 1159.2138976801866) (-2304 240 1159.2138976801866) 
4 339 443 (-2376 240 1159.2138976801866) (-2376 240 1151.2138976801866) (-2304 240 1151.2138976801866) (-2304 240 1159.2138976801866) 
4 339 343 (-2376 256 1151.2138976801866) (-2304 256 1151.2138976801866) (-2304 240 1151.2138976801866) (-2376 240 1151.2138976801866) 
4 339 340 (-2376 256 1159.2138976801866) (-2376 256 1151.2138976801866) (-2376 240 1151.2138976801866) (-2376 240 1159.2138976801866) 
4 340 444 (-2560 240 1168) (-2560 240 1151.2138976801866) (-2376 240 1151.2138976801866) (-2376 240 1168) 
4 340 343 (-2560 256 1151.2138976801866) (-2376 256 1151.2138976801866) (-2376 240 1151.2138976801866) (-2560 240 1151.2138976801866) 
4 341 386 (384 240 328) (384 240 1151.2138976801866) (288 240 1151.2138976801866) (288 240 328) 
4 341 342 (288 240 328) (288 240 1151.2138976801866) (288 256 1151.2138976801866) (288 256 328) 
4 342 454 (-2304 240 128) (-736 240 128) (-736 240 176) (-2304 240 176) 
4 342 453 (-736 240 128) (-320 240 128) (-320 240 176) (-736 240 176) 
4 342 449 (-320 240 128) (288 240 128) (288 240 176) (-320 240 176) 
4 342 447 (-736 240 1151.2138976801866) (-2304 240 1151.2138976801866) (-2304 240 176) (-736 240 176) 
4 342 445 (288 240 176) (288 240 1151.2138976801866) (-736 240 1151.2138976801866) (-736 240 176) 
4 342 344 (288 240 128) (-2304 240 128) (-2304 256 128) (288 256 128) 
4 343 455 (-2560 240 128) (-2304 240 128) (-2304 240 176) (-2560 240 176) 
4 343 448 (-2304 240 176) (-2304 240 1151.2138976801866) (-2560 240 1151.2138976801866) (-2560 240 176) 
4 343 345 (-2304 240 128) (-2560 240 128) (-2560 256 128) (-2304 256 128) 
4 344 532 (-2304 256 16) (-736 256 16) (-736 240 16) (-2304 240 16) 
4 344 531 (-736 256 16) (-320 256 16) (-320 240 16) (-736 240 16) 
4 344 528 (-320 256 16) (288 256 16) (288 240 16) (-320 240 16) 
4 344 454 (-2304 240 16) (-736 240 16) (-736 240 128) (-2304 240 128) 
4 344 453 (-736 240 16) (-320 240 16) (-320 240 128) (-736 240 128) 
4 344 449 (-320 240 16) (288 240 16) (288 240 128) (-320 240 128) 
4 345 533 (-2560 256 16) (-2304 256 16) (-2304 240 16) (-2560 240 16) 
4 345 455 (-2560 240 16) (-2304 240 16) (-2304 240 128) (-2560 240 128) 
4 346 366 (1264 -128 1159.2138976801866) (1264 -128 1151.2138976801866) (1280 -128 1151.2138976801866) (1280 -128 1159.2138976801866) 
4 346 348 (1264 240 1159.2138976801866) (1264 240 1151.2138976801866) (1264 -128 1151.2138976801866) (1264 -128 1159.2138976801866) 
4 347 367 (1264 -128 1151.2138976801866) (1264 -128 328) (1280 -128 328) (1280 -128 1151.2138976801866) 
4 347 349 (1264 240 1151.2138976801866) (1264 240 328) (1264 -128 328) (1264 -128 1151.2138976801866) 
4 348 374 (1152 240 1159.2138976801866) (1152 240 1151.2138976801866) (1152 -128 1151.2138976801866) (1152 -128 1159.2138976801866) 
4 348 368 (1152 -128 1159.2138976801866) (1152 -128 1151.2138976801866) (1264 -128 1151.2138976801866) (1264 -128 1159.2138976801866) 
4 349 375 (1152 240 1151.2138976801866) (1152 240 328) (1152 -128 328) (1152 -128 1151.2138976801866) 
4 349 369 (1152 -128 1151.2138976801866) (1152 -128 328) (1264 -128 328) (1264 -128 1151.2138976801866) 
4 350 380 (1152 -80 143.05882352941174) (1152 -128 159.99999999999997) (1152 -128 280.00000000000006) (1152 -80 280.00000000000006) 
5 350 379 (1152 96 112) (1152 7.999999999999943 112) (1152 -56 134.58823529411762) (1152 -56 280.00000000000006) (1152 96 280.00000000000006) 
4 350 378 (1152 128 112) (1152 120 112) (1152 120 280.00000000000006) (1152 128 280.00000000000006) 
4 350 376 (1152 240 280.00000000000006) (1152 240 112) (1152 128 112) (1152 128 280.00000000000006) 
4 350 370 (1152 -128 280.00000000000006) (1152 -128 159.9999999999991) (1264 -128 159.99999999999997) (1264 -128 233.33333333333337) 
3 350 357 (1160 144 112) (1168 144 112) (1168 136 112) 
4 350 356 (1152 144 112) (1152 224 112) (1168 224 112) (1168 144 112) 
5 350 355 (1168 224 112) (1240 224 112) (1248 215.99999999999994 112) (1248 7.999999999999943 112) (1168 7.999999999999943 112) 
4 350 353 (1168 8.00000000000001 112) (1248 8.000000000000002 112) (1248 -14.666666666666663 120) (1168 -14.666666666666657 120) 
4 350 352 (1248 -112 154.3529411764706) (1248 -128 160) (1168 -128 160) (1168 -112 154.35294117647058) 
4 350 351 (1248 -14.666666666666663 120) (1248 -112 154.3529411764706) (1168 -112 154.35294117647058) (1168 -14.666666666666657 120) 
4 351 354 (1168 -112 120) (1168 -104 120) (1248 -104 120) (1248 -112 120) 
4 351 353 (1168 -88 120) (1168 -14.66666666666606 120) (1248 -14.66666666666697 120) (1248 -88 120) 
4 351 352 (1168 -112 154.35294117647027) (1168 -112 128) (1248 -112 128) (1248 -112 154.35294117647058) 
4 352 372 (1248 -128 128) (1248 -128 159.99999999999983) (1168 -128 159.9999999999992) (1168 -128 128) 
4 353 359 (1168 -88 112) (1168 -80 112) (1248 -80 112) (1248 -88 112) 
4 353 358 (1168 -64 112) (1168 7.999999999999943 112) (1248 7.999999999999943 112) (1248 -64 112) 
4 354 359 (1248 -128 112) (1168 -128 112) (1168 -104 112) (1248 -104 112) 
4 355 362 (1168 8 96) (1168 8 88) (1248 8 88) (1248 8 96) 
4 355 360 (1168 8 104) (1168 8 96) (1248 8 96) (1248 8 104) 
4 355 358 (1248 8 112) (1168 8 112) (1168 8 104) (1248 8 104) 
4 355 357 (1168 144 80) (1168 136 80) (1168 136 112) (1168 144 112) 
4 355 356 (1168 224 112) (1168 224 80) (1168 144 80) (1168 144 112) 
4 356 377 (1152 224 80) (1152 144 80) (1152 144 112) (1152 224 112) 
4 356 357 (1160 144 80) (1168 144 80) (1168 144 112) (1160 144 112) 
4 358 361 (1168 -64 104) (1168 -56 104) (1248 -56 104) (1248 -64 104) 
4 358 360 (1168 -40 104) (1168 8 104) (1248 8 104) (1248 -40 104) 
4 359 361 (1168 -128 104) (1168 -80 104) (1248 -80 104) (1248 -128 104) 
4 360 363 (1168 -40 96) (1168 -32 96) (1248 -32 96) (1248 -40 96) 
4 360 362 (1168 -16 96) (1168 8 96) (1248 8 96) (1248 -16 96) 
4 361 363 (1168 -128 96) (1168 -56 96) (1248 -56 96) (1248 -128 96) 
4 362 365 (1168 -16 88) (1168 -8 88) (1248 -8 88) (1248 -16 88) 
4 363 365 (1168 -128 88) (1168 -32 88) (1248 -32 88) (1248 -128 88) 
4 364 365 (1248 -8 16) (1248 -8 80) (1168 -8 80) (1168 -8 16) 
4 366 469 (1264 -528 1159.2138976801866) (1264 -528 1151.2138976801866) (1280 -528 1151.2138976801866) (1280 -528 1159.2138976801866) 
4 366 368 (1264 -128 1159.2138976801866) (1264 -128 1151.2138976801866) (1264 -528 1151.2138976801866) (1264 -528 1159.2138976801866) 
4 367 473 (1264 -528 1151.2138976801866) (1264 -528 328) (1280 -528 328) (1280 -528 1151.2138976801866) 
4 367 369 (1264 -128 1151.2138976801866) (1264 -128 328) (1264 -528 328) (1264 -528 1151.2138976801866) 
4 368 469 (1152 -528 1159.2138976801866) (1152 -528 1151.2138976801866) (1264 -528 1151.2138976801866) (1264 -528 1159.2138976801866) 
4 368 374 (1152 -128 1159.2138976801866) (1152 -128 1151.2138976801866) (1152 -528 1151.2138976801866) (1152 -528 1159.2138976801866) 
4 369 473 (1152 -528 1151.2138976801866) (1152 -528 328) (1264 -528 328) (1264 -528 1151.2138976801866) 
4 369 375 (1152 -128 1151.2138976801866) (1152 -128 328) (1152 -528 328) (1152 -528 1151.2138976801866) 
4 370 475 (1152 -528 280) (1152 -528 160) (1264 -528 160) (1264 -528 233.33333333333331) 
4 370 382 (1152 -432 160) (1152 -448 160) (1152 -448 280) (1152 -432 280) 
4 370 381 (1152 -256 160) (1152 -408 160) (1152 -408 280) (1152 -256 280) 
4 370 380 (1152 -128 280) (1152 -128 160) (1152 -232 160) (1152 -232 280) 
3 370 373 (1168 -520 160) (1168 -528 160) (1159.9999999999998 -528 160) 
4 370 372 (1168 -128 160) (1248 -128 160) (1248 -528 160) (1168 -528 160) 
3 370 371 (1256 -528 160) (1248 -528 160) (1248 -519.9999999999999 160) 
4 371 475 (1248 -528 128) (1256 -528 128) (1256 -528 160) (1248 -528 160) 
4 371 372 (1248 -520 128) (1248 -528 128) (1248 -528 160) (1248 -519.9999999999999 160) 
4 372 475 (1168 -528 128) (1248 -528 128) (1248 -528 160) (1168 -528 160) 
4 372 373 (1168 -520 128) (1168 -528 128) (1168 -528 160) (1168 -519.9999999999999 160) 
4 373 475 (1159.9999999999998 -528 128) (1168 -528 128) (1168 -528 160) (1159.9999999999998 -528 160) 
4 374 469 (1056 -528 1159.2138976801866) (1056 -528 1151.2138976801866) (1152 -528 1151.2138976801866) (1152 -528 1159.2138976801866) 
4 374 411 (1056 144 1151.2138976801866) (1056 -528 1151.2138976801866) (1056 -528 1159.2138976801866) (1056 144 1159.2138976801866) 
4 374 391 (1056 224 1151.2138976801866) (1056 144 1151.2138976801866) (1056 144 1159.2138976801866) (1056 224 1159.2138976801866) 
4 374 385 (1056 240 1159.2138976801866) (1056 240 1151.2138976801866) (1056 224 1151.2138976801866) (1056 224 1159.2138976801866) 
4 375 473 (1056 -528 1151.2138976801866) (1056 -528 328) (1152 -528 328) (1152 -528 1151.2138976801866) 
4 375 412 (1056 144 328) (1056 -528 328) (1056 -528 1151.2138976801866) (1056 144 1151.2138976801866) 
4 375 392 (1056 224 328) (1056 144 328) (1056 144 1151.2138976801866) (1056 224 1151.2138976801866) 
4 375 386 (1056 240 1151.2138976801866) (1056 240 328) (1056 224 328) (1056 224 1151.2138976801866) 
4 376 414 (1056 144 112) (1056 128 112) (1056 128 280) (1056 144 280) 
4 376 393 (1056 224 112) (1056 144 112) (1056 144 280) (1056 224 280) 
4 376 387 (1056 240 280) (1056 240 112) (1056 224 112) (1056 224 280) 
4 376 383 (1128 128 280) (1056 128 280) (1056 128 112) (1128 128 112) 
4 376 378 (1152 128 112) (1152 128 280) (1128 128 280) (1128 128 112) 
4 376 377 (1056 144 112) (1056 224 112) (1152 224 112) (1152 144 112) 
4 377 393 (1056 224 80) (1056 144 80) (1056 144 112) (1056 224 112) 
4 378 383 (1128 128 280) (1128 128 16) (1128 120 16) (1128 120 280) 
4 379 383 (1128 96 16) (1128 -56 16) (1128 -56 280) (1128 96 280) 
4 380 383 (1128 -80 16) (1128 -232 16) (1128 -232 280) (1128 -80 280) 
4 381 383 (1128 -256 16) (1128 -408 16) (1128 -408 280) (1128 -256 280) 
4 382 383 (1128 -432 16) (1128 -448 16) (1128 -448 280) (1128 -432 280) 
4 383 421 (1056 96 16) (1056 -448 16) (1056 -448 280) (1056 96 280) 
4 383 418 (1056 120 16) (1056 96 16) (1056 96 280) (1056 120 280) 
4 383 417 (1056 128 16) (1056 120 16) (1056 120 280) (1056 128 280) 
4 383 384 (1080 -448 280) (1056 -448 280) (1056 -448 16) (1080 -448 16) 
4 384 421 (1056 -448 16) (1056 -472.00000000000017 16) (1056 -472.00000000000017 280) (1056 -448 280) 
4 385 441 (288 240 1159.2138976801866) (288 240 1151.2138976801866) (288 224 1151.2138976801866) (288 224 1159.2138976801866) 
4 385 391 (288 224 1159.2138976801866) (288 224 1151.2138976801866) (1056 224 1151.2138976801866) (1056 224 1159.2138976801866) 
4 386 445 (288 240 1151.2138976801866) (288 240 328) (288 224 328) (288 224 1151.2138976801866) 
4 386 392 (288 224 1151.2138976801866) (288 224 328) (1056 224 328) (1056 224 1151.2138976801866) 
4 387 394 (1040 224 280) (968 224 280) (968 224 88.00000000000003) (1040 224 107.63636363636363) 
4 387 393 (1056 224 111.99999999999999) (1056 224 280) (1040 224 280) (1040 224 107.63636363636363) 
4 387 388 (968 224 88.00000000000001) (968 224 280) (968 240 280) (968 240 88.00000000000003) 
4 388 394 (968 224 88) (968 224 280) (768 224 280) (768 224 88) 
4 388 389 (768 224 88) (768 224 280) (768 240 280) (768 240 88) 
3 389 408 (656 224 56) (656 224 48.00000000000003) (678.4 224 56) 
4 389 398 (656 224 64) (656 224 56) (678.4 224 56) (700.8 224 64) 
4 389 396 (656 224 72) (656 224 64) (700.8 224 64) (723.1999999999999 224 72) 
5 389 394 (768 224 88.00000000000001) (768 224 280) (656 224 280) (656 224 72) (723.1999999999999 224 72) 
4 389 390 (656 224 48.00000000000002) (656 224 280) (656 240 280) (656 240 48.00000000000003) 
4 390 410 (384 224 16) (656 224 16) (656 224 24) (384 224 24) 
4 390 408 (656 224 24) (656 224 56) (384 224 56) (384 224 24) 
4 390 398 (656 224 56) (656 224 64) (384 224 64) (384 224 56) 
4 390 396 (656 224 64) (656 224 72) (384 224 72) (384 224 64) 
4 390 394 (656 224 72) (656 224 280) (384 224 280) (384 224 72) 
4 391 441 (288 224 1159.2138976801866) (288 224 1151.2138976801866) (288 144 1151.2138976801866) (288 144 1159.2138976801866) 
4 391 411 (288 144 1159.2138976801866) (288 144 1151.2138976801866) (1056 144 1151.2138976801866) (1056 144 1159.2138976801866) 
4 392 445 (288 224 1151.2138976801866) (288 224 328) (288 144 328) (288 144 1151.2138976801866) 
4 392 412 (288 144 1151.2138976801866) (288 144 328) (1056 144 328) (1056 144 1151.2138976801866) 
4 393 414 (1056 144 111.99999999999997) (1056 144 280) (1040 144 280) (1040 144 107.63636363636363) 
4 393 394 (1040 144 80) (1040 144 280) (1040 224 280) (1040 224 80) 
4 394 436 (592 144 280) (384 144 280) (384 144 72) (592 144 72) 
4 394 430 (600 144 280) (592 144 280) (592 144 72) (600 144 72) 
4 394 428 (624 144 280) (600 144 280) (600 144 72) (624 144 72) 
4 394 427 (656 144 280) (624 144 280) (624 144 72) (656 144 72) 
4 394 425 (704 144 280) (656 144 280) (656 144 72) (704 144 72) 
5 394 416 (768 144 280) (704 144 280) (704 144 72) (723.1999999999999 144 72) (768 144 88) 
4 394 415 (968 144 280) (768 144 280) (768 144 88) (968 144 88) 
4 394 414 (1040 144 280) (968 144 280) (968 144 88) (1040 144 107.63636363636363) 
4 394 396 (1016 144 72) (384 144 72) (384 224 72) (1016 224 72) 
4 394 395 (1040 144 72) (1032 144 72) (1032 224 72) (1040 224 72) 
4 395 397 (1056 144 64) (1032 144 64) (1032 224 64) (1056 224 64) 
4 396 436 (592 144 72) (384 144 72) (384 144 64) (592 144 64) 
4 396 430 (600 144 72) (592 144 72) (592 144 64) (600 144 64) 
4 396 428 (624 144 72) (600 144 72) (600 144 64) (624 144 64) 
4 396 427 (656 144 72) (624 144 72) (624 144 64) (656 144 64) 
5 396 425 (704 144 72) (656 144 72) (656 144 64) (700.8 144 64) (704 144 65.14285714285718) 
3 396 416 (723.1999999999999 144 72) (704 144 72) (704 144 65.14285714285718) 
4 396 398 (992 144 64) (384 144 64) (384 224 64) (992 224 64) 
4 396 397 (1016 144 64) (1008 144 64) (1008 224 64) (1016 224 64) 
4 397 399 (1056 144 56) (1008 144 56) (1008 224 56) (1056 224 56) 
4 398 436 (384 144 56) (592 144 56) (592 144 64) (384 144 64) 
4 398 430 (592 144 56) (600 144 56) (600 144 64) (592 144 64) 
4 398 428 (600 144 56) (624 144 56) (624 144 64) (600 144 64) 
4 398 427 (624 144 56) (656 144 56) (656 144 64) (624 144 64) 
4 398 425 (656 144 56) (678.4 144 56) (700.8 144 64) (656 144 64) 
4 398 408 (680 144 56) (384 144 56) (384 224 56) (680 224 56) 
4 398 407 (696 144 56) (680 144 56) (680 224 56) (696 224 56) 
4 398 401 (752 144 56) (696 144 56) (696 224 56) (752 224 56) 
4 398 399 (992 144 56) (984 144 56) (984 224 56) (992 224 56) 
4 399 400 (984 144 16) (984 144 48) (984 224 48) (984 224 16) 
4 401 407 (696 144 48) (696 144 56) (696 224 56) (696 224 48) 
4 401 403 (696 144 48) (696 224 48) (728 224 48) (728 144 48) 
4 401 402 (744 224 48) (752 224 48) (752 144 48) (744 144 48) 
4 402 404 (744 224 40) (768 224 40) (768 144 40) (744 144 40) 
4 403 407 (696 144 40) (696 144 48) (696 224 48) (696 224 40) 
4 403 406 (696 144 40) (696 224 40) (704 224 40) (704 144 40) 
4 403 404 (720 224 40) (728 224 40) (728 144 40) (720 144 40) 
4 404 405 (720 144 16) (720 144 32) (720 224 32) (720 224 16) 
4 405 406 (704 144 16) (704 144 32) (704 224 32) (704 224 16) 
4 406 409 (696 144 16) (696 144 24) (696 224 24) (696 224 16) 
4 406 407 (696 144 32) (696 144 40) (696 224 40) (696 224 32) 
4 407 408 (680 144 32) (680 144 56) (680 224 56) (680 224 32) 
4 408 436 (384 144 24) (592 144 24) (592 144 56) (384 144 56) 
4 408 430 (592 144 24) (600 144 24) (600 144 56) (592 144 56) 
4 408 428 (600 144 24) (624 144 24) (624 144 56) (600 144 56) 
4 408 427 (624 144 24) (656 144 24) (656 144 56) (624 144 56) 
3 408 425 (678.4 144 56) (656 144 56) (656 144 48.000000000000014) 
4 408 410 (384 224 24) (656 224 24) (656 144 24) (384 144 24) 
4 408 409 (672 224 24) (680 224 24) (680 144 24) (672 144 24) 
4 410 436 (384 144 16) (592 144 16) (592 144 24) (384 144 24) 
4 410 430 (592 144 16) (600 144 16) (600 144 24) (592 144 24) 
4 410 428 (600 144 16) (624 144 16) (624 144 24) (600 144 24) 
4 410 427 (624 144 16) (656 144 16) (656 144 24) (624 144 24) 
4 411 509 (288 -528 1159.2138976801866) (288 -528 1151.2138976801866) (576 -528 1151.2138976801866) (576 -528 1159.2138976801866) 
4 411 498 (576 -528 1151.2138976801866) (592 -528 1151.2138976801866) (592 -528 1159.2138976801866) (576 -528 1159.2138976801866) 
4 411 469 (592 -528 1151.2138976801866) (1056 -528 1151.2138976801866) (1056 -528 1159.2138976801866) (592 -528 1159.2138976801866) 
4 411 441 (288 144 1159.2138976801866) (288 144 1151.2138976801866) (288 -528 1151.2138976801866) (288 -528 1159.2138976801866) 
4 412 513 (288 -528 1151.2138976801866) (288 -528 328) (576 -528 328) (576 -528 1151.2138976801866) 
4 412 499 (576 -528 328) (592 -528 328) (592 -528 1151.2138976801866) (576 -528 1151.2138976801866) 
4 412 473 (592 -528 328) (1056 -528 328) (1056 -528 1151.2138976801866) (592 -528 1151.2138976801866) 
4 412 446 (288 64 328) (288 -528 328) (288 -528 1151.2138976801866) (288 64 1151.2138976801866) 
4 412 445 (288 144 1151.2138976801866) (288 144 328) (288 64 328) (288 64 1151.2138976801866) 
4 412 413 (288 -528 328) (288 -336 328) (384 -336 328) (384 -528 328) 
4 413 513 (288 -528 328) (288 -528 280) (384 -528 280) (384 -528 328) 
4 413 446 (288 -336 280) (288 -528 280) (288 -528 328) (288 -336 328) 
4 414 417 (1056 128 111.99999999999999) (1056 128 280) (968 128 280) (968 128 88.00000000000003) 
4 414 415 (968 128 88.00000000000001) (968 128 280) (968 144 280) (968 144 88.00000000000003) 
4 415 417 (968 128 88) (968 128 280) (768 128 280) (768 128 88) 
4 415 416 (768 128 88) (768 128 280) (768 144 280) (768 144 88) 
4 416 425 (704 128 280) (704 144 280) (704 144 65.14285714285717) (704 128 65.14285714285717) 
4 416 417 (704 128 280) (704 128 65.14285714285717) (768 128 88.00000000000001) (768 128 280) 
4 417 426 (704 120 280) (704 128 280) (704 128 16) (704 120 16) 
4 417 420 (704 120 280) (704 120 16) (776 120 16) (776 120 280) 
4 417 419 (800 120 16) (952 120 16) (952 120 280) (800 120 280) 
4 417 418 (976 120 16) (1056 120 16) (1056 120 280) (976 120 280) 
4 418 421 (976 96 16) (1056 96 16) (1056 96 280) (976 96 280) 
4 419 421 (800 96 16) (952 96 16) (952 96 280) (800 96 280) 
4 420 426 (704 96 280) (704 120 280) (704 120 16) (704 96 16) 
4 420 423 (704 96 280) (704 96 16) (776 96 16) (776 96 280) 
4 421 424 (784 -448 16) (784 -472 16) (784 -472 280) (784 -448 280) 
4 421 423 (784 96 280) (784 96 16) (784 -448 16) (784 -448 280) 
4 421 422 (784 -480 192) (784 -480 16) (1056 -480 16) (1056 -480 192) 
4 422 480 (784 -528 16) (1056 -528 16) (1056 -528 128) (784 -528 128) 
4 422 479 (1056 -528 128) (1056 -528 136) (784 -528 136) (784 -528 128) 
4 422 478 (1056 -528 136) (1056 -528 184) (784 -528 184) (784 -528 136) 
4 422 477 (1056 -528 184) (1056 -528 192) (784 -528 192) (784 -528 184) 
4 423 426 (704 -448 280) (704 96 280) (704 96 16) (704 -448 16) 
4 423 424 (760 -448 16) (784 -448 16) (784 -448 280) (760 -448 280) 
4 425 427 (656 128 280) (656 144 280) (656 144 48.00000000000003) (656 128 48.00000000000002) 
4 425 426 (656 128 280) (656 128 48.00000000000003) (704 128 65.14285714285717) (704 128 280) 
4 426 431 (704 -448 128) (704 -448 192) (656 -448 192) (656 -448 128) 
4 426 427 (656 -448 16) (656 -448 280) (656 128 280) (656 128 16) 
4 427 435 (632 -448 192) (624 -448 192) (624 -448 128) (632 -448 128) 
4 427 431 (656 -448 128) (656 -448 192) (632 -448 192) (632 -448 128) 
4 427 429 (624 -448 16) (624 -448 280) (624 96 280) (624 96 16) 
4 427 428 (624 120 280) (624 144 280) (624 144 16) (624 120 16) 
4 428 430 (600 120 280) (600 144 280) (600 144 16) (600 120 16) 
4 429 435 (624 -448 128) (624 -448 192) (600 -448 192) (600 -448 128) 
4 429 430 (600 -448 16) (600 -448 280) (600 96 280) (600 96 16) 
4 430 439 (592 -448 280) (592 -336 280) (592 -336 16) (592 -448 16) 
4 430 437 (592 -336 280) (592 48 280) (592 48 16) (592 -336 16) 
4 430 436 (592 48 280) (592 144 280) (592 144 16) (592 48 16) 
4 430 435 (592 -448 192) (592 -448 128) (600 -448 128) (600 -448 192) 
4 431 435 (632 -448 128) (632 -480 128) (632 -480 192) (632 -448 192) 
4 431 433 (632 -480 192) (632 -480 128) (639.9999999999999 -480 128) (639.9999999999999 -480 192) 
4 432 435 (632 -512 128) (632 -520 128) (632 -520 192) (632 -512 192) 
4 432 434 (632 -520 192) (632 -520 128) (640 -520 128) (640 -520 192) 
4 433 435 (632 -480 128) (632 -487.9999999999999 128) (632 -487.9999999999999 192) (632 -480 192) 
4 434 483 (704 -528 128) (704 -528 192) (632 -528 192) (632 -528 128) 
4 434 435 (632 -520 128) (632 -528 128) (632 -528 192) (632 -520 192) 
4 435 483 (632 -528 192) (592 -528 192) (592 -528 128) (632 -528 128) 
4 436 437 (592 48 16) (592 48 280) (384 48 280) (384 48 16) 
4 437 440 (576 -336 280) (384 -336 280) (384 -336 16) (576 -336 16) 
4 437 439 (592 -336 16) (592 -336 280) (576 -336 280) (576 -336 16) 
4 437 438 (384 48 176) (384 48 16) (384 -336 16) (384 -336 176) 
4 438 451 (288 48 16) (288 -336 16) (288 -336 176) (288 48 176) 
4 439 440 (576 -336 280) (576 -336 16) (576 -448 16) (576 -448 280) 
4 441 509 (-2304 -528 1159.2138976801866) (-2304 -528 1151.2138976801866) (288 -528 1151.2138976801866) (288 -528 1159.2138976801866) 
4 441 443 (-2304 240 1159.2138976801866) (-2304 240 1151.2138976801866) (-2304 -528 1151.2138976801866) (-2304 -528 1159.2138976801866) 
4 442 519 (-2376 -528 1168) (-2376 -528 1159.2138976801866) (-2304 -528 1159.2138976801866) (-2304 -528 1168) 
4 442 444 (-2376 240 1168) (-2376 240 1159.2138976801866) (-2376 -528 1159.2138976801866) (-2376 -528 1168) 
4 442 443 (-2376 -528 1159.2138976801866) (-2376 240 1159.2138976801866) (-2304 240 1159.2138976801866) (-2304 -528 1159.2138976801866) 
4 443 520 (-2376 -528 1159.2138976801866) (-2376 -528 1151.2138976801866) (-2304 -528 1151.2138976801866) (-2304 -528 1159.2138976801866) 
4 443 448 (-2376 240 1151.2138976801866) (-2304 240 1151.2138976801866) (-2304 -528 1151.2138976801866) (-2376 -528 1151.2138976801866) 
4 443 444 (-2376 240 1159.2138976801866) (-2376 240 1151.2138976801866) (-2376 -528 1151.2138976801866) (-2376 -528 1159.2138976801866) 
4 444 522 (-2560 -528 1168) (-2560 -528 1151.2138976801866) (-2376 -528 1151.2138976801866) (-2376 -528 1168) 
4 444 448 (-2560 240 1151.2138976801866) (-2376 240 1151.2138976801866) (-2376 -528 1151.2138976801866) (-2560 -528 1151.2138976801866) 
4 445 453 (-736 240 176) (-320 240 176) (-320 64 176) (-736 64 176) 
4 445 449 (-320 240 176) (288 240 176) (288 64 176) (-320 64 176) 
4 445 447 (-736 240 176) (-736 64 176) (-736 64 1151.2138976801866) (-736 240 1151.2138976801866) 
4 445 446 (-736 64 1151.2138976801866) (-736 64 192) (288 64 192) (288 64 1151.2138976801866) 
4 446 514 (288 -528 192) (288 -528 1151.2138976801866) (-736 -528 1151.2138976801866) (-736 -528 192) 
4 446 447 (-736 -528 192) (-736 -528 1151.2138976801866) (-736 64 1151.2138976801866) (-736 64 192) 
4 447 517 (-2304 -528 176) (-736 -528 176) (-736 -528 1151.2138976801866) (-2304 -528 1151.2138976801866) 
4 447 467 (-736 -352 176) (-736 -528 176) (-2304 -528 176) (-2304 -352 176) 
4 447 460 (-736 -336 176) (-736 -352 176) (-2304 -352 176) (-2304 -336 176) 
4 447 458 (-736 48 176) (-736 -336 176) (-2304 -336 176) (-2304 48 176) 
4 447 454 (-2304 240 176) (-736 240 176) (-736 48 176) (-2304 48 176) 
4 448 523 (-2560 -528 176) (-2304 -528 176) (-2304 -528 1151.2138976801866) (-2560 -528 1151.2138976801866) 
4 448 468 (-2304 -352 176) (-2304 -528 176) (-2560 -528 176) (-2560 -352 176) 
4 448 461 (-2304 -336 176) (-2304 -352 176) (-2560 -352 176) (-2560 -336 176) 
4 448 459 (-2304 48 176) (-2304 -336 176) (-2560 -336 176) (-2560 48 176) 
4 448 455 (-2560 240 176) (-2304 240 176) (-2304 48 176) (-2560 48 176) 
4 449 528 (-320 240 16) (288 240 16) (288 64 16) (-320 64 16) 
4 449 453 (-320 64 176) (-320 240 176) (-320 240 16) (-320 64 16) 
4 449 450 (-320 64 160) (-320 64 64) (288 64 64) (288 64 160) 
4 450 451 (-320 48 160) (-320 48 64) (288 48 64) (288 48 160) 
4 451 456 (-320 0 128) (-320 -0 16) (-320 -80 16) (-320 -80 128) 
4 452 621 (288 -512 16) (288 -528 16) (-320 -528 16) (-320 -512 16) 
4 452 617 (288 -440 16) (288 -512 16) (-320 -512 16) (-320 -440 16) 
4 452 599 (288 -432 16) (288 -440 16) (-320 -440 16) (-320 -432 16) 
4 452 529 (288 -352 16) (288 -432 16) (-320 -432 16) (-320 -352 16) 
4 452 515 (-320 -528 16) (288 -528 16) (288 -528 176) (-320 -528 176) 
4 452 467 (-320 -528 16) (-320 -528 176) (-320 -352 176) (-320 -352 16) 
4 453 531 (-736 240 16) (-320 240 16) (-320 64 16) (-736 64 16) 
4 453 454 (-736 64 176) (-736 240 176) (-736 240 16) (-736 64 16) 
4 454 532 (-2304 240 16) (-736 240 16) (-736 48 16) (-2304 48 16) 
4 454 458 (-2304 48 16) (-736 48 16) (-736 48 176) (-2304 48 176) 
4 455 533 (-2560 240 16) (-2304 240 16) (-2304 48 16) (-2560 48 16) 
4 455 459 (-2560 48 16) (-2304 48 16) (-2304 48 176) (-2560 48 176) 
4 456 457 (-336 -0 16) (-336 -80 16) (-336 -80 128) (-336 0 128) 
4 457 462 (-352 -336 160) (-704 -336 160) (-704 -336 32) (-352 -336 32) 
4 458 534 (-2304 48 16) (-736 48 16) (-736 -336 16) (-2304 -336 16) 
4 458 465 (-2304 -336 16) (-736 -336 16) (-736 -336 32) (-2304 -336 32) 
4 458 463 (-736 -336 32) (-736 -336 160) (-2304 -336 160) (-2304 -336 32) 
4 458 460 (-736 -336 160) (-736 -336 176) (-2304 -336 176) (-2304 -336 160) 
4 459 535 (-2560 48 16) (-2304 48 16) (-2304 -336 16) (-2560 -336 16) 
4 459 466 (-2560 -336 16) (-2304 -336 16) (-2304 -336 32) (-2560 -336 32) 
4 459 464 (-2304 -336 32) (-2304 -336 160) (-2560 -336 160) (-2560 -336 32) 
4 459 461 (-2304 -336 160) (-2304 -336 176) (-2560 -336 176) (-2560 -336 160) 
4 460 467 (-2304 -352 160) (-736 -352 160) (-736 -352 176) (-2304 -352 176) 
4 460 463 (-736 -352 160) (-2304 -352 160) (-2304 -336 160) (-736 -336 160) 
4 461 468 (-2560 -352 160) (-2304 -352 160) (-2304 -352 176) (-2560 -352 176) 
4 461 464 (-2304 -352 160) (-2560 -352 160) (-2560 -336 160) (-2304 -336 160) 
4 462 467 (-704 -352 32) (-352 -352 32) (-352 -352 160) (-704 -352 160) 
4 463 467 (-2304 -352 32) (-736 -352 32) (-736 -352 160) (-2304 -352 160) 
4 463 465 (-736 -352 32) (-2304 -352 32) (-2304 -336 32) (-736 -336 32) 
4 464 468 (-2560 -352 32) (-2304 -352 32) (-2304 -352 160) (-2560 -352 160) 
4 464 466 (-2304 -352 32) (-2560 -352 32) (-2560 -336 32) (-2304 -336 32) 
4 465 537 (-2304 -336 16) (-736 -336 16) (-736 -352 16) (-2304 -352 16) 
4 465 467 (-2304 -352 16) (-736 -352 16) (-736 -352 32) (-2304 -352 32) 
4 466 538 (-2560 -336 16) (-2304 -336 16) (-2304 -352 16) (-2560 -352 16) 
4 466 468 (-2560 -352 16) (-2304 -352 16) (-2304 -352 32) (-2560 -352 32) 
4 467 636 (-736 -528 16) (-2304 -528 16) (-2304 -512 16) (-736 -512 16) 
4 467 632 (-320 -512 16) (-320 -528 16) (-736 -528 16) (-736 -512 16) 
4 467 617 (-320 -440 16) (-320 -512 16) (-2304 -512 16) (-2304 -440 16) 
4 467 599 (-320 -432 16) (-320 -440 16) (-2304 -440 16) (-2304 -432 16) 
4 467 537 (-2304 -352 16) (-736 -352 16) (-736 -432 16) (-2304 -432 16) 
4 467 536 (-736 -352 16) (-320 -352 16) (-320 -432 16) (-736 -432 16) 
4 467 517 (-2304 -528 16) (-736 -528 16) (-736 -528 176) (-2304 -528 176) 
4 467 515 (-736 -528 16) (-320 -528 16) (-320 -528 176) (-736 -528 176) 
4 468 638 (-2304 -512 16) (-2304 -528 16) (-2560 -528 16) (-2560 -512 16) 
4 468 618 (-2304 -440 16) (-2304 -512 16) (-2560 -512 16) (-2560 -440 16) 
4 468 600 (-2304 -432 16) (-2304 -440 16) (-2560 -440 16) (-2560 -432 16) 
4 468 538 (-2560 -352 16) (-2304 -352 16) (-2304 -432 16) (-2560 -432 16) 
4 468 523 (-2560 -528 16) (-2304 -528 16) (-2304 -528 176) (-2560 -528 176) 
4 469 500 (592 -896 1151.2138976801866) (592 -1528 1151.2138976801866) (592 -1528 1159.2138976801866) (592 -896 1159.2138976801866) 
4 469 498 (592 -528 1159.2138976801866) (592 -528 1151.2138976801866) (592 -896 1151.2138976801866) (592 -896 1159.2138976801866) 
4 469 471 (592 -1528 1159.2138976801866) (592 -1528 1151.2138976801866) (1280 -1528 1151.2138976801866) (1280 -1528 1159.2138976801866) 
4 470 501 (592 -1528 1168) (592 -1528 1159.2138976801866) (592 -1784 1159.2138976801866) (592 -1784 1168) 
4 470 471 (592 -1784 1159.2138976801866) (592 -1528 1159.2138976801866) (1280 -1528 1159.2138976801866) (1280 -1784 1159.2138976801866) 
4 471 502 (592 -1528 1159.2138976801866) (592 -1528 1151.2138976801866) (592 -1784 1151.2138976801866) (592 -1784 1159.2138976801866) 
4 471 474 (592 -1784 1151.2138976801866) (592 -1528 1151.2138976801866) (1280 -1528 1151.2138976801866) (1280 -1784 1151.2138976801866) 
4 471 472 (592 -1784 1151.2138976801866) (1280 -1784 1151.2138976801866) (1280 -1784 1159.2138976801866) (592 -1784 1159.2138976801866) 
4 472 503 (592 -1784 1151.2138976801866) (592 -2768.9675268702144 1151.2138976801866) (592 -2768.9675268702144 1159.2138976801866) (592 -1784 1159.2138976801866) 
4 473 505 (592 -1032 328) (592 -1528 328) (592 -1528 1151.2138976801866) (592 -1032 1151.2138976801866) 
4 473 504 (592 -896 328) (592 -1032 328) (592 -1032 1151.2138976801866) (592 -896 1151.2138976801866) 
4 473 499 (592 -528 1151.2138976801866) (592 -528 328) (592 -896 328) (592 -896 1151.2138976801866) 
4 473 496 (592 -1528 328) (592 -1032 328) (1280 -1032 328) (1280 -1528 328) 
4 473 494 (592 -1032 328) (592 -1024 328) (1264 -1024 328) (1264 -1032 328) 
4 474 506 (592 -1528 328) (592 -1784 328) (592 -1784 1151.2138976801866) (592 -1528 1151.2138976801866) 
4 474 497 (592 -1784 328) (592 -1528 328) (1280 -1528 328) (1280 -1784 328) 
4 475 485 (1152 -808 280) (1152 -808 128) (1264 -808 128) (1264 -808 233.33333333333331) 
4 475 478 (1152 -528 184) (1152 -528 136) (1152 -792 136) (1152 -792 184) 
4 476 480 (1152 -792 120) (1152 -528 120) (1152 -528 16) (1152 -792 16) 
4 477 482 (712 -792 184) (1128 -792 184) (1128 -792 280) (712 -792 280) 
4 477 481 (1128 -792 184) (1144 -792 184) (1144 -792 280) (1128 -792 280) 
4 477 478 (1144 -792 184) (712 -792 184) (712 -528 184) (1144 -528 184) 
4 478 483 (704 -528 184) (704 -528 136) (704 -792 136) (704 -792 184) 
4 478 482 (712.0000000000001 -792 136) (1128 -792 136) (1128 -792 184) (712 -792 184) 
4 478 481 (1128 -792 136) (1144 -792 136) (1144 -792 184) (1128 -792 184) 
4 478 479 (1144 -792 136) (712 -792 136) (712 -528 136) (1144 -528 136) 
4 479 482 (712 -792 128) (1128 -792 128) (1128 -792 136) (712 -792 136) 
4 479 481 (1128 -792 128) (1144 -792 128) (1144 -792 136) (1128 -792 136) 
4 479 480 (1144 -792 128) (712 -792 128) (712 -528 128) (1144 -528 128) 
4 480 484 (704 -528 120) (704 -528 16) (704 -792 16) (704 -792 120) 
4 480 482 (712.0000000000001 -792 16) (1128 -792 16) (1128 -792 128) (712 -792 128) 
4 480 481 (1128 -792 16) (1144 -792 16) (1144 -792 128) (1128 -792 128) 
4 481 482 (1128 -808 16) (1128 -808 280) (1128 -792 280) (1128 -792 16) 
4 482 487 (728 -808 16) (1128 -808 16) (1128 -808 128) (728 -808 128) 
4 482 486 (1128 -808 136) (1128 -808 184) (728 -808 184) (728 -808 136) 
4 483 488 (592 -808 233.33333333333331) (592 -808 128) (704 -808 128) (704 -808 280) 
5 485 489 (1264 -816 128) (1264 -816 233.33333333333331) (1152 -816 280) (1143.9999999999998 -816 280) (1143.9999999999998 -816 128) 
4 486 489 (728 -816 184) (728 -816 136) (1128 -816 136) (1128 -816 184) 
4 487 490 (728 -816 120) (728 -816 16) (1128 -816 16) (1128 -816 120) 
5 488 489 (592 -816 233.33333333333331) (592 -816 128) (712 -816 128) (712 -816 280) (704 -816 280) 
6 489 492 (704 -896 280) (592 -896 233.33333333333331) (592 -896 128) (1264 -896 128) (1264 -896 233.33333333333331) (1152 -896 280) 
4 491 629 (1280 -912 16) (1280 -1032 16) (1264 -1032 16) (1264 -912 16) 
4 491 496 (1264 -1032 120) (1264 -1032 16) (1280 -1032 16) (1280 -1032 120) 
4 491 495 (1264 -1024 16) (1264 -1032 16) (1264 -1032 120) (1264 -1024 120) 
4 491 493 (1264 -912 16) (1264 -1024 16) (1264 -1024 120) (1264 -912 120) 
4 493 629 (592 -1024 16) (592 -912 16) (1264 -912 16) (1264 -1024 16) 
4 493 507 (592 -912 16) (592 -1024 16) (592 -1024 120) (592 -912 120) 
4 493 495 (1264 -1024 16) (1264 -1024 120) (592 -1024 120) (592 -1024 16) 
4 494 504 (592 -1032 280) (592 -1032 328) (592 -1024 328) (592 -1024 280) 
4 494 496 (1264 -1032 328) (592 -1032 328) (592 -1032 280) (1264 -1032 280) 
4 495 629 (592 -1032 16) (592 -1024 16) (1264 -1024 16) (1264 -1032 16) 
4 495 507 (592 -1024 16) (592 -1032 16) (592 -1032 120) (592 -1024 120) 
4 495 496 (592 -1032 120) (592 -1032 16) (1264 -1032 16) (1264 -1032 120) 
4 496 629 (592 -1528 16) (592 -1032 16) (1280 -1032 16) (1280 -1528 16) 
4 496 507 (592 -1032 16) (592 -1528 16) (592 -1528 120) (592 -1032 120) 
4 496 505 (592 -1528 120) (592 -1528 328) (592 -1032 328) (592 -1032 120) 
4 497 631 (592 -1784 16) (592 -1528 16) (1280 -1528 16) (1280 -1784 16) 
4 497 508 (592 -1528 16) (592 -1784 16) (592 -1784 120) (592 -1528 120) 
4 497 506 (592 -1784 120) (592 -1784 328) (592 -1528 328) (592 -1528 120) 
4 498 509 (576 -528 1159.2138976801866) (576 -528 1151.2138976801866) (576 -896 1151.2138976801866) (576 -896 1159.2138976801866) 
4 498 500 (576 -896 1159.2138976801866) (576 -896 1151.2138976801866) (592 -896 1151.2138976801866) (592 -896 1159.2138976801866) 
4 499 513 (576 -528 1151.2138976801866) (576 -528 280) (576 -896 280) (576 -896 1151.2138976801866) 
4 499 504 (576 -896 1151.2138976801866) (576 -896 280) (592 -896 280) (592 -896 1151.2138976801866) 
4 500 509 (576 -896 1159.2138976801866) (576 -896 1151.2138976801866) (576 -1528 1151.2138976801866) (576 -1528 1159.2138976801866) 
4 500 502 (576 -1528 1159.2138976801866) (576 -1528 1151.2138976801866) (592 -1528 1151.2138976801866) (592 -1528 1159.2138976801866) 
4 501 510 (576 -1528 1168) (576 -1528 1159.2138976801866) (576 -1784 1159.2138976801866) (576 -1784 1168) 
4 501 502 (576 -1784 1159.2138976801866) (576 -1528 1159.2138976801866) (592 -1528 1159.2138976801866) (592 -1784 1159.2138976801866) 
4 502 511 (576 -1528 1159.2138976801866) (576 -1528 1151.2138976801866) (576 -1784 1151.2138976801866) (576 -1784 1159.2138976801866) 
4 502 506 (576 -1784 1151.2138976801866) (576 -1528 1151.2138976801866) (592 -1528 1151.2138976801866) (592 -1784 1151.2138976801866) 
4 502 503 (576 -1784 1151.2138976801866) (592 -1784 1151.2138976801866) (592 -1784 1159.2138976801866) (576 -1784 1159.2138976801866) 
4 503 512 (576 -1784 1151.2138976801866) (576 -2768.9675268702144 1151.2138976801866) (576 -2768.9675268702144 1159.2138976801866) (576 -1784 1159.2138976801866) 
4 504 513 (576 -896 1151.2138976801866) (576 -896 280) (576 -1032 280) (576 -1032 1151.2138976801866) 
4 504 505 (592 -1032 280) (592 -1032 1151.2138976801866) (576 -1032 1151.2138976801866) (576 -1032 280) 
4 505 513 (576 -1032 120) (576 -1528 120) (576 -1528 1151.2138976801866) (576 -1032 1151.2138976801866) 
4 505 507 (576 -1528 120) (576 -1032 120) (592 -1032 120) (592 -1528 120) 
4 506 518 (576 -1528 120) (576 -1784 120) (576 -1784 1151.2138976801866) (576 -1528 1151.2138976801866) 
4 506 508 (576 -1784 120) (576 -1528 120) (592 -1528 120) (592 -1784 120) 
4 507 629 (576 -1528 16) (576 -912 16) (592 -912 16) (592 -1528 16) 
4 507 513 (576 -912 16) (576 -1528 16) (576 -1528 120) (576 -912 120) 
4 508 631 (576 -1784 16) (576 -1528 16) (592 -1528 16) (592 -1784 16) 
4 508 518 (576 -1528 16) (576 -1784 16) (576 -1784 120) (576 -1528 120) 
4 509 520 (-2304 -528 1159.2138976801866) (-2304 -528 1151.2138976801866) (-2304 -1528 1151.2138976801866) (-2304 -1528 1159.2138976801866) 
4 509 511 (-2304 -1528 1159.2138976801866) (-2304 -1528 1151.2138976801866) (576 -1528 1151.2138976801866) (576 -1528 1159.2138976801866) 
4 510 519 (-2304 -1528 1168) (-2304 -1528 1159.2138976801866) (-2304 -1784 1159.2138976801866) (-2304 -1784 1168) 
4 510 511 (-2304 -1784 1159.2138976801866) (-2304 -1528 1159.2138976801866) (576 -1528 1159.2138976801866) (576 -1784 1159.2138976801866) 
4 511 520 (-2304 -1528 1159.2138976801866) (-2304 -1528 1151.2138976801866) (-2304 -1784 1151.2138976801866) (-2304 -1784 1159.2138976801866) 
4 511 518 (-2304 -1784 1151.2138976801866) (-2304 -1528 1151.2138976801866) (576 -1528 1151.2138976801866) (576 -1784 1151.2138976801866) 
4 511 512 (-2304 -1784 1151.2138976801866) (576 -1784 1151.2138976801866) (576 -1784 1159.2138976801866) (-2304 -1784 1159.2138976801866) 
4 512 520 (-2304 -1784 1151.2138976801866) (-2304 -2768.9675268702144 1151.2138976801866) (-2304 -2768.9675268702144 1159.2138976801866) (-2304 -1784 1159.2138976801866) 
4 513 630 (576 -896 16) (576 -1528 16) (288 -1528 16) (288 -896 16) 
4 513 627 (288 -528 16) (576 -528 16) (576 -896 16) (288 -896 16) 
4 513 516 (288 -1528 16) (288 -1528 1151.2138976801866) (288 -1104 1151.2138976801866) (288 -1104 16) 
4 513 515 (288 -528 176) (288 -528 16) (288 -1104 16) (288 -1104 176) 
4 513 514 (288 -1104 1151.2138976801866) (288 -528 1151.2138976801866) (288 -528 192) (288 -1104 192) 
4 514 517 (-736 -1104 1151.2138976801866) (-736 -528 1151.2138976801866) (-736 -528 192) (-736 -1104 192) 
4 514 516 (-736 -1104 1151.2138976801866) (-736 -1104 192) (288 -1104 192) (288 -1104 1151.2138976801866) 
4 515 633 (-320 -912 16) (-320 -1104 16) (-736 -1104 16) (-736 -912 16) 
4 515 632 (-736 -528 16) (-320 -528 16) (-320 -912 16) (-736 -912 16) 
4 515 630 (288 -896 16) (288 -1104 16) (-320 -1104 16) (-320 -896 16) 
4 515 627 (-320 -528 16) (288 -528 16) (288 -896 16) (-320 -896 16) 
4 515 517 (-736 -528 176) (-736 -528 16) (-736 -1104 16) (-736 -1104 176) 
4 515 516 (-736 -1104 176) (-736 -1104 16) (288 -1104 16) (288 -1104 176) 
4 516 634 (-320 -1528 16) (-736 -1528 16) (-736 -1120 16) (-320 -1120 16) 
4 516 633 (-736 -1120 16) (-736 -1104 16) (-320 -1104 16) (-320 -1120 16) 
4 516 630 (288 -1104 16) (288 -1528 16) (-320 -1528 16) (-320 -1104 16) 
4 516 517 (-736 -1528 16) (-736 -1528 1151.2138976801866) (-736 -1104 1151.2138976801866) (-736 -1104 16) 
4 517 636 (-2304 -1528 16) (-2304 -528 16) (-736 -528 16) (-736 -1528 16) 
4 518 637 (-2304 -1784 16) (-2304 -1528 16) (-736 -1528 16) (-736 -1784 16) 
4 518 635 (-736 -1528 16) (-320 -1528 16) (-320 -1784 16) (-736 -1784 16) 
4 518 631 (-320 -1528 16) (576 -1528 16) (576 -1784 16) (-320 -1784 16) 
4 518 523 (-2304 -1528 16) (-2304 -1784 16) (-2304 -1784 1151.2138976801866) (-2304 -1528 1151.2138976801866) 
4 519 522 (-2376 -528 1168) (-2376 -528 1159.2138976801866) (-2376 -2768.9675268702144 1159.2138976801866) (-2376 -2768.9675268702144 1168) 
4 519 521 (-2376 -2768.9675268702144 1168) (-2376 -2768.9675268702144 1159.2138976801866) (-2304 -2768.9675268702144 1159.2138976801866) (-2304 -2768.9675268702144 1168) 
4 519 520 (-2304 -2768.9675268702144 1159.2138976801866) (-2376 -2768.9675268702144 1159.2138976801866) (-2376 -528 1159.2138976801866) (-2304 -528 1159.2138976801866) 
4 520 523 (-2376 -2768.9675268702144 1151.2138976801866) (-2376 -528 1151.2138976801866) (-2304 -528 1151.2138976801866) (-2304 -2768.9675268702144 1151.2138976801866) 
4 520 522 (-2376 -528 1159.2138976801866) (-2376 -528 1151.2138976801866) (-2376 -2768.9675268702144 1151.2138976801866) (-2376 -2768.9675268702144 1159.2138976801866) 
4 520 521 (-2376 -2768.9675268702144 1159.2138976801866) (-2376 -2768.9675268702144 1151.2138976801866) (-2304 -2768.9675268702144 1151.2138976801866) (-2304 -2768.9675268702144 1159.2138976801866) 
4 521 523 (-2376 -2816 1151.2138976801866) (-2376 -2768.9675268702144 1151.2138976801866) (-2304 -2768.9675268702144 1151.2138976801866) (-2304 -2816 1151.2138976801866) 
4 521 522 (-2376 -2768.9675268702144 1168) (-2376 -2768.9675268702144 1151.2138976801866) (-2376 -2816 1151.2138976801866) (-2376 -2816 1168) 
4 522 523 (-2560 -2816 1151.2138976801866) (-2560 -528 1151.2138976801866) (-2376 -528 1151.2138976801866) (-2376 -2816 1151.2138976801866) 
4 523 638 (-2560 -2816 16) (-2560 -528 16) (-2304 -528 16) (-2304 -2816 16) 
4 524 570 (288 528 8) (288 784 8) (472 784 8) (472 528 8) 
4 524 562 (472 784 8) (752 784 8) (752 528 8) (472 528 8) 
4 524 539 (752 784 8) (1280 784 8) (1280 528 8) (752 528 8) 
4 524 527 (288 784 8) (288 528 8) (288 528 16) (288 784 16) 
4 525 541 (1280 480 8) (1280 240 8) (1040 240 8) (1040 480 8) 
4 525 540 (1040 528 8) (1280 528 8) (1280 480 8) (1040 480 8) 
4 525 526 (1040 528 16) (1040 528 8) (1040 480 8) (1040 480 16) 
4 526 571 (288 480 8) (288 528 8) (472 528 8) (472 480 8) 
4 526 563 (472 528 8) (752 528 8) (752 480 8) (472 480 8) 
4 526 540 (752 528 8) (1040 528 8) (1040 480 8) (752 480 8) 
4 526 528 (288 528 8) (288 480 8) (288 480 16) (288 528 16) 
4 527 570 (-320 528 8) (-320 784 8) (288 784 8) (288 528 8) 
4 527 530 (-320 784 8) (-320 528 8) (-320 528 16) (-320 784 16) 
4 528 572 (-320 64 8) (-320 480 8) (272 480 8) (272 64 8) 
4 528 571 (-320 480 8) (-320 528 8) (288 528 8) (288 480 8) 
4 528 531 (-320 528 8) (-320 64 8) (-320 64 16) (-320 528 16) 
4 529 599 (-320 -432 8) (288 -432 8) (288 -432 16) (-320 -432 16) 
4 529 595 (288 -432 8) (-320 -432 8) (-320 -352 8) (288 -352 8) 
4 529 536 (-320 -352 8) (-320 -432 8) (-320 -432 16) (-320 -352 16) 
4 530 574 (-320 784 8) (-320 528 8) (-2304 528 8) (-2304 784 8) 
4 530 533 (-2304 784 8) (-2304 528 8) (-2304 528 16) (-2304 784 16) 
4 531 575 (-320 528 8) (-320 64 8) (-736 64 8) (-736 528 8) 
4 531 532 (-736 528 16) (-736 528 8) (-736 64 8) (-736 64 16) 
4 532 576 (-736 48 8) (-2304 48 8) (-2304 528 8) (-736 528 8) 
4 532 534 (-2304 48 8) (-736 48 8) (-736 48 16) (-2304 48 16) 
4 533 577 (-2304 2560 8) (-2304 48 8) (-2560 48 8) (-2560 2560 8) 
4 533 535 (-2560 48 8) (-2304 48 8) (-2304 48 16) (-2560 48 16) 
4 534 581 (-2304 48 8) (-736 48 8) (-736 -336 8) (-2304 -336 8) 
4 534 537 (-2304 -336 8) (-736 -336 8) (-736 -336 16) (-2304 -336 16) 
4 535 582 (-2560 48 8) (-2304 48 8) (-2304 -336 8) (-2560 -336 8) 
4 535 538 (-2560 -336 8) (-2304 -336 8) (-2304 -336 16) (-2560 -336 16) 
4 536 599 (-736 -432 8) (-320 -432 8) (-320 -432 16) (-736 -432 16) 
4 536 596 (-320 -432 8) (-736 -432 8) (-736 -352 8) (-320 -352 8) 
4 536 537 (-736 -352 8) (-736 -432 8) (-736 -432 16) (-736 -352 16) 
4 537 599 (-2304 -432 8) (-736 -432 8) (-736 -432 16) (-2304 -432 16) 
4 537 597 (-736 -432 8) (-2304 -432 8) (-2304 -336 8) (-736 -336 8) 
4 538 600 (-2560 -432 8) (-2304 -432 8) (-2304 -432 16) (-2560 -432 16) 
4 538 598 (-2304 -432 8) (-2560 -432 8) (-2560 -336 8) (-2304 -336 8) 
4 539 639 (1280 784 -144) (1280 528 -144) (752 528 -144) (752 784 -144) 
4 539 562 (752 784 -144) (752 528 -144) (752 528 8) (752 784 8) 
4 540 640 (1280 528 -144) (1280 480 -144) (752 480 -144) (752 528 -144) 
4 540 563 (752 528 -144) (752 480 -144) (752 480 8) (752 528 8) 
4 540 544 (1000 480 -128) (1000 480 -8) (776 480 -8) (776 480 -128) 
4 540 541 (1040 480 -144) (1280 480 -144) (1280 480 8) (1040 480 8) 
4 541 641 (1280 472 -144) (1280 -168 -144) (1040 -168 -144) (1040 472 -144) 
4 541 640 (1280 480 -144) (1280 472 -144) (1040 472 -144) (1040 480 -144) 
4 542 545 (1000 456 -144) (1000 264 -144) (1000 264 8) (1000 456 8) 
4 543 549 (1000 -184 -144) (1024 -184 -144) (1024 -184 8) (1000 -184 8) 
4 543 545 (1000 240 -144) (1000 -184 -144) (1000 -184 8) (1000 240 8) 
4 544 545 (776 472 -8) (776 472 -128) (1000 472 -128) (1000 472 -8) 
4 545 549 (880 -184 -144) (1000 -184 -144) (1000 -184 8) (880 -184 8) 
4 545 547 (776 240 -144) (776 -113.60000000000002 -144) (776 -113.59999999999998 8) (776 240 8) 
4 545 546 (776 456 -144) (776 264 -144) (776 264 8) (776 456 8) 
4 546 564 (752 456 -144) (752 264 -144) (752 264 8) (752 456 8) 
4 548 551 (1072 -208 -144) (1280 -208 -144) (1280 -208 8) (1072 -208 8) 
4 549 552 (880 -208 -144) (1048 -208 -144) (1048 -208 8) (880 -208 8) 
4 550 566 (752 -184 -144) (752 -208 -144) (752 -208 8) (752 -184 8) 
4 550 553 (752 -208 8) (752 -208 -144) (856 -208 -144) (856 -208 8) 
4 551 554 (1072 -296 -144) (1280 -296 -144) (1280 -296 8) (1072 -296 8) 
4 552 555 (880 -296 -144) (1048 -296 -144) (1048 -296 8) (880 -296 8) 
4 553 566 (752 -208 -144) (752 -296 -144) (752 -296 8) (752 -208 8) 
4 553 556 (752 -296 8) (752 -296 -144) (856 -296 -144) (856 -296 8) 
4 554 557 (1072 -320 -144) (1280 -320 -144) (1280 -320 8) (1072 -320 8) 
4 555 557 (880 -320 -144) (1048 -320 -144) (1048 -320 8) (880 -320 8) 
4 556 566 (752 -296 -144) (752 -320 -144) (752 -320 8) (752 -296 8) 
4 556 558 (752 -320 8) (752 -320 -144) (856 -320 -144) (856 -320 8) 
4 557 560 (880 -408 -144) (1048 -408 -144) (1048 -408 8) (880 -408 8) 
4 557 559 (1072 -408 -144) (1280 -408 -144) (1280 -408 8) (1072 -408 8) 
4 558 583 (752 -336 -144) (752 -408 -144) (752 -408 8) (752 -336 8) 
4 558 567 (752 -328 -144) (752 -336 -144) (752 -336 8) (752 -328 8) 
4 558 566 (752 -320 -144) (752 -328 -144) (752 -328 8) (752 -320 8) 
4 558 561 (752 -408 8) (752 -408 -144) (856 -408 -144) (856 -408 8) 
4 559 601 (1272 -432 0) (1208 -432 0) (1208 -432 -64) (1272 -432 -64) 
4 560 604 (880 -432 -144) (1024 -432 -144) (1024 -432 -64) (880 -432 -64) 
4 560 603 (1024 -432 -56) (1024 -432 -16) (880 -432 -16) (880 -432 -56) 
4 560 602 (1024 -432 -8) (1024 -432 -0) (880 -432 -0) (880 -432 -8) 
4 561 583 (752 -408 -144) (752 -432 -144) (752 -432 8) (752 -408 8) 
4 562 639 (752 784 -144) (752 528 -144) (472 528 -144) (472 784 -144) 
4 562 570 (472 784 -144) (472 528 -144) (472 528 8) (472 784 8) 
4 563 640 (752 528 -144) (752 480 -144) (472 480 -144) (472 528 -144) 
4 563 571 (472 528 -144) (472 480 -144) (472 480 8) (472 528 8) 
4 564 565 (472 240 8) (472 240 -144) (736 240 -144) (736 240 8) 
4 566 569 (584 -328 -136) (584 -328 8) (584 -320 8) (584 -320 -136) 
4 566 568 (584 -184 -144) (584 -320 -144) (584 -320 8) (584 -184 8) 
4 566 567 (592 -328 -144) (752 -328 -144) (752 -328 8) (592 -328 8) 
4 567 583 (592 -336 -144) (752 -336 -144) (752 -336 8) (592 -336 8) 
4 568 569 (480 -320 8) (480 -320 -136) (584 -320 -136) (584 -320 8) 
4 569 588 (584 -336 -136) (584 -336 8) (480 -336 8) (480 -336 -136) 
4 570 639 (472 784 -144) (472 528 -144) (-320 528 -144) (-320 784 -144) 
4 570 574 (-320 784 -144) (-320 528 -144) (-320 528 8) (-320 784 8) 
4 571 640 (472 528 -144) (472 480 -144) (-320 480 -144) (-320 528 -144) 
4 571 575 (-320 528 -144) (-320 480 -144) (-320 480 8) (-320 528 8) 
4 571 572 (-320 480 8) (-320 480 -144) (272 480 -144) (272 480 8) 
4 572 642 (272 64 -144) (-320 64 -144) (-320 472 -144) (272 472 -144) 
4 572 640 (-320 472 -144) (-320 480 -144) (272 480 -144) (272 472 -144) 
4 572 575 (-320 480 -144) (-320 64 -144) (-320 64 8) (-320 480 8) 
4 572 573 (-320 64 -0) (-320 64 -144) (272 64 -144) (272 64 -0) 
4 573 642 (272 48 -144) (-320 48 -144) (-320 64 -144) (272 64 -144) 
4 573 580 (-320 48 -144) (272 48 -144) (272 48 0) (-320 48 -0) 
4 574 662 (-736 528 -144) (-2304 528 -144) (-2304 784 -144) (-736 784 -144) 
4 574 649 (-320 784 -144) (-320 528 -144) (-736 528 -144) (-736 784 -144) 
4 574 577 (-2304 784 -144) (-2304 528 -144) (-2304 528 8) (-2304 784 8) 
4 575 650 (-320 528 -144) (-320 64 -144) (-736 64 -144) (-736 528 -144) 
4 575 576 (-736 528 8) (-736 528 -144) (-736 64 -144) (-736 64 8) 
4 576 663 (-736 48 -144) (-2304 48 -144) (-2304 528 -144) (-736 528 -144) 
4 576 581 (-2304 48 -144) (-736 48 -144) (-736 48 8) (-2304 48 8) 
4 577 665 (-2304 2560 -144) (-2304 48 -144) (-2560 48 -144) (-2560 2560 -144) 
4 577 582 (-2560 48 -144) (-2304 48 -144) (-2304 48 8) (-2560 48 8) 
4 578 646 (472 -192 -144) (472 -336 -144) (288 -336 -144) (288 -192 -144) 
4 578 593 (288 -336 -144) (472 -336 -144) (472 -336 8) (288 -336 8) 
4 578 579 (288 -192 -144) (288 -336 -144) (288 -336 -0) (288 -192 -0) 
4 579 646 (288 -192 -144) (288 -336 -144) (272 -336 -144) (272 -192 -144) 
4 579 594 (272 -336 -144) (288 -336 -144) (288 -336 -0) (272 -336 -0) 
4 579 580 (272 -192 -144) (272 -336 -144) (272 -336 -0) (272 -192 0) 
4 580 652 (-720 48 -144) (-320 48 -144) (-320 -336 -144) (-720 -336 -144) 
4 580 646 (272 -168 -144) (272 -336 -144) (-320 -336 -144) (-320 -168 -144) 
4 580 642 (-320 48 -144) (272 48 -144) (272 -168 -144) (-320 -168 -144) 
4 580 594 (-320 -336 -144) (272 -336 -144) (272 -336 -0) (-320 -336 0) 
4 581 663 (-2304 48 -144) (-736 48 -144) (-736 -336 -144) (-2304 -336 -144) 
4 581 597 (-2304 -336 -144) (-736 -336 -144) (-736 -336 8) (-2304 -336 8) 
4 582 665 (-2560 48 -144) (-2304 48 -144) (-2304 -336 -144) (-2560 -336 -144) 
4 582 598 (-2560 -336 -144) (-2304 -336 -144) (-2304 -336 8) (-2560 -336 8) 
4 583 608 (592 -432 -144) (680 -432 -144) (680 -432 -72) (592 -432 -72) 
4 583 607 (680 -432 -64) (680 -432 -56) (592 -432 -56) (592 -432 -64) 
4 583 606 (680 -432 -48) (680 -432 -16) (592 -432 -16) (592 -432 -48) 
4 583 605 (680 -432 -8) (680 -432 -0) (592 -432 -0) (592 -432 -8) 
4 583 587 (592 -336 -120) (592 -336 -144) (592 -432 -144) (592 -432 -72) 
4 583 586 (592 -336 -103.99999999999999) (592 -336 -112) (592 -432 -64) (592 -432 -55.99999999999999) 
4 583 585 (592 -336 -16) (592 -336 -96.00000000000001) (592 -432 -48.000000000000014) (592 -432 -16) 
4 583 584 (592 -336 -0) (592 -336 -8) (592 -432 -8) (592 -432 -0) 
4 584 592 (584 -416 -8) (584 -432 -8) (584 -432 -0) (584 -416 0) 
4 584 591 (584 -392 -8) (584 -416 -8) (584 -416 0) (584 -392 0) 
4 584 590 (584 -368 -8) (584 -392 -8) (584 -392 0) (584 -368 0) 
4 584 589 (584 -344 -8) (584 -368 -8) (584 -368 0) (584 -344 0) 
4 584 588 (584 -336 -0) (584 -336 -8) (584 -344 -8) (584 -344 0) 
4 585 592 (584 -416 -56.000000000000014) (584 -432 -48.000000000000014) (584 -432 -16) (584 -416 -16) 
4 585 591 (584 -392 -68.00000000000001) (584 -416 -56.000000000000014) (584 -416 -16) (584 -392 -16) 
4 585 590 (584 -368 -80.00000000000001) (584 -392 -68.00000000000001) (584 -392 -16) (584 -368 -16) 
4 585 589 (584 -344 -92.00000000000001) (584 -368 -80.00000000000001) (584 -368 -16) (584 -344 -16) 
4 585 588 (584 -336 -16) (584 -336 -96.00000000000001) (584 -344 -92.00000000000001) (584 -344 -16) 
4 586 592 (584 -416 -72) (584 -432 -64) (584 -432 -55.99999999999999) (584 -416 -63.99999999999999) 
4 586 591 (584 -392 -84) (584 -416 -72) (584 -416 -63.99999999999999) (584 -392 -75.99999999999999) 
4 586 590 (584 -368 -96) (584 -392 -84) (584 -392 -75.99999999999999) (584 -368 -87.99999999999999) 
4 586 589 (584 -344 -108) (584 -368 -96) (584 -368 -87.99999999999999) (584 -344 -99.99999999999999) 
4 586 588 (584 -336 -103.99999999999999) (584 -336 -112) (584 -344 -108) (584 -344 -99.99999999999999) 
4 587 592 (584 -432 -104) (584 -432 -72) (584 -416 -80) (584 -416 -104) 
4 587 591 (584 -416 -112) (584 -416 -80) (584 -392 -92) (584 -392 -112) 
4 587 590 (584 -392 -120) (584 -392 -92) (584 -368 -104) (584 -368 -120) 
4 587 589 (584 -368 -128) (584 -368 -104) (584 -344 -116) (584 -344 -128) 
4 587 588 (584 -336 -120) (584 -336 -136) (584 -344 -136) (584 -344 -116) 
4 588 589 (480 -344 8) (480 -344 -128) (584 -344 -128) (584 -344 8) 
4 589 590 (480 -368 8) (480 -368 -120) (584 -368 -120) (584 -368 8) 
4 590 591 (480 -392 8) (480 -392 -112) (584 -392 -112) (584 -392 8) 
4 591 592 (480 -416 8) (480 -416 -104) (584 -416 -104) (584 -416 8) 
4 592 609 (584 -432 -104) (584 -432 8) (480 -432 8) (480 -432 -104) 
4 593 646 (288 -336 -144) (472 -336 -144) (472 -432 -144) (288 -432 -144) 
4 593 610 (288 -432 -144) (472 -432 -144) (472 -432 8) (288 -432 8) 
4 593 595 (288 -352 -144) (288 -432 -144) (288 -432 8) (288 -352 8) 
4 593 594 (288 -336 -0) (288 -336 -144) (288 -352 -144) (288 -352 -0) 
4 594 646 (-320 -336 -144) (288 -336 -144) (288 -352 -144) (-320 -352 -144) 
4 594 595 (-320 -352 -0) (-320 -352 -144) (288 -352 -144) (288 -352 -0) 
4 595 646 (288 -352 -144) (288 -432 -144) (-320 -432 -144) (-320 -352 -144) 
4 595 610 (-320 -432 -144) (288 -432 -144) (288 -432 8) (-320 -432 8) 
4 595 596 (-320 -352 -144) (-320 -432 -144) (-320 -432 8) (-320 -352 8) 
4 596 655 (-320 -352 -144) (-320 -432 -144) (-736 -432 -144) (-736 -352 -144) 
4 596 610 (-736 -432 -144) (-320 -432 -144) (-320 -432 8) (-736 -432 8) 
4 596 597 (-736 -352 -144) (-736 -432 -144) (-736 -432 8) (-736 -352 8) 
4 597 663 (-2304 -336 -144) (-736 -336 -144) (-736 -432 -144) (-2304 -432 -144) 
4 597 610 (-2304 -432 -144) (-736 -432 -144) (-736 -432 8) (-2304 -432 8) 
4 598 665 (-2560 -336 -144) (-2304 -336 -144) (-2304 -432 -144) (-2560 -432 -144) 
4 598 611 (-2560 -432 -144) (-2304 -432 -144) (-2304 -432 8) (-2560 -432 8) 
4 599 617 (-2304 -440 8) (288 -440 8) (288 -440 16) (-2304 -440 16) 
4 599 610 (288 -440 8) (-2304 -440 8) (-2304 -432 8) (288 -432 8) 
4 600 618 (-2560 -440 8) (-2304 -440 8) (-2304 -440 16) (-2560 -440 16) 
4 600 611 (-2304 -440 8) (-2560 -440 8) (-2560 -432 8) (-2304 -432 8) 
4 601 612 (1272 -440 0) (1208 -440 0) (1208 -440 -64) (1272 -440 -64) 
4 602 612 (1024 -440 -8) (1024 -440 -0) (880 -440 -0) (880 -440 -8) 
4 603 612 (1024 -440 -56) (1024 -440 -16) (880 -440 -16) (880 -440 -56) 
4 604 612 (1024 -440 -72) (1024 -440 -64) (880 -440 -64) (880 -440 -72) 
4 605 613 (608 -440 0) (592 -440 -0) (592 -440 -8) (608 -440 -8) 
4 605 612 (680 -440 -8) (680 -440 -0) (608 -440 0) (608 -440 -8) 
4 606 613 (608 -440 -16) (592 -440 -16) (592 -440 -48) (608 -440 -48) 
4 606 612 (680 -440 -48) (680 -440 -16) (608 -440 -16) (608 -440 -48) 
4 607 613 (608 -440 -56) (592 -440 -56) (592 -440 -64) (608 -440 -64) 
4 607 612 (680 -440 -64) (680 -440 -56) (608 -440 -56) (608 -440 -64) 
4 608 613 (608 -440 -80) (608 -440 -72) (592 -440 -72) (592 -440 -80) 
4 609 616 (575.9999999999999 -440 -88) (480 -440 -88) (480 -440 -96) (576 -440 -96) 
4 609 615 (552 -440 8) (480 -440 8) (480 -440 -88) (552 -440 -88) 
4 609 614 (584 -440 -88) (584 -440 -80) (552 -440 -80) (552 -440 -88) 
4 609 613 (584 -440 -80) (584 -440 8) (552 -440 8) (552 -440 -80) 
4 610 663 (-2304 -432 -144) (-736 -432 -144) (-736 -440 -144) (-2304 -440 -144) 
4 610 655 (-736 -432 -144) (-320 -432 -144) (-320 -440 -144) (-736 -440 -144) 
4 610 646 (-320 -432 -144) (472 -432 -144) (472 -440 -144) (-320 -440 -144) 
4 610 619 (-2304 -440 -144) (472 -440 -144) (472 -440 8) (-2304 -440 8) 
4 611 665 (-2560 -432 -144) (-2304 -432 -144) (-2304 -440 -144) (-2560 -440 -144) 
4 611 620 (-2560 -440 -144) (-2304 -440 -144) (-2304 -440 8) (-2560 -440 8) 
4 612 613 (608 -440 8) (608 -440 -72) (608 -512 -72) (608 -512 8) 
4 613 615 (552 -512 -80) (552 -512 8) (552 -440 8) (552 -440 -80) 
3 613 614 (552 -496 -80) (552 -440 -80) (592 -440 -80) 
3 614 616 (552 -440 -88) (575.9999999999999 -440 -88) (552 -454 -88) 
4 614 615 (552 -440 -88) (552 -496 -88) (552 -496 -80) (552 -440 -80) 
4 615 616 (480 -495.99999999999994 -88) (480 -440 -88) (552 -440 -88) (552 -454 -88) 
4 617 636 (-2304 -512 8) (-736 -512 8) (-736 -512 16) (-2304 -512 16) 
4 617 632 (-736 -512 8) (-320 -512 8) (-320 -512 16) (-736 -512 16) 
4 617 621 (-320 -512 8) (288 -512 8) (288 -512 16) (-320 -512 16) 
4 617 619 (-2304 -440 8) (288 -440 8) (288 -512 8) (-2304 -512 8) 
4 618 638 (-2560 -512 8) (-2304 -512 8) (-2304 -512 16) (-2560 -512 16) 
4 618 620 (-2560 -440 8) (-2304 -440 8) (-2304 -512 8) (-2560 -512 8) 
4 619 663 (-2304 -440 -144) (-736 -440 -144) (-736 -512 -144) (-2304 -512 -144) 
4 619 655 (-736 -440 -144) (-320 -440 -144) (-320 -512 -144) (-736 -512 -144) 
4 619 646 (-320 -440 -144) (472 -440 -144) (472 -512 -144) (-320 -512 -144) 
4 619 636 (-2304 -512 -144) (-736 -512 -144) (-736 -512 8) (-2304 -512 8) 
4 619 632 (-736 -512 -144) (-320 -512 -144) (-320 -512 8) (-736 -512 8) 
4 619 625 (-320 -512 -144) (472 -512 -144) (472 -512 8) (-320 -512 8) 
4 620 665 (-2560 -440 -144) (-2304 -440 -144) (-2304 -512 -144) (-2560 -512 -144) 
4 620 638 (-2560 -512 -144) (-2304 -512 -144) (-2304 -512 8) (-2560 -512 8) 
4 621 632 (-320 -512 16) (-320 -512 8) (-320 -528 8) (-320 -528 16) 
4 621 627 (-320 -528 16) (-320 -528 8) (288 -528 8) (288 -528 16) 
4 621 625 (288 -528 8) (-320 -528 8) (-320 -512 8) (288 -512 8) 
4 622 645 (608 -512 -144) (1280 -512 -144) (1280 -520 -144) (608 -520 -144) 
4 622 623 (608 -520 -72) (608 -520 -144) (1280 -520 -144) (1280 -520 -72) 
4 623 645 (1280 -520 -144) (1280 -528 -144) (608 -528 -144) (608 -520 -144) 
4 623 626 (608 -528 -144) (1280 -528 -144) (1280 -528 -0) (608 -528 -0) 
4 623 624 (608 -528 -144) (608 -528 8) (608 -520 8) (608 -520 -144) 
4 624 646 (480 -528 -144) (472 -528 -144) (472 -520 -144) (480 -520 -144) 
4 624 645 (608 -520 -144) (608 -528 -144) (480 -528 -144) (480 -520 -144) 
4 624 627 (472 -528 -144) (576 -528 -144) (576 -528 8) (472 -528 8) 
4 624 626 (576 -528 -144) (608 -528 -144) (608 -528 -0) (576 -528 -0) 
4 624 625 (472 -528 -144) (472 -528 8) (472 -520 8) (472 -520 -144) 
4 625 646 (-320 -528 -144) (-320 -512 -144) (472 -512 -144) (472 -528 -144) 
4 625 632 (-320 -512 8) (-320 -512 -144) (-320 -528 -144) (-320 -528 8) 
4 625 627 (-320 -528 8) (-320 -528 -144) (472 -528 -144) (472 -528 8) 
4 626 645 (576 -528 -144) (1280 -528 -144) (1280 -896 -144) (576 -896 -144) 
4 626 628 (576 -896 -144) (1280 -896 -144) (1280 -896 -0) (576 -896 -0) 
4 626 627 (576 -528 -0) (576 -528 -144) (576 -896 -144) (576 -896 -0) 
4 627 646 (-320 -896 -144) (-320 -528 -144) (480 -528 -144) (480 -896 -144) 
4 627 645 (480 -528 -144) (576 -528 -144) (576 -896 -144) (480 -896 -144) 
4 627 632 (-320 -528 -144) (-320 -896 -144) (-320 -896 16) (-320 -528 16) 
4 627 630 (-320 -896 16) (-320 -896 -144) (576 -896 -144) (576 -896 16) 
4 628 645 (576 -896 -144) (1280 -896 -144) (1280 -912 -144) (576 -912 -144) 
4 628 630 (576 -896 -0) (576 -896 -144) (576 -912 -144) (576 -912 -0) 
4 628 629 (576 -912 -0) (576 -912 -144) (1280 -912 -144) (1280 -912 -0) 
4 629 645 (1280 -912 -144) (1280 -1528 -144) (576 -1528 -144) (576 -912 -144) 
4 629 630 (576 -912 -144) (576 -1528 -144) (576 -1528 16) (576 -912 16) 
4 630 646 (-320 -1528 -144) (-320 -896 -144) (480 -896 -144) (480 -1528 -144) 
4 630 645 (480 -896 -144) (576 -896 -144) (576 -1528 -144) (480 -1528 -144) 
4 630 634 (-320 -1120 -144) (-320 -1528 -144) (-320 -1528 16) (-320 -1120 16) 
4 630 633 (-320 -1120 -64) (-320 -1120 16) (-320 -912 16) (-320 -912 -64) 
4 630 632 (-320 -896 -144) (-320 -912 -144) (-320 -912 16) (-320 -896 16) 
4 631 647 (-320 -1784 -144) (-320 -1528 -144) (1280 -1528 -144) (1280 -1784 -144) 
4 631 635 (-320 -1528 -144) (-320 -1784 -144) (-320 -1784 16) (-320 -1528 16) 
4 632 655 (-736 -912 -144) (-736 -512 -144) (-320 -512 -144) (-320 -912 -144) 
4 632 636 (-736 -512 16) (-736 -512 -144) (-736 -912 -144) (-736 -912 16) 
4 632 633 (-736 -912 16) (-736 -912 -64) (-320 -912 -64) (-320 -912 16) 
4 633 636 (-736 -1120 -64) (-736 -1120 16) (-736 -912 16) (-736 -912 -64) 
4 633 634 (-736 -1120 16) (-736 -1120 -64) (-320 -1120 -64) (-320 -1120 16) 
4 634 656 (-736 -1528 -144) (-736 -1120 -144) (-320 -1120 -144) (-320 -1528 -144) 
4 634 636 (-736 -1120 -144) (-736 -1528 -144) (-736 -1528 16) (-736 -1120 16) 
4 635 657 (-736 -1784 -144) (-736 -1528 -144) (-320 -1528 -144) (-320 -1784 -144) 
4 635 637 (-736 -1528 -144) (-736 -1784 -144) (-736 -1784 16) (-736 -1528 16) 
4 636 663 (-2304 -1528 -144) (-2304 -512 -144) (-736 -512 -144) (-736 -1528 -144) 
4 637 664 (-2304 -1784 -144) (-2304 -1528 -144) (-736 -1528 -144) (-736 -1784 -144) 
4 637 638 (-2304 -1528 -144) (-2304 -1784 -144) (-2304 -1784 16) (-2304 -1528 16) 
4 638 665 (-2560 -2816 -144) (-2560 -512 -144) (-2304 -512 -144) (-2304 -2816 -144) 
4 639 649 (-320 784 -1136) (-320 528 -1136) (-320 528 -144) (-320 784 -144) 
4 639 648 (-320 528 -1136) (-320 784 -1136) (1280 784 -1136) (1280 528 -1136) 
4 640 650 (-320 528 -1136) (-320 472 -1136) (-320 472 -144) (-320 528 -144) 
4 640 643 (-320 472 -184) (-320 472 -1136) (1280 472 -1136) (1280 472 -184) 
4 640 642 (-320 472 -144) (-320 472 -184) (472 472 -184) (472 472 -144) 
4 640 641 (1024 472 -184) (1280 472 -184) (1280 472 -144) (1024 472 -144) 
4 641 643 (1280 -168 -184) (1024 -168 -184) (1024 472 -184) (1280 472 -184) 
4 642 652 (-320 -168 -184) (-320 -168 -144) (-320 48 -144) (-320 48 -184) 
4 642 650 (-320 64 -144) (-320 472 -144) (-320 472 -184) (-320 64 -184) 
4 642 646 (-320 -168 -144) (-320 -168 -184) (472 -168 -184) (472 -168 -144) 
4 642 643 (472 -168 -184) (-320 -168 -184) (-320 472 -184) (472 472 -184) 
4 643 652 (-320 48 -1136) (-320 -168 -1136) (-320 -168 -184) (-320 48 -184) 
4 643 651 (-320 64 -1136) (-320 48 -1136) (-320 48 -256) (-320 64 -256) 
4 643 650 (-320 472 -1136) (-320 64 -1136) (-320 64 -184) (-320 472 -184) 
4 643 646 (-320 -168 -184) (-320 -168 -1136) (480 -168 -1136) (480 -168 -184) 
4 643 644 (480 -168 -1136) (1280 -168 -1136) (1280 -168 -464) (480 -168 -464) 
4 644 646 (480 -168 -464) (480 -168 -1136) (480 -440 -1136) (480 -440 -464) 
4 644 645 (480 -440 -464) (480 -440 -1136) (1280 -440 -1136) (1280 -440 -464) 
4 645 646 (480 -440 -1136) (480 -1528 -1136) (480 -1528 -144) (480 -440 -144) 
4 646 659 (-320 -1120 -1136) (-320 -1528 -1136) (-320 -1528 -240) (-320 -1120 -240) 
4 646 658 (-320 -352 -1136) (-320 -1120 -1136) (-320 -1120 -256) (-320 -352 -256) 
4 646 656 (-320 -1528 -240) (-320 -1528 -144) (-320 -1120 -144) (-320 -1120 -240) 
4 646 655 (-320 -912 -144) (-320 -352 -144) (-320 -352 -240) (-320 -912 -240) 
4 646 654 (-320 -336 -1136) (-320 -352 -1136) (-320 -352 -256) (-320 -336 -256) 
4 646 652 (-320 -168 -1136) (-320 -336 -1136) (-320 -336 -144) (-320 -168 -144) 
4 647 660 (-320 -1528 -1136) (-320 -1784 -1136) (-320 -1784 -240) (-320 -1528 -240) 
4 647 657 (-320 -1784 -240) (-320 -1784 -144) (-320 -1528 -144) (-320 -1528 -240) 
4 647 648 (-320 -1784 -1136) (-320 -1528 -1136) (1280 -1528 -1136) (1280 -1784 -1136) 
4 648 661 (-320 -2760 -1144) (-320 -2760 -1136) (-320 2576 -1136) (-320 2576 -1144) 
4 649 662 (-736 784 -1136) (-736 528 -1136) (-736 528 -144) (-736 784 -144) 
4 649 661 (-736 528 -1136) (-736 784 -1136) (-320 784 -1136) (-320 528 -1136) 
4 650 663 (-736 528 -1136) (-736 64 -1136) (-736 64 -144) (-736 528 -144) 
4 650 651 (-736 64 -256) (-736 64 -1136) (-320 64 -1136) (-320 64 -256) 
4 651 663 (-736 64 -1136) (-736 48 -1136) (-736 48 -256) (-736 64 -256) 
4 651 653 (-736 48 -256) (-736 48 -1136) (-720 48 -1136) (-720 48 -256) 
4 651 652 (-720 48 -1136) (-320 48 -1136) (-320 48 -256) (-720 48 -256) 
4 652 654 (-720 -336 -1136) (-320 -336 -1136) (-320 -336 -256) (-720 -336 -256) 
4 652 653 (-720 48 -256) (-720 48 -1136) (-720 -336 -1136) (-720 -336 -256) 
4 653 663 (-736 48 -1136) (-736 -336 -1136) (-736 -336 -256) (-736 48 -256) 
4 653 654 (-736 -336 -256) (-736 -336 -1136) (-720 -336 -1136) (-720 -336 -256) 
4 654 663 (-736 -336 -1136) (-736 -352 -1136) (-736 -352 -256) (-736 -336 -256) 
4 654 658 (-736 -352 -256) (-736 -352 -1136) (-320 -352 -1136) (-320 -352 -256) 
4 655 663 (-736 -912 -144) (-736 -352 -144) (-736 -352 -240) (-736 -912 -240) 
4 656 663 (-736 -1528 -144) (-736 -1120 -144) (-736 -1120 -240) (-736 -1528 -240) 
4 656 659 (-736 -1528 -240) (-736 -1120 -240) (-320 -1120 -240) (-320 -1528 -240) 
4 657 664 (-736 -1784 -144) (-736 -1528 -144) (-736 -1528 -240) (-736 -1784 -240) 
4 657 660 (-736 -1784 -240) (-736 -1528 -240) (-320 -1528 -240) (-320 -1784 -240) 
4 658 663 (-736 -352 -1136) (-736 -1120 -1136) (-736 -1120 -256) (-736 -352 -256) 
4 658 659 (-736 -1120 -1136) (-320 -1120 -1136) (-320 -1120 -256) (-736 -1120 -256) 
4 659 663 (-736 -1120 -1136) (-736 -1528 -1136) (-736 -1528 -240) (-736 -1120 -240) 
4 660 664 (-736 -1528 -1136) (-736 -1784 -1136) (-736 -1784 -240) (-736 -1528 -240) 
4 660 661 (-736 -1784 -1136) (-736 -1528 -1136) (-320 -1528 -1136) (-320 -1784 -1136) 
4 661 666 (-736 -2760 -1144) (-736 -2760 -1136) (-736 2576 -1136) (-736 2576 -1144) 
4 662 666 (-2304 528 -1136) (-2304 784 -1136) (-736 784 -1136) (-736 528 -1136) 
4 662 665 (-2304 784 -1136) (-2304 528 -1136) (-2304 528 -144) (-2304 784 -144) 
4 664 666 (-2304 -1784 -1136) (-2304 -1528 -1136) (-736 -1528 -1136) (-736 -1784 -1136) 
4 664 665 (-2304 -1528 -1136) (-2304 -1784 -1136) (-2304 -1784 -144) (-2304 -1528 -144) 
4 665 666 (-2376 2560 -1136) (-2304 2560 -1136) (-2304 -2760 -1136) (-2376 -2760 -1136) 
0 -1
1 -1
2 -1
3 -1
4 -1
5 -1
6 -1
7 -1
8 -1
9 -1
10 -1
11 -1
12 -1
13 -1
14 -1
15 -1
16 -1
17 -1
18 -1
19 -1
20 -1
21 -1
22 -1
23 -1
24 -1
25 -1
26 -1
27 -1
28 -1
29 -1
30 -1
31 -1
32 -1
33 -1
34 -1
35 -1
36 -1
37 -1
38 -1
39 -1
40 -1
41 -1
42 -1
43 -1
44 45 -1
46 -1
47 -1
48 -1
49 -1
50 -1
51 -1
52 -1
53 -1
54 -1
55 -1
56 -1
57 -1
58 -1
59 -1
60 -1
61 -1
62 -1
63 -1
64 65 -1
66 -1
67 -1
68 -1
69 -1
70 -1
71 -1
72 -1
73 -1
74 -1
75 -1
76 -1
77 -1
78 -1
79 -1
80 -1
81 -1
82 -1
83 -1
84 -1
85 -1
86 -1
87 -1
88 -1
89 -1
90 -1
91 -1
92 -1
93 -1
94 -1
95 -1
96 -1
97 -1
98 -1
99 -1
100 -1
101 -1
102 -1
103 -1
104 -1
105 -1
106 -1
107 -1
108 -1
109 -1
110 -1
111 -1
112 -1
113 -1
114 -1
115 -1
116 -1
117 -1
118 -1
119 -1
120 -1
121 -1
122 -1
123 -1
124 -1
125 -1
126 -1
127 -1
128 -1
129 -1
130 -1
131 -1
132 -1
133 -1
134 -1
135 -1
136 -1
137 -1
138 -1
139 -1
140 -1
141 -1
142 -1
143 -1
144 -1
145 -1
146 -1
147 -1
148 -1
149 -1
150 -1
151 -1
152 -1
153 -1
154 -1
155 -1
156 -1
157 -1
158 -1
159 -1
160 -1
161 -1
162 -1
163 -1
164 -1
165 -1
166 -1
167 -1
168 -1
169 -1
170 -1
171 -1
172 -1
173 -1
174 -1
175 -1
176 177 178 -1
179 -1
180 -1
181 -1
182 -1
183 -1
184 -1
185 -1
186 -1
187 -1
188 -1
189 -1
190 -1
191 -1
192 -1
193 -1
194 -1
195 -1
196 -1
197 -1
198 -1
199 -1
200 -1
201 -1
202 -1
203 -1
204 -1
205 -1
206 -1
207 -1
208 -1
209 -1
210 -1
211 -1
212 -1
213 -1
214 -1
215 -1
216 -1
217 -1
218 -1
219 -1
220 -1
221 -1
222 -1
223 -1
224 -1
225 -1
226 -1
227 -1
228 -1
229 -1
230 -1
231 -1
232 -1
233 -1
234 -1
235 -1
236 -1
237 -1
238 -1
239 -1
240 -1
241 -1
242 -1
243 -1
244 -1
245 -1
246 -1
247 -1
248 -1
249 -1
250 -1
251 -1
252 -1
253 -1
254 -1
255 -1
256 -1
257 -1
258 -1
259 -1
260 -1
261 -1
262 -1
263 -1
264 -1
265 -1
266 -1
267 -1
268 -1
269 -1
270 -1
271 -1
272 -1
273 -1
274 -1
275 -1
276 -1
277 -1
278 -1
279 -1
280 -1
281 -1
282 -1
283 -1
284 -1
285 -1
286 -1
287 -1
288 -1
289 -1
290 -1
291 -1
292 -1
293 -1
294 -1
295 -1
296 -1
297 -1
298 -1
299 -1
300 -1
301 -1
302 -1
303 -1
304 -1
305 -1
306 -1
307 -1
308 -1
309 -1
310 -1
311 -1
312 -1
313 -1
314 -1
315 -1
316 -1
317 -1
318 -1
319 -1
320 -1
321 -1
322 -1
323 -1
324 -1
325 -1
326 -1
327 -1
328 -1
329 -1
330 -1
331 -1
332 -1
333 -1
334 -1
335 -1
336 -1
337 -1
338 -1
339 -1
340 -1
341 -1
342 -1
343 -1
344 -1
345 -1
346 -1
347 -1
348 -1
349 -1
350 -1
351 -1
352 -1
353 -1
354 -1
355 -1
356 -1
357 -1
358 -1
359 -1
360 -1
361 -1
362 -1
363 -1
364 -1
365 -1
366 -1
367 -1
368 -1
369 -1
370 -1
371 -1
372 -1
373 -1
374 -1
375 -1
376 -1
377 -1
378 -1
379 -1
380 -1
381 -1
382 -1
383 -1
384 -1
385 -1
386 -1
387 -1
388 -1
389 -1
390 -1
391 -1
392 -1
393 -1
394 -1
395 -1
396 -1
397 -1
398 -1
399 -1
400 -1
401 -1
402 -1
403 -1
404 -1
405 -1
406 -1
407 -1
408 -1
409 -1
410 -1
411 -1
412 -1
413 -1
414 -1
415 -1
416 -1
417 -1
418 -1
419 -1
420 -1
421 -1
422 -1
423 -1
424 -1
425 -1
426 -1
427 -1
428 -1
429 -1
430 -1
431 -1
432 -1
433 -1
434 -1
435 -1
436 -1
437 -1
438 -1
439 -1
440 -1
441 -1
442 -1
443 -1
444 -1
445 -1
446 -1
447 -1
448 -1
449 -1
450 -1
451 -1
452 -1
453 -1
454 -1
455 -1
456 -1
457 -1
458 -1
459 -1
460 -1
461 -1
462 -1
463 -1
464 -1
465 -1
466 -1
467 -1
468 -1
469 -1
470 -1
471 -1
472 -1
473 -1
474 -1
475 -1
476 -1
477 -1
478 -1
479 -1
480 -1
481 -1
482 483 484 -1
485 -1
486 -1
487 -1
488 -1
489 -1
490 -1
491 -1
492 -1
493 -1
494 -1
495 -1
496 -1
497 -1
498 -1
499 -1
500 -1
501 -1
502 -1
503 -1
504 -1
505 -1
506 -1
507 -1
508 -1
509 -1
510 -1
511 -1
512 -1
513 -1
514 -1
515 -1
516 -1
517 -1
518 -1
519 -1
520 -1
521 -1
522 -1
523 -1
524 -1
525 -1
526 -1
527 -1
528 -1
529 -1
530 -1
531 -1
532 -1
533 -1
534 -1
535 -1
536 -1
537 -1
538 -1
539 -1
540 -1
541 -1
542 -1
543 -1
544 -1
545 -1
546 -1
547 -1
548 -1
549 -1
550 -1
551 -1
552 -1
553 -1
554 -1
555 -1
556 -1
557 -1
558 -1
559 -1
560 -1
561 -1
562 -1
563 -1
564 -1
565 -1
566 -1
567 -1
568 -1
569 -1
570 -1
571 -1
572 -1
573 -1
574 -1
575 -1
576 -1
577 -1
578 -1
579 -1
580 -1
581 -1
582 -1
583 -1
584 -1
585 -1
586 -1
587 -1
588 -1
589 -1
590 -1
591 -1
592 -1
593 -1
594 -1
595 -1
596 -1
597 -1
598 -1
599 -1
600 -1
601 -1
602 -1
603 -1
604 -1
605 -1
606 -1
607 -1
608 -1
609 -1
610 -1
611 -1
612 -1
613 -1
614 -1
615 -1
616 -1
617 -1
618 -1
619 -1
620 -1
621 -1
622 -1
623 -1
624 -1
625 -1
626 -1
627 -1
628 -1
629 -1
630 -1
631 -1
632 -1
633 -1
634 -1
635 -1
636 -1
637 -1
638 -1
639 -1
640 -1
641 -1
642 -1
643 -1
644 -1
645 -1
646 -1
647 -1
648 -1
649 -1
650 -1
651 -1
652 -1
653 -1
654 -1
655 -1
656 -1
657 -1
658 -1
659 -1
660 -1
661 -1
662 -1
663 -1
664 -1
665 -1
666 -1
667 -1
668 -1
669 -1
670 -1
671 -1
672 -1
