PRT2
1007
995
2679
4 0 7 (2480 784 336) (2480 784 335.2138976801872) (2480 528 335.2138976801872) (2480 528 336) 
4 0 4 (2488 528 335.2138976801872) (2480 528 335.2138976801872) (2480 776 335.2138976801872) (2488 776 335.2138976801872) 
4 0 3 (2736 528 335.2138976801872) (2488 528 335.2138976801872) (2488 776 335.2138976801872) (2736 776 335.2138976801872) 
4 0 2 (2480 776 335.2138976801872) (2480 784 335.2138976801872) (2488 784 335.2138976801872) (2488 776 335.2138976801872) 
4 0 1 (2488 784 335.2138976801872) (2736 784 335.2138976801872) (2736 776 335.2138976801872) (2488 776 335.2138976801872) 
4 1 5 (2488 784 327.213897680185) (2736 784 327.213897680185) (2736 776 327.213897680185) (2488 776 327.213897680185) 
4 1 3 (2488 776 327.213897680185) (2736 776 327.213897680185) (2736 776 335.2138976801872) (2488 776 335.2138976801872) 
4 1 2 (2488 784 335.2138976801872) (2488 784 327.213897680185) (2488 776 327.213897680185) (2488 776 335.2138976801872) 
4 2 8 (2480 784 327.213897680185) (2480 776 327.213897680185) (2480 776 335.2138976801872) (2480 784 335.2138976801872) 
4 2 5 (2480 776 327.213897680185) (2480 784 327.213897680185) (2488 784 327.213897680185) (2488 776 327.213897680185) 
4 2 4 (2480 776 327.213897680185) (2488 776 327.213897680185) (2488 776 335.2138976801872) (2480 776 335.2138976801872) 
4 3 12 (2488 528 327.213897680185) (2736 528 327.213897680185) (2736 528 335.2138976801872) (2488 528 335.2138976801872) 
4 3 6 (2736 528 327.213897680185) (2488 528 327.213897680185) (2488 776 327.213897680185) (2736 776 327.213897680185) 
4 3 4 (2488 776 335.2138976801872) (2488 776 327.213897680185) (2488 528 327.213897680185) (2488 528 335.2138976801872) 
4 4 13 (2480 528 335.2138976801872) (2480 528 327.213897680185) (2488 528 327.213897680185) (2488 528 335.2138976801872) 
4 4 8 (2480 776 327.213897680185) (2480 528 327.213897680185) (2480 528 335.2138976801872) (2480 776 335.2138976801872) 
4 4 6 (2488 528 327.213897680185) (2480 528 327.213897680185) (2480 776 327.213897680185) (2488 776 327.213897680185) 
4 5 11 (2480 776 -1136) (2480 784 -1136) (2736 784 -1136) (2736 776 -1136) 
4 5 9 (2480 784 -1136) (2480 776 -1136) (2480 776 327.213897680185) (2480 784 327.213897680185) 
4 5 6 (2736 776 -1136) (2736 776 327.213897680185) (2480 776 327.213897680185) (2480 776 -1136) 
4 6 27 (2480 528 -1088) (2480 528 -1136) (2736 528 -1136) (2736 528 -1088) 
4 6 25 (2480 528 -1024) (2480 528 -1088) (2736 528 -1088) (2736 528 -1024) 
4 6 22 (2480 528 -952) (2480 528 -1024) (2736 528 -1024) (2736 528 -952) 
4 6 18 (2480 528 -752) (2480 528 -952) (2736 528 -952) (2736 528 -752) 
4 6 14 (2480 528 327.213897680185) (2480 528 -752) (2736 528 -752) (2736 528 327.213897680185) 
4 6 11 (2736 528 -1136) (2480 528 -1136) (2480 776 -1136) (2736 776 -1136) 
4 6 9 (2480 776 -1136) (2480 528 -1136) (2480 528 327.213897680185) (2480 776 327.213897680185) 
4 7 10 (24 784 336) (24 784 335.2138976801872) (24 528 335.2138976801872) (24 528 336) 
4 7 8 (24 528 335.2138976801872) (24 784 335.2138976801872) (2480 784 335.2138976801872) (2480 528 335.2138976801872) 
4 8 30 (24 528 335.2138976801872) (24 528 327.213897680185) (640 528 327.213897680185) (640 528 335.2138976801872) 
4 8 20 (640 528 327.213897680185) (1224 528 327.213897680185) (1224 528 335.2138976801872) (640 528 335.2138976801872) 
4 8 15 (1224 528 327.213897680185) (2480 528 327.213897680185) (2480 528 335.2138976801872) (1224 528 335.2138976801872) 
4 8 10 (24 784 335.2138976801872) (24 784 327.213897680185) (24 528 327.213897680185) (24 528 335.2138976801872) 
4 8 9 (24 528 327.213897680185) (24 784 327.213897680185) (2480 784 327.213897680185) (2480 528 327.213897680185) 
4 9 11 (2480 528 -1136) (24 528 -1136) (24 784 -1136) (2480 784 -1136) 
4 9 10 (24 784 -1136) (24 528 -1136) (24 528 327.213897680185) (24 784 327.213897680185) 
4 10 34 (-232 528 336) (-232 528 -1136) (24 528 -1136) (24 528 336) 
4 10 11 (24 528 -1136) (-232 528 -1136) (-232 784 -1136) (24 784 -1136) 
4 11 35 (24 528 -1136) (-232 528 -1136) (-232 528 -1144) (24 528 -1144) 
4 11 33 (640 528 -1136) (24 528 -1136) (24 528 -1144) (640 528 -1144) 
4 11 29 (2736 528 -1144) (2736 528 -1136) (640 528 -1136) (640 528 -1144) 
4 12 36 (2488 512 327.213897680185) (2736 512 327.213897680185) (2736 512 335.2138976801872) (2488 512 335.2138976801872) 
4 12 14 (2736 512 327.213897680185) (2488 512 327.213897680185) (2488 528 327.213897680185) (2736 528 327.213897680185) 
4 12 13 (2488 528 327.213897680185) (2488 512 327.213897680185) (2488 512 335.2138976801872) (2488 528 335.2138976801872) 
4 13 37 (2480 512 335.2138976801872) (2480 512 327.213897680185) (2488 512 327.213897680185) (2488 512 335.2138976801872) 
4 13 15 (2480 528 335.2138976801872) (2480 528 327.213897680185) (2480 512 327.213897680185) (2480 512 335.2138976801872) 
4 13 14 (2488 512 327.213897680185) (2480 512 327.213897680185) (2480 528 327.213897680185) (2488 528 327.213897680185) 
4 14 38 (2480 512 327.213897680185) (2480 512 -752) (2736 512 -752) (2736 512 327.213897680185) 
4 14 18 (2736 512 -752) (2480 512 -752) (2480 528 -752) (2736 528 -752) 
4 15 39 (1224 512 335.2138976801872) (1224 512 327.213897680185) (2480 512 327.213897680185) (2480 512 335.2138976801872) 
4 15 20 (1224 528 335.2138976801872) (1224 528 327.213897680185) (1224 512 327.213897680185) (1224 512 335.2138976801872) 
4 16 40 (2056 512 -752) (2480 512 -752) (2480 512 327.213897680185) (2056 512 327.213897680185) 
4 16 19 (2480 512 -752) (2056 512 -752) (2056 528 -752) (2480 528 -752) 
4 16 17 (2056 512 -704) (2056 512 327.213897680185) (2056 528 327.213897680185) (2056 528 -704) 
4 17 41 (1224 512 327.213897680185) (1224 512 -704) (2056 512 -704) (2056 512 327.213897680185) 
4 17 21 (1224 528 327.213897680185) (1224 528 -704) (1224 512 -704) (1224 512 327.213897680185) 
4 18 44 (2480 512 -952) (2736 512 -952) (2736 512 -752) (2480 512 -752) 
4 18 22 (2736 512 -952) (2480 512 -952) (2480 528 -952) (2736 528 -952) 
4 19 55 (1688 512 -952) (1704 512 -952) (1704 512 -752) (1688 512 -752) 
4 19 54 (1720 512 -952) (1736 512 -952) (1736 512 -752) (1720 512 -752) 
4 19 53 (1752 512 -952) (1768 512 -952) (1768 512 -752) (1752 512 -752) 
4 19 52 (1784 512 -952) (1800 512 -952) (1800 512 -752) (1784 512 -752) 
4 19 51 (1816 512 -952) (1832 512 -952) (1832 512 -752) (1816 512 -752) 
4 19 50 (1848 512 -952) (1864 512 -952) (1864 512 -752) (1848 512 -752) 
4 19 49 (1880 512 -952) (1896 512 -952) (1896 512 -752) (1880 512 -752) 
4 19 48 (1912 512 -952) (1928 512 -952) (1928 512 -752) (1912 512 -752) 
4 19 47 (1944 512 -952) (1960 512 -952) (1960 512 -752) (1944 512 -752) 
4 19 46 (1976 512 -952) (1992 512 -952) (1992 512 -752) (1976 512 -752) 
4 19 45 (2056 512 -952) (2480 512 -952) (2480 512 -752) (2056 512 -752) 
4 19 23 (2480 512 -952) (1672 512 -952) (1672 528 -952) (2480 528 -952) 
4 20 39 (640 512 335.2138976801872) (640 512 327.213897680185) (1224 512 327.213897680185) (1224 512 335.2138976801872) 
4 20 30 (640 528 335.2138976801872) (640 528 327.213897680185) (640 512 327.213897680185) (640 512 335.2138976801872) 
4 21 96 (640 512 -752) (640 512 -872) (1072 512 -872) (1072 512 -752) 
4 21 70 (1072 512 -872) (1224 512 -872) (1224 512 -752) (1072 512 -752) 
4 21 42 (640 512 327.213897680185) (640 512 -752) (1224 512 -752) (1224 512 327.213897680185) 
4 21 31 (640 528 327.213897680185) (640 528 -872) (640 512 -872) (640 512 327.213897680185) 
4 22 82 (2480 512 -1024) (2736 512 -1024) (2736 512 -1000) (2480 512 -1000) 
4 22 44 (2736 512 -1000) (2736 512 -952) (2480 512 -952) (2480 512 -1000) 
4 22 25 (2736 512 -1024) (2480 512 -1024) (2480 528 -1024) (2736 528 -1024) 
4 23 83 (2056 512 -1024) (2480 512 -1024) (2480 512 -1000) (2056 512 -1000) 
4 23 55 (1704 512 -952) (1688 512 -952) (1688 512 -1000) (1704 512 -1000) 
4 23 54 (1736 512 -952) (1720 512 -952) (1720 512 -1000) (1736 512 -1000) 
4 23 53 (1768 512 -952) (1752 512 -952) (1752 512 -1000) (1768 512 -1000) 
4 23 52 (1800 512 -952) (1784 512 -952) (1784 512 -1000) (1800 512 -1000) 
4 23 51 (1832 512 -952) (1816 512 -952) (1816 512 -1000) (1832 512 -1000) 
4 23 50 (1864 512 -952) (1848 512 -952) (1848 512 -1000) (1864 512 -1000) 
4 23 49 (1896 512 -952) (1880 512 -952) (1880 512 -1000) (1896 512 -1000) 
4 23 48 (1928 512 -952) (1912 512 -952) (1912 512 -1000) (1928 512 -1000) 
4 23 47 (1960 512 -952) (1944 512 -952) (1944 512 -1000) (1960 512 -1000) 
4 23 46 (1992 512 -952) (1976 512 -952) (1976 512 -1000) (1992 512 -1000) 
4 23 45 (2480 512 -1000) (2480 512 -952) (2056 512 -952) (2056 512 -1000) 
4 23 26 (2480 512 -1024) (1672 512 -1024) (1672 528 -1024) (2480 528 -1024) 
4 24 119 (640 512 -952) (640 512 -1024) (888 512 -1024) (888 512 -952) 
4 24 117 (888 512 -1024) (984 512 -1024) (984 512 -952) (888 512 -952) 
4 24 111 (992 512 -952) (984 512 -952) (984 512 -1008) (992 512 -1008) 
4 24 110 (1000 512 -1008) (1000 512 -952) (992 512 -952) (992 512 -1008) 
4 24 109 (1000 512 -1024) (1056 512 -1024) (1056 512 -952) (1000 512 -952) 
4 24 105 (1056 512 -1024) (1072 512 -1024) (1072 512 -1008) (1056 512 -1008) 
4 24 104 (1064 512 -952) (1056 512 -952) (1056 512 -1008) (1064 512 -1008) 
4 24 103 (1072 512 -1008) (1072 512 -952) (1064 512 -952) (1064 512 -1008) 
4 25 82 (2480 512 -1088) (2736 512 -1088) (2736 512 -1024) (2480 512 -1024) 
4 25 27 (2736 512 -1088) (2480 512 -1088) (2480 528 -1088) (2736 528 -1088) 
4 26 83 (2056 512 -1088) (2480 512 -1088) (2480 512 -1024) (2056 512 -1024) 
4 26 28 (2480 512 -1088) (1672 512 -1088) (1672 528 -1088) (2480 528 -1088) 
4 27 136 (2480 512 -1136) (2736 512 -1136) (2736 512 -1088) (2480 512 -1088) 
4 27 29 (2736 512 -1136) (2480 512 -1136) (2480 528 -1136) (2736 528 -1136) 
4 28 137 (1256 512 -1136) (2480 512 -1136) (2480 512 -1088) (1256 512 -1088) 
4 29 139 (640 512 -1136) (640 512 -1144) (2736 512 -1144) (2736 512 -1136) 
4 29 33 (640 528 -1136) (640 528 -1144) (640 512 -1144) (640 512 -1136) 
4 30 39 (24 512 335.2138976801872) (24 512 327.213897680185) (640 512 327.213897680185) (640 512 335.2138976801872) 
4 30 34 (24 528 335.2138976801872) (24 528 327.213897680185) (24 512 327.213897680185) (24 512 335.2138976801872) 
4 31 96 (24 512 -752) (24 512 -872) (640 512 -872) (640 512 -752) 
4 31 42 (24 512 327.213897680185) (24 512 -752) (640 512 -752) (640 512 327.213897680185) 
4 32 133 (608 512 -1000) (608 512 -960) (56 512 -960) (56 512 -1000) 
4 33 139 (24 512 -1136) (24 512 -1144) (640 512 -1144) (640 512 -1136) 
4 33 35 (24 528 -1136) (24 528 -1144) (24 512 -1144) (24 512 -1136) 
4 34 138 (-232 512 -1088) (-232 512 -1136) (24 512 -1136) (24 512 -1088) 
4 34 135 (-232 512 -920) (-232 512 -1088) (24 512 -1088) (24 512 -920) 
4 34 101 (-232 512 -872) (-232 512 -920) (24 512 -920) (24 512 -872) 
4 34 100 (-232 512 -752) (-232 512 -872) (24 512 -872) (24 512 -752) 
4 34 43 (-232 512 336) (-232 512 -752) (24 512 -752) (24 512 336) 
4 34 35 (-232 528 -1136) (24 528 -1136) (24 512 -1136) (-232 512 -1136) 
4 35 139 (24 512 -1144) (24 512 -1136) (-232 512 -1136) (-232 512 -1144) 
4 36 140 (2488 80 327.213897680185) (2736 80 327.213897680185) (2736 80 335.2138976801872) (2488 80 335.2138976801872) 
4 36 38 (2736 80 327.213897680185) (2488 80 327.213897680185) (2488 512 327.213897680185) (2736 512 327.213897680185) 
4 36 37 (2488 512 327.213897680185) (2488 80 327.213897680185) (2488 80 335.2138976801872) (2488 512 335.2138976801872) 
4 37 141 (2480 80 335.2138976801872) (2480 80 327.213897680185) (2488 80 327.213897680185) (2488 80 335.2138976801872) 
4 37 39 (2480 512 335.2138976801872) (2480 512 327.213897680185) (2480 80 327.213897680185) (2480 80 335.2138976801872) 
4 37 38 (2488 80 327.213897680185) (2480 80 327.213897680185) (2480 512 327.213897680185) (2488 512 327.213897680185) 
4 38 180 (2480 80 -704) (2480 80 -752) (2736 80 -752) (2736 80 -704) 
4 38 148 (2480 80 -568) (2480 80 -704) (2736 80 -704) (2736 80 -568) 
4 38 142 (2480 80 327.213897680185) (2480 80 -568) (2736 80 -568) (2736 80 327.213897680185) 
4 38 61 (2736 80 -752) (2480 80 -752) (2480 496 -752) (2736 496 -752) 
4 38 44 (2480 496 -752) (2480 512 -752) (2736 512 -752) (2736 496 -752) 
4 39 143 (24 80 335.2138976801872) (24 80 327.213897680185) (2480 80 327.213897680185) (2480 80 335.2138976801872) 
4 39 43 (24 512 335.2138976801872) (24 512 327.213897680185) (24 80 327.213897680185) (24 80 335.2138976801872) 
4 40 182 (2056 80 -752) (2192 80 -752) (2192 80 -704) (2056 80 -704) 
4 40 181 (2192 80 -752) (2480 80 -752) (2480 80 -704) (2192 80 -704) 
4 40 150 (2192 80 -568) (2056 80 -568) (2056 80 -704) (2192 80 -704) 
4 40 149 (2480 80 -704) (2480 80 -568) (2192 80 -568) (2192 80 -704) 
4 40 145 (2192 80 327.213897680185) (2056 80 327.213897680185) (2056 80 -568) (2192 80 -568) 
4 40 144 (2480 80 -568) (2480 80 327.213897680185) (2192 80 327.213897680185) (2192 80 -568) 
4 40 62 (2480 80 -752) (2056 80 -752) (2056 496 -752) (2480 496 -752) 
4 40 45 (2056 496 -752) (2056 512 -752) (2480 512 -752) (2480 496 -752) 
4 40 41 (2056 80 -704) (2056 80 327.213897680185) (2056 512 327.213897680185) (2056 512 -704) 
4 41 151 (2056 80 -704) (2056 80 -568) (1224 80 -568) (1224 80 -704) 
4 41 147 (1440 80 327.213897680185) (1224 80 327.213897680185) (1224 80 -568) (1440 80 -568) 
4 41 145 (2056 80 -568) (2056 80 327.213897680185) (1440 80 327.213897680185) (1440 80 -568) 
4 41 42 (1224 80 -704) (1224 80 327.213897680185) (1224 512 327.213897680185) (1224 512 -704) 
4 42 188 (24 80 -704) (24 80 -752) (128 80 -752) (128 80 -704) 
4 42 187 (128 80 -752) (168 80 -752) (168 80 -704) (128 80 -704) 
4 42 152 (24 80 -568) (24 80 -704) (120 80 -704) (120 80 -568) 
4 42 151 (120 80 -704) (1224 80 -704) (1224 80 -568) (120 80 -568) 
4 42 147 (24 80 327.213897680185) (24 80 -568) (1224 80 -568) (1224 80 327.213897680185) 
4 42 99 (248 80 -752) (24 80 -752) (24 96 -752) (248 96 -752) 
4 42 98 (432 80 -752) (264 80 -752) (264 96 -752) (432 96 -752) 
4 42 97 (1072 80 -752) (448 80 -752) (448 96 -752) (1072 96 -752) 
4 42 96 (24 96 -752) (24 512 -752) (1072 512 -752) (1072 96 -752) 
4 42 70 (1224 80 -752) (1072 80 -752) (1072 512 -752) (1224 512 -752) 
4 43 189 (-232 80 -704) (-232 80 -752) (24 80 -752) (24 80 -704) 
4 43 153 (-232 80 336) (-232 80 -704) (24 80 -704) (24 80 336) 
4 43 100 (24 80 -752) (-232 80 -752) (-232 512 -752) (24 512 -752) 
4 44 82 (2736 496 -1000) (2480 496 -1000) (2480 512 -1000) (2736 512 -1000) 
4 44 61 (2480 496 -1000) (2736 496 -1000) (2736 496 -752) (2480 496 -752) 
4 45 83 (2480 496 -1000) (2056 496 -1000) (2056 512 -1000) (2480 512 -1000) 
4 45 62 (2056 496 -1000) (2480 496 -1000) (2480 496 -752) (2056 496 -752) 
4 46 63 (1976 496 -1000) (1992 496 -1000) (1992 496 -752) (1976 496 -752) 
4 47 63 (1944 496 -1000) (1960 496 -1000) (1960 496 -752) (1944 496 -752) 
4 48 63 (1912 496 -1000) (1928 496 -1000) (1928 496 -752) (1912 496 -752) 
4 49 63 (1880 496 -1000) (1896 496 -1000) (1896 496 -752) (1880 496 -752) 
4 50 63 (1848 496 -1000) (1864 496 -1000) (1864 496 -752) (1848 496 -752) 
4 51 63 (1816 496 -1000) (1832 496 -1000) (1832 496 -752) (1816 496 -752) 
4 52 63 (1784 496 -1000) (1800 496 -1000) (1800 496 -752) (1784 496 -752) 
4 53 63 (1752 496 -1000) (1768 496 -1000) (1768 496 -752) (1752 496 -752) 
4 54 63 (1720 496 -1000) (1736 496 -1000) (1736 496 -752) (1720 496 -752) 
4 55 63 (1688 496 -1000) (1704 496 -1000) (1704 496 -752) (1688 496 -752) 
4 56 63 (1408 496 -872) (1672 496 -872) (1672 496 -752) (1408 496 -752) 
4 56 58 (1672 496 -872) (1408 496 -872) (1408 512 -872) (1672 512 -872) 
4 56 57 (1408 512 -872) (1408 496 -872) (1408 496 -816.0000000000002) (1408 512 -816.0000000000002) 
3 57 64 (1328 496 -872) (1408 496 -872) (1408 496 -816.0000000000002) 
4 57 58 (1408 496 -872) (1328 496 -872) (1328 512 -872) (1408 512 -872) 
4 58 65 (1288 496 -1000) (1408 496 -1000) (1408 496 -872) (1288 496 -872) 
4 58 63 (1408 496 -1000) (1672 496 -1000) (1672 496 -872) (1408 496 -872) 
4 58 60 (1288 512 -1000) (1288 496 -1000) (1288 496 -920) (1288 512 -920) 
4 58 59 (1288 496 -920) (1288 496 -887.9999999999999) (1288 512 -887.9999999999999) (1288 512 -920) 
3 59 66 (1256 496 -920) (1288 496 -920) (1288 496 -887.9999999999999) 
4 59 60 (1288 512 -920) (1288 496 -920) (1256 496 -920) (1256 512 -920) 
4 60 71 (1224 512 -1000) (1224 496 -1000) (1224 496 -920) (1224 512 -920) 
4 60 67 (1224 496 -920) (1224 496 -1000) (1288 496 -1000) (1288 496 -920) 
4 61 190 (2736 80 -752) (2480 80 -752) (2480 80 -1000) (2736 80 -1000) 
4 61 93 (2736 80 -1000) (2480 80 -1000) (2480 112 -1000) (2736 112 -1000) 
4 61 89 (2480 112 -1000) (2480 416 -1000) (2736 416 -1000) (2736 112 -1000) 
4 61 82 (2480 416 -1000) (2480 496 -1000) (2736 496 -1000) (2736 416 -1000) 
4 62 191 (2480 80 -752) (2056 80 -752) (2056 80 -1000) (2480 80 -1000) 
4 62 94 (2480 80 -1000) (2056 80 -1000) (2056 112 -1000) (2480 112 -1000) 
4 62 90 (2056 112 -1000) (2056 416 -1000) (2480 416 -1000) (2480 112 -1000) 
4 62 83 (2056 416 -1000) (2056 496 -1000) (2480 496 -1000) (2480 416 -1000) 
4 63 69 (1736 112 -1000) (1752 112 -1000) (1752 112 -752) (1736 112 -752) 
4 63 68 (1752 112 -1000) (2040 112 -1000) (2040 112 -752) (1752 112 -752) 
4 63 65 (1408 496 -872) (1408 496 -1000) (1408 112 -1000) (1408 112 -872) 
4 63 64 (1408 496 -816.0000000000002) (1408 496 -872) (1408 112 -872) (1408 112 -816.0000000000002) 
4 64 65 (1328 496 -872) (1408 496 -872) (1408 112 -872) (1328 112 -872) 
4 65 67 (1288 112 -1000) (1288 112 -920) (1288 496 -920) (1288 496 -1000) 
4 65 66 (1288 112 -920) (1288 112 -887.9999999999999) (1288 496 -887.9999999999999) (1288 496 -920) 
4 66 67 (1256 496 -920) (1288 496 -920) (1288 112 -920) (1256 112 -920) 
4 67 71 (1224 496 -1000) (1224 112 -1000) (1224 112 -920) (1224 496 -920) 
4 68 192 (2040 80 -752) (1752 80 -752) (1752 80 -1000) (2040 80 -1000) 
4 68 69 (1752 112 -752) (1752 112 -1000) (1752 87.9999999999998 -1000) (1752 87.9999999999998 -752) 
4 70 97 (1072 80 -872) (1072 80 -752) (1072 96 -752) (1072 96 -872) 
4 70 96 (1072 96 -752) (1072 512 -752) (1072 512 -872) (1072 96 -872) 
4 71 72 (1192 512 -1000) (1192 400 -1000) (1192 400.00000000000006 -920) (1192 512 -920) 
4 72 77 (1184 512 -1000) (1184 416 -1000) (1184 416 -968) (1184 512 -968) 
4 72 75 (1184 416 -952) (1184 512 -952) (1184 512 -968) (1184 416 -968) 
4 72 74 (1184 416 -920) (1184 512 -920) (1184 512 -952) (1184 416 -952) 
4 73 95 (1184 96 -1000) (1184 112 -1000) (1192 112 -1000) (1192 96 -1000) 
4 73 78 (1184 112 -1000) (1184 96 -1000) (1184 96 -920) (1184 112 -920) 
4 74 79 (1168 416 -920) (1168 512 -920) (1168 512 -952) (1168 416 -952) 
4 74 75 (1168 416 -952) (1168 512 -952) (1184 512 -952) (1184 416 -952) 
4 75 79 (1168 416 -952) (1168 512 -952) (1168 512 -968) (1168 416 -968) 
4 75 77 (1168 416 -968) (1168 512 -968) (1184 512 -968) (1184 416 -968) 
4 76 78 (1176 400 -968) (1184 400 -968) (1184 400 -952) (1176 400 -952) 
4 77 79 (1168 512 -1000) (1168 416 -1000) (1168 416 -968) (1168 512 -968) 
4 78 95 (1168 96 -1000) (1168 112 -1000) (1184 112 -1000) (1184 96 -1000) 
4 78 81 (1168 400 -1000) (1168 96 -1000) (1168 96 -920) (1168 400 -920) 
4 79 103 (1072 512 -952) (1072 512 -1000) (1072 416 -1000) (1072 416 -952) 
4 79 102 (1072 416 -920) (1072 512 -920) (1072 512 -952) (1072 416 -952) 
4 79 86 (1072 416 -1000) (1072 512 -1000) (1120 512 -1000) (1120 416 -1000) 
4 79 85 (1120 512 -1000) (1136 512 -1000) (1136 416 -1000) (1120 416 -1000) 
4 79 84 (1136 512 -1000) (1152 512 -1000) (1152 416 -1000) (1136 416 -1000) 
5 79 80 (1072 416 -1000) (1091.2000000000003 416 -1000) (1168 416 -968.0000000000001) (1168 416 -920) (1072 416 -920) 
4 80 103 (1072 416 -952) (1072 416 -1000) (1072 400 -1000) (1072 400 -952) 
4 80 91 (1072 400 -1000) (1072 416 -1000) (1091.2000000000003 416 -1000) (1091.2000000000003 400 -1000) 
5 80 81 (1072 400 -1000) (1091.2000000000003 400 -1000) (1168 400 -968.0000000000001) (1168 400 -920) (1072 400 -920) 
4 81 107 (1072 112 -952) (1072 112 -1000) (1072 96 -1000) (1072 96 -952) 
4 81 106 (1072 112 -920) (1072 400 -920) (1072 400 -1000) (1072 112 -1000) 
4 81 95 (1072 96 -1000) (1072 112 -1000) (1168 112 -1000) (1168 96 -1000) 
4 81 92 (1072 112 -1000) (1072 400 -1000) (1168 400 -1000) (1168 112 -1000) 
4 82 136 (2736 416 -1088) (2480 416 -1088) (2480 512 -1088) (2736 512 -1088) 
4 82 89 (2736 416 -1000) (2480 416 -1000) (2480 416 -1088) (2736 416 -1088) 
4 83 137 (2480 416 -1088) (2056 416 -1088) (2056 512 -1088) (2480 512 -1088) 
4 83 90 (2480 416 -1000) (2056 416 -1000) (2056 416 -1088) (2480 416 -1088) 
4 84 85 (1136 416 -1008) (1136 416 -1000) (1136 512 -1000) (1136 512 -1008) 
4 85 86 (1120 416 -1016) (1120 416 -1000) (1120 512 -1000) (1120 512 -1016) 
4 86 105 (1072 416 -1024) (1072 416 -1008) (1072 512 -1008) (1072 512 -1024) 
4 86 103 (1072 416 -1008) (1072 416 -1000) (1072 512 -1000) (1072 512 -1008) 
3 86 91 (1091.2000000000003 416 -1000) (1072 416 -1000) (1072 416 -1008.0000000000001) 
4 86 87 (1104 416 -1024) (1072 416 -1024) (1072 512 -1024) (1104 512 -1024) 
4 87 105 (1072 416 -1032) (1072 416 -1024) (1072 512 -1024) (1072 512 -1032) 
4 87 88 (1088 416 -1032) (1072 416 -1032) (1072 512 -1032) (1088 512 -1032) 
4 88 105 (1072 416 -1040) (1072 416 -1032) (1072 512 -1032) (1072 512 -1040) 
4 89 136 (2736 112 -1088) (2480 112 -1088) (2480 416 -1088) (2736 416 -1088) 
4 89 93 (2736 112 -1000) (2480 112 -1000) (2480 112 -1088) (2736 112 -1088) 
4 90 137 (2480 112 -1088) (2056 112 -1088) (2056 416 -1088) (2480 416 -1088) 
4 90 94 (2480 112 -1000) (2056 112 -1000) (2056 112 -1088) (2480 112 -1088) 
4 91 103 (1072 400 -1008.0000000000001) (1072 400 -1000) (1072 416 -1000) (1072 416 -1008.0000000000001) 
3 91 92 (1091.2000000000003 400 -1000) (1072 400 -1000) (1072 400 -1008.0000000000001) 
4 92 106 (1072 112 -1040) (1072 112 -1000) (1072 400 -1000) (1072 400 -1040) 
4 92 95 (1168 112 -1000) (1072 112 -1000) (1072 112 -1088) (1168 112 -1088) 
4 93 193 (2480 80 -1088) (2736 80 -1088) (2736 80 -1000) (2480 80 -1000) 
4 93 136 (2736 80 -1088) (2480 80 -1088) (2480 112 -1088) (2736 112 -1088) 
4 94 194 (2056 80 -1088) (2480 80 -1088) (2480 80 -1000) (2056 80 -1000) 
4 94 137 (2480 80 -1088) (2056 80 -1088) (2056 112 -1088) (2480 112 -1088) 
4 95 107 (1072 96 -1008) (1072 96 -1000) (1072 112 -1000) (1072 112 -1008) 
4 96 99 (24 96 -752) (24 96 -872) (248 96 -872) (248 96 -752) 
4 96 98 (264 96 -872) (432 96 -872) (432 96 -752) (264 96 -752) 
4 96 97 (448 96 -872) (1072 96 -872) (1072 96 -752) (448 96 -752) 
4 97 289 (480 80 -855.9999999999999) (480 80 -768.0000000000001) (448 80 -768.0000000000001) (448 80 -856) 
4 98 289 (432 80 -855.9999999999999) (432 80 -768.0000000000001) (264 80 -768.0000000000001) (264 80 -856) 
4 99 298 (24 80 -872) (168 80 -872) (168 80 -752) (24 80 -752) 
4 99 289 (248 80 -855.9999999999999) (248 80 -768.0000000000001) (216 80 -768.0000000000001) (216 80 -856) 
4 100 299 (-232 80 -872) (24 80 -872) (24 80 -752) (-232 80 -752) 
4 100 101 (-232 512 -872) (24 512 -872) (24 80 -872) (-232 80 -872) 
4 101 299 (-232 80 -920) (24 80 -920) (24 80 -872) (-232 80 -872) 
4 101 135 (-232 512 -920) (24 512 -920) (24 80 -920) (-232 80 -920) 
4 102 109 (1056 416 -920) (1056 512 -920) (1056 512 -952) (1056 416 -952) 
4 102 104 (1056 416 -952) (1056 512 -952) (1064 512 -952) (1064 416 -952) 
4 102 103 (1064 512 -952) (1072 512 -952) (1072 416 -952) (1064 416 -952) 
4 103 106 (1064 400 -1008) (1072 400 -1008) (1072 400 -952) (1064 400 -952) 
4 103 105 (1064 416 -1008) (1064 512 -1008) (1072 512 -1008) (1072 416 -1008) 
4 103 104 (1064 512 -1008) (1064 408 -1008) (1064 408 -952) (1064 512 -952) 
4 104 109 (1056 408 -952) (1056 512 -952) (1056 512 -1008) (1056 408 -1008) 
4 104 105 (1056 416 -1008) (1056 512 -1008) (1064 512 -1008) (1064 416 -1008) 
4 105 109 (1056 416 -1008) (1056 512 -1008) (1056 512 -1040) (1056 416 -1040) 
4 106 109 (1056 112 -1040) (1056 112 -920) (1056 400 -920) (1056 400 -1040) 
4 106 107 (1064 112 -1008) (1072 112 -1008) (1072 112 -952) (1064 112 -952) 
4 107 108 (1064 104 -1008) (1064 96 -1008) (1064 96 -952) (1064 104 -952) 
4 108 109 (1056 96 -1008) (1056 96 -952) (1056 104 -952) (1056 104 -1008) 
4 109 116 (1000 96 -1040) (1000 96 -1008) (1000 192 -1008) (1000 192 -1040) 
4 109 114 (1000 96 -1008) (1000 96 -952) (1000 200 -952) (1000 200 -1008) 
4 109 113 (1000 96 -952) (1000 96 -920) (1000 192 -920) (1000 192 -952) 
4 109 112 (1000 208 -920) (1000 496 -920) (1000 496 -1040) (1000 208 -1040) 
4 109 110 (1000 512 -952) (1000 512 -1008) (1000 504 -1008) (1000 504 -952) 
4 110 111 (992 512 -1008) (992 504 -1008) (992 504 -952) (992 512 -952) 
4 111 117 (984 496 -1008) (984 496 -952) (984 512 -952) (984 512 -1008) 
4 111 112 (984 496 -952) (984 496 -1008) (992 496 -1008) (992 496 -952) 
4 112 117 (984 208 -1040) (984 208 -920) (984 496 -920) (984 496 -1040) 
4 112 115 (984 208 -952) (984 208 -1008) (992 208 -1008) (992 208 -952) 
4 113 120 (984 96 -952) (984 96 -920) (984 192 -920) (984 192 -952) 
4 113 115 (992 96 -952) (984 96 -952) (984 192 -952) (992 192 -952) 
4 113 114 (1000 96 -952) (992 96 -952) (992 192 -952) (1000 192 -952) 
4 114 116 (1000 96 -1008) (992 96 -1008) (992 192 -1008) (1000 192 -1008) 
4 114 115 (992 200 -1008) (992 96 -1008) (992 96 -952) (992 200 -952) 
4 115 120 (984 96 -1008) (984 96 -952) (984 192 -952) (984 192 -1008) 
4 115 118 (984 192 -952) (984 208 -952) (984 208 -1008) (984 192 -1008) 
4 115 116 (992 96 -1008) (984 96 -1008) (984 192 -1008) (992 192 -1008) 
4 116 120 (984 96 -1040) (984 96 -1008) (984 192 -1008) (984 192 -1040) 
4 117 119 (888 512 -1088) (888 208 -1088) (888 208 -920) (888 512 -920) 
4 117 118 (888 208 -920) (888 208 -1048.0000000000002) (984 208 -1008) (984 208 -920) 
4 118 121 (968 192 -920) (888 192 -920) (888 192 -1048.0000000000002) (968 192 -1014.6666666666667) 
4 118 120 (984 192 -1008) (984 192 -920) (968 192 -920) (968 192 -1014.6666666666667) 
4 118 119 (888 192 -1048.0000000000002) (888 192 -920) (888 208 -920) (888 208 -1048.0000000000002) 
4 119 130 (640 264 -1088) (640 192 -1088) (640 192 -920) (640 264 -920) 
4 119 127 (640 496 -1088) (640 296 -1088) (640 296 -920) (640 496 -920) 
4 119 126 (640 192 -1080) (640 192 -1088) (888 192 -1088) (888 192 -1080) 
4 119 125 (640 192 -1072) (640 192 -1080) (888 192 -1080) (888 192 -1072) 
4 119 124 (640 192 -1064) (640 192 -1072) (888 192 -1072) (888 192 -1064) 
4 119 123 (640 192 -1056) (640 192 -1064) (888 192 -1064) (888 192 -1056) 
4 119 122 (640 192 -1048) (640 192 -1056) (888 192 -1056) (888 192 -1048) 
4 119 121 (640 192 -920) (640 192 -1048) (888 192 -1048) (888 192 -920) 
4 120 121 (968 192 -920) (968 192 -1040) (968 96 -1040) (968 96 -920) 
4 121 131 (640 112 -920) (640 152 -920) (640 152 -1048) (640 112 -1048) 
4 121 130 (640 184 -920) (640 192 -920) (640 192 -1048) (640 184 -1048) 
4 121 122 (952 96 -1048) (640 96 -1048) (640 192 -1048) (952 192 -1048) 
4 122 131 (640 112 -1048) (640 152 -1048) (640 152 -1056) (640 112 -1056) 
4 122 130 (640 184 -1048) (640 192 -1048) (640 192 -1056) (640 184 -1056) 
4 122 123 (936 96 -1056) (640 96 -1056) (640 192 -1056) (936 192 -1056) 
4 123 131 (640 112 -1056) (640 152 -1056) (640 152 -1064) (640 112 -1064) 
4 123 130 (640 184 -1056) (640 192 -1056) (640 192 -1064) (640 184 -1064) 
4 123 124 (920 96 -1064) (640 96 -1064) (640 192 -1064) (920 192 -1064) 
4 124 131 (640 112 -1064) (640 152 -1064) (640 152 -1072) (640 112 -1072) 
4 124 130 (640 184 -1064) (640 192 -1064) (640 192 -1072) (640 184 -1072) 
4 124 125 (904 96 -1072) (640 96 -1072) (640 192 -1072) (904 192 -1072) 
4 125 131 (640 112 -1072) (640 152 -1072) (640 152 -1080) (640 112 -1080) 
4 125 130 (640 184 -1072) (640 192 -1072) (640 192 -1080) (640 184 -1080) 
4 125 126 (888 96 -1080) (640 96 -1080) (640 192 -1080) (888 192 -1080) 
4 126 131 (640 152 -1088) (640 112 -1088) (640 112 -1080) (640 152 -1080) 
4 126 130 (640 192 -1088) (640 184 -1088) (640 184 -1080) (640 192 -1080) 
4 127 128 (632 496 -976) (632 496 -1032) (632 296 -1032) (632 296 -976) 
4 128 129 (616 496 -976) (616 496 -1032) (616 296 -1032) (616 296 -976) 
4 129 133 (608 496 -1088) (608 296 -1088) (608 296 -920) (608 496 -920) 
4 130 133 (608 264 -1088) (608 184 -1088) (608 184 -920) (608 264 -920) 
4 132 133 (608 152 -1088) (608 112 -1088) (608 112 -920) (608 152 -920) 
4 133 134 (56 496 -1088) (56 112 -1088) (56 112 -920) (56 496 -920) 
4 135 299 (-232 80 -1088) (24 80 -1088) (24 80 -920) (-232 80 -920) 
4 135 138 (24 80 -1088) (-232 80 -1088) (-232 512 -1088) (24 512 -1088) 
4 136 193 (2480 80 -1136) (2736 80 -1136) (2736 80 -1088) (2480 80 -1088) 
4 136 139 (2736 80 -1136) (2480 80 -1136) (2480 512 -1136) (2736 512 -1136) 
4 137 196 (1264 80 -1136) (1712 80 -1136) (1712 80 -1088) (1264 80 -1088) 
4 137 195 (1712 80 -1136) (2056 80 -1136) (2056 80 -1088) (1712 80 -1088) 
4 137 194 (2056 80 -1136) (2480 80 -1136) (2480 80 -1088) (2056 80 -1088) 
4 138 299 (-232 80 -1136) (24 80 -1136) (24 80 -1088) (-232 80 -1088) 
4 138 139 (24 80 -1136) (-232 80 -1136) (-232 512 -1136) (24 512 -1136) 
4 139 320 (792 80 -1136) (-232 80 -1136) (-232 80 -1144) (792 80 -1144) 
4 139 198 (1224 80 -1136) (792 80 -1136) (792 80 -1144) (1224 80 -1144) 
4 139 197 (2736 80 -1144) (2736 80 -1136) (1224 80 -1136) (1224 80 -1144) 
4 140 154 (2488 -728 327.213897680185) (2736 -728 327.213897680185) (2736 -728 335.2138976801872) (2488 -728 335.2138976801872) 
4 140 142 (2736 -728 327.213897680185) (2488 -728 327.213897680185) (2488 80 327.213897680185) (2736 80 327.213897680185) 
4 140 141 (2488 80 327.213897680185) (2488 -728 327.213897680185) (2488 -728 335.2138976801872) (2488 80 335.2138976801872) 
4 141 155 (2480 -728 335.2138976801872) (2480 -728 327.213897680185) (2488 -728 327.213897680185) (2488 -728 335.2138976801872) 
4 141 143 (2480 80 335.2138976801872) (2480 80 327.213897680185) (2480 -728 327.213897680185) (2480 -728 335.2138976801872) 
4 141 142 (2488 -728 327.213897680185) (2480 -728 327.213897680185) (2480 80 327.213897680185) (2488 80 327.213897680185) 
4 142 156 (2480 -728 327.213897680185) (2480 -728 -568) (2736 -728 -568) (2736 -728 327.213897680185) 
4 142 148 (2736 -728 -568) (2480 -728 -568) (2480 80 -568) (2736 80 -568) 
4 143 175 (24 -728 335.2138976801872) (24 -728 327.213897680185) (168 -728 327.213897680185) (168 -728 335.2138976801872) 
4 143 160 (168 -728 327.213897680185) (2176 -728 327.213897680185) (2176 -728 335.2138976801872) (168 -728 335.2138976801872) 
4 143 157 (2176 -728 327.213897680185) (2480 -728 327.213897680185) (2480 -728 335.2138976801872) (2176 -728 335.2138976801872) 
4 143 153 (24 80 335.2138976801872) (24 80 327.213897680185) (24 -728 327.213897680185) (24 -728 335.2138976801872) 
4 144 158 (2192 -728 -568) (2480 -728 -568) (2480 -728 327.213897680185) (2192 -728 327.213897680185) 
4 144 149 (2480 -728 -568) (2192 -728 -568) (2192 80 -568) (2480 80 -568) 
4 144 146 (2192 -728 -384) (2192 -728 327.213897680185) (2192 -696 327.213897680185) (2192 -696 -384) 
4 144 145 (2192 80 -568) (2192 -696 -568) (2192 -696 327.213897680185) (2192 80 327.213897680185) 
4 145 151 (1440 -296 -568) (1440 80 -568) (2056 80 -568) (2056 -296 -568) 
4 145 150 (2056 80 -568) (2192 80 -568) (2192 -696 -568) (2056 -696 -568) 
4 145 147 (1440 80 -568) (1440 -696 -568) (1440 -696 327.213897680185) (1440 80 327.213897680185) 
4 145 146 (1440 -696 327.213897680185) (1440 -696 -384) (2192 -696 -384) (2192 -696 327.213897680185) 
4 146 162 (1448 -728 327.213897680185) (1440 -728 327.213897680185) (1440 -728 -384) (1448 -728 -384) 
4 146 161 (2176 -728 327.213897680185) (1448 -728 327.213897680185) (1448 -728 -384) (2176 -728 -384) 
4 146 159 (2192 -728 -384) (2192 -728 327.213897680185) (2176 -728 327.213897680185) (2176 -728 -384) 
4 146 147 (1440 -728 -384) (1440 -728 327.213897680185) (1440 -696 327.213897680185) (1440 -696 -384) 
4 147 177 (24 -728 327.213897680185) (24 -728 -568) (128 -728 -568) (128 -728 327.213897680185) 
4 147 176 (168 -728 -560) (168 -728 327.213897680185) (128 -728 327.213897680185) (128 -728 -560) 
4 147 165 (168 -728 -568) (1440 -728 -568) (1440 -728 327.213897680185) (168 -728 327.213897680185) 
4 147 152 (120 -728 -568) (24 -728 -568) (24 80 -568) (120 80 -568) 
4 147 151 (120 -296 -568) (120 80 -568) (1440 80 -568) (1440 -296 -568) 
4 148 180 (2736 -728 -704) (2480 -728 -704) (2480 80 -704) (2736 80 -704) 
4 148 156 (2480 -728 -704) (2736 -728 -704) (2736 -728 -568) (2480 -728 -568) 
4 149 181 (2480 -728 -704) (2192 -728 -704) (2192 80 -704) (2480 80 -704) 
4 149 158 (2192 -728 -704) (2480 -728 -704) (2480 -728 -568) (2192 -728 -568) 
4 149 150 (2192 80 -704) (2192 -696 -704) (2192 -696 -568) (2192 80 -568) 
4 150 182 (2056 -696 -704) (2056 80 -704) (2192 80 -704) (2192 -696 -704) 
4 150 151 (2056 80 -704) (2056 -296 -704) (2056 -296 -568) (2056 80 -568) 
4 151 188 (120 -296 -704) (120 80 -704) (128 80 -704) (128 -296 -704) 
4 151 187 (128 80 -704) (168 80 -704) (168 -296 -704) (128 -296 -704) 
4 151 185 (192 -192 -704) (192 -296 -704) (168 -296 -704) (168 -192 -704) 
4 151 152 (120 80 -704) (120 -296 -704) (120 -296 -568) (120 80 -568) 
4 152 188 (120 -728 -704) (24 -728 -704) (24 80 -704) (120 80 -704) 
4 152 178 (24 -728 -624) (24 -728 -704) (120 -728 -704) (120 -728 -624) 
4 152 177 (24 -728 -568) (24 -728 -624) (120 -728 -624) (120 -728 -568) 
4 153 189 (24 -728 -704) (-232 -728 -704) (-232 80 -704) (24 80 -704) 
4 153 179 (-232 -728 336) (-232 -728 -704) (24 -728 -704) (24 -728 336) 
4 154 321 (2488 -744 327.213897680185) (2736 -744 327.213897680185) (2736 -744 335.2138976801872) (2488 -744 335.2138976801872) 
4 154 156 (2736 -744 327.213897680185) (2488 -744 327.213897680185) (2488 -728 327.213897680185) (2736 -728 327.213897680185) 
4 154 155 (2488 -728 327.213897680185) (2488 -744 327.213897680185) (2488 -744 335.2138976801872) (2488 -728 335.2138976801872) 
4 155 322 (2480 -744 335.2138976801872) (2480 -744 327.213897680185) (2488 -744 327.213897680185) (2488 -744 335.2138976801872) 
4 155 157 (2480 -728 335.2138976801872) (2480 -728 327.213897680185) (2480 -744 327.213897680185) (2480 -744 335.2138976801872) 
4 155 156 (2488 -744 327.213897680185) (2480 -744 327.213897680185) (2480 -728 327.213897680185) (2488 -728 327.213897680185) 
4 156 429 (2480 -744 -608) (2480 -744 -704) (2736 -744 -704) (2736 -744 -608) 
4 156 397 (2480 -744 -568) (2480 -744 -608) (2736 -744 -608) (2736 -744 -568) 
4 156 361 (2480 -744 -552) (2480 -744 -568) (2736 -744 -568) (2736 -744 -552) 
4 156 352 (2480 -744 -544) (2480 -744 -552) (2736 -744 -552) (2736 -744 -544) 
4 156 337 (2480 -744 -528) (2480 -744 -544) (2736 -744 -544) (2736 -744 -528) 
4 156 328 (2480 -744 -520) (2480 -744 -528) (2736 -744 -528) (2736 -744 -520) 
4 156 323 (2480 -744 327.213897680185) (2480 -744 -520) (2736 -744 -520) (2736 -744 327.213897680185) 
4 156 180 (2736 -744 -704) (2480 -744 -704) (2480 -728 -704) (2736 -728 -704) 
4 157 324 (2176 -744 335.2138976801872) (2176 -744 327.213897680185) (2480 -744 327.213897680185) (2480 -744 335.2138976801872) 
4 157 160 (2176 -728 335.2138976801872) (2176 -728 327.213897680185) (2176 -744 327.213897680185) (2176 -744 335.2138976801872) 
4 158 430 (2192 -744 -704) (2480 -744 -704) (2480 -744 -608) (2192 -744 -608) 
4 158 398 (2480 -744 -608) (2480 -744 -568) (2192 -744 -568) (2192 -744 -608) 
4 158 362 (2480 -744 -568) (2480 -744 -552) (2192 -744 -552) (2192 -744 -568) 
4 158 353 (2480 -744 -552) (2480 -744 -544) (2192 -744 -544) (2192 -744 -552) 
4 158 338 (2480 -744 -544) (2480 -744 -528) (2192 -744 -528) (2192 -744 -544) 
4 158 329 (2480 -744 -528) (2480 -744 -520) (2192 -744 -520) (2192 -744 -528) 
4 158 325 (2480 -744 -520) (2480 -744 327.213897680185) (2192 -744 327.213897680185) (2192 -744 -520) 
4 158 181 (2480 -744 -704) (2192 -744 -704) (2192 -728 -704) (2480 -728 -704) 
4 158 159 (2192 -744 327.213897680185) (2192 -728 327.213897680185) (2192 -728 -384) (2192 -744 -384) 
4 159 326 (2176 -744 327.213897680185) (2176 -744 -384) (2192 -744 -384) (2192 -744 327.213897680185) 
4 159 161 (2176 -728 327.213897680185) (2176 -728 -384) (2176 -744 -384) (2176 -744 327.213897680185) 
4 160 565 (168 -744 335.2138976801872) (168 -744 327.213897680185) (1296 -744 327.213897680185) (1296 -744 335.2138976801872) 
4 160 324 (1296 -744 327.213897680185) (2176 -744 327.213897680185) (2176 -744 335.2138976801872) (1296 -744 335.2138976801872) 
4 160 175 (168 -728 335.2138976801872) (168 -728 327.213897680185) (168 -744 327.213897680185) (168 -744 335.2138976801872) 
4 161 372 (1448 -744 -568) (1808 -744 -568) (1808 -744 -552) (1448 -744 -552) 
4 161 370 (1808 -744 -568) (1816 -744 -568) (1816 -744 -552) (1808 -744 -552) 
4 161 369 (1816 -744 -568) (1928 -744 -568) (1928 -744 -552) (1816 -744 -552) 
4 161 367 (1928 -744 -568) (1936 -744 -568) (1936 -744 -552) (1928 -744 -552) 
4 161 366 (1936 -744 -568) (2160 -744 -568) (2160 -744 -552) (1936 -744 -552) 
4 161 364 (2160 -744 -568) (2168 -744 -568) (2168 -744 -552) (2160 -744 -552) 
4 161 363 (2168 -744 -568) (2176 -744 -568) (2176 -744 -552) (2168 -744 -552) 
4 161 356 (1936 -744 -544) (1448 -744 -544) (1448 -744 -552) (1936 -744 -552) 
4 161 354 (2176 -744 -552) (2176 -744 -544) (1936 -744 -544) (1936 -744 -552) 
4 161 348 (1808 -744 -528) (1448 -744 -528) (1448 -744 -544) (1808 -744 -544) 
4 161 346 (1816 -744 -528) (1808 -744 -528) (1808 -744 -544) (1816 -744 -544) 
4 161 345 (1928 -744 -528) (1816 -744 -528) (1816 -744 -544) (1928 -744 -544) 
4 161 343 (1936 -744 -528) (1928 -744 -528) (1928 -744 -544) (1936 -744 -544) 
4 161 342 (2160 -744 -528) (1936 -744 -528) (1936 -744 -544) (2160 -744 -544) 
4 161 340 (2168 -744 -528) (2160 -744 -528) (2160 -744 -544) (2168 -744 -544) 
4 161 339 (2176 -744 -544) (2176 -744 -528) (2168 -744 -528) (2168 -744 -544) 
4 161 332 (1936 -744 -520) (1448 -744 -520) (1448 -744 -528) (1936 -744 -528) 
4 161 330 (2176 -744 -528) (2176 -744 -520) (1936 -744 -520) (1936 -744 -528) 
4 161 327 (2176 -744 -520) (2176 -744 327.213897680185) (1448 -744 327.213897680185) (1448 -744 -520) 
4 161 164 (1448 -728 -568) (1448 -744 -568) (1448 -744 -552) (1448 -728 -552) 
4 161 163 (1448 -744 -544) (1448 -744 -528) (1448 -728 -528) (1448 -728 -544) 
4 161 162 (1448 -744 -520) (1448 -744 327.213897680185) (1448 -728 327.213897680185) (1448 -728 -520) 
4 162 327 (1448 -744 -520) (1448 -744 327.213897680185) (1440 -744 327.213897680185) (1440 -744 -520) 
4 162 165 (1440 -744 -520) (1440 -744 327.213897680185) (1440 -728 327.213897680185) (1440 -728 -520) 
4 163 349 (1448 -744 -544) (1448 -744 -528) (1440 -744 -528) (1440 -744 -544) 
4 163 165 (1440 -744 -544) (1440 -744 -528) (1440 -728 -528) (1440 -728 -544) 
4 164 373 (1440 -744 -568) (1448 -744 -568) (1448 -744 -552) (1440 -744 -552) 
4 164 165 (1440 -728 -568) (1440 -744 -568) (1440 -744 -552) (1440 -728 -552) 
4 165 569 (168 -744 -496) (168 -744 -568) (1296 -744 -568) (1296 -744 -496) 
4 165 566 (168 -744 327.213897680185) (168 -744 -496) (1296 -744 -496) (1296 -744 327.213897680185) 
4 165 375 (1296 -744 -568) (1440 -744 -568) (1440 -744 -552) (1296 -744 -552) 
4 165 357 (1440 -744 -552) (1440 -744 -544) (1296 -744 -544) (1296 -744 -552) 
4 165 351 (1440 -744 -544) (1440 -744 -528) (1296 -744 -528) (1296 -744 -544) 
4 165 333 (1440 -744 -528) (1440 -744 -520) (1296 -744 -520) (1296 -744 -528) 
4 165 327 (1440 -744 -520) (1440 -744 327.213897680185) (1296 -744 327.213897680185) (1296 -744 -520) 
4 165 176 (168 -728 327.213897680185) (168 -728 -560) (168 -744 -560) (168 -744 327.213897680185) 
4 165 171 (168 -744 -568) (168 -728 -568) (1344 -728 -568) (1344 -744 -568) 
4 165 170 (1344 -728 -568) (1352 -728 -568) (1352 -744 -568) (1344 -744 -568) 
4 165 168 (1400 -728 -568) (1408 -728 -568) (1408 -744 -568) (1400 -744 -568) 
4 165 166 (1408 -728 -568) (1440 -728 -568) (1440 -744 -568) (1408 -744 -568) 
4 166 425 (1408 -744 -608) (1440 -744 -608) (1440 -744 -600) (1408 -744 -600) 
4 166 422 (1440 -744 -600) (1440 -744 -576) (1408 -744 -576) (1408 -744 -600) 
4 166 403 (1440 -744 -576) (1440 -744 -568) (1408 -744 -568) (1408 -744 -576) 
4 166 173 (1440 -736 -608) (1440 -744 -608) (1408 -744 -608) (1408 -736 -608) 
4 166 168 (1408 -744 -575.9999999999999) (1408 -744 -568) (1408 -728 -568) (1408 -728 -575.9999999999999) 
4 166 167 (1408 -728 -608) (1408 -744 -608) (1408 -744 -600.0000000000002) (1408 -728 -600.0000000000002) 
3 167 426 (1400.0000000000002 -744 -608) (1408 -744 -608) (1408 -744 -600.0000000000002) 
4 167 173 (1408 -736 -608) (1408 -744 -608) (1400.0000000000002 -744 -608) (1400.0000000000002 -736 -608) 
3 168 404 (1408 -744 -575.9999999999999) (1408 -744 -568) (1400 -744 -568) 
3 169 427 (1344 -744 -608) (1352 -744 -608) (1344 -744 -600.0000000000001) 
4 169 173 (1352 -736 -608) (1352 -744 -608) (1344 -744 -608) (1344 -736 -608) 
4 169 171 (1344 -728 -608) (1344 -744 -608) (1344 -744 -600.0000000000001) (1344 -728 -600.0000000000001) 
3 170 405 (1352 -744 -568) (1344 -744 -568) (1344 -744 -576.0000000000001) 
4 170 171 (1344 -744 -576.0000000000001) (1344 -744 -568) (1344 -728 -568) (1344 -728 -576.0000000000001) 
4 171 569 (168 -744 -568) (168 -744 -608) (1296 -744 -608) (1296 -744 -568) 
4 171 428 (1296 -744 -608) (1344 -744 -608) (1344 -744 -600) (1296 -744 -600) 
4 171 423 (1344 -744 -600) (1344 -744 -576) (1296 -744 -576) (1296 -744 -600) 
4 171 405 (1344 -744 -576) (1344 -744 -568) (1296 -744 -568) (1296 -744 -576) 
4 171 173 (168 -744 -608) (168 -736 -608) (1344 -736 -608) (1344 -744 -608) 
4 172 568 (168 -744 -648.0000000000002) (168 -744 -656) (1296 -744 -656) (1296 -744 -648.0000000000002) 
4 172 432 (1296 -744 -656) (2176 -744 -656) (2176 -744 -648.0000000000002) (1296 -744 -648.0000000000002) 
4 173 569 (168 -744 -608) (168 -744 -616) (1296 -744 -616) (1296 -744 -608) 
4 173 433 (1296 -744 -616) (2176 -744 -616) (2176 -744 -608) (1296 -744 -608) 
4 174 186 (168 -736 -704) (168 -728 -704) (192 -728 -704) (192 -736 -704) 
4 174 183 (2056 -728 -704) (2176 -728 -704) (2176 -736 -704) (2056 -736 -704) 
4 175 644 (24 -744 335.2138976801872) (24 -744 327.213897680185) (168 -744 327.213897680185) (168 -744 335.2138976801872) 
4 175 179 (24 -728 335.2138976801872) (24 -728 327.213897680185) (24 -744 327.213897680185) (24 -744 335.2138976801872) 
4 176 646 (168 -744 -560) (168 -744 -496) (128 -744 -496) (128 -744 -560) 
4 176 645 (168 -744 -496) (168 -744 327.213897680185) (128 -744 327.213897680185) (128 -744 -496) 
4 176 177 (128 -744 -560) (128 -744 327.213897680185) (128 -728 327.213897680185) (128 -728 -560) 
4 177 647 (24 -744 -496) (24 -744 -624) (128 -744 -624) (128 -744 -496) 
4 177 645 (24 -744 327.213897680185) (24 -744 -496) (128 -744 -496) (128 -744 327.213897680185) 
4 177 178 (24 -744 -624) (24 -728 -624) (128 -728 -624) (128 -744 -624) 
4 178 648 (24 -744 -624) (24 -744 -704) (128 -744 -704) (128 -744 -624) 
4 178 188 (128 -744 -704) (24 -744 -704) (24 -728 -704) (128 -728 -704) 
4 179 656 (-232 -744 336) (-232 -744 -704) (24 -744 -704) (24 -744 336) 
4 179 189 (24 -744 -704) (-232 -744 -704) (-232 -728 -704) (24 -728 -704) 
4 180 429 (2480 -744 -752) (2736 -744 -752) (2736 -744 -704) (2480 -744 -704) 
4 180 254 (2736 -744 -752) (2480 -744 -752) (2480 -696 -752) (2736 -696 -752) 
4 180 245 (2480 -696 -752) (2480 -296 -752) (2736 -296 -752) (2736 -696 -752) 
4 180 190 (2480 -296 -752) (2480 80 -752) (2736 80 -752) (2736 -296 -752) 
4 181 430 (2192 -744 -752) (2480 -744 -752) (2480 -744 -704) (2192 -744 -704) 
4 181 255 (2480 -744 -752) (2192 -744 -752) (2192 -696 -752) (2480 -696 -752) 
4 181 246 (2192 -696 -752) (2192 -296 -752) (2480 -296 -752) (2480 -696 -752) 
4 181 191 (2192 -296 -752) (2192 80 -752) (2480 80 -752) (2480 -296 -752) 
4 181 182 (2192 80 -752) (2192 -696 -752) (2192 -696 -704) (2192 80 -704) 
4 182 246 (2056 -696 -752) (2056 -296 -752) (2192 -296 -752) (2192 -696 -752) 
4 182 191 (2056 -296 -752) (2056 80 -752) (2192 80 -752) (2192 -296 -752) 
4 183 257 (2176 -744 -752) (2056 -744 -752) (2056 -728 -752) (2176 -728 -752) 
4 184 248 (1344 -696 -752) (1344 -328 -752) (1408 -328 -752) (1408 -696 -752) 
4 185 187 (168 -672 -712) (168 -672 -704) (168 -192 -704) (168 -192 -712) 
4 185 186 (168 -672 -704) (168 -672 -712) (192 -672 -712) (192 -672 -704) 
4 186 187 (168 -672 -752) (168 -720 -752) (168 -720 -704) (168 -672 -704) 
4 187 316 (128 -720 -752) (128 -672 -752) (168 -672 -752) (168 -720 -752) 
4 187 301 (128 -672 -752) (128 -192 -752) (168 -192 -752) (168 -672 -752) 
4 187 298 (128 -192 -752) (128 80 -752) (168 80 -752) (168 -192 -752) 
4 187 188 (128 80 -752) (128 -720 -752) (128 -720 -704) (128 80 -704) 
4 188 654 (24 -744 -752) (128 -744 -752) (128 -744 -704) (24 -744 -704) 
4 188 318 (128 -744 -752) (24 -744 -752) (24 -672 -752) (128 -672 -752) 
4 188 301 (24 -672 -752) (24 -192 -752) (128 -192 -752) (128 -672 -752) 
4 188 298 (24 -192 -752) (24 80 -752) (128 80 -752) (128 -192 -752) 
4 189 656 (-232 -744 -752) (24 -744 -752) (24 -744 -704) (-232 -744 -704) 
4 189 319 (24 -744 -752) (-232 -744 -752) (-232 -672 -752) (24 -672 -752) 
4 189 302 (-232 -672 -752) (-232 -192 -752) (24 -192 -752) (24 -672 -752) 
4 189 299 (-232 -192 -752) (-232 80 -752) (24 80 -752) (24 -192 -752) 
4 190 245 (2736 -296 -752) (2480 -296 -752) (2480 -296 -1000) (2736 -296 -1000) 
4 190 193 (2736 -296 -1000) (2480 -296 -1000) (2480 80 -1000) (2736 80 -1000) 
4 191 246 (2480 -296 -752) (2056 -296 -752) (2056 -296 -1000) (2480 -296 -1000) 
4 191 194 (2480 -296 -1000) (2056 -296 -1000) (2056 80 -1000) (2480 80 -1000) 
4 192 247 (2040 -296 -752) (1752 -296 -752) (1752 -296 -1000) (2040 -296 -1000) 
4 193 250 (2736 -296 -1000) (2480 -296 -1000) (2480 -296 -1136) (2736 -296 -1136) 
4 193 197 (2736 -296 -1136) (2480 -296 -1136) (2480 80 -1136) (2736 80 -1136) 
4 194 252 (2056 -296 -1088) (2056 -296 -1136) (2480 -296 -1136) (2480 -296 -1088) 
4 194 251 (2480 -296 -1000) (2056 -296 -1000) (2056 -296 -1088) (2480 -296 -1088) 
4 194 195 (2056 80 -1136) (2056 -296 -1136) (2056 -296 -1088) (2056 80 -1088) 
4 195 252 (1712 -296 -1088) (1712 -296 -1136) (2056 -296 -1136) (2056 -296 -1088) 
4 195 196 (1712 80 -1136) (1712 -296 -1136) (1712 -296 -1088) (1712 80 -1088) 
4 196 252 (1264 -296 -1088) (1264 -296 -1136) (1712 -296 -1136) (1712 -296 -1088) 
4 197 253 (2736 -296 -1144) (2736 -296 -1136) (1224 -296 -1136) (1224 -296 -1144) 
4 197 216 (1224 -296 -1144) (1224 -296 -1136) (1224 48 -1136) (1224 48 -1144) 
4 197 198 (1224 48 -1136) (1224 80 -1136) (1224 80 -1144) (1224 48 -1144) 
4 198 320 (792 48 -1144) (792 48 -1136) (792 80 -1136) (792 80 -1144) 
4 198 244 (792 48 -1136) (792 48 -1144) (1144 48 -1144) (1144 48 -1136) 
4 198 216 (1144 48 -1144) (1224 48 -1144) (1224 48 -1136) (1144 48 -1136) 
4 199 217 (992 48 -1000) (1144 48 -1000) (1144 -271.99999999999994 -1000) (992 -272 -1000) 
4 199 210 (1224 -88 -1000) (1224 -271.99999999999994 -1000) (1144 -271.99999999999994 -1000) (1144 -88 -1000) 
4 199 209 (1224 -72 -1000) (1224 -88 -1000) (1144 -88 -1000) (1144 -72 -1000) 
4 199 208 (1224 -64 -1000) (1224 -72 -1000) (1144 -72 -1000) (1144 -64 -1000) 
4 199 206 (1224 -48 -1000) (1224 -64 -1000) (1144 -64 -1000) (1144 -48 -1000) 
4 199 205 (1224 -40 -1000) (1224 -48 -1000) (1144 -48 -1000) (1144 -40 -1000) 
4 199 204 (1144 48 -1000) (1224 48 -1000) (1224 -40 -1000) (1144 -40 -1000) 
4 199 202 (992 -64 -1000) (992 -271.99999999999994 -1000) (992 -272 -856) (992 -64 -856) 
4 199 201 (992 -272 -848) (992 -272 -752) (992 -64 -752) (992 -64 -848) 
4 199 200 (992 40 -1000) (992 -40 -1000) (992 -40 -752) (992 40 -752) 
4 200 203 (984 40 -1000) (984 -40 -1000) (984 -40 -872) (984 40 -872) 
4 202 203 (984 -64 -1000) (984 -272 -1000) (984 -272 -872) (984 -64 -872) 
4 203 262 (792 -272 -872) (792 -56 -872) (792 -56 -1000) (792 -272 -1000) 
4 203 249 (792 -296 -872) (792 -296 -1000) (984 -296 -1000) (984 -296 -872) 
4 204 229 (1144 48 -1048) (1144 48 -1056) (1144 -40 -1056) (1144 -40 -1048) 
4 204 227 (1144 48 -1040) (1144 48 -1048) (1144 -40 -1048) (1144 -40 -1040) 
4 204 225 (1144 48 -1032) (1144 48 -1040) (1144 -40 -1040) (1144 -40 -1032) 
4 204 223 (1144 48 -1024) (1144 48 -1032) (1144 -40 -1032) (1144 -40 -1024) 
4 204 221 (1144 48 -1016) (1144 48 -1024) (1144 -40 -1024) (1144 -40 -1016) 
4 204 218 (1144 48 -1008) (1144 48 -1016) (1144 -40 -1016) (1144 -40 -1008) 
4 204 217 (1144 -40 -1000) (1144 48 -1000) (1144 48 -1008) (1144 -40 -1008) 
4 204 205 (1144 -40 -1000) (1144 -40 -1056) (1224 -40 -1056) (1224 -40 -1000) 
4 205 232 (1144 -40 -1016) (1144 -40 -1088) (1144 -48 -1088) (1144 -48 -1016) 
4 205 218 (1144 -40 -1008) (1144 -40 -1016) (1144 -48 -1016) (1144 -48 -1008) 
4 205 217 (1144 -48 -1000) (1144 -40 -1000) (1144 -40 -1008) (1144 -48 -1008) 
4 205 213 (1144 -48 -1088) (1144 -40 -1088) (1224 -40 -1088) (1224 -48 -1088) 
4 205 207 (1144 -48 -1072) (1144 -48 -1088) (1224 -48 -1088) (1224 -48 -1072) 
4 205 206 (1144 -48 -1000) (1144 -48 -1064) (1224 -48 -1064) (1224 -48 -1000) 
4 206 232 (1144 -48 -1016) (1144 -48 -1064) (1144 -64 -1064) (1144 -64 -1016) 
4 206 218 (1144 -48 -1008) (1144 -48 -1016) (1144 -64 -1016) (1144 -64 -1008) 
4 206 217 (1144 -64 -1000) (1144 -48 -1000) (1144 -48 -1008) (1144 -64 -1008) 
4 206 208 (1144 -64 -1000) (1144 -64 -1064) (1224 -64 -1064) (1224 -64 -1000) 
4 207 232 (1144 -48 -1072) (1144 -48 -1088) (1144 -64 -1088) (1144 -64 -1072) 
4 207 213 (1144 -64 -1088) (1144 -48 -1088) (1224 -48 -1088) (1224 -64 -1088) 
4 207 211 (1144 -64 -1080) (1144 -64 -1088) (1224 -64 -1088) (1224 -64 -1080) 
4 207 208 (1144 -64 -1072) (1144 -64 -1080) (1224 -64 -1080) (1224 -64 -1072) 
4 208 232 (1144 -64 -1016) (1144 -64 -1080) (1144 -72 -1080) (1144 -72 -1016) 
4 208 218 (1144 -64 -1008) (1144 -64 -1016) (1144 -72 -1016) (1144 -72 -1008) 
4 208 217 (1144 -72 -1000) (1144 -64 -1000) (1144 -64 -1008) (1144 -72 -1008) 
4 208 211 (1144 -72 -1080) (1144 -64 -1080) (1224 -64 -1080) (1224 -72 -1080) 
4 208 209 (1144 -72 -1000) (1144 -72 -1072) (1224 -72 -1072) (1224 -72 -1000) 
4 209 232 (1144 -72 -1016) (1144 -72 -1072) (1144 -88 -1072) (1144 -88 -1016) 
4 209 218 (1144 -72 -1008) (1144 -72 -1016) (1144 -88 -1016) (1144 -88 -1008) 
4 209 217 (1144 -88 -1000) (1144 -72 -1000) (1144 -72 -1008) (1144 -88 -1008) 
4 209 210 (1144 -88 -1000) (1144 -88 -1072) (1224 -88 -1072) (1224 -88 -1000) 
4 210 243 (1144 -264 -1080) (1144 -272 -1080) (1144 -272 -1016) (1144 -264 -1016) 
4 210 233 (1144 -176 -1080) (1144 -264 -1080) (1144 -264 -1016) (1144 -176 -1016) 
4 210 232 (1144 -88 -1016) (1144 -88 -1080) (1144 -176 -1080) (1144 -176 -1016) 
4 210 218 (1144 -88 -1008) (1144 -88 -1016) (1144 -272 -1016) (1144 -272 -1008) 
4 210 217 (1144 -272 -1000) (1144 -88 -1000) (1144 -88 -1008) (1144 -272 -1008) 
4 210 212 (1224 -272 -1080) (1144 -272 -1080) (1144 -112 -1080) (1224 -112 -1080) 
4 210 211 (1144 -96 -1080) (1144 -88 -1080) (1224 -88 -1080) (1224 -96 -1080) 
4 211 232 (1144 -64 -1080) (1144 -64 -1088) (1144 -96 -1088) (1144 -96 -1080) 
4 211 213 (1144 -96 -1088) (1144 -64 -1088) (1224 -64 -1088) (1224 -96 -1088) 
4 212 243 (1144 -264 -1088) (1144 -272 -1088) (1144 -272 -1080) (1144 -264 -1080) 
4 212 233 (1144 -176 -1088) (1144 -264 -1088) (1144 -264 -1080) (1144 -176 -1080) 
4 212 232 (1144 -112 -1088) (1144 -176 -1088) (1144 -176 -1080) (1144 -112 -1080) 
4 212 215 (1144 -144 -1088) (1144 -136 -1088) (1224 -136 -1088) (1224 -144 -1088) 
4 212 213 (1144 -120 -1088) (1144 -112 -1088) (1224 -112 -1088) (1224 -120 -1088) 
4 213 232 (1144 -40 -1128) (1144 -120 -1128) (1144 -120 -1088) (1144 -40 -1088) 
4 213 214 (1144 -120 -1128) (1224 -120 -1128) (1224 -120 -1096) (1144 -120 -1096) 
4 214 232 (1144 -120 -1128) (1144 -136 -1128) (1144 -136 -1096) (1144 -120 -1096) 
4 214 215 (1144 -136 -1128) (1224 -136 -1128) (1224 -136 -1096) (1144 -136 -1096) 
4 215 232 (1144 -136 -1128) (1144 -144 -1128) (1144 -144 -1088) (1144 -136 -1088) 
4 216 253 (1224 -296 -1144) (1224 -296 -1136) (1144 -296 -1136) (1144 -296 -1144) 
4 216 244 (1144 -296 -1144) (1144 -296 -1136) (1144 48 -1136) (1144 48 -1144) 
4 217 220 (1000 -272 -1008) (992 -272 -1008) (992 48 -1008) (1000 48 -1008) 
4 217 219 (1016 -272 -1008) (1000 -272 -1008) (1000 -40 -1008) (1016 -40 -1008) 
4 217 218 (1144 -272 -1008) (1016 -272 -1008) (1016 48 -1008) (1144 48 -1008) 
4 218 243 (1144 -264 -1016) (1144 -272 -1016) (1016 -272 -1016) (1016 -264 -1016) 
4 218 234 (1128 -264 -1016) (1016 -264 -1016) (1016 -176 -1016) (1128 -176 -1016) 
4 218 233 (1144 -176 -1016) (1144 -264 -1016) (1128 -264 -1016) (1128 -176 -1016) 
4 218 232 (1144 -40 -1016) (1144 -176 -1016) (1016 -176 -1016) (1016 -40 -1016) 
4 218 222 (1016 48 -1016) (1024 48 -1016) (1024 -40 -1016) (1016 -40 -1016) 
4 218 221 (1040 48 -1016) (1144 48 -1016) (1144 -40 -1016) (1040 -40 -1016) 
4 218 219 (1016 -40 -1016) (1016 -272 -1016) (1016 -272 -1008) (1016 -40 -1008) 
4 219 243 (1016 -264 -1016) (1016 -272 -1016) (1000 -272 -1016) (1000 -264 -1016) 
4 219 234 (1016 -176 -1016) (1016 -264 -1016) (1000 -264 -1016) (1000 -176 -1016) 
4 219 232 (1016 -40 -1016) (1016 -176 -1016) (1000 -176 -1016) (1000 -40 -1016) 
4 219 220 (1000 -40 -1016) (1000 -272 -1016) (1000 -272 -1008) (1000 -40 -1008) 
4 220 243 (1000 -264 -1016) (1000 -272 -1016) (984 -272 -1016) (984 -264 -1016) 
4 220 234 (1000 -176 -1016) (1000 -264 -1016) (984 -264 -1016) (984 -176 -1016) 
4 220 232 (1000 -40 -1016) (1000 -176 -1016) (984 -176 -1016) (984 -40 -1016) 
4 220 222 (984 48 -1016) (1000 48 -1016) (1000 -40 -1016) (984 -40 -1016) 
4 221 232 (1144 -40 -1024) (1144 -40 -1016) (1040 -40 -1016) (1040 -40 -1024) 
4 221 224 (1048 -40 -1024) (1040 -40 -1024) (1040 48 -1024) (1048 48 -1024) 
4 221 223 (1144 -40 -1024) (1064 -40 -1024) (1064 48 -1024) (1144 48 -1024) 
4 222 260 (792 -40 -1016) (792 48 -1016) (792 48 -1024) (792 -40 -1024) 
4 222 232 (1024 -40 -1016) (792 -40 -1016) (792 -40 -1024) (1024 -40 -1024) 
4 222 224 (1024 -40 -1024) (792 -40 -1024) (792 48 -1024) (1024 48 -1024) 
4 223 232 (1144 -40 -1032) (1144 -40 -1024) (1064 -40 -1024) (1064 -40 -1032) 
4 223 226 (1072 -40 -1032) (1064 -40 -1032) (1064 48 -1032) (1072 48 -1032) 
4 223 225 (1144 -40 -1032) (1088 -40 -1032) (1088 48 -1032) (1144 48 -1032) 
4 224 260 (792 48 -1024) (792 48 -1032) (792 -40 -1032) (792 -40 -1024) 
4 224 232 (1048 -40 -1024) (792 -40 -1024) (792 -40 -1032) (1048 -40 -1032) 
4 224 226 (1048 -40 -1032) (792 -40 -1032) (792 48 -1032) (1048 48 -1032) 
4 225 232 (1144 -40 -1040) (1144 -40 -1032) (1088 -40 -1032) (1088 -40 -1040) 
4 225 228 (1096 -40 -1040) (1088 -40 -1040) (1088 48 -1040) (1096 48 -1040) 
4 225 227 (1144 -40 -1040) (1112 -40 -1040) (1112 48 -1040) (1144 48 -1040) 
4 226 260 (792 48 -1032) (792 48 -1040) (792 -40 -1040) (792 -40 -1032) 
4 226 232 (1072 -40 -1032) (792 -40 -1032) (792 -40 -1040) (1072 -40 -1040) 
4 226 228 (1072 -40 -1040) (792 -40 -1040) (792 48 -1040) (1072 48 -1040) 
4 227 232 (1144 -40 -1048) (1144 -40 -1040) (1112 -40 -1040) (1112 -40 -1048) 
4 227 231 (1120 -40 -1048) (1112 -40 -1048) (1112 48 -1048) (1120 48 -1048) 
4 227 229 (1144 -40 -1048) (1136 -40 -1048) (1136 48 -1048) (1144 48 -1048) 
4 228 260 (792 48 -1040) (792 48 -1048) (792 -40 -1048) (792 -40 -1040) 
4 228 232 (1096 -40 -1040) (792 -40 -1040) (792 -40 -1048) (1096 -40 -1048) 
4 228 231 (1096 -40 -1048) (792 -40 -1048) (792 48 -1048) (1096 48 -1048) 
4 229 232 (1144 -40 -1128) (1144 -40 -1048) (1136 -40 -1048) (1136 -40 -1128) 
4 229 230 (1136 48 -1128) (1136 -40 -1128) (1136 -40 -1056) (1136 48 -1056) 
4 230 232 (1120 -40 -1056) (1120 -40 -1128) (1136 -40 -1128) (1136 -40 -1056) 
4 230 231 (1120 48 -1128) (1120 -40 -1128) (1120 -40 -1056) (1120 48 -1056) 
4 231 260 (792 48 -1048) (792 48 -1128) (792 -40 -1128) (792 -40 -1048) 
4 231 232 (1120 -40 -1048) (792 -40 -1048) (792 -40 -1128) (1120 -40 -1128) 
4 232 263 (792 -176 -1016) (792 -56 -1016) (792 -56 -1128) (792 -176 -1128) 
4 232 260 (792 -56 -1016) (792 -40 -1016) (792 -40 -1128) (792 -56 -1128) 
4 232 242 (1032 -176 -1120) (792 -176 -1120) (792 -176 -1128) (1032 -176 -1128) 
4 232 241 (1144 -176 -1128) (1144 -176 -1120) (1048 -176 -1120) (1048 -176 -1128) 
4 232 240 (1056 -176 -1112) (792 -176 -1112) (792 -176 -1120) (1056 -176 -1120) 
4 232 239 (1144 -176 -1120) (1144 -176 -1112) (1072 -176 -1112) (1072 -176 -1120) 
4 232 238 (1080 -176 -1104) (792 -176 -1104) (792 -176 -1112) (1080 -176 -1112) 
4 232 237 (1144 -176 -1112) (1144 -176 -1104) (1096 -176 -1104) (1096 -176 -1112) 
4 232 236 (1104 -176 -1096) (792 -176 -1096) (792 -176 -1104) (1104 -176 -1104) 
4 232 235 (1144 -176 -1104) (1144 -176 -1096) (1120 -176 -1096) (1120 -176 -1104) 
4 232 234 (1128 -176 -1016) (792 -176 -1016) (792 -176 -1096) (1128 -176 -1096) 
4 232 233 (1144 -176 -1088) (1144 -176 -1016) (1128 -176 -1016) (1128 -176 -1088) 
4 233 243 (1144 -264 -1088) (1144 -264 -1016) (1128 -264 -1016) (1128 -264 -1088) 
4 233 234 (1128 -176 -1016) (1128 -176 -1088) (1128 -264 -1088) (1128 -264 -1016) 
4 234 263 (792 -264 -1016) (792 -176 -1016) (792 -176 -1096) (792 -264 -1096) 
4 234 243 (1128 -264 -1016) (792 -264 -1016) (792 -264 -1096) (1128 -264 -1096) 
4 234 236 (1104 -264 -1096) (792 -264 -1096) (792 -176 -1096) (1104 -176 -1096) 
4 234 235 (1128 -264 -1096) (1120 -264 -1096) (1120 -176 -1096) (1128 -176 -1096) 
4 235 243 (1144 -264 -1104) (1144 -264 -1096) (1120 -264 -1096) (1120 -264 -1104) 
4 235 237 (1144 -264 -1104) (1120 -264 -1104) (1120 -176 -1104) (1144 -176 -1104) 
4 236 263 (792 -176 -1096) (792 -176 -1104) (792 -264 -1104) (792 -264 -1096) 
4 236 243 (1104 -264 -1096) (792 -264 -1096) (792 -264 -1104) (1104 -264 -1104) 
4 236 238 (1080 -264 -1104) (792 -264 -1104) (792 -176 -1104) (1080 -176 -1104) 
4 236 237 (1104 -264 -1104) (1096 -264 -1104) (1096 -176 -1104) (1104 -176 -1104) 
4 237 243 (1144 -264 -1112) (1144 -264 -1104) (1096 -264 -1104) (1096 -264 -1112) 
4 237 239 (1144 -264 -1112) (1096 -264 -1112) (1096 -176 -1112) (1144 -176 -1112) 
4 238 263 (792 -176 -1104) (792 -176 -1112) (792 -264 -1112) (792 -264 -1104) 
4 238 243 (1080 -264 -1104) (792 -264 -1104) (792 -264 -1112) (1080 -264 -1112) 
4 238 240 (1056 -264 -1112) (792 -264 -1112) (792 -176 -1112) (1056 -176 -1112) 
4 238 239 (1080 -264 -1112) (1072 -264 -1112) (1072 -176 -1112) (1080 -176 -1112) 
4 239 243 (1144 -264 -1120) (1144 -264 -1112) (1072 -264 -1112) (1072 -264 -1120) 
4 239 241 (1144 -264 -1120) (1072 -264 -1120) (1072 -176 -1120) (1144 -176 -1120) 
4 240 263 (792 -176 -1112) (792 -176 -1120) (792 -264 -1120) (792 -264 -1112) 
4 240 243 (1056 -264 -1112) (792 -264 -1112) (792 -264 -1120) (1056 -264 -1120) 
4 240 242 (1032 -264 -1120) (792 -264 -1120) (792 -176 -1120) (1032 -176 -1120) 
4 240 241 (1056 -264 -1120) (1048 -264 -1120) (1048 -176 -1120) (1056 -176 -1120) 
4 241 243 (1144 -264 -1128) (1144 -264 -1120) (1048 -264 -1120) (1048 -264 -1128) 
4 242 263 (792 -176 -1120) (792 -176 -1128) (792 -264 -1128) (792 -264 -1120) 
4 242 243 (1032 -264 -1120) (792 -264 -1120) (792 -264 -1128) (1032 -264 -1128) 
4 243 263 (792 -272 -1016) (792 -264 -1016) (792 -264 -1128) (792 -272 -1128) 
4 244 320 (792 -296 -1144) (792 -296 -1136) (792 48 -1136) (792 48 -1144) 
4 244 253 (792 -296 -1136) (792 -296 -1144) (1144 -296 -1144) (1144 -296 -1136) 
4 245 254 (2480 -696 -1000) (2736 -696 -1000) (2736 -696 -752) (2480 -696 -752) 
4 245 250 (2736 -696 -1000) (2480 -696 -1000) (2480 -296 -1000) (2736 -296 -1000) 
4 246 255 (2192 -696 -1000) (2480 -696 -1000) (2480 -696 -752) (2192 -696 -752) 
4 246 251 (2480 -696 -1000) (2056 -696 -1000) (2056 -296 -1000) (2480 -296 -1000) 
4 247 248 (1712 -328 -1000) (2040 -328 -1000) (2040 -328 -752) (1712 -328 -752) 
4 248 249 (984 -328 -1000) (984 -696 -1000) (984 -696 -752) (984 -328 -752) 
4 250 254 (2480 -696 -1136) (2736 -696 -1136) (2736 -696 -1000) (2480 -696 -1000) 
4 250 253 (2736 -696 -1136) (2480 -696 -1136) (2480 -296 -1136) (2736 -296 -1136) 
4 251 255 (2192 -696 -1088) (2480 -696 -1088) (2480 -696 -1000) (2192 -696 -1000) 
4 251 252 (2056 -296 -1088) (2480 -296 -1088) (2480 -696 -1088) (2056 -696 -1088) 
4 252 258 (792 -696 -1088) (792 -696 -1136) (2056 -696 -1136) (2056 -696 -1088) 
4 252 256 (2056 -696 -1136) (2192 -696 -1136) (2192 -696 -1088) (2056 -696 -1088) 
4 252 255 (2192 -696 -1136) (2480 -696 -1136) (2480 -696 -1088) (2192 -696 -1088) 
4 253 320 (792 -696 -1144) (792 -696 -1136) (792 -296 -1136) (792 -296 -1144) 
4 253 259 (792 -696 -1136) (792 -696 -1144) (2736 -696 -1144) (2736 -696 -1136) 
4 254 559 (2480 -744 -1000) (2480 -744 -1136) (2736 -744 -1136) (2736 -744 -1000) 
4 254 495 (2736 -744 -752) (2480 -744 -752) (2480 -744 -1000) (2736 -744 -1000) 
4 254 259 (2736 -744 -1136) (2480 -744 -1136) (2480 -696 -1136) (2736 -696 -1136) 
4 255 560 (2192 -744 -1000) (2192 -744 -1136) (2480 -744 -1136) (2480 -744 -1000) 
4 255 496 (2480 -744 -752) (2192 -744 -752) (2192 -744 -1000) (2480 -744 -1000) 
4 255 256 (2192 -696 -1088) (2192 -696 -1136) (2192 -728 -1136) (2192 -728 -1088) 
4 256 258 (2056 -696 -1088) (2056 -696 -1136) (2056 -728 -1136) (2056 -728 -1088) 
4 256 257 (2056 -728 -1088) (2056 -728 -1136) (2176 -728 -1136) (2176 -728 -1088) 
4 257 561 (2056 -744 -1000) (2056 -744 -1136) (2176 -744 -1136) (2176 -744 -1000) 
4 257 258 (2056 -728 -1136) (2056 -744 -1136) (2056 -744 -1088) (2056 -728 -1088) 
4 258 691 (792 -744 -1088) (792 -744 -1136) (1200 -744 -1136) (1200 -744 -1088) 
4 258 681 (1200 -744 -1136) (1296 -744 -1136) (1296 -744 -1088) (1200 -744 -1088) 
4 258 562 (1296 -744 -1136) (2056 -744 -1136) (2056 -744 -1088) (1296 -744 -1088) 
4 259 692 (1200 -744 -1136) (792 -744 -1136) (792 -744 -1144) (1200 -744 -1144) 
4 259 682 (1296 -744 -1136) (1200 -744 -1136) (1200 -744 -1144) (1296 -744 -1144) 
4 259 564 (2736 -744 -1144) (2736 -744 -1136) (1296 -744 -1136) (1296 -744 -1144) 
4 259 320 (792 -744 -1144) (792 -744 -1136) (792 -696 -1136) (792 -696 -1144) 
4 260 264 (784 -56 -1128) (784 -56 -1016) (784 48 -1016) (784 48 -1128) 
4 260 263 (784 -56 -1016) (784 -56 -1128) (792 -56 -1128) (792 -56 -1016) 
4 261 275 (784 -272 -864) (784 -272 -832) (784 -248 -832) (784 -248 -864) 
4 261 273 (784 -272 -832) (784 -272 -752) (784 -248 -752) (784 -248 -832) 
4 261 264 (784 -248 -752) (784 -56 -752) (784 -56 -864) (784 -248 -864) 
4 262 275 (784 -272 -1008) (784 -272 -872) (784 -248 -872) (784 -248 -1008) 
4 262 264 (784 -248 -872) (784 -56 -872) (784 -56 -1008) (784 -248 -1008) 
4 263 275 (784 -272 -1128) (784 -272 -1016) (784 -248 -1016) (784 -248 -1128) 
4 263 264 (784 -248 -1016) (784 -56 -1016) (784 -56 -1128) (784 -248 -1128) 
4 264 275 (664 -248 -1128) (784 -248 -1128) (784 -248 -832) (664 -248 -832) 
4 264 273 (784 -248 -832) (784 -248 -752) (664 -248 -752) (664 -248 -832) 
3 264 272 (664 -239.9999999999999 -808) (664 -224 -808) (664 -224 -823.9999999999998) 
4 264 271 (664 -248 -808) (664 -248 -752) (664 -224 -752) (664 -224 -808) 
4 264 270 (664 -200 -1128) (664 -224 -1128) (664 -224 -752) (664 -200 -752) 
4 264 269 (664 -200 -872) (664 -200 -856) (664 -176 -856) (664 -176 -872) 
4 264 268 (664 -200 -856) (664 -200 -752) (664 -176 -752) (664 -176 -856) 
4 264 265 (664 48 -752) (664 48 -1128) (664 -176 -1128) (664 -176 -752) 
4 265 269 (664 -176 -872) (664 -176 -856) (656 -176 -856) (656 -176 -864) 
4 265 268 (664 -176 -856) (664 -176 -752) (656 -176 -752) (656 -176 -856) 
4 265 267 (656 -8 -1128) (656 -176 -1128) (656 -176 -752) (656 -8 -752) 
4 265 266 (656 48 -752) (656 48 -1128) (656 24 -1128) (656 24 -752) 
4 266 277 (640 48 -752) (640 48 -1128) (640 24 -1128) (640 24 -752) 
4 267 278 (640 -8 -1128) (640 -176 -1128) (640 -176 -752) (640 -8 -752) 
3 267 269 (656 -176 -864) (656 -176 -856) (648 -176 -856) 
4 267 268 (640 -176 -752) (640 -176 -856) (656 -176 -856) (656 -176 -752) 
4 268 270 (640 -200 -752) (640 -200 -856) (664 -200 -856) (664 -200 -752) 
4 268 269 (664 -200 -856) (648 -200 -856) (648 -176 -856) (664 -176 -856) 
3 269 270 (664 -200 -872) (664 -200 -856) (648 -200 -856) 
4 270 284 (640 -200 -1128) (640 -224 -1128) (640 -224 -1104) (640 -200 -1104) 
4 270 283 (640 -224 -1104) (640 -224 -752) (640 -200 -752) (640 -200 -1104) 
4 270 272 (640 -224 -808) (640 -224 -823.9999999999998) (664 -224 -823.9999999999998) (664 -224 -808) 
4 270 271 (640 -224 -752) (640 -224 -808) (664 -224 -808) (664 -224 -752) 
4 271 283 (640 -248 -808) (640 -248 -752) (640 -224 -752) (640 -224 -808) 
4 271 274 (640 -248 -752) (640 -248 -808) (664 -248 -808) (664 -248 -752) 
4 271 272 (640 -224 -808) (664 -224 -808) (664 -239.9999999999999 -808) (640 -239.9999999999999 -808) 
3 272 283 (640 -239.9999999999999 -808) (640 -224 -808) (640 -224 -823.9999999999998) 
4 273 276 (784 -272 -832) (784 -296 -832) (664 -296 -832) (664 -272 -832) 
4 273 275 (664 -248 -832) (784 -248 -832) (784 -272 -832) (664 -272 -832) 
4 273 274 (664 -248 -752) (664 -248 -808) (664 -296 -808) (664 -296 -752) 
4 274 287 (640 -296 -808) (640 -296 -752) (640 -272 -752) (640 -272 -808) 
4 274 283 (640 -272 -752) (640 -248 -752) (640 -248 -808) (640 -272 -808) 
4 275 284 (640 -248 -1128) (640 -272 -1128) (640 -272 -1104) (640 -248 -1104) 
4 275 283 (640 -272 -1104) (640 -272 -832) (640 -248 -832) (640 -248 -1104) 
4 275 276 (784 -272 -832) (640 -272 -832) (640 -272 -1016) (784 -272 -1016) 
4 276 287 (640 -296 -992) (640 -296 -832) (640 -272 -832) (640 -272 -1016) 
4 277 279 (632 48 -752) (632 48 -1128) (632 24 -1128) (632 24 -752) 
4 278 284 (632 -176 -1128) (640 -176 -1128) (640 -176 -1104) (632 -176 -1104) 
4 278 282 (640 -176 -1104) (640 -176 -880) (632 -176 -880) (632 -176 -1104) 
4 278 279 (632 -8 -1128) (632 -176 -1128) (632 -176 -752) (632 -8 -752) 
4 279 284 (624 -176 -1128) (632 -176 -1128) (632 -176 -1104) (624 -176 -1104) 
4 279 282 (632 -176 -1104) (632 -176 -880) (624 -176 -880) (624 -176 -1104) 
3 279 281 (632 -176 -880) (624 -176 -872) (624 -176 -880) 
4 279 280 (624 48 -752) (624 48 -1104) (624 -176 -1104) (624 -176 -752) 
4 280 285 (616 48 -752) (616 48 -1104) (616 -176 -1104) (616 -176 -752) 
4 280 282 (616 -176 -880) (616 -176 -1104) (624 -176 -1104) (624 -176 -880) 
4 280 281 (616 -176 -864) (616 -176 -880) (624 -176 -880) (624 -176 -872) 
4 281 285 (616 -176 -864) (616 -176 -880) (616 -200 -880) (616 -200 -863.9999999999999) 
3 281 283 (616 -200 -864) (616 -200 -880) (632 -200 -880) 
4 281 282 (632 -200 -880) (616 -200 -880) (616 -176 -880) (632 -176 -880) 
4 282 285 (616 -176 -880) (616 -176 -1104) (616 -200 -1104) (616 -200 -880) 
4 282 284 (624 -176 -1104) (640 -176 -1104) (640 -200 -1104) (624 -200 -1104) 
4 282 283 (616 -200 -880) (616 -200 -1104) (640 -200 -1104) (640 -200 -880) 
4 283 287 (640 -272 -1015.9999999999999) (640 -272 -752) (616 -272 -752) (616 -272 -1016) 
4 283 285 (616 -272 -1104) (616 -272 -752) (616 -200 -752) (616 -200 -1104) 
4 283 284 (640 -272 -1104) (624 -272 -1104) (624 -200 -1104) (640 -200 -1104) 
4 285 287 (616 -272 -1015.9999999999999) (616 -272 -752) (600 -272 -752) (600 -272 -1016) 
4 285 286 (600 48 -752) (600 48 -1104) (600 -272 -1104) (600 -272 -752) 
4 286 290 (512 -272 -752) (512 48 -752) (512 48 -1128) (512 -272 -1128) 
4 286 287 (512 -272 -752) (512 -272 -1016) (600 -272 -1016) (600 -272 -752) 
4 287 291 (512 -296 -992) (512 -296 -752) (512 -288 -752) (512 -288 -1000) 
4 287 290 (512 -288 -752) (512 -272 -752) (512 -272 -1016) (512 -288 -1000) 
4 288 693 (720 -744 -960) (720 -744 -888) (584 -744 -888) (584 -744 -960) 
4 288 601 (720 -744 -888) (720 -744 -752) (584 -744 -752) (584 -744 -888) 
4 289 290 (480 48 -872) (480 48 -752) (216 48 -752) (216 48 -872) 
4 290 300 (192 -192 -792) (192 -192 -1056) (192 -288 -1056) (192 -288 -792) 
4 290 293 (192 -288 -752) (192 -288 -1128) (240 -288 -1128) (240 -288 -752) 
4 290 292 (264 -288 -1128) (464 -288 -1128) (464 -288 -752) (264 -288 -752) 
4 290 291 (488 -288 -1128) (512 -288 -1128) (512 -288 -752) (488 -288 -752) 
4 291 294 (488 -320 -1128) (512 -320 -1128) (512 -320 -752) (488 -320 -752) 
4 292 294 (264 -320 -1128) (464 -320 -1128) (464 -320 -752) (264 -320 -752) 
4 293 300 (192 -288 -792) (192 -288 -1056) (192 -320 -1056) (192 -320 -792) 
4 293 294 (192 -320 -752) (192 -320 -1128) (240 -320 -1128) (240 -320 -752) 
4 294 300 (192 -320 -792) (192 -320 -1056) (192 -328 -1056) (192 -328 -792) 
4 294 296 (192 -328 -1096) (192 -328 -1128) (512 -328 -1128) (512 -328 -1096) 
4 294 295 (192 -328 -752) (192 -328 -1072) (512 -328 -1072) (512 -328 -752) 
4 295 300 (192 -328 -792) (192 -328 -1056) (192 -352 -1055.9999999999998) (192 -352 -792) 
4 295 297 (192 -352 -752) (192 -352 -1072) (512 -352 -1072) (512 -352 -752) 
4 296 297 (192 -352 -1096) (192 -352 -1128) (512 -352 -1128) (512 -352 -1096) 
4 297 309 (216 -672 -864) (224 -672 -864) (224 -672 -792) (216 -672 -792) 
4 297 308 (224 -672 -864) (232 -672 -864) (232 -672 -792) (224 -672 -792) 
4 297 307 (232 -672 -864) (368 -672 -864) (368 -672 -792) (232 -672 -792) 
4 297 306 (368 -672 -864) (376 -672 -864) (376 -672 -792) (368 -672 -792) 
4 297 305 (376 -672 -864) (464 -672 -864) (464 -672 -792) (376 -672 -792) 
4 297 303 (216 -672 -776) (216 -672 -792) (464 -672 -792) (464 -672 -776) 
4 297 300 (192 -672 -1056) (192 -672 -792) (192 -352 -792) (192 -352 -1056) 
4 298 301 (24 -192 -1136) (168 -192 -1136) (168 -192 -752) (24 -192 -752) 
4 299 320 (-232 80 -1136) (24 80 -1136) (24 -192 -1136) (-232 -192 -1136) 
4 299 302 (-232 -192 -1136) (24 -192 -1136) (24 -192 -752) (-232 -192 -752) 
4 301 318 (24 -672 -1136) (128 -672 -1136) (128 -672 -752) (24 -672 -752) 
4 301 316 (128 -672 -1136) (168 -672 -1136) (168 -672 -752) (128 -672 -752) 
4 302 320 (-232 -192 -1136) (24 -192 -1136) (24 -672 -1136) (-232 -672 -1136) 
4 302 319 (-232 -672 -1136) (24 -672 -1136) (24 -672 -752) (-232 -672 -752) 
4 303 309 (216 -672 -792) (224 -672 -792) (224 -688 -792) (216 -688 -792) 
4 303 308 (224 -672 -792) (232 -672 -792) (232 -688 -792) (224 -688 -792) 
4 303 307 (232 -672 -792) (368 -672 -792) (368 -688 -792) (232 -688 -792) 
4 303 306 (368 -672 -792) (376 -672 -792) (376 -688 -792) (368 -688 -792) 
4 303 305 (376 -672 -792) (464 -672 -792) (464 -688 -792) (376 -688 -792) 
4 304 612 (296 -744 -776.0000000000002) (216 -744 -776.0000000000002) (216 -744 -792) (296 -744 -792) 
4 304 608 (304 -744 -776.0000000000002) (296 -744 -776.0000000000002) (296 -744 -792) (304 -744 -792) 
4 304 607 (464 -744 -792) (464 -744 -776.0000000000002) (304 -744 -776.0000000000002) (304 -744 -792) 
4 304 315 (296 -744 -792) (216 -744 -792) (216 -728.0000000000002 -792) (296 -728.0000000000002 -792) 
4 304 314 (304 -744 -792) (296 -744 -792) (296 -736 -792) (304 -736 -792) 
4 304 313 (296 -736 -792) (296 -728.0000000000002 -792) (304 -728.0000000000002 -792) (304 -736 -792) 
4 304 311 (464 -736 -792) (464 -744 -792) (304 -744 -792) (304 -736 -792) 
4 304 310 (464 -728.0000000000002 -792) (464 -736 -792) (304 -736 -792) (304 -728.0000000000002 -792) 
4 305 310 (376 -696 -864) (464 -696 -864) (464 -696 -792) (376 -696 -792) 
4 305 306 (376 -672 -864) (376 -688 -864) (376 -688 -792) (376 -672 -792) 
4 306 307 (368 -672 -864) (368 -688 -864) (368 -688 -792) (368 -672 -792) 
4 307 315 (232 -696 -864) (296 -696 -864) (296 -696 -792) (232 -696 -792) 
4 307 313 (296 -696 -864) (304 -696 -864) (304 -696 -792) (296 -696 -792) 
4 307 310 (304 -696 -864) (368 -696 -864) (368 -696 -792) (304 -696 -792) 
4 307 308 (232 -672 -864) (232 -688 -864) (232 -688 -792) (232 -672 -792) 
4 308 309 (224 -672 -864) (224 -688 -864) (224 -688 -792) (224 -672 -792) 
4 309 315 (216 -696 -864) (224 -696 -864) (224 -696 -792) (216 -696 -792) 
4 310 313 (304 -696 -792) (304 -696 -864) (304 -736 -864) (304 -736 -792) 
4 310 312 (304 -736 -848) (304 -736 -864) (464 -736 -864) (464 -736 -848) 
4 310 311 (304 -736 -792) (304 -736 -840) (464 -736 -840) (464 -736 -792) 
4 311 607 (464 -744 -840) (464 -744 -792) (304 -744 -792) (304 -744 -840) 
4 311 314 (304 -744 -840) (304 -744 -792) (304 -736 -792) (304 -736 -840) 
4 312 607 (464 -744 -864) (464 -744 -848) (304 -744 -848) (304 -744 -864) 
4 313 315 (296 -696 -792) (296 -696 -864) (296 -736 -864) (296 -736 -792) 
4 313 314 (296 -736 -792) (296 -736 -840) (304 -736 -840) (304 -736 -792) 
4 314 608 (304 -744 -792) (296 -744 -792) (296 -744 -840) (304 -744 -840) 
4 314 315 (296 -744 -840) (296 -744 -792) (296 -736 -792) (296 -736 -840) 
4 315 612 (296 -744 -792) (216 -744 -792) (216 -744 -864) (296 -744 -864) 
4 316 318 (128 -672 -752) (128 -672 -1136) (128 -720 -1136) (128 -720 -752) 
4 316 317 (128 -720 -912) (128 -720 -1136) (168 -720 -1136) (168 -720 -912) 
4 317 712 (128 -744 -1136) (168 -744 -1136) (168 -744 -912) (128 -744 -912) 
4 317 318 (128 -720 -1136) (128 -744 -1136) (128 -744 -912) (128 -720 -912) 
4 318 713 (24 -744 -1136) (128 -744 -1136) (128 -744 -888) (24 -744 -888) 
4 318 664 (128 -744 -888) (128 -744 -848) (24 -744 -848) (24 -744 -888) 
4 318 662 (128 -744 -848) (128 -744 -768) (24 -744 -768) (24 -744 -848) 
4 318 654 (128 -744 -768) (128 -744 -752) (24 -744 -752) (24 -744 -768) 
4 319 714 (-232 -744 -1136) (24 -744 -1136) (24 -744 -888) (-232 -744 -888) 
4 319 665 (24 -744 -888) (24 -744 -848) (-232 -744 -848) (-232 -744 -888) 
4 319 663 (24 -744 -848) (24 -744 -768) (-232 -744 -768) (-232 -744 -848) 
4 319 656 (24 -744 -768) (24 -744 -752) (-232 -744 -752) (-232 -744 -768) 
4 319 320 (-232 -672 -1136) (24 -672 -1136) (24 -744 -1136) (-232 -744 -1136) 
4 320 715 (504 -744 -1136) (-232 -744 -1136) (-232 -744 -1144) (504 -744 -1144) 
4 320 697 (720 -744 -1136) (504 -744 -1136) (504 -744 -1144) (720 -744 -1144) 
4 320 692 (792 -744 -1144) (792 -744 -1136) (720 -744 -1136) (720 -744 -1144) 
4 321 376 (2488 -1136 327.213897680185) (2736 -1136 327.213897680185) (2736 -1136 335.2138976801872) (2488 -1136 335.2138976801872) 
4 321 323 (2736 -1136 327.213897680185) (2488 -1136 327.213897680185) (2488 -744 327.213897680185) (2736 -744 327.213897680185) 
4 321 322 (2488 -744 327.213897680185) (2488 -1136 327.213897680185) (2488 -1136 335.2138976801872) (2488 -744 335.2138976801872) 
4 322 377 (2480 -1136 335.2138976801872) (2480 -1136 327.213897680185) (2488 -1136 327.213897680185) (2488 -1136 335.2138976801872) 
4 322 324 (2480 -744 335.2138976801872) (2480 -744 327.213897680185) (2480 -1136 327.213897680185) (2480 -1136 335.2138976801872) 
4 322 323 (2488 -1136 327.213897680185) (2480 -1136 327.213897680185) (2480 -744 327.213897680185) (2488 -744 327.213897680185) 
4 323 386 (2480 -1136 -384) (2480 -1136 -520) (2736 -1136 -520) (2736 -1136 -384) 
4 323 378 (2480 -1136 327.213897680185) (2480 -1136 -384) (2736 -1136 -384) (2736 -1136 327.213897680185) 
4 323 328 (2736 -1136 -520) (2480 -1136 -520) (2480 -744 -520) (2736 -744 -520) 
4 324 565 (1296 -744 335.2138976801872) (1296 -744 327.213897680185) (1296 -1136 327.213897680185) (1296 -1136 335.2138976801872) 
4 324 381 (1296 -1136 335.2138976801872) (1296 -1136 327.213897680185) (2192 -1136 327.213897680185) (2192 -1136 335.2138976801872) 
4 324 379 (2192 -1136 327.213897680185) (2480 -1136 327.213897680185) (2480 -1136 335.2138976801872) (2192 -1136 335.2138976801872) 
4 325 387 (2192 -1136 -520) (2480 -1136 -520) (2480 -1136 -384) (2192 -1136 -384) 
4 325 380 (2480 -1136 -384) (2480 -1136 327.213897680185) (2192 -1136 327.213897680185) (2192 -1136 -384) 
4 325 329 (2480 -1136 -520) (2192 -1136 -520) (2192 -744 -520) (2480 -744 -520) 
4 325 326 (2192 -1136 -384) (2192 -1136 327.213897680185) (2192 -744 327.213897680185) (2192 -744 -384) 
4 326 382 (2192 -1136 -384) (2192 -1136 327.213897680185) (2176 -1136 327.213897680185) (2176 -1136 -384) 
4 326 327 (2176 -1136 -384) (2176 -1136 327.213897680185) (2176 -744 327.213897680185) (2176 -744 -384) 
4 327 571 (1296 -760 -520) (1296 -1136 -520) (1296 -1136 -496) (1296 -760 -496) 
4 327 570 (1296 -752 -520) (1296 -760 -520) (1296 -760 -496) (1296 -752 -496) 
4 327 569 (1296 -744 -496) (1296 -744 -520) (1296 -752 -520) (1296 -752 -496) 
4 327 566 (1296 -744 327.213897680185) (1296 -744 -496) (1296 -1136 -496) (1296 -1136 327.213897680185) 
4 327 395 (1296 -1136 -384) (1296 -1136 -520) (1440 -1136 -520) (1440 -1136 -384) 
4 327 392 (1440 -1136 -520) (1448 -1136 -520) (1448 -1136 -384) (1440 -1136 -384) 
4 327 391 (1448 -1136 -520) (1936 -1136 -520) (1936 -1136 -384) (1448 -1136 -384) 
4 327 388 (1936 -1136 -520) (2176 -1136 -520) (2176 -1136 -384) (1936 -1136 -384) 
4 327 385 (1296 -1136 327.213897680185) (1296 -1136 -384) (1920 -1136 -384) (1920 -1136 327.213897680185) 
4 327 382 (1920 -1136 -384) (2176 -1136 -384) (2176 -1136 327.213897680185) (1920 -1136 327.213897680185) 
4 327 336 (1440 -1136 -520) (1296 -1136 -520) (1296 -856 -520) (1440 -856 -520) 
4 327 335 (1440 -1128 -520) (1440 -864 -520) (1808 -864 -520) (1808 -1128 -520) 
4 327 334 (1928 -1136 -520) (1816 -1136 -520) (1816 -856 -520) (1928 -856 -520) 
4 327 333 (1296 -856 -520) (1296 -744 -520) (1440 -744 -520) (1440 -856 -520) 
4 327 332 (1448 -744 -520) (1936 -744 -520) (1936 -856 -520) (1448 -856 -520) 
4 327 331 (1936 -1128 -520) (1936 -864 -520) (2176 -864 -520) (2176 -1128 -520) 
4 327 330 (1936 -856 -520) (1936 -744 -520) (2176 -744 -520) (2176 -856 -520) 
4 328 386 (2480 -1136 -528) (2736 -1136 -528) (2736 -1136 -520) (2480 -1136 -520) 
4 328 337 (2736 -1136 -528) (2480 -1136 -528) (2480 -744 -528) (2736 -744 -528) 
4 329 387 (2192 -1136 -528) (2480 -1136 -528) (2480 -1136 -520) (2192 -1136 -520) 
4 329 338 (2480 -1136 -528) (2192 -1136 -528) (2192 -744 -528) (2480 -744 -528) 
4 330 342 (1936 -856 -528) (1936 -744 -528) (2160 -744 -528) (2160 -856 -528) 
4 330 340 (2160 -744 -528) (2168 -744 -528) (2168 -856 -528) (2160 -856 -528) 
4 330 339 (2168 -744 -528) (2176 -744 -528) (2176 -856 -528) (2168 -856 -528) 
4 330 332 (1936 -744 -528) (1936 -856 -528) (1936 -856 -520) (1936 -744 -520) 
4 331 342 (1936 -1128 -528) (1936 -864 -528) (2160 -864 -528) (2160 -1128 -528) 
4 331 341 (2160 -864 -528) (2168 -864 -528) (2168 -1128 -528) (2160 -1128 -528) 
4 331 339 (2168 -864 -528) (2176 -864 -528) (2176 -1128 -528) (2168 -1128 -528) 
4 332 348 (1448 -744 -528) (1808 -744 -528) (1808 -856 -528) (1448 -856 -528) 
4 332 346 (1808 -744 -528) (1816 -744 -528) (1816 -856 -528) (1808 -856 -528) 
4 332 345 (1816 -744 -528) (1928 -744 -528) (1928 -856 -528) (1816 -856 -528) 
4 332 343 (1928 -744 -528) (1936 -744 -528) (1936 -856 -528) (1928 -856 -528) 
4 332 334 (1816 -856 -528) (1928 -856 -528) (1928 -856 -520) (1816 -856 -520) 
4 333 571 (1296 -760 -528) (1296 -856 -528) (1296 -856 -520) (1296 -760 -520) 
4 333 570 (1296 -752 -528) (1296 -760 -528) (1296 -760 -520) (1296 -752 -520) 
4 333 569 (1296 -744 -520) (1296 -744 -528) (1296 -752 -528) (1296 -752 -520) 
4 333 351 (1296 -856 -528) (1296 -744 -528) (1440 -744 -528) (1440 -856 -528) 
4 333 336 (1296 -856 -528) (1440 -856 -528) (1440 -856 -520) (1296 -856 -520) 
4 334 391 (1816 -1136 -528) (1928 -1136 -528) (1928 -1136 -520) (1816 -1136 -520) 
4 334 345 (1928 -1136 -528) (1816 -1136 -528) (1816 -856 -528) (1928 -856 -528) 
4 335 350 (1440 -1128 -528) (1440 -864 -528) (1448 -864 -528) (1448 -1128 -528) 
4 335 348 (1448 -864 -528) (1808 -864 -528) (1808 -1128 -528) (1448 -1128 -528) 
4 335 336 (1440 -864 -528) (1440 -1128 -528) (1440 -1128 -520) (1440 -864 -520) 
4 336 571 (1296 -856 -528) (1296 -1136 -528) (1296 -1136 -520) (1296 -856 -520) 
4 336 395 (1296 -1136 -520) (1296 -1136 -528) (1440 -1136 -528) (1440 -1136 -520) 
4 336 351 (1440 -1136 -528) (1296 -1136 -528) (1296 -856 -528) (1440 -856 -528) 
4 337 386 (2480 -1136 -544) (2736 -1136 -544) (2736 -1136 -528) (2480 -1136 -528) 
4 337 352 (2736 -1136 -544) (2480 -1136 -544) (2480 -744 -544) (2736 -744 -544) 
4 338 387 (2192 -1136 -544) (2480 -1136 -544) (2480 -1136 -528) (2192 -1136 -528) 
4 338 353 (2480 -1136 -544) (2192 -1136 -544) (2192 -744 -544) (2480 -744 -544) 
4 339 388 (2168 -1136 -544) (2176 -1136 -544) (2176 -1136 -528) (2168 -1136 -528) 
4 339 355 (2168 -1128 -544) (2168 -864 -544) (2176 -864 -544) (2176 -1128 -544) 
4 339 354 (2168 -856 -544) (2168 -744 -544) (2176 -744 -544) (2176 -856 -544) 
4 339 341 (2168 -864 -544) (2168 -1128 -544) (2168 -1128 -528) (2168 -864 -528) 
4 339 340 (2168 -744 -544) (2168 -856 -544) (2168 -856 -528) (2168 -744 -528) 
4 340 354 (2160 -856 -544) (2160 -744 -544) (2168 -744 -544) (2168 -856 -544) 
4 340 342 (2160 -744 -544) (2160 -856 -544) (2160 -856 -528) (2160 -744 -528) 
4 341 355 (2160 -1128 -544) (2160 -864 -544) (2168 -864 -544) (2168 -1128 -544) 
4 341 342 (2160 -864 -544) (2160 -1128 -544) (2160 -1128 -528) (2160 -864 -528) 
4 342 388 (1936 -1136 -544) (2160 -1136 -544) (2160 -1136 -528) (1936 -1136 -528) 
4 342 355 (1936 -1128 -544) (1936 -864 -544) (2160 -864 -544) (2160 -1128 -544) 
4 342 354 (1936 -856 -544) (1936 -744 -544) (2160 -744 -544) (2160 -856 -544) 
4 342 344 (1936 -864 -544) (1936 -1128 -544) (1936 -1128 -528) (1936 -864 -528) 
4 342 343 (1936 -744 -544) (1936 -856 -544) (1936 -856 -528) (1936 -744 -528) 
4 343 356 (1928 -856 -544) (1928 -744 -544) (1936 -744 -544) (1936 -856 -544) 
4 343 345 (1928 -744 -544) (1928 -856 -544) (1928 -856 -528) (1928 -744 -528) 
4 344 345 (1928 -864 -544) (1928 -1128 -544) (1928 -1128 -528) (1928 -864 -528) 
4 345 391 (1816 -1136 -544) (1928 -1136 -544) (1928 -1136 -528) (1816 -1136 -528) 
4 345 358 (1928 -1136 -544) (1816 -1136 -544) (1816 -856 -544) (1928 -856 -544) 
4 345 356 (1816 -856 -544) (1816 -744 -544) (1928 -744 -544) (1928 -856 -544) 
4 345 347 (1816 -864 -544) (1816 -1128 -544) (1816 -1128 -528) (1816 -864 -528) 
4 345 346 (1816 -744 -544) (1816 -856 -544) (1816 -856 -528) (1816 -744 -528) 
4 346 356 (1808 -856 -544) (1808 -744 -544) (1816 -744 -544) (1816 -856 -544) 
4 346 348 (1808 -744 -544) (1808 -856 -544) (1808 -856 -528) (1808 -744 -528) 
4 347 348 (1808 -864 -544) (1808 -1128 -544) (1808 -1128 -528) (1808 -864 -528) 
4 348 391 (1448 -1136 -544) (1808 -1136 -544) (1808 -1136 -528) (1448 -1136 -528) 
4 348 359 (1448 -1128 -544) (1448 -864 -544) (1808 -864 -544) (1808 -1128 -544) 
4 348 356 (1448 -856 -544) (1448 -744 -544) (1808 -744 -544) (1808 -856 -544) 
4 348 350 (1448 -864 -544) (1448 -1128 -544) (1448 -1128 -528) (1448 -864 -528) 
4 348 349 (1448 -744 -544) (1448 -856 -544) (1448 -856 -528) (1448 -744 -528) 
4 349 351 (1440 -744 -544) (1440 -856 -544) (1440 -856 -528) (1440 -744 -528) 
4 350 359 (1440 -1128 -544) (1440 -864 -544) (1448 -864 -544) (1448 -1128 -544) 
4 350 351 (1440 -864 -544) (1440 -1128 -544) (1440 -1128 -528) (1440 -864 -528) 
4 351 571 (1296 -760 -544) (1296 -1136 -544) (1296 -1136 -528) (1296 -760 -528) 
4 351 570 (1296 -752 -544) (1296 -760 -544) (1296 -760 -528) (1296 -752 -528) 
4 351 569 (1296 -744 -528) (1296 -744 -544) (1296 -752 -544) (1296 -752 -528) 
4 351 395 (1296 -1136 -528) (1296 -1136 -544) (1440 -1136 -544) (1440 -1136 -528) 
4 351 360 (1440 -1136 -544) (1296 -1136 -544) (1296 -856 -544) (1440 -856 -544) 
4 351 357 (1296 -856 -544) (1296 -744 -544) (1440 -744 -544) (1440 -856 -544) 
4 352 386 (2480 -1136 -552) (2736 -1136 -552) (2736 -1136 -544) (2480 -1136 -544) 
4 352 361 (2736 -1136 -552) (2480 -1136 -552) (2480 -744 -552) (2736 -744 -552) 
4 353 387 (2192 -1136 -552) (2480 -1136 -552) (2480 -1136 -544) (2192 -1136 -544) 
4 353 362 (2480 -1136 -552) (2192 -1136 -552) (2192 -744 -552) (2480 -744 -552) 
4 354 366 (1936 -856 -552) (1936 -744 -552) (2160 -744 -552) (2160 -856 -552) 
4 354 364 (2160 -744 -552) (2168 -744 -552) (2168 -856 -552) (2160 -856 -552) 
4 354 363 (2168 -744 -552) (2176 -744 -552) (2176 -856 -552) (2168 -856 -552) 
4 354 356 (1936 -744 -552) (1936 -856 -552) (1936 -856 -544) (1936 -744 -544) 
4 355 366 (1936 -1128 -552) (1936 -864 -552) (2160 -864 -552) (2160 -1128 -552) 
4 355 365 (2160 -864 -552) (2168 -864 -552) (2168 -1128 -552) (2160 -1128 -552) 
4 355 363 (2168 -864 -552) (2176 -864 -552) (2176 -1128 -552) (2168 -1128 -552) 
4 356 372 (1448 -744 -552) (1808 -744 -552) (1808 -856 -552) (1448 -856 -552) 
4 356 370 (1808 -744 -552) (1816 -744 -552) (1816 -856 -552) (1808 -856 -552) 
4 356 369 (1816 -744 -552) (1928 -744 -552) (1928 -856 -552) (1816 -856 -552) 
4 356 367 (1928 -744 -552) (1936 -744 -552) (1936 -856 -552) (1928 -856 -552) 
4 356 358 (1816 -856 -552) (1928 -856 -552) (1928 -856 -544) (1816 -856 -544) 
4 357 571 (1296 -760 -552) (1296 -856 -552) (1296 -856 -544) (1296 -760 -544) 
4 357 570 (1296 -752 -552) (1296 -760 -552) (1296 -760 -544) (1296 -752 -544) 
4 357 569 (1296 -744 -544) (1296 -744 -552) (1296 -752 -552) (1296 -752 -544) 
4 357 375 (1296 -856 -552) (1296 -744 -552) (1440 -744 -552) (1440 -856 -552) 
4 357 360 (1296 -856 -552) (1440 -856 -552) (1440 -856 -544) (1296 -856 -544) 
4 358 391 (1816 -1136 -552) (1928 -1136 -552) (1928 -1136 -544) (1816 -1136 -544) 
4 358 369 (1928 -1136 -552) (1816 -1136 -552) (1816 -856 -552) (1928 -856 -552) 
4 359 374 (1440 -1128 -552) (1440 -864 -552) (1448 -864 -552) (1448 -1128 -552) 
4 359 372 (1448 -864 -552) (1808 -864 -552) (1808 -1128 -552) (1448 -1128 -552) 
4 359 360 (1440 -864 -552) (1440 -1128 -552) (1440 -1128 -544) (1440 -864 -544) 
4 360 571 (1296 -856 -552) (1296 -1136 -552) (1296 -1136 -544) (1296 -856 -544) 
4 360 395 (1296 -1136 -544) (1296 -1136 -552) (1440 -1136 -552) (1440 -1136 -544) 
4 360 375 (1440 -1136 -552) (1296 -1136 -552) (1296 -856 -552) (1440 -856 -552) 
4 361 397 (2736 -1136 -568) (2480 -1136 -568) (2480 -744 -568) (2736 -744 -568) 
4 361 386 (2480 -1136 -568) (2736 -1136 -568) (2736 -1136 -552) (2480 -1136 -552) 
4 362 398 (2480 -1136 -568) (2192 -1136 -568) (2192 -744 -568) (2480 -744 -568) 
4 362 387 (2192 -1136 -568) (2480 -1136 -568) (2480 -1136 -552) (2192 -1136 -552) 
4 363 400 (2168 -1128 -568) (2168 -864 -568) (2176 -864 -568) (2176 -1128 -568) 
4 363 388 (2168 -1136 -568) (2176 -1136 -568) (2176 -1136 -552) (2168 -1136 -552) 
4 363 365 (2168 -864 -568) (2168 -1128 -568) (2168 -1128 -552) (2168 -864 -552) 
4 363 364 (2168 -744 -568) (2168 -856 -568) (2168 -856 -552) (2168 -744 -552) 
4 364 366 (2160 -744 -568) (2160 -856 -568) (2160 -856 -552) (2160 -744 -552) 
4 365 400 (2160 -1128 -568) (2160 -864 -568) (2168 -864 -568) (2168 -1128 -568) 
4 365 366 (2160 -864 -568) (2160 -1128 -568) (2160 -1128 -552) (2160 -864 -552) 
4 366 400 (1936 -1128 -568) (1936 -864 -568) (2160 -864 -568) (2160 -1128 -568) 
4 366 399 (2144 -776 -568) (2144 -824 -568) (2064 -824 -568) (2064 -776 -568) 
4 366 388 (1936 -1136 -568) (2160 -1136 -568) (2160 -1136 -552) (1936 -1136 -552) 
4 366 368 (1936 -864 -568) (1936 -1128 -568) (1936 -1128 -552) (1936 -864 -552) 
4 366 367 (1936 -744 -568) (1936 -856 -568) (1936 -856 -552) (1936 -744 -552) 
4 367 369 (1928 -744 -568) (1928 -856 -568) (1928 -856 -552) (1928 -744 -552) 
4 368 369 (1928 -864 -568) (1928 -1128 -568) (1928 -1128 -552) (1928 -864 -552) 
4 369 391 (1816 -1136 -568) (1928 -1136 -568) (1928 -1136 -552) (1816 -1136 -552) 
4 369 371 (1816 -864 -568) (1816 -1128 -568) (1816 -1128 -552) (1816 -864 -552) 
4 369 370 (1816 -744 -568) (1816 -856 -568) (1816 -856 -552) (1816 -744 -552) 
4 370 372 (1808 -744 -568) (1808 -856 -568) (1808 -856 -552) (1808 -744 -552) 
4 371 372 (1808 -864 -568) (1808 -1128 -568) (1808 -1128 -552) (1808 -864 -552) 
4 372 402 (1448 -1128 -568) (1448 -864 -568) (1808 -864 -568) (1808 -1128 -568) 
4 372 391 (1448 -1136 -568) (1808 -1136 -568) (1808 -1136 -552) (1448 -1136 -552) 
4 372 374 (1448 -864 -568) (1448 -1128 -568) (1448 -1128 -552) (1448 -864 -552) 
4 372 373 (1448 -744 -568) (1448 -856 -568) (1448 -856 -552) (1448 -744 -552) 
4 373 375 (1440 -744 -568) (1440 -856 -568) (1440 -856 -552) (1440 -744 -552) 
4 374 402 (1440 -1128 -568) (1440 -864 -568) (1448 -864 -568) (1448 -1128 -568) 
4 374 375 (1440 -864 -568) (1440 -1128 -568) (1440 -1128 -552) (1440 -864 -552) 
4 375 571 (1296 -760 -568) (1296 -1136 -568) (1296 -1136 -552) (1296 -760 -552) 
4 375 570 (1296 -752 -568) (1296 -760 -568) (1296 -760 -552) (1296 -752 -552) 
4 375 569 (1296 -744 -552) (1296 -744 -568) (1296 -752 -568) (1296 -752 -552) 
4 375 405 (1352.0000000000002 -1136 -568) (1296 -1136 -568) (1296 -744 -568) (1352.0000000000002 -744 -568) 
4 375 404 (1408 -1136 -568) (1400 -1136 -568) (1400 -744 -568) (1408 -744 -568) 
4 375 403 (1440 -1136 -568) (1408 -1136 -568) (1408 -744 -568) (1440 -744 -568) 
4 375 395 (1296 -1136 -552) (1296 -1136 -568) (1440 -1136 -568) (1440 -1136 -552) 
4 376 823 (2488 -1440 327.213897680185) (2736 -1440 327.213897680185) (2736 -1440 335.2138976801872) (2488 -1440 335.2138976801872) 
4 376 378 (2736 -1440 327.213897680185) (2488 -1440 327.213897680185) (2488 -1136 327.213897680185) (2736 -1136 327.213897680185) 
4 376 377 (2488 -1136 327.213897680185) (2488 -1440 327.213897680185) (2488 -1440 335.2138976801872) (2488 -1136 335.2138976801872) 
4 377 824 (2480 -1440 335.2138976801872) (2480 -1440 327.213897680185) (2488 -1440 327.213897680185) (2488 -1440 335.2138976801872) 
4 377 379 (2480 -1136 335.2138976801872) (2480 -1136 327.213897680185) (2480 -1440 327.213897680185) (2480 -1440 335.2138976801872) 
4 377 378 (2488 -1440 327.213897680185) (2480 -1440 327.213897680185) (2480 -1136 327.213897680185) (2488 -1136 327.213897680185) 
4 378 825 (2480 -1440 327.213897680185) (2480 -1440 -384) (2736 -1440 -384) (2736 -1440 327.213897680185) 
4 378 386 (2736 -1440 -384) (2480 -1440 -384) (2480 -1136 -384) (2736 -1136 -384) 
4 379 826 (2192 -1440 335.2138976801872) (2192 -1440 327.213897680185) (2480 -1440 327.213897680185) (2480 -1440 335.2138976801872) 
4 379 381 (2192 -1136 335.2138976801872) (2192 -1136 327.213897680185) (2192 -1440 327.213897680185) (2192 -1440 335.2138976801872) 
4 380 827 (2192 -1440 327.213897680185) (2192 -1440 -384) (2480 -1440 -384) (2480 -1440 327.213897680185) 
4 380 387 (2480 -1440 -384) (2192 -1440 -384) (2192 -1136 -384) (2480 -1136 -384) 
4 380 384 (2192 -1440 -56) (2192 -1440 16) (2192 -1264 16) (2192 -1264 -55.99999999999997) 
4 380 383 (2192 -1440 16) (2192 -1440 327.213897680185) (2192 -1264 327.213897680185) (2192 -1264 16) 
4 380 382 (2192 -1136 327.213897680185) (2192 -1136 -384) (2192 -1264 -384) (2192 -1264 327.213897680185) 
4 381 919 (1296 -1440 335.2138976801872) (1296 -1440 327.213897680185) (1448 -1440 327.213897680185) (1448 -1440 335.2138976801872) 
4 381 901 (1448 -1440 327.213897680185) (1520 -1440 327.213897680185) (1520 -1440 335.2138976801872) (1448 -1440 335.2138976801872) 
4 381 854 (1520 -1440 327.213897680185) (1728 -1440 327.213897680185) (1728 -1440 335.2138976801872) (1520 -1440 335.2138976801872) 
4 381 837 (1728 -1440 327.213897680185) (1920 -1440 327.213897680185) (1920 -1440 335.2138976801872) (1728 -1440 335.2138976801872) 
4 381 831 (1920 -1440 327.213897680185) (2192 -1440 327.213897680185) (2192 -1440 335.2138976801872) (1920 -1440 335.2138976801872) 
4 381 766 (1296 -1160 327.213897680185) (1296 -1440 327.213897680185) (1296 -1440 335.2138976801872) (1296 -1160 335.2138976801872) 
4 381 565 (1296 -1136 335.2138976801872) (1296 -1136 327.213897680185) (1296 -1160 327.213897680185) (1296 -1160 335.2138976801872) 
4 382 391 (1920 -1264 -384) (1920 -1136 -384) (1936 -1136 -384) (1936 -1264 -384) 
4 382 388 (1936 -1136 -384) (2176 -1136 -384) (2176 -1264 -384) (1936 -1264 -384) 
4 382 385 (1920 -1136 -384) (1920 -1264 -384) (1920 -1264 327.213897680185) (1920 -1136 327.213897680185) 
3 382 384 (2192 -1264 -56) (2192 -1264 16) (2040 -1264 16) 
4 382 383 (1920 -1264 327.213897680185) (1920 -1264 16) (2192 -1264 16) (2192 -1264 327.213897680185) 
4 383 832 (2192 -1440 16) (2192 -1440 327.213897680185) (1920 -1440 327.213897680185) (1920 -1440 16) 
4 383 385 (1920 -1440 16) (1920 -1440 327.213897680185) (1920 -1264 327.213897680185) (1920 -1264 16) 
4 383 384 (2040 -1264 16) (2192 -1264 16) (2192 -1440 16) (2040 -1440 16) 
3 384 833 (2192 -1440 -56) (2192 -1440 16) (2040 -1440 16) 
4 385 920 (1296 -1440 327.213897680185) (1296 -1440 304) (1448 -1440 304) (1448 -1440 327.213897680185) 
4 385 906 (1448 -1440 -384) (1520 -1440 -384) (1520 -1440 -376) (1448 -1440 -376) 
4 385 905 (1520 -1440 -368) (1520 -1440 -352) (1448 -1440 -352) (1448 -1440 -368) 
4 385 904 (1520 -1440 -344) (1520 -1440 -328) (1448 -1440 -328) (1448 -1440 -344) 
4 385 903 (1520 -1440 -320) (1520 -1440 -304) (1448 -1440 -304) (1448 -1440 -320) 
4 385 902 (1520 -1440 -288) (1520 -1440 327.213897680185) (1448 -1440 327.213897680185) (1448 -1440 -288) 
4 385 855 (1728 -1440 304) (1728 -1440 327.213897680185) (1520 -1440 327.213897680185) (1520 -1440 304) 
4 385 846 (1760 -1440 -384) (1808 -1440 -384) (1808 -1440 -360) (1760 -1440 -360) 
4 385 841 (1840 -1440 -384) (1920 -1440 -384) (1920 -1440 -360) (1840 -1440 -360) 
4 385 838 (1920 -1440 16) (1920 -1440 327.213897680185) (1728 -1440 327.213897680185) (1728 -1440 16) 
4 385 767 (1296 -1160 -384) (1296 -1440 -384) (1296 -1440 327.213897680185) (1296 -1160 327.213897680185) 
4 385 566 (1296 -1136 327.213897680185) (1296 -1136 -384) (1296 -1160 -384) (1296 -1160 327.213897680185) 
4 385 396 (1920 -1440 -384) (1296 -1440 -384) (1296 -1264 -384) (1920 -1264 -384) 
4 385 395 (1296 -1264 -384) (1296 -1136 -384) (1440 -1136 -384) (1440 -1264 -384) 
4 385 392 (1440 -1136 -384) (1448 -1136 -384) (1448 -1264 -384) (1440 -1264 -384) 
4 385 391 (1448 -1136 -384) (1920 -1136 -384) (1920 -1264 -384) (1448 -1264 -384) 
4 386 865 (2480 -1440 -568) (2736 -1440 -568) (2736 -1440 -456) (2480 -1440 -456) 
4 386 825 (2736 -1440 -456) (2736 -1440 -384) (2480 -1440 -384) (2480 -1440 -456) 
4 386 397 (2736 -1440 -568) (2480 -1440 -568) (2480 -1136 -568) (2736 -1136 -568) 
4 387 866 (2192 -1440 -568) (2480 -1440 -568) (2480 -1440 -456) (2192 -1440 -456) 
4 387 827 (2480 -1440 -456) (2480 -1440 -384) (2192 -1440 -384) (2192 -1440 -456) 
4 387 398 (2480 -1440 -568) (2192 -1440 -568) (2192 -1136 -568) (2480 -1136 -568) 
4 388 391 (1936 -1264 -384) (1936 -1136 -384) (1936 -1136 -568) (1936 -1264 -568) 
4 388 389 (2000 -1264 -568) (2112 -1264 -568) (2112 -1264 -384) (2000 -1264 -384) 
4 389 390 (2000 -1272 -568) (2112 -1272 -568) (2112 -1272 -384) (2000 -1272 -384) 
4 390 869 (1936 -1440 -568) (2176 -1440 -568) (2176 -1440 -456) (1936 -1440 -456) 
4 391 396 (1920 -1264 -384) (1448 -1264 -384) (1448 -1264 -496) (1920 -1264 -496) 
4 391 394 (1448 -1264 -568) (1448 -1264 -552) (1448 -1136 -552) (1448 -1136 -568) 
4 391 393 (1448 -1264 -544) (1448 -1264 -528) (1448 -1136 -528) (1448 -1136 -544) 
4 391 392 (1448 -1264 -520) (1448 -1264 -384) (1448 -1136 -384) (1448 -1136 -520) 
4 392 396 (1448 -1264 -496) (1448 -1264 -384) (1440 -1264 -384) (1440 -1264 -496) 
4 392 395 (1440 -1264 -520) (1440 -1264 -384) (1440 -1136 -384) (1440 -1136 -520) 
4 393 395 (1440 -1264 -544) (1440 -1264 -528) (1440 -1136 -528) (1440 -1136 -544) 
4 394 395 (1440 -1264 -568) (1440 -1264 -552) (1440 -1136 -552) (1440 -1136 -568) 
4 395 768 (1296 -1160 -568) (1296 -1264 -568) (1296 -1264 -496) (1296 -1160 -496) 
4 395 767 (1296 -1264 -496) (1296 -1264 -384) (1296 -1160 -384) (1296 -1160 -496) 
4 395 575 (1296 -1144 -568) (1296 -1160 -568) (1296 -1160 -496) (1296 -1144 -496) 
4 395 571 (1296 -1136 -496) (1296 -1136 -568) (1296 -1144 -568) (1296 -1144 -496) 
4 395 566 (1296 -1136 -384) (1296 -1136 -496) (1296 -1160 -496) (1296 -1160 -384) 
4 395 405 (1296 -1264 -568) (1296 -1136 -568) (1352.0000000000002 -1136 -568) (1352.0000000000002 -1264 -568) 
4 395 404 (1400 -1136 -568) (1408 -1136 -568) (1408 -1264 -568) (1400 -1264 -568) 
4 395 403 (1408 -1136 -568) (1440 -1136 -568) (1440 -1264 -568) (1408 -1264 -568) 
4 395 396 (1440 -1264 -496) (1440 -1264 -384) (1296 -1264 -384) (1296 -1264 -496) 
4 396 910 (1520 -1440 -488) (1520 -1440 -472) (1448 -1440 -472) (1448 -1440 -488) 
4 396 909 (1520 -1440 -464) (1520 -1440 -448) (1448 -1440 -448) (1448 -1440 -464) 
4 396 908 (1520 -1440 -440) (1520 -1440 -424) (1448 -1440 -424) (1448 -1440 -440) 
4 396 907 (1520 -1440 -416) (1520 -1440 -400) (1448 -1440 -400) (1448 -1440 -416) 
4 396 906 (1520 -1440 -392) (1520 -1440 -384) (1448 -1440 -384) (1448 -1440 -392) 
4 396 888 (1760 -1440 -496) (1808 -1440 -496) (1808 -1440 -456) (1760 -1440 -456) 
4 396 883 (1840 -1440 -496) (1920 -1440 -496) (1920 -1440 -456) (1840 -1440 -456) 
4 396 849 (1760 -1440 -400) (1760 -1440 -456) (1776 -1440 -456) (1776 -1440 -400) 
4 396 848 (1776 -1440 -456) (1792 -1440 -456) (1792 -1440 -400) (1776 -1440 -400) 
4 396 847 (1792 -1440 -456) (1808 -1440 -456) (1808 -1440 -400) (1792 -1440 -400) 
4 396 846 (1808 -1440 -384) (1760 -1440 -384) (1760 -1440 -400) (1808 -1440 -400) 
4 396 842 (1920 -1440 -456) (1920 -1440 -400) (1840 -1440 -400) (1840 -1440 -456) 
4 396 841 (1920 -1440 -400) (1920 -1440 -384) (1840 -1440 -384) (1840 -1440 -400) 
4 396 767 (1296 -1440 -496) (1296 -1440 -384) (1296 -1264 -384) (1296 -1264 -496) 
4 397 865 (2480 -1440 -608) (2736 -1440 -608) (2736 -1440 -568) (2480 -1440 -568) 
4 397 429 (2736 -1440 -608) (2480 -1440 -608) (2480 -744 -608) (2736 -744 -608) 
4 398 866 (2192 -1440 -608) (2480 -1440 -608) (2480 -1440 -568) (2192 -1440 -568) 
4 398 430 (2480 -1440 -608) (2192 -1440 -608) (2192 -744 -608) (2480 -744 -608) 
4 399 441 (2144 -776 -608) (2144 -824 -608) (2064 -824 -608) (2064 -776 -608) 
4 400 470 (1936 -1128 -608) (1936 -896 -608) (2032 -896 -608) (2032 -1128 -608) 
4 400 465 (1936 -896 -608) (1936 -864 -608) (2032 -864 -608) (2032 -896 -608) 
4 400 454 (2032 -864 -608) (2040 -864 -608) (2040 -1128 -608) (2032 -1128 -608) 
4 400 453 (2040 -864 -608) (2080 -864 -608) (2080 -1128 -608) (2040 -1128 -608) 
4 400 452 (2144 -936 -608) (2144 -1128 -608) (2080 -1128 -608) (2080 -936 -608) 
4 400 451 (2144 -912 -608) (2144 -936 -608) (2080 -936 -608) (2080 -912 -608) 
4 400 449 (2144 -888 -608) (2144 -912 -608) (2080 -912 -608) (2080 -888 -608) 
4 400 447 (2080 -864 -608) (2144 -864 -608) (2144 -888 -608) (2080 -888 -608) 
4 400 446 (2144 -864 -608) (2176 -864 -608) (2176 -1128 -608) (2144 -1128 -608) 
3 400 412 (1936 -1128 -584) (1936 -1128 -576) (1936 -1120 -576) 
5 400 411 (1936 -1128 -600) (1936 -1128 -592.0000000000001) (1936 -1112 -576) (1936 -1080 -576) (1936 -1056 -600) 
3 400 410 (1936 -1072 -576) (1936 -1024 -576) (1936 -1048 -600) 
4 400 409 (1936 -1016 -576) (1936 -983.9999999999998 -576) (1936 -959.9999999999999 -600) (1936 -1040 -600) 
3 400 408 (1936 -976 -576) (1936 -928.0000000000001 -576) (1936 -952 -600) 
4 400 407 (1936 -920 -576) (1936 -888.0000000000001 -576) (1936 -864 -600) (1936 -943.9999999999999 -600) 
3 400 406 (1936 -880 -576) (1936 -864 -576) (1936 -864 -592) 
4 401 870 (1936 -1440 -608) (2176 -1440 -608) (2176 -1440 -584) (1936 -1440 -584) 
4 401 474 (2032 -1440 -608) (1936 -1440 -608) (1936 -1288 -608) (2032 -1288 -608) 
4 401 464 (2176 -1440 -608) (2032 -1440 -608) (2032 -1288 -608) (2176 -1288 -608) 
4 402 421 (1808 -1128 -576) (1440 -1128 -576) (1440 -864 -576) (1808 -864 -576) 
4 402 403 (1440 -864 -576) (1440 -1128 -576) (1440 -1128 -568) (1440 -864 -568) 
4 403 422 (1408 -744 -576) (1440 -744 -576) (1440 -1264 -576) (1408 -1264 -576) 
4 403 404 (1408 -744 -576) (1408 -1264 -576) (1408 -1264 -568) (1408 -744 -568) 
4 405 768 (1296 -1160 -576) (1296 -1264 -576) (1296 -1264 -568) (1296 -1160 -568) 
4 405 575 (1296 -1144 -576) (1296 -1160 -576) (1296 -1160 -568) (1296 -1144 -568) 
4 405 571 (1296 -760 -576) (1296 -1144 -576) (1296 -1144 -568) (1296 -760 -568) 
4 405 570 (1296 -752 -576) (1296 -760 -576) (1296 -760 -568) (1296 -752 -568) 
4 405 569 (1296 -744 -568) (1296 -744 -576) (1296 -752 -576) (1296 -752 -568) 
4 405 423 (1296 -1264 -576) (1296 -744 -576) (1344.0000000000002 -744 -576) (1344.0000000000002 -1264 -576) 
3 406 413 (1928 -880 -576) (1928 -864 -576) (1928 -864 -592) 
4 407 413 (1928 -864 -600) (1928 -944 -600) (1928 -920 -576) (1928 -888.0000000000001 -576) 
3 408 413 (1928 -952 -600) (1928 -976 -576) (1928 -928.0000000000001 -576) 
4 409 413 (1928 -959.9999999999998 -600) (1928 -1040 -600) (1928 -1016 -576) (1928 -983.9999999999998 -576) 
3 410 413 (1928 -1048 -600) (1928 -1072 -576) (1928 -1024 -576) 
5 411 413 (1928 -1056 -600) (1928 -1128 -600) (1928 -1128 -592.0000000000001) (1928 -1112 -576) (1928 -1080 -576) 
3 412 413 (1928 -1128 -584) (1928 -1128 -576) (1928 -1120 -576) 
3 413 420 (1816 -1128 -584) (1816 -1128 -576) (1816 -1120 -576) 
5 413 419 (1816 -1056 -600) (1816 -1128 -600) (1816 -1128 -592.0000000000001) (1816 -1112 -576) (1816 -1080 -576) 
3 413 418 (1816 -1048 -600) (1816 -1072 -576) (1816 -1024 -576) 
4 413 417 (1816 -959.9999999999999 -600) (1816 -1040 -600) (1816 -1016 -576) (1816 -983.9999999999998 -576) 
3 413 416 (1816 -952 -600) (1816 -976 -576) (1816 -928.0000000000001 -576) 
4 413 415 (1816 -864 -600) (1816 -943.9999999999999 -600) (1816 -920 -576) (1816 -888.0000000000001 -576) 
3 413 414 (1816 -880 -576) (1816 -864 -576) (1816 -864 -592) 
3 414 421 (1808 -880 -576) (1808 -864 -576) (1808 -864 -592) 
4 415 421 (1808 -864 -600) (1808 -944 -600) (1808 -920 -576) (1808 -888.0000000000001 -576) 
3 416 421 (1808 -952 -600) (1808 -976 -576) (1808 -928.0000000000001 -576) 
4 417 421 (1808 -959.9999999999998 -600) (1808 -1040 -600) (1808 -1016 -576) (1808 -983.9999999999998 -576) 
3 418 421 (1808 -1048 -600) (1808 -1072 -576) (1808 -1024 -576) 
5 419 421 (1808 -1056 -600) (1808 -1128 -600) (1808 -1128 -592.0000000000001) (1808 -1112 -576) (1808 -1080 -576) 
3 420 421 (1808 -1128 -584) (1808 -1128 -576) (1808 -1120 -576) 
4 421 424 (1808 -864 -600) (1808 -1128 -600) (1440 -1128 -600) (1440 -864 -600) 
4 421 422 (1440 -864 -600) (1440 -1128 -600) (1440 -1128 -576) (1440 -864 -576) 
4 422 425 (1408 -744 -600) (1440 -744 -600) (1440 -1264 -600) (1408 -1264 -600) 
4 423 768 (1296 -1160 -600) (1296 -1264 -600) (1296 -1264 -576) (1296 -1160 -576) 
4 423 575 (1296 -1144 -600) (1296 -1160 -600) (1296 -1160 -576) (1296 -1144 -576) 
4 423 571 (1296 -760 -600) (1296 -1144 -600) (1296 -1144 -576) (1296 -760 -576) 
4 423 570 (1296 -752 -600) (1296 -760 -600) (1296 -760 -576) (1296 -752 -576) 
4 423 569 (1296 -744 -576) (1296 -744 -600) (1296 -752 -600) (1296 -752 -576) 
4 423 428 (1296 -1264 -600) (1296 -744 -600) (1344 -744 -600) (1344 -1264 -600) 
4 424 484 (1720 -1128 -608) (1440 -1128 -608) (1440 -864 -608) (1720 -864 -608) 
4 424 475 (1728 -1128 -608) (1720 -1128 -608) (1720 -864 -608) (1728 -864 -608) 
4 424 470 (1808 -1128 -608) (1728 -1128 -608) (1728 -896 -608) (1808 -896 -608) 
4 424 466 (1728 -896 -608) (1728 -864 -608) (1808 -864 -608) (1808 -896 -608) 
4 424 425 (1440 -864 -608) (1440 -1128 -608) (1440 -1128 -600) (1440 -864 -600) 
4 425 488 (1440 -1152 -608) (1440 -1264 -608) (1408 -1264 -608) (1408 -1152 -608) 
4 425 487 (1440 -1128 -608) (1440 -1152 -608) (1408 -1152 -608) (1408 -1128 -608) 
4 425 484 (1440 -864 -608) (1440 -1128 -608) (1408 -1128 -608) (1408 -864 -608) 
4 425 483 (1440 -840 -608) (1440 -864 -608) (1408 -864 -608) (1408 -840 -608) 
4 425 480 (1440 -768 -608) (1440 -840 -608) (1408 -840 -608) (1408 -768 -608) 
4 425 435 (1440 -760 -608) (1440 -768 -608) (1408 -768 -608) (1408 -760 -608) 
4 425 434 (1440 -752 -608) (1440 -760 -608) (1408 -760 -608) (1408 -752 -608) 
4 425 433 (1408 -744 -608) (1440 -744 -608) (1440 -752 -608) (1408 -752 -608) 
4 425 426 (1408 -744 -608) (1408 -1264 -608) (1408 -1264 -600) (1408 -744 -600) 
4 426 488 (1408 -1152 -608) (1408 -1264 -608) (1400.0000000000002 -1264 -608) (1400.0000000000002 -1152 -608) 
4 426 487 (1408 -1128 -608) (1408 -1152 -608) (1400.0000000000002 -1152 -608) (1400.0000000000002 -1128 -608) 
4 426 484 (1408 -864 -608) (1408 -1128 -608) (1400.0000000000002 -1128 -608) (1400.0000000000002 -864 -608) 
4 426 483 (1408 -840 -608) (1408 -864 -608) (1400.0000000000002 -864 -608) (1400.0000000000002 -840 -608) 
4 426 480 (1408 -768 -608) (1408 -840 -608) (1400.0000000000002 -840 -608) (1400.0000000000002 -768 -608) 
4 426 435 (1408 -760 -608) (1408 -768 -608) (1400.0000000000002 -768 -608) (1400.0000000000002 -760 -608) 
4 426 434 (1408 -752 -608) (1408 -760 -608) (1400.0000000000002 -760 -608) (1400.0000000000002 -752 -608) 
4 426 433 (1400.0000000000002 -744 -608) (1408 -744 -608) (1408 -752 -608) (1400.0000000000002 -752 -608) 
4 427 489 (1352 -768 -608) (1352 -1264 -608) (1344 -1264 -608) (1344 -768 -608) 
4 427 435 (1352 -760 -608) (1352 -768 -608) (1344 -768 -608) (1344 -760 -608) 
4 427 434 (1352 -752 -608) (1352 -760 -608) (1344 -760 -608) (1344 -752 -608) 
4 427 433 (1344 -744 -608) (1352 -744 -608) (1352 -752 -608) (1344 -752 -608) 
4 427 428 (1344 -744 -608) (1344 -1264 -608) (1344 -1264 -600) (1344 -744 -600) 
4 428 768 (1296 -1160 -608) (1296 -1264 -608) (1296 -1264 -600) (1296 -1160 -600) 
4 428 575 (1296 -1144 -608) (1296 -1160 -608) (1296 -1160 -600) (1296 -1144 -600) 
4 428 571 (1296 -760 -608) (1296 -1144 -608) (1296 -1144 -600) (1296 -760 -600) 
4 428 570 (1296 -752 -608) (1296 -760 -608) (1296 -760 -600) (1296 -752 -600) 
4 428 569 (1296 -744 -600) (1296 -744 -608) (1296 -752 -608) (1296 -752 -600) 
4 428 490 (1296 -1264 -608) (1296 -768 -608) (1344 -768 -608) (1344 -1264 -608) 
4 428 435 (1296 -768 -608) (1296 -760 -608) (1344 -760 -608) (1344 -768 -608) 
4 428 434 (1296 -760 -608) (1296 -752 -608) (1344 -752 -608) (1344 -760 -608) 
4 428 433 (1296 -752 -608) (1296 -744 -608) (1344 -744 -608) (1344 -752 -608) 
4 429 865 (2480 -1440 -752) (2736 -1440 -752) (2736 -1440 -608) (2480 -1440 -608) 
4 429 556 (2736 -1440 -752) (2480 -1440 -752) (2480 -1264 -752) (2736 -1264 -752) 
4 429 551 (2480 -1264 -752) (2480 -1256 -752) (2736 -1256 -752) (2736 -1264 -752) 
4 429 540 (2480 -1256 -752) (2480 -1024 -752) (2736 -1024 -752) (2736 -1256 -752) 
4 429 509 (2480 -1024 -752) (2480 -896 -752) (2736 -896 -752) (2736 -1024 -752) 
4 429 495 (2480 -896 -752) (2480 -744 -752) (2736 -744 -752) (2736 -896 -752) 
4 430 866 (2192 -1440 -752) (2480 -1440 -752) (2480 -1440 -608) (2192 -1440 -608) 
4 430 557 (2480 -1440 -752) (2192 -1440 -752) (2192 -1264 -752) (2480 -1264 -752) 
4 430 552 (2192 -1264 -752) (2192 -1256 -752) (2480 -1256 -752) (2480 -1264 -752) 
4 430 541 (2192 -1256 -752) (2192 -1024 -752) (2480 -1024 -752) (2480 -1256 -752) 
4 430 510 (2192 -1024 -752) (2192 -896 -752) (2480 -896 -752) (2480 -1024 -752) 
4 430 496 (2192 -896 -752) (2192 -744 -752) (2480 -744 -752) (2480 -896 -752) 
3 431 567 (1296 -744 -704) (1296 -760 -704) (1296 -760 -688.0000000000001) 
4 431 437 (1296 -760 -704) (1296 -752 -704) (2176 -752 -704) (2176 -760 -704) 
4 431 435 (1296 -760 -704) (2176 -760 -704) (2176 -760 -688.0000000000001) (1296 -760 -688.0000000000001) 
4 432 568 (1296 -744 -648.0000000000001) (1296 -744 -656.0000000000001) (1296 -752 -664) (1296 -752 -640.0000000000001) 
4 432 434 (1296 -752 -664.0000000000006) (2176 -752 -664.0000000000007) (2176 -752 -640.0000000000001) (1296 -752 -640.0000000000001) 
4 433 569 (1296 -744 -608) (1296 -744 -616) (1296 -752 -624) (1296 -752 -608) 
4 433 434 (2176 -752 -624) (2176 -752 -608) (1296 -752 -608) (1296 -752 -624) 
4 434 570 (1296 -752 -664) (1296 -760 -672) (1296 -760 -608) (1296 -752 -608) 
4 434 435 (2176 -760 -672) (2176 -760 -608) (1296 -760 -608) (1296 -760 -672) 
4 435 571 (1296 -760 -704) (1296 -768 -704) (1296 -768 -608) (1296 -760 -608) 
4 435 490 (1344 -768 -608) (1296 -768 -608) (1296 -768 -704) (1344 -768 -704) 
4 435 489 (1352 -768 -608) (1344 -768 -608) (1344 -768 -704) (1352 -768 -704) 
4 435 480 (1720 -768 -608) (1352 -768 -608) (1352 -768 -704) (1720 -768 -704) 
4 435 475 (1728 -768 -608) (1720 -768 -608) (1720 -768 -704) (1728 -768 -704) 
4 435 468 (1736 -768 -704) (1800 -768 -704) (1800 -768 -648) (1736 -768 -648) 
4 435 467 (1808 -768 -704) (2032 -768 -704) (2032 -768 -648) (1808 -768 -648) 
4 435 466 (1808 -768 -608) (1728 -768 -608) (1728 -768 -640) (1808 -768 -640) 
4 435 465 (2032 -768 -608) (1808 -768 -608) (1808 -768 -648) (2032 -768 -648) 
4 435 440 (2064 -768 -608) (2032 -768 -608) (2032 -768 -704) (2064 -768 -704) 
4 435 439 (2136 -768 -608) (2072 -768 -608) (2072 -768 -704) (2136 -768 -704) 
4 435 438 (2176 -768 -704) (2176 -768 -608) (2144 -768 -608) (2144 -768 -704) 
4 435 437 (2176 -768 -704) (1296 -768 -704) (1296 -760 -704) (2176 -760 -704) 
3 436 572 (1296 -752 -752) (1296 -768 -752) (1296 -768 -736) 
4 436 503 (1296 -768 -752) (1296 -752 -752) (1304 -752 -752) (1304 -768 -752) 
4 436 501 (1728 -752 -752) (1736 -752 -752) (1736 -768 -752) (1728 -768 -752) 
4 436 500 (1736 -752 -752) (1800 -752 -752) (1800 -768 -752) (1736 -768 -752) 
4 436 498 (1800 -752 -752) (1808 -752 -752) (1808 -768 -752) (1800 -768 -752) 
4 436 497 (1808 -752 -752) (2032 -752 -752) (2032 -768 -752) (1808 -768 -752) 
4 436 493 (1296 -768 -752) (1344 -768 -752) (1344 -768 -736) (1296 -768 -736) 
4 436 491 (1344 -768 -752) (1352 -768 -752) (1352 -768 -736) (1344 -768 -736) 
4 436 480 (1352 -768 -752) (1720 -768 -752) (1720 -768 -736) (1352 -768 -736) 
4 436 476 (1720 -768 -752) (1728 -768 -752) (1728 -768 -736) (1720 -768 -736) 
4 436 468 (1736 -768 -752) (1800 -768 -752) (1800 -768 -736) (1736 -768 -736) 
4 436 467 (1808 -768 -752) (2032 -768 -752) (2032 -768 -736) (1808 -768 -736) 
3 437 573 (1296 -768 -720) (1296 -768 -704) (1296 -752 -704) 
4 437 490 (1344 -768 -704) (1296 -768 -704) (1296 -768 -720) (1344 -768 -720) 
4 437 489 (1352 -768 -704) (1344 -768 -704) (1344 -768 -720) (1352 -768 -720) 
4 437 480 (1720 -768 -704) (1352 -768 -704) (1352 -768 -720) (1720 -768 -720) 
4 437 475 (1728 -768 -704) (1720 -768 -704) (1720 -768 -720) (1728 -768 -720) 
4 437 468 (1800 -768 -704) (1736 -768 -704) (1736 -768 -720) (1800 -768 -720) 
4 437 467 (2032 -768 -704) (1808 -768 -704) (1808 -768 -720) (2032 -768 -720) 
4 437 440 (2064 -768 -704) (2032 -768 -704) (2032 -768 -720) (2064 -768 -720) 
4 437 439 (2136 -768 -704) (2072 -768 -704) (2072 -768 -720) (2136 -768 -720) 
4 437 438 (2176 -768 -720) (2176 -768 -704) (2144 -768 -704) (2144 -768 -720) 
4 438 441 (2144 -776 -720) (2176 -776 -720) (2176 -776 -608) (2144 -776 -608) 
4 439 441 (2072 -776 -720) (2136 -776 -720) (2136 -776 -608) (2072 -776 -608) 
4 440 467 (2032 -768 -648) (2032 -768 -720) (2032 -776 -720) (2032 -776 -648) 
4 440 465 (2032 -768 -608) (2032 -768 -648) (2032 -776 -648) (2032 -776 -608) 
4 440 441 (2032 -776 -608) (2032 -776 -720) (2064 -776 -720) (2064 -776 -608) 
4 441 467 (2032 -776 -720) (2032 -840 -720) (2032 -840 -648) (2032 -776 -648) 
4 441 465 (2032 -840 -648) (2032 -840 -608) (2032 -776 -608) (2032 -776 -648) 
4 441 445 (2056 -840 -720) (2080 -840 -720) (2080 -840 -608) (2056 -840 -608) 
4 441 443 (2080 -840 -720) (2144 -840 -720) (2144 -840 -608) (2080 -840 -608) 
4 441 442 (2144 -840 -720) (2152 -840 -720) (2152 -840 -608) (2144 -840 -608) 
4 442 446 (2144 -864 -752) (2152 -864 -752) (2152 -864 -608) (2144 -864 -608) 
4 442 444 (2144 -840 -728) (2144 -840 -752) (2144 -864 -752) (2144 -864 -728) 
4 442 443 (2144 -840 -608) (2144 -840 -720) (2144 -864 -720) (2144 -864 -608) 
4 443 447 (2144 -864 -720) (2144 -864 -608) (2080 -864 -608) (2080 -864 -720) 
4 443 445 (2080 -840 -608) (2080 -840 -720) (2080 -864 -720) (2080 -864 -608) 
4 444 448 (2080 -864 -752) (2144 -864 -752) (2144 -864 -736) (2080 -864 -736) 
4 444 445 (2080 -840 -728) (2080 -840 -752) (2080 -864 -752) (2080 -864 -728) 
4 445 453 (2056 -864 -752) (2080 -864 -752) (2080 -864 -608) (2056 -864 -608) 
4 446 458 (2144 -1128 -752) (2152 -1128 -752) (2152 -1128 -608) (2144 -1128 -608) 
4 446 452 (2144 -936 -752) (2144 -1128 -752) (2144 -1128 -608) (2144 -936 -608) 
4 446 451 (2144 -936 -744) (2144 -936 -608) (2144 -912 -608) (2144 -912 -744) 
4 446 450 (2144 -888 -752) (2144 -912 -752) (2144 -912 -744) (2144 -888 -744) 
4 446 449 (2144 -912 -736) (2144 -912 -608) (2144 -888 -608) (2144 -888 -736) 
4 446 448 (2144 -864 -736) (2144 -864 -752) (2144 -888 -752) (2144 -888 -736) 
4 446 447 (2144 -864 -608) (2144 -864 -728) (2144 -888 -728) (2144 -888 -608) 
4 447 453 (2080 -864 -608) (2080 -864 -728) (2080 -888 -728) (2080 -888 -608) 
4 447 449 (2080 -888 -608) (2080 -888 -728) (2144 -888 -728) (2144 -888 -608) 
4 448 453 (2080 -864 -736) (2080 -864 -752) (2080 -888 -752) (2080 -888 -736) 
4 448 450 (2080 -888 -744) (2080 -888 -752) (2144 -888 -752) (2144 -888 -744) 
4 449 453 (2080 -912 -736) (2080 -912 -608) (2080 -888 -608) (2080 -888 -736) 
4 449 451 (2080 -912 -608) (2080 -912 -736) (2144 -912 -736) (2144 -912 -608) 
4 450 453 (2080 -888 -752) (2080 -912 -752) (2080 -912 -744) (2080 -888 -744) 
4 451 453 (2080 -936 -744) (2080 -936 -608) (2080 -912 -608) (2080 -912 -744) 
4 451 452 (2080 -936 -608) (2080 -936 -744) (2144 -936 -744) (2144 -936 -608) 
4 452 458 (2080 -1128 -752) (2144 -1128 -752) (2144 -1128 -608) (2080 -1128 -608) 
4 452 453 (2080 -936 -752) (2080 -1128 -752) (2080 -1128 -608) (2080 -936 -608) 
4 453 458 (2056 -1128 -752) (2080 -1128 -752) (2080 -1128 -608) (2056 -1128 -608) 
4 453 457 (2040 -1024 -752) (2040 -1128 -752) (2040 -1128 -736) (2040 -1024 -736) 
4 453 456 (2040 -904 -752) (2040 -1016 -752) (2040 -1016 -728) (2040 -904 -728) 
4 453 455 (2040 -864 -736) (2040 -864 -752) (2040 -896 -752) (2040 -896 -736) 
4 453 454 (2040 -864 -608) (2040 -864 -728) (2040 -1128 -728) (2040 -1128 -608) 
4 454 470 (2032 -1128 -728) (2032 -1128 -608) (2032 -896 -608) (2032 -896 -728) 
4 454 467 (2032 -864 -648) (2032 -864 -728) (2032 -896 -728) (2032 -896 -648) 
4 454 465 (2032 -896 -608) (2032 -864 -608) (2032 -864 -648) (2032 -896 -648) 
4 454 456 (2040 -904 -728) (2040 -1016 -728) (2032 -1016 -728) (2032 -904 -728) 
4 455 467 (2032 -864 -752) (2032 -896 -752) (2032 -896 -736) (2032 -864 -736) 
4 456 473 (2032 -904 -752) (2032 -1016 -752) (2032 -1016 -736) (2032 -904 -736) 
4 456 471 (2032 -1016 -736) (2032 -1016 -728) (2032 -904 -728) (2032 -904 -736) 
4 457 473 (2032 -1024 -752) (2032 -1128 -752) (2032 -1128 -736) (2032 -1024 -736) 
4 458 461 (2056 -1152 -752) (2152 -1152 -752) (2152 -1152 -736) (2056 -1152 -736) 
4 458 459 (2152 -1152 -736) (2152 -1152 -608) (2056 -1152 -608) (2056 -1152 -736) 
4 459 461 (2176 -1264 -736) (2040 -1264 -736) (2040 -1152 -736) (2176 -1152 -736) 
4 459 460 (2040 -1152 -608) (2040 -1152 -728) (2040 -1264 -728) (2040 -1264 -608) 
4 460 470 (2032 -1264 -728) (2032 -1264 -608) (2032 -1152 -608) (2032 -1152 -728) 
4 461 463 (2040 -1264 -752) (2040 -1264 -736) (2040 -1216 -736) (2040 -1216 -752) 
4 461 462 (2040 -1208 -736) (2040 -1152 -736) (2040 -1152 -752) (2040 -1208 -752) 
4 462 473 (2032 -1152 -752) (2032 -1208 -752) (2032 -1208 -736) (2032 -1152 -736) 
5 463 473 (2032 -1216 -752) (2032 -1256 -752) (2032 -1264 -743.9999999999999) (2032 -1264 -736) (2032 -1216 -736) 
4 464 870 (2032 -1440 -752) (2176 -1440 -752) (2176 -1440 -608) (2032 -1440 -608) 
4 464 558 (2176 -1440 -752) (2032 -1440 -752) (2032 -1288 -752) (2176 -1288 -752) 
4 464 474 (2032 -1288 -752) (2032 -1440 -752) (2032 -1440 -608) (2032 -1288 -608) 
4 465 470 (1808 -896 -648) (2032 -896 -648) (2032 -896 -608) (1808 -896 -608) 
4 465 467 (2032 -896 -648) (1808 -896 -648) (1808 -768 -648) (2032 -768 -648) 
4 465 466 (1808 -768 -608) (1808 -768 -640) (1808 -896 -640) (1808 -896 -608) 
4 466 475 (1728 -768 -608) (1728 -768 -640) (1728 -896 -640) (1728 -896 -608) 
4 466 470 (1728 -896 -608) (1728 -896 -640) (1808 -896 -640) (1808 -896 -608) 
4 467 497 (1808 -768 -752) (2032 -768 -752) (2032 -896 -752) (1808 -896 -752) 
4 467 473 (1808 -896 -752) (2032 -896 -752) (2032 -896 -736) (1808 -896 -736) 
4 467 470 (2032 -896 -728) (2032 -896 -648) (1808 -896 -648) (1808 -896 -728) 
4 468 500 (1736 -768 -752) (1800 -768 -752) (1800 -896 -752) (1736 -896 -752) 
4 468 473 (1736 -896 -752) (1800 -896 -752) (1800 -896 -736) (1736 -896 -736) 
4 468 470 (1800 -896 -728) (1800 -896 -648) (1736 -896 -648) (1736 -896 -728) 
4 468 469 (1736 -776 -656) (1736 -776 -752) (1736 -888 -752) (1736 -888 -656) 
4 469 502 (1728 -888 -752) (1728 -776 -752) (1736 -776 -752) (1736 -888 -752) 
4 469 476 (1728 -776 -752) (1728 -888 -752) (1728 -888 -728) (1728 -776 -728) 
4 469 475 (1728 -888 -728) (1728 -888 -656) (1728 -776 -656) (1728 -776 -728) 
4 470 475 (1728 -1264 -728) (1728 -1264 -608) (1728 -896 -608) (1728 -896 -728) 
4 470 472 (2032 -1264 -728) (1728 -1264 -728) (1728 -1024 -728) (2032 -1024 -728) 
4 470 471 (1728 -1016 -728) (1728 -904 -728) (2032 -904 -728) (2032 -1016 -728) 
4 471 477 (1728 -1016 -728) (1728 -904 -728) (1728 -904 -736) (1728 -1016 -736) 
4 471 473 (1728 -1016 -736) (1728 -904 -736) (2032 -904 -736) (2032 -1016 -736) 
4 472 473 (2032 -1264 -736) (1728 -1264 -736) (1728 -1024 -736) (2032 -1024 -736) 
4 473 542 (1728 -1256 -752) (1728 -1024 -752) (2032 -1024 -752) (2032 -1256 -752) 
5 473 479 (1728 -1248 -752) (1728 -1256 -752) (1728 -1264 -743.9999999999999) (1728 -1264 -736) (1728 -1248 -736) 
4 473 478 (1728 -1024 -752) (1728 -1240 -752) (1728 -1240 -736) (1728 -1024 -736) 
4 473 477 (1728 -904 -752) (1728 -1016 -752) (1728 -1016 -736) (1728 -904 -736) 
4 474 870 (1936 -1440 -752) (2032 -1440 -752) (2032 -1440 -608) (1936 -1440 -608) 
4 474 558 (2032 -1440 -752) (1936 -1440 -752) (1936 -1288 -752) (2032 -1288 -752) 
4 475 488 (1720 -1152 -728) (1720 -1264 -728) (1720 -1264 -608) (1720 -1152 -608) 
4 475 485 (1720 -1128 -728) (1720 -1152 -728) (1720 -1152 -608) (1720 -1128 -608) 
4 475 484 (1720 -864 -728) (1720 -1128 -728) (1720 -1128 -608) (1720 -864 -608) 
4 475 481 (1720 -840 -728) (1720 -864 -728) (1720 -864 -608) (1720 -840 -608) 
4 475 480 (1720 -768 -608) (1720 -768 -728) (1720 -840 -728) (1720 -840 -608) 
4 475 477 (1720 -1016 -728) (1720 -904 -728) (1728 -904 -728) (1728 -1016 -728) 
4 475 476 (1720 -896 -728) (1720 -768 -728) (1728 -768 -728) (1728 -896 -728) 
4 476 484 (1720 -864 -752) (1720 -896 -752) (1720 -896 -728) (1720 -864 -728) 
4 476 481 (1720 -840 -752) (1720 -864 -752) (1720 -864 -728) (1720 -840 -728) 
4 476 480 (1720 -768 -728) (1720 -768 -752) (1720 -840 -752) (1720 -840 -728) 
4 477 484 (1720 -904 -752) (1720 -1016 -752) (1720 -1016 -728) (1720 -904 -728) 
4 478 488 (1720 -1152 -752) (1720 -1240 -752) (1720 -1240 -736) (1720 -1152 -736) 
4 478 485 (1720 -1128 -752) (1720 -1152 -752) (1720 -1152 -736) (1720 -1128 -736) 
4 478 484 (1720 -1024 -752) (1720 -1128 -752) (1720 -1128 -736) (1720 -1024 -736) 
5 479 488 (1720 -1248 -752) (1720 -1255.9999999999998 -752) (1720 -1264 -743.9999999999999) (1720 -1264 -736) (1720 -1248 -736) 
4 480 492 (1352 -808 -752) (1352 -840 -752) (1352 -840 -736) (1352 -808 -736) 
4 480 491 (1352 -768 -736) (1352 -768 -752) (1352 -800 -752) (1352 -800 -736) 
4 480 489 (1352 -768 -608) (1352 -768 -728) (1352 -840 -728) (1352 -840 -608) 
4 480 483 (1352 -840 -608) (1352 -840 -752) (1440 -840 -752) (1440 -840 -608) 
4 480 482 (1464 -840 -752) (1560 -840 -752) (1560 -840 -608) (1464 -840 -608) 
4 480 481 (1584 -840 -752) (1720 -840 -752) (1720 -840 -608) (1584 -840 -608) 
4 481 484 (1584 -864 -752) (1720 -864 -752) (1720 -864 -608) (1584 -864 -608) 
4 482 484 (1464 -864 -752) (1560 -864 -752) (1560 -864 -608) (1464 -864 -608) 
4 483 492 (1352 -840 -752) (1352 -864 -752) (1352 -864 -736) (1352 -840 -736) 
4 483 489 (1352 -864 -728) (1352 -864 -608) (1352 -840 -608) (1352 -840 -728) 
4 483 484 (1352 -864 -608) (1352 -864 -752) (1440 -864 -752) (1440 -864 -608) 
4 484 492 (1352 -864 -752) (1352 -1128 -752) (1352 -1128 -736) (1352 -864 -736) 
4 484 489 (1352 -1128 -728) (1352 -1128 -608) (1352 -864 -608) (1352 -864 -728) 
4 484 487 (1352 -1128 -608) (1352 -1128 -752) (1440 -1128 -752) (1440 -1128 -608) 
4 484 486 (1464 -1128 -752) (1560 -1128 -752) (1560 -1128 -608) (1464 -1128 -608) 
4 484 485 (1584 -1128 -752) (1720 -1128 -752) (1720 -1128 -608) (1584 -1128 -608) 
4 485 488 (1584 -1152 -752) (1720 -1152 -752) (1720 -1152 -608) (1584 -1152 -608) 
4 486 488 (1464 -1152 -752) (1560 -1152 -752) (1560 -1152 -608) (1464 -1152 -608) 
4 487 492 (1352 -1128 -752) (1352 -1152 -752) (1352 -1152 -736) (1352 -1128 -736) 
4 487 489 (1352 -1152 -728) (1352 -1152 -608) (1352 -1128 -608) (1352 -1128 -728) 
4 487 488 (1352 -1152 -608) (1352 -1152 -752) (1440 -1152 -752) (1440 -1152 -608) 
4 488 548 (1424 -1256 -752) (1408 -1256 -752) (1408 -1168 -752) (1424 -1168 -752) 
4 488 547 (1504 -1256 -752) (1488 -1256 -752) (1488 -1168 -752) (1504 -1168 -752) 
4 488 546 (1584 -1256 -752) (1568 -1256 -752) (1568 -1168 -752) (1584 -1168 -752) 
4 488 545 (1664 -1256 -752) (1648 -1256 -752) (1648 -1168 -752) (1664 -1168 -752) 
5 488 494 (1352 -1232 -752) (1352 -1256 -752) (1352 -1264 -744) (1352 -1264 -736) (1352 -1232 -736) 
4 488 492 (1352 -1152 -752) (1352 -1224 -752) (1352 -1224 -736) (1352 -1152 -736) 
4 488 489 (1352 -1264 -728) (1352 -1264 -608) (1352 -1152 -608) (1352 -1152 -728) 
4 489 490 (1344 -768 -608) (1344 -768 -728) (1344 -1264 -728) (1344 -1264 -608) 
4 490 768 (1296 -1264 -736) (1296 -1264 -608) (1296 -1160 -608) (1296 -1160 -736) 
4 490 575 (1296 -1160 -608) (1296 -1144 -608) (1296 -1144 -736) (1296 -1160 -736) 
4 490 574 (1296 -768 -704) (1296 -768 -736) (1296 -1144 -736) (1296 -1144 -704) 
4 490 571 (1296 -1144 -608) (1296 -768 -608) (1296 -768 -704) (1296 -1144 -704) 
4 490 494 (1344 -1232 -736) (1344 -1264 -736) (1296 -1264 -736) (1296 -1232 -736) 
4 490 493 (1296 -768 -736) (1344 -768 -736) (1344 -1232 -736) (1296 -1232 -736) 
4 491 493 (1344 -800 -736) (1344 -768 -736) (1344 -768 -752) (1344 -800 -752) 
4 492 493 (1344 -1224 -736) (1344 -808 -736) (1344 -808 -752) (1344 -1224 -752) 
4 493 801 (1296 -1168 -752) (1296 -1232 -752) (1296 -1232 -744) (1296 -1168 -744) 
4 493 793 (1296 -1160 -752) (1296 -1168 -752) (1296 -1168 -744) (1296 -1160 -744) 
4 493 768 (1296 -1232 -744) (1296 -1232 -736) (1296 -1160 -736) (1296 -1160 -744) 
4 493 575 (1296 -1144 -752) (1296 -1160 -752) (1296 -1160 -736) (1296 -1144 -736) 
4 493 574 (1296 -768 -752) (1296 -1144 -752) (1296 -1144 -736) (1296 -768 -736) 
4 493 549 (1296 -1232 -752) (1296 -1168 -752) (1344 -1168 -752) (1344 -1232 -752) 
4 493 544 (1296 -1168 -752) (1296 -1024 -752) (1304 -1024 -752) (1304 -1168 -752) 
3 493 543 (1328 -1168 -752) (1304 -1168 -752) (1304 -1144 -752) 
4 493 511 (1296 -1024 -752) (1296 -896 -752) (1304 -896 -752) (1304 -1024 -752) 
4 493 503 (1296 -896 -752) (1296 -768 -752) (1304 -768 -752) (1304 -896 -752) 
4 493 494 (1296 -1232 -752) (1344 -1232 -752) (1344 -1232 -736) (1296 -1232 -736) 
3 494 811 (1296 -1256 -752) (1296 -1264 -743.9999999999999) (1296 -1256 -743.9999999999999) 
4 494 801 (1296 -1232 -752) (1296 -1256 -752) (1296 -1256 -743.9999999999999) (1296 -1232 -744) 
4 494 768 (1296 -1264 -743.9999999999999) (1296 -1264 -736) (1296 -1232 -736) (1296 -1232 -744) 
4 494 549 (1296 -1256 -752) (1296 -1232 -752) (1344 -1232 -752) (1344 -1256 -752) 
4 495 559 (2736 -896 -1000) (2480 -896 -1000) (2480 -744 -1000) (2736 -744 -1000) 
4 495 533 (2480 -896 -1000) (2736 -896 -1000) (2736 -896 -800) (2480 -896 -800) 
4 495 512 (2736 -896 -800) (2736 -896 -760) (2480 -896 -760) (2480 -896 -800) 
4 495 509 (2736 -896 -760) (2736 -896 -752) (2480 -896 -752) (2480 -896 -760) 
4 496 560 (2480 -896 -1000) (2192 -896 -1000) (2192 -744 -1000) (2480 -744 -1000) 
4 496 534 (2192 -896 -1000) (2480 -896 -1000) (2480 -896 -800) (2192 -896 -800) 
4 496 513 (2480 -896 -800) (2480 -896 -760) (2192 -896 -760) (2192 -896 -800) 
4 496 510 (2480 -896 -760) (2480 -896 -752) (2192 -896 -752) (2192 -896 -760) 
4 497 535 (1808 -896 -1000) (2016 -896 -1000) (2016 -896 -808) (1808 -896 -808) 
3 497 522 (1808 -896 -791.9999999999999) (1808 -896 -800) (1816 -896 -800) 
4 497 521 (1864.0000000000005 -896 -760) (1808 -896 -760) (1808 -896 -783.9999999999999) (1824.0000000000002 -896 -800) 
3 497 520 (1871.9999999999998 -896 -760) (1831.9999999999998 -896 -800) (1911.9999999999998 -896 -800) 
3 497 519 (1960 -896 -760) (1879.9999999999998 -896 -760) (1919.9999999999998 -896 -800) 
3 497 515 (1968 -896 -760) (1927.9999999999998 -896 -800) (2008 -896 -800) 
3 497 514 (2016 -896 -760) (1976 -896 -760) (2016 -896 -800) 
4 497 499 (1808 -776 -1000) (1808 -888 -1000) (1808 -888 -920) (1808 -776 -920) 
4 497 498 (1808 -744 -1000) (1808 -768 -1000) (1808 -768 -752) (1808 -744 -752) 
4 498 500 (1800 -744 -1000) (1800 -768 -1000) (1800 -768 -752) (1800 -744 -752) 
4 499 500 (1800 -776 -1000) (1800 -888 -1000) (1800 -888 -920) (1800 -776 -920) 
4 500 535 (1736 -896 -1000) (1800 -896 -1000) (1800 -896 -808) (1736 -896 -808) 
3 500 523 (1768 -896 -760) (1736 -896 -760) (1736 -896 -792) 
4 500 522 (1800 -896 -800) (1800 -896 -783.9999999999999) (1776 -896 -760) (1736 -896 -800) 
3 500 521 (1800 -896 -775.9999999999998) (1800 -896 -760) (1784 -896 -760) 
4 500 502 (1736 -776 -1000) (1736 -888 -1000) (1736 -888 -752) (1736 -776 -752) 
4 500 501 (1736 -744 -1000) (1736 -768 -1000) (1736 -768 -752) (1736 -744 -752) 
4 503 669 (1296 -872 -912) (1296 -896 -912) (1296 -896 -888) (1296 -872 -888) 
4 503 667 (1296 -848 -912) (1296 -872 -912) (1296 -872 -888) (1296 -848 -888) 
4 503 666 (1296 -744 -888) (1296 -744 -912) (1296 -848 -912) (1296 -848 -888) 
4 503 582 (1296 -848 -888) (1296 -896 -888) (1296 -896 -752) (1296 -848 -752) 
4 503 580 (1296 -840 -888) (1296 -848 -888) (1296 -848 -752) (1296 -840 -752) 
4 503 579 (1296 -744 -752) (1296 -744 -888) (1296 -840 -888) (1296 -840 -752) 
4 503 536 (1304 -896 -912) (1304 -896 -800) (1296 -896 -800) (1296 -896 -912) 
4 503 524 (1304 -896 -800) (1304 -896 -760) (1296 -896 -760) (1296 -896 -800) 
4 503 511 (1304 -896 -760) (1304 -896 -752) (1296 -896 -752) (1296 -896 -760) 
4 503 506 (1304 -848 -912) (1304 -896 -912) (1296 -896 -912) (1296 -848 -912) 
4 504 666 (1296 -752 -936) (1296 -792 -936) (1296 -792 -920) (1296 -752 -920) 
4 505 666 (1296 -800 -936) (1296 -840 -936) (1296 -840 -920) (1296 -800 -920) 
4 506 669 (1296 -896 -928.0000000000001) (1296 -896 -912) (1296 -872 -912) (1296 -872 -920) 
3 506 667 (1296 -872 -912) (1296 -848 -912) (1296 -872 -920) 
4 506 536 (1304 -896 -928.0000000000001) (1304 -896 -912) (1296 -896 -912) (1296 -896 -928.0000000000001) 
3 507 669 (1296 -872 -936) (1296 -896 -936) (1296 -872 -928) 
4 507 667 (1296 -848 -936) (1296 -872 -936) (1296 -872 -928) (1296 -848 -919.9999999999999) 
4 507 508 (1304 -848 -936) (1304 -896 -936) (1296 -896 -936) (1296 -848 -936) 
4 508 670 (1296 -872 -1000) (1296 -896 -1000) (1296 -896 -967.9999999999999) (1296 -872 -959.9999999999999) 
4 508 669 (1296 -896 -952) (1296 -896 -936) (1296 -872 -936) (1296 -872 -952) 
4 508 668 (1296 -848 -1000) (1296 -872 -1000) (1296 -872 -960) (1296 -848 -951.9999999999999) 
4 508 667 (1296 -872 -944) (1296 -872 -936) (1296 -848 -936) (1296 -848 -944) 
4 508 537 (1296 -896 -1000) (1304 -896 -1000) (1304 -896 -936) (1296 -896 -936) 
4 509 540 (2736 -1024 -752) (2480 -1024 -752) (2480 -1024 -760) (2736 -1024 -760) 
4 509 512 (2736 -1024 -760) (2480 -1024 -760) (2480 -896 -760) (2736 -896 -760) 
4 510 541 (2480 -1024 -752) (2192 -1024 -752) (2192 -1024 -760) (2480 -1024 -760) 
4 510 513 (2480 -1024 -760) (2192 -1024 -760) (2192 -896 -760) (2480 -896 -760) 
4 511 582 (1296 -1024 -760) (1296 -1024 -752) (1296 -896 -752) (1296 -896 -760) 
4 511 544 (1304 -1024 -752) (1296 -1024 -752) (1296 -1024 -760) (1304 -1024 -760) 
4 511 532 (1304 -1024 -760) (1296 -1024 -760) (1296 -1016 -760) (1304 -1016 -760) 
4 511 526 (1296 -1016 -760) (1296 -904 -760) (1304 -904 -760) (1304 -1016 -760) 
4 511 524 (1296 -904 -760) (1296 -896 -760) (1304 -896 -760) (1304 -904 -760) 
4 512 540 (2736 -1024 -760) (2480 -1024 -760) (2480 -1024 -800) (2736 -1024 -800) 
4 512 533 (2736 -1024 -800) (2480 -1024 -800) (2480 -896 -800) (2736 -896 -800) 
4 513 541 (2480 -1024 -760) (2192 -1024 -760) (2192 -1024 -800) (2480 -1024 -800) 
4 513 534 (2480 -1024 -800) (2192 -1024 -800) (2192 -896 -800) (2480 -896 -800) 
3 514 516 (2016 -904 -800) (2016 -904 -760) (1976.0000000000002 -904 -760) 
3 515 516 (1967.9999999999998 -904 -760) (1927.9999999999995 -904 -800) (2008 -904 -800) 
4 516 525 (1919.9999999999984 -904 -800) (1919.9999999999984 -1016 -800) (1959.9999999999984 -1016 -760) (1959.9999999999984 -904 -760) 
3 516 518 (1968 -1016 -760) (1928 -1016 -800) (2008 -1016 -800) 
3 516 517 (2016 -1016 -760) (1976 -1016 -760) (2016 -1016 -800) 
3 517 542 (2016 -1024 -760) (1976 -1024 -760) (2016 -1024 -800) 
3 518 542 (1968 -1024 -760) (1928 -1024 -800) (2008 -1024 -800) 
3 519 525 (1920 -904 -800) (1960 -904 -760) (1879.9999999999998 -904 -760) 
3 520 525 (1831.9999999999998 -904 -800) (1912 -904 -800) (1871.9999999999998 -904 -760) 
3 521 525 (1824.0000000000002 -904 -800) (1864.0000000000005 -904 -760) (1784 -904 -760) 
3 522 525 (1736 -904 -800) (1816.0000000000002 -904 -800) (1776 -904 -760) 
3 523 525 (1728 -904 -800) (1768 -904 -760) (1728 -904 -760) 
4 524 582 (1296 -904 -760) (1296 -896 -760) (1296 -896 -800) (1296 -904 -800) 
4 524 536 (1296 -904 -800) (1296 -896 -800) (1304 -896 -800) (1304 -904 -800) 
4 524 526 (1296 -904 -800) (1304 -904 -800) (1304 -904 -760) (1296 -904 -760) 
3 525 531 (1728 -1016 -800) (1768 -1016 -760) (1728 -1016 -760) 
3 525 530 (1736 -1016 -800) (1816.0000000000002 -1016 -800) (1776 -1016 -760) 
3 525 529 (1824.0000000000002 -1016 -800) (1864.0000000000005 -1016 -760) (1784 -1016 -760) 
3 525 528 (1831.9999999999998 -1016 -800) (1912 -1016 -800) (1871.9999999999998 -1016 -760) 
3 525 527 (1920 -1016 -800) (1960 -1016 -760) (1879.9999999999998 -1016 -760) 
4 526 582 (1296 -1016 -760) (1296 -904 -760) (1296 -904 -800) (1296 -1016 -800) 
4 526 539 (1296 -1016 -800) (1296 -1000 -800) (1304 -1000 -800) (1304 -1016 -800) 
4 526 538 (1296 -1000 -800) (1296 -992 -800) (1304 -992 -800) (1304 -1000 -800) 
4 526 536 (1296 -992 -800) (1296 -904 -800) (1304 -904 -800) (1304 -992 -800) 
4 526 532 (1296 -1016 -800) (1304 -1016 -800) (1304 -1016 -760) (1296 -1016 -760) 
3 527 542 (1959.9999999999995 -1024 -760) (1880 -1024 -760) (1920 -1024 -800) 
3 528 542 (1872 -1024 -760) (1831.9999999999998 -1024 -800) (1912 -1024 -800) 
3 529 542 (1864.0000000000002 -1024 -760) (1784 -1024 -760) (1824.0000000000002 -1024 -800) 
3 530 542 (1776 -1024 -760) (1736 -1024 -800) (1816.0000000000002 -1024 -800) 
3 531 542 (1768 -1024 -760) (1728 -1024 -760) (1728 -1024 -800) 
4 532 582 (1296 -1024 -800) (1296 -1024 -760) (1296 -1016 -760) (1296 -1016 -800) 
4 532 544 (1304 -1024 -760) (1296 -1024 -760) (1296 -1024 -800) (1304 -1024 -800) 
4 532 539 (1304 -1024 -800) (1296 -1024 -800) (1296 -1016 -800) (1304 -1016 -800) 
4 533 559 (2736 -1024 -1000) (2480 -1024 -1000) (2480 -896 -1000) (2736 -896 -1000) 
4 533 540 (2480 -1024 -1000) (2736 -1024 -1000) (2736 -1024 -800) (2480 -1024 -800) 
4 534 560 (2480 -1024 -1000) (2192 -1024 -1000) (2192 -896 -1000) (2480 -896 -1000) 
4 534 541 (2192 -1024 -1000) (2480 -1024 -1000) (2480 -1024 -800) (2192 -1024 -800) 
4 535 542 (1728 -1024 -1000) (2016 -1024 -1000) (2016 -1024 -808) (1728 -1024 -808) 
4 536 677 (1296 -992 -960) (1296 -992 -888) (1296 -968 -888) (1296 -968 -952) 
4 536 675 (1296 -968 -888) (1296 -944 -888) (1296 -944 -944) (1296 -968 -952) 
4 536 673 (1296 -944 -888) (1296 -920 -888) (1296 -920 -936.0000000000001) (1296 -944 -944) 
4 536 671 (1296 -920 -888) (1296 -896 -888) (1296 -896 -928.0000000000001) (1296 -920 -936.0000000000001) 
4 536 582 (1296 -992 -888) (1296 -992 -800) (1296 -896 -800) (1296 -896 -888) 
4 536 538 (1304 -992 -960) (1304 -992 -800) (1296 -992 -800) (1296 -992 -960.0000000000001) 
3 537 678 (1296 -968 -1000) (1296 -992 -1000) (1296 -968 -991.9999999999999) 
4 537 677 (1296 -992 -984) (1296 -992 -968.0000000000001) (1296 -968 -960.0000000000001) (1296 -968 -984) 
4 537 676 (1296 -944 -1000) (1296 -968 -1000) (1296 -968 -991.9999999999999) (1296 -944 -983.9999999999999) 
4 537 675 (1296 -968 -976) (1296 -968 -960.0000000000001) (1296 -944 -952) (1296 -944 -976) 
4 537 674 (1296 -920 -1000) (1296 -944 -1000) (1296 -944 -983.9999999999999) (1296 -920 -975.9999999999999) 
4 537 673 (1296 -944 -968) (1296 -944 -952) (1296 -920 -944) (1296 -920 -968) 
4 537 672 (1296 -896 -1000) (1296 -920 -1000) (1296 -920 -975.9999999999998) (1296 -896 -967.9999999999999) 
4 537 671 (1296 -920 -960) (1296 -920 -944) (1296 -896 -936) (1296 -896 -960) 
4 538 679 (1296 -1000 -960) (1296 -1000 -888) (1296 -992 -888) (1296 -992 -960) 
4 538 582 (1296 -1000 -888) (1296 -1000 -800) (1296 -992 -800) (1296 -992 -888) 
4 538 539 (1304 -1000 -960) (1304 -1000 -800) (1296 -1000 -800) (1296 -1000 -960) 
4 539 680 (1296 -1016 -1000) (1296 -1024 -1000) (1296 -1024 -888) (1296 -1016 -888) 
4 539 679 (1296 -1016 -992) (1296 -1016 -888) (1296 -1000 -888) (1296 -1000 -992) 
4 539 582 (1296 -1024 -888) (1296 -1024 -800) (1296 -1000 -800) (1296 -1000 -888) 
4 539 544 (1296 -1024 -1000) (1304 -1024 -1000) (1304 -1024 -800) (1296 -1024 -800) 
4 540 559 (2736 -1256 -1000) (2480 -1256 -1000) (2480 -1024 -1000) (2736 -1024 -1000) 
4 540 551 (2480 -1256 -1000) (2736 -1256 -1000) (2736 -1256 -752) (2480 -1256 -752) 
4 541 560 (2480 -1256 -1000) (2192 -1256 -1000) (2192 -1024 -1000) (2480 -1024 -1000) 
4 541 552 (2192 -1256 -1000) (2480 -1256 -1000) (2480 -1256 -752) (2192 -1256 -752) 
4 542 555 (2032 -1256 -847.9999999999999) (2032 -1256 -831.9999999999999) (1728 -1256 -831.9999999999999) (1728 -1256 -847.9999999999999) 
4 542 554 (2032 -1256 -800.0000000000001) (2032 -1256 -784) (1728 -1256 -784) (1728 -1256 -800.0000000000001) 
4 542 553 (1728 -1256 -1000) (2032 -1256 -1000) (2032 -1256 -880) (1728 -1256 -880) 
4 542 550 (1728 -1168 -1000) (1728 -1256 -1000) (1728 -1256 -784) (1728 -1168 -784) 
4 543 550 (1304 -1168 -1000) (1328 -1168 -1000) (1328 -1168 -784) (1304 -1168 -784) 
4 543 549 (1328 -1168 -784) (1328 -1168 -752) (1304 -1168 -752) (1304 -1168 -784) 
4 543 544 (1304 -1144 -1000) (1304 -1168 -1000) (1304 -1168 -752) (1304 -1144 -752) 
4 544 800 (1296 -1160 -1000) (1296 -1168 -1000) (1296 -1168 -888) (1296 -1160 -888) 
4 544 793 (1296 -1168 -888) (1296 -1168 -752) (1296 -1160 -752) (1296 -1160 -888) 
4 544 680 (1296 -1024 -1000) (1296 -1160 -1000) (1296 -1160 -888) (1296 -1024 -888) 
4 544 582 (1296 -1160 -888) (1296 -1160 -752) (1296 -1024 -752) (1296 -1024 -888) 
4 544 550 (1296 -1168 -1000) (1304 -1168 -1000) (1304 -1168 -784) (1296 -1168 -784) 
4 544 549 (1304 -1168 -784) (1304 -1168 -752) (1296 -1168 -752) (1296 -1168 -784) 
4 545 550 (1648 -1168 -784) (1664 -1168 -784) (1664 -1256 -784) (1648 -1256 -784) 
4 546 550 (1568 -1168 -784) (1584 -1168 -784) (1584 -1256 -784) (1568 -1256 -784) 
4 547 550 (1488 -1168 -784) (1504 -1168 -784) (1504 -1256 -784) (1488 -1256 -784) 
4 548 550 (1408 -1168 -784) (1424 -1168 -784) (1424 -1256 -784) (1408 -1256 -784) 
4 549 801 (1296 -1256 -784) (1296 -1256 -752) (1296 -1168 -752) (1296 -1168 -784) 
4 549 550 (1296 -1168 -784) (1344 -1168 -784) (1344 -1256 -784) (1296 -1256 -784) 
4 550 801 (1296 -1168 -1000) (1296 -1256 -1000) (1296 -1256 -784) (1296 -1168 -784) 
4 550 555 (1728 -1256 -847.9999999999999) (1728 -1256 -831.9999999999999) (1296 -1256 -831.9999999999999) (1296 -1256 -847.9999999999999) 
4 550 554 (1728 -1256 -800.0000000000001) (1728 -1256 -784) (1296 -1256 -784) (1296 -1256 -800.0000000000001) 
4 550 553 (1296 -1256 -1000) (1728 -1256 -1000) (1728 -1256 -880) (1296 -1256 -880) 
4 551 559 (2736 -1264 -1000) (2480 -1264 -1000) (2480 -1256 -1000) (2736 -1256 -1000) 
4 551 556 (2480 -1264 -1000) (2736 -1264 -1000) (2736 -1264 -752) (2480 -1264 -752) 
4 552 560 (2480 -1264 -1000) (2192 -1264 -1000) (2192 -1256 -1000) (2480 -1256 -1000) 
4 552 557 (2192 -1264 -1000) (2480 -1264 -1000) (2480 -1264 -752) (2192 -1264 -752) 
4 553 815 (1296 -1256 -1000) (1296 -1264 -1000) (1296 -1264 -888) (1296 -1256 -888) 
3 553 812 (1296 -1264 -888) (1296 -1256 -880) (1296 -1256 -888) 
3 554 813 (1296 -1264 -792) (1296 -1256 -784) (1296 -1256 -800.0000000000001) 
3 555 814 (1296 -1264 -839.9999999999999) (1296 -1256 -831.9999999999999) (1296 -1256 -847.9999999999999) 
4 556 865 (2480 -1440 -1000) (2736 -1440 -1000) (2736 -1440 -752) (2480 -1440 -752) 
4 556 559 (2736 -1440 -1000) (2480 -1440 -1000) (2480 -1264 -1000) (2736 -1264 -1000) 
4 557 866 (2192 -1440 -1000) (2480 -1440 -1000) (2480 -1440 -752) (2192 -1440 -752) 
4 557 560 (2480 -1440 -1000) (2192 -1440 -1000) (2192 -1264 -1000) (2480 -1264 -1000) 
4 558 870 (1936 -1440 -1000) (2176 -1440 -1000) (2176 -1440 -752) (1936 -1440 -752) 
4 558 563 (2176 -1440 -1000) (1936 -1440 -1000) (1936 -1288 -1000) (2176 -1288 -1000) 
4 559 865 (2480 -1440 -1136) (2736 -1440 -1136) (2736 -1440 -1000) (2480 -1440 -1000) 
4 559 564 (2736 -1440 -1136) (2480 -1440 -1136) (2480 -744 -1136) (2736 -744 -1136) 
4 560 866 (2192 -1440 -1136) (2480 -1440 -1136) (2480 -1440 -1000) (2192 -1440 -1000) 
4 561 562 (2056 -744 -1136) (2056 -1264 -1136) (2056 -1264 -1088) (2056 -744 -1088) 
4 562 818 (1296 -1160 -1136) (1296 -1264 -1136) (1296 -1264 -1088) (1296 -1160 -1088) 
4 562 681 (1296 -744 -1088) (1296 -744 -1136) (1296 -1160 -1136) (1296 -1160 -1088) 
4 563 870 (1936 -1440 -1136) (2176 -1440 -1136) (2176 -1440 -1000) (1936 -1440 -1000) 
4 564 931 (1296 -1440 -1136) (1296 -1440 -1144) (1448 -1440 -1144) (1448 -1440 -1136) 
4 564 912 (1448 -1440 -1144) (1520 -1440 -1144) (1520 -1440 -1136) (1448 -1440 -1136) 
4 564 900 (1520 -1440 -1144) (1936 -1440 -1144) (1936 -1440 -1136) (1520 -1440 -1136) 
4 564 871 (1936 -1440 -1144) (2176 -1440 -1144) (2176 -1440 -1136) (1936 -1440 -1136) 
4 564 868 (2176 -1440 -1144) (2736 -1440 -1144) (2736 -1440 -1136) (2176 -1440 -1136) 
4 564 822 (1296 -1264 -1144) (1296 -1440 -1144) (1296 -1440 -1136) (1296 -1264 -1136) 
4 564 820 (1296 -1160 -1144) (1296 -1264 -1144) (1296 -1264 -1136) (1296 -1160 -1136) 
4 564 682 (1296 -744 -1136) (1296 -744 -1144) (1296 -1160 -1144) (1296 -1160 -1136) 
4 565 790 (168 -1160 335.2138976801872) (168 -1160 327.213897680185) (512 -1160 327.213897680185) (512 -1160 335.2138976801872) 
4 565 769 (512 -1160 327.213897680185) (584 -1160 327.213897680185) (584 -1160 335.2138976801872) (512 -1160 335.2138976801872) 
4 565 766 (584 -1160 327.213897680185) (1296 -1160 327.213897680185) (1296 -1160 335.2138976801872) (584 -1160 335.2138976801872) 
4 565 644 (168 -744 335.2138976801872) (168 -744 327.213897680185) (168 -1160 327.213897680185) (168 -1160 335.2138976801872) 
4 566 791 (168 -1160 327.213897680185) (168 -1160 -496) (512 -1160 -496) (512 -1160 327.213897680185) 
4 566 770 (512 -1160 -496) (584 -1160 -496) (584 -1160 327.213897680185) (512 -1160 327.213897680185) 
4 566 767 (584 -1160 -496) (1296 -1160 -496) (1296 -1160 327.213897680185) (584 -1160 327.213897680185) 
4 566 645 (168 -744 327.213897680185) (168 -744 -496) (168 -1160 -496) (168 -1160 327.213897680185) 
4 566 577 (584 -1160 -496) (512 -1160 -496) (512 -1144 -496) (584 -1144 -496) 
4 566 575 (1296 -1160 -496) (896 -1160 -496) (896 -1144 -496) (1296 -1144 -496) 
4 566 571 (168 -1144 -496) (168 -760 -496) (1296 -760 -496) (1296 -1144 -496) 
4 566 570 (168 -760 -496) (168 -752 -496) (1296 -752 -496) (1296 -760 -496) 
4 566 569 (168 -752 -496) (168 -744 -496) (1296 -744 -496) (1296 -752 -496) 
4 567 573 (168 -760 -704) (168 -752 -704) (1296 -752 -704) (1296 -760 -704) 
4 567 571 (168 -760 -704) (1296 -760 -704) (1296 -760 -688.0000000000001) (168 -760 -688.0000000000001) 
4 568 570 (168 -752 -664.0000000000005) (1296 -752 -664.0000000000006) (1296 -752 -640.0000000000001) (168 -752 -640.0000000000001) 
4 569 646 (168 -744 -496) (168 -744 -560) (168 -752 -560) (168 -752 -496) 
4 569 570 (1296 -752 -624) (1296 -752 -496) (168 -752 -496) (168 -752 -624) 
4 570 646 (168 -760 -560) (168 -760 -496) (168 -752 -496) (168 -752 -560) 
4 570 571 (1296 -760 -672) (1296 -760 -496) (168 -760 -496) (168 -760 -672) 
4 571 652 (168 -1080 -704) (168 -1088 -704) (168 -1088 -624) (168 -1080 -624) 
4 571 649 (168 -792 -704) (168 -1080 -704) (168 -1080 -624) (168 -792 -624) 
4 571 646 (168 -1144 -560) (168 -1144 -496) (168 -760 -496) (168 -760 -560) 
4 571 577 (584 -1144 -496) (512 -1144 -496) (512 -1144 -704) (584 -1144 -704) 
4 571 575 (1296 -1144 -704) (1296 -1144 -496) (896 -1144 -496) (896 -1144 -704) 
4 571 574 (1296 -1144 -704) (168 -1144 -704) (168 -768 -704) (1296 -768 -704) 
4 571 573 (168 -768 -704) (168 -760 -704) (1296 -760 -704) (1296 -768 -704) 
4 572 621 (168 -768 -752) (168 -752 -752) (208 -752 -752) (208 -768 -752) 
4 572 618 (208 -752 -752) (216 -752 -752) (216 -768 -752) (208 -768 -752) 
4 572 612 (216 -752 -752) (296 -752 -752) (296 -768 -752) (216 -768 -752) 
4 572 608 (296 -752 -752) (304 -752 -752) (304 -768 -752) (296 -768 -752) 
4 572 607 (304 -752 -752) (496 -752 -752) (496 -768 -752) (304 -768 -752) 
4 572 605 (496 -752 -752) (504 -752 -752) (504 -768 -752) (496 -768 -752) 
4 572 604 (504 -752 -752) (720 -752 -752) (720 -768 -752) (504 -768 -752) 
4 572 595 (720 -752 -752) (728 -752 -752) (728 -768 -752) (720 -768 -752) 
4 572 594 (728 -752 -752) (824 -752 -752) (824 -768 -752) (728 -768 -752) 
4 572 583 (824 -752 -752) (832 -752 -752) (832 -768 -752) (824 -768 -752) 
4 572 579 (832 -752 -752) (1296 -752 -752) (1296 -768 -752) (832 -768 -752) 
4 572 574 (168 -768 -752) (1296 -768 -752) (1296 -768 -736) (168 -768 -736) 
4 573 574 (1296 -768 -720) (1296 -768 -704) (168 -768 -704) (168 -768 -720) 
4 574 642 (168 -1144 -752) (168 -1080 -752) (176 -1080 -752) (176 -1144 -752) 
4 574 639 (176 -1080 -752) (288 -1080 -752) (288 -1144 -752) (176 -1144 -752) 
4 574 636 (296 -1088 -752) (296 -1144 -752) (288 -1144 -752) (288 -1088 -752) 
4 574 635 (288 -1080 -752) (296 -1080 -752) (296 -1088 -752) (288 -1088 -752) 
4 574 634 (296 -1080 -752) (720 -1080 -752) (720 -1144 -752) (296 -1144 -752) 
4 574 632 (168 -1080 -752) (168 -960 -752) (288 -960 -752) (288 -1080 -752) 
4 574 631 (168 -960 -752) (168 -880 -752) (288 -880 -752) (288 -960 -752) 
4 574 630 (504 -1080 -752) (288 -1080 -752) (288 -1024 -752) (504 -1024 -752) 
4 574 629 (720 -1024 -752) (720 -1080 -752) (504 -1080 -752) (504 -1024 -752) 
4 574 628 (504 -960 -752) (504 -1024 -752) (288 -1024 -752) (288 -960 -752) 
4 574 627 (288 -880 -752) (504 -880 -752) (504 -960 -752) (288 -960 -752) 
4 574 626 (504 -880 -752) (720 -880 -752) (720 -1024 -752) (504 -1024 -752) 
4 574 622 (168 -880 -752) (168 -872 -752) (720 -872 -752) (720 -880 -752) 
4 574 621 (168 -872 -752) (168 -768 -752) (208 -768 -752) (208 -872 -752) 
4 574 620 (216 -816 -752) (216 -872 -752) (208 -872 -752) (208 -816 -752) 
4 574 618 (208 -768 -752) (216 -768 -752) (216 -816 -752) (208 -816 -752) 
4 574 617 (296 -816 -752) (296 -872 -752) (216 -872 -752) (216 -816 -752) 
4 574 616 (296 -792 -752) (296 -816 -752) (216 -816 -752) (216 -792 -752) 
4 574 614 (216 -768 -752) (296 -768 -752) (296 -792 -752) (216 -792 -752) 
4 574 611 (304 -816 -752) (304 -872 -752) (296 -872 -752) (296 -816 -752) 
4 574 610 (304 -808 -752) (304 -816 -752) (296 -816 -752) (296 -808 -752) 
4 574 608 (296 -768 -752) (304 -768 -752) (304 -808 -752) (296 -808 -752) 
4 574 607 (304 -768 -752) (496 -768 -752) (496 -872 -752) (304 -872 -752) 
4 574 605 (496 -768 -752) (504 -768 -752) (504 -872 -752) (496 -872 -752) 
4 574 604 (504 -768 -752) (720 -768 -752) (720 -872 -752) (504 -872 -752) 
4 574 595 (720 -768 -752) (728 -768 -752) (728 -1144 -752) (720 -1144 -752) 
4 574 594 (728 -768 -752) (824 -768 -752) (824 -1144 -752) (728 -1144 -752) 
4 574 583 (824 -768 -752) (832 -768 -752) (832 -1144 -752) (824 -1144 -752) 
4 574 582 (1296 -848 -752) (1296 -1144 -752) (832 -1144 -752) (832 -848 -752) 
4 574 580 (1296 -840 -752) (1296 -848 -752) (832 -848 -752) (832 -840 -752) 
4 574 579 (832 -768 -752) (1296 -768 -752) (1296 -840 -752) (832 -840 -752) 
4 574 578 (168 -1144 -752) (512 -1144 -752) (512 -1144 -728) (168 -1144 -728) 
4 574 577 (512 -1144 -752) (584 -1144 -752) (584 -1144 -704) (512 -1144 -704) 
4 574 576 (584 -1144 -752) (896 -1144 -752) (896 -1144 -728) (584 -1144 -728) 
4 574 575 (896 -1144 -752) (1296 -1144 -752) (1296 -1144 -704) (896 -1144 -704) 
4 575 793 (896 -1160 -752) (1296 -1160 -752) (1296 -1160 -744) (896 -1160 -744) 
4 575 768 (1296 -1160 -744) (1296 -1160 -496) (896 -1160 -496) (896 -1160 -744) 
4 575 582 (1296 -1160 -752) (896 -1160 -752) (896 -1144 -752) (1296 -1144 -752) 
4 575 576 (896 -1144 -728) (896 -1144 -752) (896 -1160 -752) (896 -1160 -743.9999999999999) 
4 576 795 (720 -1160 -752) (728 -1160 -752) (728 -1160 -744) (720 -1160 -744) 
4 576 794 (728 -1160 -752) (824 -1160 -752) (824 -1160 -743.9999999999999) (728 -1160 -744) 
4 576 793 (832 -1160 -752) (896 -1160 -752) (896 -1160 -743.9999999999999) (832 -1160 -743.9999999999999) 
4 576 634 (720 -1160 -752) (584 -1160 -752) (584 -1144 -752) (720 -1144 -752) 
4 576 595 (728 -1160 -752) (720 -1160 -752) (720 -1144 -752) (728 -1144 -752) 
4 576 594 (824 -1160 -752) (728 -1160 -752) (728 -1144 -752) (824 -1144 -752) 
4 576 583 (832 -1160 -752) (824 -1160 -752) (824 -1144 -752) (832 -1144 -752) 
4 576 582 (896 -1160 -752) (832 -1160 -752) (832 -1144 -752) (896 -1144 -752) 
4 576 577 (584 -1144 -728) (584 -1144 -752) (584 -1160 -752) (584 -1160 -743.9999999999999) 
4 577 797 (512 -1160 -752) (584 -1160 -752) (584 -1160 -744) (512 -1160 -744) 
4 577 770 (584 -1160 -744) (584 -1160 -496) (512 -1160 -496) (512 -1160 -744) 
4 577 634 (584 -1160 -752) (512 -1160 -752) (512 -1144 -752) (584 -1144 -752) 
4 577 578 (512 -1144 -728) (512 -1144 -752) (512 -1160 -752) (512 -1160 -743.9999999999999) 
4 578 798 (176 -1160 -752) (288 -1160 -752) (288 -1160 -744) (176 -1160 -744) 
4 578 642 (176 -1160 -752) (168 -1160 -752) (168 -1144 -752) (176 -1144 -752) 
4 578 639 (288 -1160 -752) (176 -1160 -752) (176 -1144 -752) (288 -1144 -752) 
4 578 638 (296 -1160 -752) (288 -1160 -752) (288 -1152 -752) (296 -1152 -752) 
4 578 636 (288 -1152 -752) (288 -1144 -752) (296 -1144 -752) (296 -1152 -752) 
4 578 634 (512 -1160 -752) (296 -1160 -752) (296 -1144 -752) (512 -1144 -752) 
4 579 689 (832 -840 -888) (832 -744 -888) (856 -744 -888) (856 -840 -888) 
4 579 688 (856 -744 -888) (880 -744 -888) (880 -840 -888) (856 -840 -888) 
4 579 687 (880 -744 -888) (904 -744 -888) (904 -840 -888) (880 -840 -888) 
4 579 686 (904 -744 -888) (928 -744 -888) (928 -840 -888) (904 -840 -888) 
4 579 685 (928 -744 -888) (952 -744 -888) (952 -840 -888) (928 -840 -888) 
4 579 684 (952 -744 -888) (976 -744 -888) (976 -840 -888) (952 -840 -888) 
4 579 683 (976 -744 -888) (1200 -744 -888) (1200 -840 -888) (976 -840 -888) 
4 579 666 (1200 -744 -888) (1296 -744 -888) (1296 -840 -888) (1200 -840 -888) 
4 579 585 (832 -744 -888) (832 -840 -888) (832 -840 -872) (832 -744 -872) 
4 579 584 (832 -840 -872) (832 -840 -864) (832 -744 -864) (832 -744 -872) 
4 579 583 (832 -840 -864) (832 -840 -752) (832 -744 -752) (832 -744 -864) 
3 579 581 (832 -840 -872) (832 -840 -888) (879.9999999999999 -840 -888) 
5 579 580 (832 -840 -752) (832 -840 -864.0000000000001) (903.9999999999998 -840 -888) (1296 -840 -888) (1296 -840 -752) 
4 580 706 (903.9999999999998 -840 -888) (976 -840 -888) (976 -848 -888) (903.9999999999998 -848 -888) 
4 580 698 (976 -840 -888) (1200 -840 -888) (1200 -848 -888) (976 -848 -888) 
4 580 666 (1200 -840 -888) (1296 -840 -888) (1296 -848 -888) (1200 -848 -888) 
4 580 583 (832 -848 -864.0000000000001) (832 -848 -752) (832 -840 -752) (832 -840 -864.0000000000001) 
5 580 582 (832 -848 -752) (832 -848 -864.0000000000001) (903.9999999999998 -848 -888) (1296 -848 -888) (1296 -848 -752) 
4 581 707 (832 -848 -888) (832 -840 -888) (879.9999999999999 -840 -888) (879.9999999999999 -848 -888) 
3 581 582 (832 -848 -872) (832 -848 -888) (879.9999999999999 -848 -888) 
4 582 793 (832 -1160 -888) (1296 -1160 -888) (1296 -1160 -752) (832 -1160 -752) 
4 582 708 (976 -1160 -888) (832 -1160 -888) (832 -848 -888) (976 -848 -888) 
4 582 705 (1192 -1160 -888) (976 -1160 -888) (976 -992 -888) (1192 -992 -888) 
4 582 704 (1200 -1160 -888) (1192 -1160 -888) (1192 -1000 -888) (1200 -1000 -888) 
4 582 703 (1192 -1000 -888) (1192 -992 -888) (1200 -992 -888) (1200 -1000 -888) 
4 582 702 (976 -992 -888) (976 -848 -888) (1192 -848 -888) (1192 -992 -888) 
4 582 700 (1192 -848 -888) (1200 -848 -888) (1200 -992 -888) (1192 -992 -888) 
4 582 680 (1296 -1160 -888) (1200 -1160 -888) (1200 -1016 -888) (1296 -1016 -888) 
4 582 679 (1200 -1016 -888) (1200 -992 -888) (1296 -992 -888) (1296 -1016 -888) 
4 582 677 (1200 -992 -888) (1200 -968 -888) (1296 -968 -888) (1296 -992 -888) 
4 582 675 (1200 -968 -888) (1200 -944 -888) (1296 -944 -888) (1296 -968 -888) 
4 582 673 (1200 -944 -888) (1200 -920 -888) (1296 -920 -888) (1296 -944 -888) 
4 582 671 (1200 -920 -888) (1200 -896 -888) (1296 -896 -888) (1296 -920 -888) 
4 582 669 (1200 -896 -888) (1200 -872 -888) (1296 -872 -888) (1296 -896 -888) 
4 582 667 (1200 -872 -888) (1200 -848 -888) (1296 -848 -888) (1296 -872 -888) 
4 582 589 (832 -1152 -888) (832 -1160 -888) (832 -1160 -872) (832 -1152 -872) 
4 582 588 (832 -1040 -888) (832 -1144 -888) (832 -1144 -872) (832 -1040 -872) 
4 582 587 (832 -904 -888) (832 -1032 -888) (832 -1032 -872) (832 -904 -872) 
4 582 586 (832 -848 -888) (832 -896 -888) (832 -896 -872) (832 -848 -872) 
4 582 583 (832 -1160 -864) (832 -1160 -752) (832 -848 -752) (832 -848 -864) 
4 583 594 (824 -1160 -864) (824 -1160 -752) (824 -752 -752) (824 -752 -864) 
4 583 590 (824 -752 -752) (824 -744 -752) (824 -744 -864) (824 -752 -864) 
4 583 584 (824 -840 -864) (824 -744 -864) (832 -744 -864) (832 -840 -864) 
4 584 594 (824 -840 -864) (824 -752 -864) (824 -752 -872) (824 -840 -872) 
4 584 590 (824 -752 -864) (824 -744 -864) (824 -744 -872) (824 -752 -872) 
4 584 585 (824 -840 -872) (824 -744 -872) (832 -744 -872) (832 -840 -872) 
4 585 594 (824 -752 -888) (824 -840 -888) (824 -840 -872) (824 -752 -872) 
4 585 590 (824 -744 -888) (824 -752 -888) (824 -752 -872) (824 -744 -872) 
4 586 594 (824 -848 -888) (824 -896 -888) (824 -896 -872) (824 -848 -872) 
4 587 594 (824 -904 -888) (824 -1032 -888) (824 -1032 -872) (824 -904 -872) 
4 588 594 (824 -1040 -888) (824 -1144 -888) (824 -1144 -872) (824 -1040 -872) 
4 589 594 (824 -1152 -888) (824 -1160 -888) (824 -1160 -872) (824 -1152 -872) 
4 590 594 (815.9999999999999 -752 -888) (824 -752 -888) (824 -752 -752) (815.9999999999999 -752 -752) 
4 591 594 (784 -752 -888) (800.0000000000001 -752 -888) (800.0000000000001 -752 -752) (784 -752 -752) 
4 592 594 (751.9999999999995 -752 -888) (768 -752 -888) (768 -752 -752) (751.9999999999995 -752 -752) 
4 593 596 (728 -744 -888) (728 -752 -888) (728 -752 -872) (728 -744 -872) 
4 593 595 (728 -752 -864) (728 -752 -752) (728 -744 -752) (728 -744 -864) 
4 593 594 (728 -752 -752) (728 -752 -888) (736.0000000000001 -752 -888) (736.0000000000001 -752 -752) 
4 594 794 (728 -1160 -888) (824 -1160 -888) (824 -1160 -752) (728 -1160 -752) 
4 594 600 (728 -1152 -888) (728 -1160 -888) (728 -1160 -872) (728 -1152 -872) 
4 594 599 (728 -1040 -888) (728 -1144 -888) (728 -1144 -872) (728 -1040 -872) 
4 594 598 (728 -904 -888) (728 -1032 -888) (728 -1032 -872) (728 -904 -872) 
4 594 597 (728 -760 -888) (728 -896 -888) (728 -896 -872) (728 -760 -872) 
4 594 595 (728 -1160 -864) (728 -1160 -752) (728 -752 -752) (728 -752 -864) 
4 595 795 (728 -1160 -864) (728 -1160 -752) (720 -1160 -752) (720 -1160 -864) 
4 595 634 (720 -1160 -864) (720 -1160 -752) (720 -1080 -752) (720 -1080 -864) 
4 595 629 (720 -1080 -752) (720 -1024 -752) (720 -1024 -864) (720 -1080 -864) 
4 595 626 (720 -1024 -752) (720 -880 -752) (720 -880 -864) (720 -1024 -864) 
4 595 622 (720 -880 -752) (720 -872 -752) (720 -872 -864) (720 -880 -864) 
4 595 604 (720 -872 -752) (720 -752 -752) (720 -752 -864) (720 -872 -864) 
4 595 601 (720 -752 -752) (720 -744 -752) (720 -744 -864) (720 -752 -864) 
4 596 601 (720 -744 -888) (720 -752 -888) (720 -752 -872) (720 -744 -872) 
4 597 626 (720 -880 -888) (720 -896 -888) (720 -896 -872) (720 -880 -872) 
4 597 623 (720 -872 -888) (720 -880 -888) (720 -880 -872) (720 -872 -872) 
4 597 604 (720 -760 -888) (720 -872 -888) (720 -872 -872) (720 -760 -872) 
4 598 629 (720 -1024 -888) (720 -1032 -888) (720 -1032 -872) (720 -1024 -872) 
4 598 626 (720 -904 -888) (720 -1024 -888) (720 -1024 -872) (720 -904 -872) 
4 599 634 (720 -1080 -888) (720 -1144 -888) (720 -1144 -872) (720 -1080 -872) 
4 599 629 (720 -1040 -888) (720 -1080 -888) (720 -1080 -872) (720 -1040 -872) 
4 600 796 (720 -1160 -888) (728 -1160 -888) (728 -1160 -872) (720 -1160 -872) 
4 600 634 (720 -1152 -888) (720 -1160 -888) (720 -1160 -872) (720 -1152 -872) 
4 601 693 (567.9999999999999 -744 -888) (720 -744 -888) (720 -752 -888) (559.9999999999999 -752 -888) 
4 601 604 (559.9999999999999 -752 -888) (720 -752 -888) (720 -752 -752) (559.9999999999999 -752 -752) 
3 602 694 (536 -744 -888) (544.0000000000001 -752 -888) (528 -752 -888) 
4 602 604 (528 -752 -888) (544.0000000000001 -752 -888) (544.0000000000001 -752 -752) (528 -752 -752) 
3 603 695 (504 -744 -888) (512.0000000000001 -752 -888) (504 -752 -888) 
4 603 606 (504 -744 -888) (504 -752 -888) (504 -752 -872) (504 -744 -872) 
4 603 605 (504 -752 -864) (504 -752 -752) (504 -744 -752) (504 -744 -864) 
4 603 604 (504 -752 -752) (504 -752 -888) (512.0000000000001 -752 -888) (512.0000000000001 -752 -752) 
4 604 709 (720 -840 -888) (720 -872 -888) (504 -872 -888) (504 -840 -888) 
4 604 696 (720 -752 -888) (720 -840 -888) (504 -840 -888) (504 -752 -888) 
4 604 623 (720 -872 -888) (720 -872 -864) (504 -872 -864) (504 -872 -888) 
4 604 622 (720 -872 -864) (720 -872 -752) (504 -872 -752) (504 -872 -864) 
4 604 606 (504 -752 -888) (504 -872 -888) (504 -872 -872) (504 -752 -872) 
4 604 605 (504 -872 -864) (504 -872 -752) (504 -752 -752) (504 -752 -864) 
4 605 622 (504 -872 -752) (496 -872 -752) (496 -872 -864) (504 -872 -864) 
4 605 607 (496 -872 -864) (496 -872 -752) (496 -744 -752) (496 -744 -864) 
4 606 607 (496 -744 -888) (496 -872 -888) (496 -872 -872) (496 -744 -872) 
4 607 625 (304 -872 -864) (304 -872 -888) (312 -872 -888) (312 -872 -864) 
4 607 624 (320 -872 -888) (496 -872 -888) (496 -872 -872) (320 -872 -872) 
4 607 622 (496 -872 -752) (304 -872 -752) (304 -872 -864) (496 -872 -864) 
4 607 611 (304 -816 -888) (304 -872 -888) (304 -872 -752) (304 -816 -752) 
4 607 610 (304 -816 -856) (304 -816 -752) (304 -808 -752) (304 -808 -848) 
4 607 609 (304 -744 -888) (304 -808 -888) (304 -808 -856.0000000000001) (304 -744 -848.0000000000001) 
4 607 608 (304 -808 -848.0000000000001) (304 -808 -752) (304 -744 -752) (304 -744 -840) 
4 608 616 (296 -808 -848.0000000000001) (296 -808 -752) (296 -792 -752) (296 -792 -846.0000000000001) 
4 608 614 (296 -792 -752) (296 -768 -752) (296 -768 -843) (296 -792 -846.0000000000001) 
4 608 612 (296 -768 -752) (296 -744 -752) (296 -744 -840) (296 -768 -843) 
4 608 610 (296 -808 -752) (296 -808 -848.0000000000001) (304 -808 -848.0000000000001) (304 -808 -752) 
4 609 616 (296 -808 -880) (296 -808 -856.0000000000001) (296 -792 -854.0000000000001) (296 -792 -880) 
4 609 615 (296 -768 -888) (296 -792 -888) (296 -792 -880) (296 -768 -880) 
4 609 614 (296 -792 -872) (296 -792 -854.0000000000001) (296 -768 -851.0000000000001) (296 -768 -872) 
4 609 613 (296 -744 -888) (296 -768 -888) (296 -768 -872) (296 -744 -872) 
4 609 612 (296 -768 -864) (296 -768 -851.0000000000001) (296 -744 -848.0000000000001) (296 -744 -864) 
4 610 616 (296 -816 -856) (296 -816 -752) (296 -808 -752) (296 -808 -848) 
4 610 611 (296 -816 -752) (296 -816 -856) (304 -816 -856) (304 -816 -752) 
4 611 625 (296 -872 -864) (296 -872 -888) (304 -872 -888) (304 -872 -864) 
4 611 622 (304 -872 -752) (296 -872 -752) (296 -872 -864) (304 -872 -864) 
4 611 617 (296 -816 -888) (296 -872 -888) (296 -872 -752) (296 -816 -752) 
4 612 618 (216 -768 -840) (216 -768 -752) (216 -744 -752) (216 -744 -840) 
4 612 614 (216 -768 -752) (216 -768 -864) (296 -768 -864) (296 -768 -752) 
4 613 615 (216 -768 -880) (216 -768 -888) (296 -768 -888) (296 -768 -880) 
4 614 618 (216 -792 -840) (216 -792 -752) (216 -768 -752) (216 -768 -840) 
4 614 616 (216 -792 -752) (216 -792 -872) (296 -792 -872) (296 -792 -752) 
3 616 619 (216 -816 -848.0000000000001) (216 -816 -840) (216 -808 -840) 
4 616 618 (216 -816 -840) (216 -816 -752) (216 -792 -752) (216 -792 -840) 
4 616 617 (216 -816 -752) (216 -816 -880) (296 -816 -880) (296 -816 -752) 
4 617 625 (216 -872 -864) (216 -872 -888) (296 -872 -888) (296 -872 -864) 
4 617 622 (296 -872 -752) (216 -872 -752) (216 -872 -864) (296 -872 -864) 
4 617 620 (216 -816 -888) (216 -872 -888) (216 -872 -752) (216 -816 -752) 
4 618 621 (208 -816 -840) (208 -816 -752) (208 -744 -752) (208 -744 -840) 
4 618 620 (208 -816 -752) (208 -816 -840) (216 -816 -840) (216 -816 -752) 
4 618 619 (216 -816 -840) (208 -816 -840) (208 -808 -840) (216 -808 -840) 
3 619 621 (208 -816 -848) (208 -816 -840) (208 -808 -840) 
4 619 620 (208 -816 -840) (208 -816 -848) (216 -816 -848) (216 -816 -840) 
4 620 625 (208 -872 -864) (208 -872 -888) (216 -872 -888) (216 -872 -864) 
4 620 622 (216 -872 -752) (208 -872 -752) (208 -872 -864) (216 -872 -864) 
4 620 621 (208 -816 -888) (208 -872 -888) (208 -872 -752) (208 -816 -752) 
4 621 657 (168 -792 -848) (168 -872 -848) (168 -872 -768) (168 -792 -768) 
4 621 625 (168 -872 -864) (168 -872 -888) (208 -872 -888) (208 -872 -864) 
4 621 622 (208 -872 -752) (168 -872 -752) (168 -872 -864) (208 -872 -864) 
4 622 657 (168 -880 -848) (168 -880 -768) (168 -872 -768) (168 -872 -848) 
4 622 631 (288 -880 -752) (168 -880 -752) (168 -880 -864) (288 -880 -864) 
4 622 627 (504 -880 -752) (288 -880 -752) (288 -880 -864) (504 -880 -864) 
4 622 626 (720 -880 -864) (720 -880 -752) (504 -880 -752) (504 -880 -864) 
4 622 625 (312 -880 -864) (168 -880 -864) (168 -872 -864) (312 -872 -864) 
4 622 623 (720 -880 -864) (504 -880 -864) (504 -872 -864) (720 -872 -864) 
4 623 709 (504 -872 -888) (720 -872 -888) (720 -880 -888) (504 -880 -888) 
4 623 626 (720 -880 -888) (720 -880 -864) (504 -880 -864) (504 -880 -888) 
4 624 627 (320 -880 -872) (320 -880 -888) (496 -880 -888) (496 -880 -872) 
4 625 631 (288 -880 -864) (168 -880 -864) (168 -880 -888) (288 -880 -888) 
4 625 627 (312 -880 -864) (288 -880 -864) (288 -880 -888) (312 -880 -888) 
4 626 709 (504 -880 -888) (720 -880 -888) (720 -1024 -888) (504 -1024 -888) 
4 626 629 (504 -1024 -888) (720 -1024 -888) (720 -1024 -752) (504 -1024 -752) 
4 626 628 (504 -1024 -840) (504 -1024 -752) (504 -960 -752) (504 -960 -840) 
4 626 627 (504 -880 -752) (504 -880 -888) (504 -960 -888) (504 -960 -752) 
4 627 722 (312 -880 -888) (336 -880 -888) (336 -960 -888) (312 -960 -888) 
4 627 720 (336 -880 -888) (360 -880 -888) (360 -960 -888) (336 -960 -888) 
4 627 718 (360 -880 -888) (384 -880 -888) (384 -960 -888) (360 -960 -888) 
4 627 717 (384 -880 -888) (408 -880 -888) (408 -960 -888) (384 -960 -888) 
4 627 716 (408 -880 -888) (504 -880 -888) (504 -960 -888) (408 -960 -888) 
4 627 631 (288 -880 -752) (288 -880 -888) (288 -960 -888) (288 -960 -752) 
4 627 628 (288 -960 -752) (288 -960 -768) (504 -960 -840) (504 -960 -752) 
4 628 632 (288 -1024 -768) (288 -1024 -752) (288 -960 -752) (288 -960 -768) 
4 628 630 (288 -1024 -752) (288 -1024 -768) (504 -1024 -768) (504 -1024 -752) 
4 629 709 (720 -1024 -888) (720 -1080 -888) (504 -1080 -888) (504 -1024 -888) 
4 629 634 (720 -1080 -888) (720 -1080 -752) (504 -1080 -752) (504 -1080 -888) 
4 629 630 (504 -1024 -752) (504 -1024 -768) (504 -1080 -768) (504 -1080 -752) 
4 630 635 (296 -1080 -752) (288 -1080 -752) (288 -1080 -768) (296 -1080 -768) 
4 630 634 (504 -1080 -752) (296 -1080 -752) (296 -1080 -768) (504 -1080 -768) 
4 630 632 (288 -1080 -768) (288 -1080 -752) (288 -1024 -752) (288 -1024 -768) 
4 631 657 (168 -960 -848) (168 -960 -768) (168 -880 -768) (168 -880 -848) 
4 631 633 (288 -960 -888) (288 -960 -784) (168 -960 -784) (168 -960 -888) 
4 631 632 (288 -960 -768) (288 -960 -752) (168 -960 -752) (168 -960 -768) 
4 632 642 (176 -1080 -752) (168 -1080 -752) (168 -1080 -768) (176 -1080 -768) 
4 632 639 (288 -1080 -752) (176 -1080 -752) (176 -1080 -768) (288 -1080 -768) 
4 633 658 (168 -1080 -848) (168 -1080 -784) (168 -960 -784) (168 -960 -848) 
4 633 641 (176 -1080 -888) (288 -1080 -888) (288 -1080 -784) (176 -1080 -784) 
4 634 797 (512 -1160 -888) (584 -1160 -888) (584 -1160 -752) (512 -1160 -752) 
4 634 742 (456 -1160 -888) (296 -1160 -888) (296 -1080 -888) (456 -1080 -888) 
4 634 741 (480 -1160 -888) (456 -1160 -888) (456 -1080 -888) (480 -1080 -888) 
4 634 740 (504 -1160 -888) (480 -1160 -888) (480 -1080 -888) (504 -1080 -888) 
4 634 709 (720 -1160 -888) (504 -1160 -888) (504 -1080 -888) (720 -1080 -888) 
4 634 638 (296 -1160 -768) (296 -1160 -752) (296 -1152 -752) (296 -1152 -768) 
4 634 637 (296 -1088 -888) (296 -1152 -888) (296 -1152 -776) (296 -1088 -776) 
4 634 636 (296 -1152 -768) (296 -1152 -752) (296 -1088 -752) (296 -1088 -768) 
4 634 635 (296 -1080 -752) (296 -1080 -768) (296 -1088 -768) (296 -1088 -752) 
4 635 639 (288 -1080 -752) (288 -1080 -768) (288 -1088 -768) (288 -1088 -752) 
4 635 636 (288 -1088 -752) (288 -1088 -768) (296 -1088 -768) (296 -1088 -752) 
4 636 639 (288 -1152 -768) (288 -1152 -752) (288 -1088 -752) (288 -1088 -768) 
4 636 638 (288 -1152 -752) (288 -1152 -768) (296 -1152 -768) (296 -1152 -752) 
4 637 641 (288 -1088 -888) (288 -1152 -888) (288 -1152 -776) (288 -1088 -776) 
4 638 639 (288 -1160 -768) (288 -1160 -752) (288 -1152 -752) (288 -1152 -768) 
4 639 798 (288 -1160 -768) (288 -1160 -752) (176 -1160 -752) (176 -1160 -768) 
4 639 642 (176 -1080 -752) (176 -1080 -768) (176 -1160 -768) (176 -1160 -752) 
4 639 640 (176 -1152 -768) (176 -1088 -768) (288 -1088 -768) (288 -1152 -768) 
4 640 641 (176 -1152 -776) (176 -1088 -776) (288 -1088 -776) (288 -1152 -776) 
4 641 798 (176 -1160 -888) (288 -1160 -888) (288 -1160 -776) (176 -1160 -776) 
4 641 643 (176 -1088 -888) (176 -1160 -888) (176 -1160 -776) (176 -1088 -776) 
4 644 790 (24 -1160 335.2138976801872) (24 -1160 327.213897680185) (168 -1160 327.213897680185) (168 -1160 335.2138976801872) 
4 644 656 (24 -744 335.2138976801872) (24 -744 327.213897680185) (24 -1160 327.213897680185) (24 -1160 335.2138976801872) 
4 645 791 (24 -1160 327.213897680185) (24 -1160 -496) (168 -1160 -496) (168 -1160 327.213897680185) 
4 645 647 (24 -1144 -496) (24 -744 -496) (128 -744 -496) (128 -1144 -496) 
4 645 646 (128 -744 -496) (168 -744 -496) (168 -1144 -496) (128 -1144 -496) 
4 646 647 (128 -1144 -560) (128 -1144 -496) (128 -744 -496) (128 -744 -560) 
4 647 653 (24 -1144 -624) (24 -1088 -624) (128 -1088 -624) (128 -1144 -624) 
4 647 652 (24 -1088 -624) (24 -1080 -624) (128 -1080 -624) (128 -1088 -624) 
4 647 651 (24 -1080 -624) (24 -792 -624) (128 -792 -624) (128 -1080 -624) 
4 647 648 (24 -792 -624) (24 -744 -624) (128 -744 -624) (128 -792 -624) 
4 648 654 (24 -792 -704) (24 -744 -704) (128 -744 -704) (128 -792 -704) 
4 648 651 (24 -792 -704) (128 -792 -704) (128 -792 -624) (24 -792 -624) 
4 649 652 (160 -1080 -704) (168 -1080 -704) (168 -1080 -624) (160 -1080 -624) 
4 649 650 (160 -792 -624) (160 -792 -704) (160 -800 -704) (160 -800 -624) 
4 650 651 (152 -792 -624) (152 -792 -704) (152 -800 -704) (152 -800 -624) 
4 651 654 (24 -1080 -704) (24 -792 -704) (128 -792 -704) (128 -1080 -704) 
4 651 652 (24 -1080 -704) (152 -1080 -704) (152 -1080 -624) (24 -1080 -624) 
4 652 654 (24 -1088 -704) (24 -1080 -704) (128 -1080 -704) (128 -1088 -704) 
4 652 653 (24 -1088 -704) (128 -1088 -704) (128 -1088 -624) (24 -1088 -624) 
4 653 654 (24 -1144 -704) (24 -1088 -704) (128 -1088 -704) (128 -1144 -704) 
4 654 662 (24 -744 -768) (128 -744 -768) (128 -1144 -768) (24 -1144 -768) 
4 654 655 (24 -1144 -728) (24 -1144 -768) (128 -1144 -768) (128 -1144 -728) 
4 655 816 (24 -1160 -744) (24 -1160 -768) (32 -1160 -768) (32 -1160 -744) 
4 655 662 (128 -1160 -768) (24 -1160 -768) (24 -1144 -768) (128 -1144 -768) 
4 656 817 (-232 -1160 -744) (-232 -1160 -768) (24 -1160 -768) (24 -1160 -744) 
4 656 792 (-232 -1160 336) (-232 -1160 -744) (24 -1160 -744) (24 -1160 336) 
4 656 663 (-232 -744 -768) (24 -744 -768) (24 -1160 -768) (-232 -1160 -768) 
4 657 659 (160 -792 -848) (160 -800 -848) (160 -800 -768) (160 -792 -768) 
4 657 658 (160 -960 -784) (160 -960 -848) (168 -960 -848) (168 -960 -784) 
4 658 661 (160 -1080 -848) (168 -1080 -848) (168 -1080 -784) (160 -1080 -784) 
4 659 660 (152 -792 -768) (152 -792 -848) (152 -800 -848) (152 -800 -768) 
4 660 662 (128 -792 -848) (128 -1080 -848) (128 -1080 -768) (128 -792 -768) 
4 660 661 (128 -1080 -768) (128 -1080 -848) (152 -1080 -848) (152 -1080 -768) 
4 661 662 (128 -1080 -848) (128 -1088 -848) (128 -1088 -768) (128 -1080 -768) 
4 662 816 (24 -1160 -848) (32 -1160 -848) (32 -1160 -768) (24 -1160 -768) 
4 662 664 (24 -744 -848) (128 -744 -848) (128 -1160 -848) (24 -1160 -848) 
4 663 817 (-232 -1160 -848) (24 -1160 -848) (24 -1160 -768) (-232 -1160 -768) 
4 663 665 (-232 -744 -848) (24 -744 -848) (24 -1160 -848) (-232 -1160 -848) 
4 664 816 (24 -1160 -888) (32 -1160 -888) (32 -1160 -848) (24 -1160 -848) 
4 664 763 (128 -1160 -888) (24 -1160 -888) (24 -960 -888) (128 -960 -888) 
4 664 734 (24 -960 -888) (24 -880 -888) (128 -880 -888) (128 -960 -888) 
4 664 713 (24 -880 -888) (24 -744 -888) (128 -744 -888) (128 -880 -888) 
4 665 817 (-232 -1160 -888) (24 -1160 -888) (24 -1160 -848) (-232 -1160 -848) 
4 665 764 (24 -1160 -888) (-232 -1160 -888) (-232 -960 -888) (24 -960 -888) 
4 665 735 (-232 -960 -888) (-232 -880 -888) (24 -880 -888) (24 -960 -888) 
4 665 714 (-232 -880 -888) (-232 -744 -888) (24 -744 -888) (24 -880 -888) 
4 666 698 (1200 -848 -888) (1200 -840 -888) (1200 -840 -912) (1200 -848 -912) 
4 666 683 (1200 -840 -888) (1200 -744 -888) (1200 -744 -936) (1200 -840 -936) 
4 666 667 (1200 -848 -888) (1200 -848 -936) (1296 -848 -936) (1296 -848 -888) 
4 667 701 (1200 -848 -919.9999999999999) (1200 -848 -944) (1200 -872 -944) (1200 -872 -928) 
4 667 700 (1200 -872 -888) (1200 -848 -888) (1200 -848 -912) (1200 -872 -920.0000000000001) 
4 667 669 (1200 -872 -888) (1200 -872 -944) (1296 -872 -944) (1296 -872 -888) 
4 668 701 (1200 -848 -951.9999999999999) (1200 -848 -1000) (1200 -872 -1000) (1200 -872 -960) 
4 668 670 (1200 -872 -960) (1200 -872 -1000) (1296 -872 -1000) (1296 -872 -960) 
4 669 701 (1200 -872 -928) (1200 -872 -952) (1200 -896 -952) (1200 -896 -936) 
4 669 700 (1200 -896 -888) (1200 -872 -888) (1200 -872 -920.0000000000001) (1200 -896 -928.0000000000001) 
4 669 671 (1200 -896 -888) (1200 -896 -952) (1296 -896 -952) (1296 -896 -888) 
4 670 701 (1200 -872 -959.9999999999999) (1200 -872 -1000) (1200 -896 -1000) (1200 -896 -967.9999999999999) 
4 670 672 (1200 -896 -967.9999999999999) (1200 -896 -1000) (1296 -896 -1000) (1296 -896 -967.9999999999999) 
4 671 701 (1200 -896 -935.9999999999999) (1200 -896 -960) (1200 -920 -960) (1200 -920 -943.9999999999999) 
4 671 700 (1200 -920 -888) (1200 -896 -888) (1200 -896 -928) (1200 -920 -936) 
4 671 673 (1200 -920 -888) (1200 -920 -960) (1296 -920 -960) (1296 -920 -888) 
4 672 701 (1200 -896 -967.9999999999999) (1200 -896 -1000) (1200 -920 -1000) (1200 -920 -975.9999999999998) 
4 672 674 (1200 -920 -975.9999999999998) (1200 -920 -1000) (1296 -920 -1000) (1296 -920 -975.9999999999998) 
4 673 701 (1200 -920 -944) (1200 -920 -968) (1200 -944 -968) (1200 -944 -951.9999999999999) 
4 673 700 (1200 -944 -888) (1200 -920 -888) (1200 -920 -936.0000000000001) (1200 -944 -944) 
4 673 675 (1200 -944 -888) (1200 -944 -968) (1296 -944 -968) (1296 -944 -888) 
4 674 701 (1200 -920 -975.9999999999999) (1200 -920 -1000) (1200 -944 -1000) (1200 -944 -983.9999999999999) 
4 674 676 (1200 -944 -983.9999999999999) (1200 -944 -1000) (1296 -944 -1000) (1296 -944 -983.9999999999999) 
4 675 701 (1200 -944 -952) (1200 -944 -976) (1200 -968 -976) (1200 -968 -959.9999999999999) 
4 675 700 (1200 -968 -888) (1200 -944 -888) (1200 -944 -944.0000000000001) (1200 -968 -952) 
4 675 677 (1200 -968 -888) (1200 -968 -976) (1296 -968 -976) (1296 -968 -888) 
4 676 701 (1200 -944 -983.9999999999999) (1200 -944 -1000) (1200 -968 -1000) (1200 -968 -991.9999999999999) 
4 676 678 (1200 -968 -991.9999999999999) (1200 -968 -1000) (1296 -968 -1000) (1296 -968 -991.9999999999999) 
4 677 701 (1200 -968 -960) (1200 -968 -984) (1200 -992 -984) (1200 -992 -968) 
4 677 700 (1200 -992 -888) (1200 -968 -888) (1200 -968 -952) (1200 -992 -960.0000000000001) 
4 677 679 (1200 -992 -888) (1200 -992 -984) (1296 -992 -984) (1296 -992 -888) 
3 678 701 (1200 -968 -991.9999999999999) (1200 -968 -1000) (1200 -992 -1000) 
4 679 704 (1200 -1016 -888) (1200 -1000 -888) (1200 -1000 -992) (1200 -1016 -992) 
4 679 703 (1200 -1000 -888) (1200 -992 -888) (1200 -992 -960) (1200 -1000 -960) 
4 679 680 (1200 -1016 -888) (1200 -1016 -992) (1296 -1016 -992) (1296 -1016 -888) 
4 680 800 (1296 -1160 -1000) (1296 -1160 -888) (1200 -1160 -888) (1200 -1160 -1000) 
4 680 704 (1200 -1160 -1000) (1200 -1160 -888) (1200 -1016 -888) (1200 -1016 -1000) 
4 681 818 (1296 -1160 -1136) (1296 -1160 -1088) (1200 -1160 -1088) (1200 -1160 -1136) 
4 681 710 (1200 -1160 -1136) (1200 -1160 -1088) (1200 -840 -1088) (1200 -840 -1136) 
4 681 691 (1200 -840 -1088) (1200 -744 -1088) (1200 -744 -1136) (1200 -840 -1136) 
4 682 820 (1296 -1160 -1144) (1296 -1160 -1136) (1200 -1160 -1136) (1200 -1160 -1144) 
4 682 711 (1200 -1160 -1144) (1200 -1160 -1136) (1200 -840 -1136) (1200 -840 -1144) 
4 682 692 (1200 -840 -1136) (1200 -744 -1136) (1200 -744 -1144) (1200 -840 -1144) 
4 683 699 (984 -840 -920) (984 -840 -936) (1192 -840 -936) (1192 -840 -920) 
4 683 698 (1200 -840 -912) (1200 -840 -888) (976 -840 -888) (976 -840 -912) 
4 683 684 (976 -840 -936) (976 -840 -888) (976 -744 -888) (976 -744 -936) 
4 684 707 (952 -840 -912.0000000000001) (952 -840 -936) (976 -840 -936) (976 -840 -920) 
4 684 706 (976 -840 -888) (952 -840 -888) (952 -840 -904.0000000000001) (976 -840 -912) 
4 684 685 (952 -840 -928) (952 -840 -888) (952 -744 -888) (952 -744 -928) 
4 685 707 (928 -840 -904.0000000000001) (928 -840 -928) (952 -840 -928) (952 -840 -912.0000000000001) 
4 685 706 (952 -840 -888) (928 -840 -888) (928 -840 -896.0000000000001) (952 -840 -904.0000000000001) 
4 685 686 (928 -840 -920) (928 -840 -888) (928 -744 -888) (928 -744 -920) 
4 686 707 (904 -840 -896.0000000000001) (904 -840 -920) (928 -840 -920) (928 -840 -904.0000000000001) 
3 686 706 (928 -840 -888) (904 -840 -888) (928 -840 -896.0000000000001) 
4 686 687 (904 -840 -912) (904 -840 -888) (904 -744 -888) (904 -744 -912) 
4 687 707 (880 -840 -888) (880 -840 -912) (904 -840 -912) (904 -840 -896.0000000000001) 
4 687 688 (880 -840 -904) (880 -840 -888) (880 -744 -888) (880 -744 -904) 
4 688 707 (880 -840 -888) (856 -840 -888) (856 -840 -904) (880 -840 -904) 
4 688 689 (856 -840 -896) (856 -840 -888) (856 -744 -888) (856 -744 -896) 
4 689 707 (856 -840 -888) (832 -840 -888) (832 -840 -896) (856 -840 -896) 
4 690 707 (976 -840 -952.0000000000001) (832 -840 -904) (832 -840 -1000) (976 -840 -1000) 
4 691 710 (1200 -840 -1136) (1200 -840 -1088) (720 -840 -1088) (720 -840 -1136) 
4 692 711 (1200 -840 -1144) (1200 -840 -1136) (720 -840 -1136) (720 -840 -1144) 
4 692 697 (720 -840 -1144) (720 -840 -1136) (720 -744 -1136) (720 -744 -1144) 
4 693 696 (559.9999999999999 -752 -960) (720 -752 -960) (720 -752 -888) (559.9999999999999 -752 -888) 
4 694 696 (528 -752 -960) (544.0000000000001 -752 -960) (544.0000000000001 -752 -888) (528 -752 -888) 
4 695 696 (504 -752 -960) (512.0000000000001 -752 -960) (512.0000000000001 -752 -888) (504 -752 -888) 
4 696 709 (504 -840 -888) (504 -840 -960) (720 -840 -960) (720 -840 -888) 
4 697 715 (504 -840 -1144) (504 -840 -1136) (504 -744 -1136) (504 -744 -1144) 
4 697 711 (504 -840 -1136) (504 -840 -1144) (720 -840 -1144) (720 -840 -1136) 
4 698 706 (976 -840 -888) (976 -840 -912) (976 -848 -912) (976 -848 -888) 
4 698 702 (976 -848 -888) (976 -848 -912) (1192 -848 -912) (1192 -848 -888) 
4 698 700 (1192 -848 -912) (1200 -848 -912) (1200 -848 -888) (1192 -848 -888) 
4 699 702 (984 -848 -936) (1192 -848 -936) (1192 -848 -920) (984 -848 -920) 
4 700 703 (1200 -992 -960) (1200 -992 -888) (1192 -992 -888) (1192 -992 -960.0000000000001) 
4 700 702 (1192 -848 -888) (1192 -848 -912) (1192 -992 -960) (1192 -992 -888) 
4 701 702 (1192 -848 -919.9999999999999) (1192 -848 -1000) (1192 -992 -1000) (1192 -992 -968.0000000000001) 
4 702 708 (976 -848 -1000) (976 -992 -1000) (976 -992 -888) (976 -848 -888) 
4 702 705 (976 -992 -888) (976 -992 -1000) (1192 -992 -1000) (1192 -992 -888) 
4 703 705 (1192 -992 -888) (1192 -992 -960) (1192 -1000 -960) (1192 -1000 -888) 
4 703 704 (1192 -1000 -888) (1192 -1000 -960) (1200 -1000 -960) (1200 -1000 -888) 
4 704 800 (1200 -1160 -1000) (1200 -1160 -888) (1192 -1160 -888) (1192 -1160 -1000) 
4 704 705 (1192 -1000 -1000) (1192 -1160 -1000) (1192 -1160 -888) (1192 -1000 -888) 
4 705 800 (1192 -1160 -888) (976 -1160 -888) (976 -1160 -1000) (1192 -1160 -1000) 
4 705 708 (976 -992 -1000) (976 -1160 -1000) (976 -1160 -888) (976 -992 -888) 
3 706 708 (976 -848 -912) (976 -848 -888) (903.9999999999998 -848 -888) 
5 707 708 (832 -848 -888) (832 -848 -1000) (976 -848 -1000) (976 -848 -920) (879.9999999999999 -848 -888) 
4 708 800 (976 -1160 -888) (832 -1160 -888) (832 -1160 -1000) (976 -1160 -1000) 
4 709 740 (504 -1160 -960) (504 -1160 -888) (504 -1080 -888) (504 -1080 -960) 
4 709 725 (504 -880 -928) (504 -880 -952) (504 -960 -952) (504 -960 -928) 
4 709 716 (504 -960 -888) (504 -880 -888) (504 -880 -928) (504 -960 -928) 
4 710 818 (1200 -1160 -1136) (1200 -1160 -1088) (720 -1160 -1088) (720 -1160 -1136) 
4 711 820 (1200 -1160 -1144) (1200 -1160 -1136) (504 -1160 -1136) (504 -1160 -1144) 
4 711 752 (504 -1160 -1144) (504 -1160 -1136) (504 -1080 -1136) (504 -1080 -1144) 
4 711 739 (504 -1080 -1136) (504 -1024 -1136) (504 -1024 -1144) (504 -1080 -1144) 
4 711 738 (504 -1024 -1136) (504 -960 -1136) (504 -960 -1144) (504 -1024 -1144) 
4 711 736 (504 -960 -1136) (504 -880 -1136) (504 -880 -1144) (504 -960 -1144) 
4 711 715 (504 -880 -1136) (504 -840 -1136) (504 -840 -1144) (504 -880 -1144) 
4 712 733 (128 -880 -1136) (168 -880 -1136) (168 -880 -912) (128 -880 -912) 
4 712 713 (128 -744 -1136) (128 -880 -1136) (128 -880 -912) (128 -744 -912) 
4 713 734 (24 -880 -1136) (128 -880 -1136) (128 -880 -888) (24 -880 -888) 
4 714 735 (-232 -880 -1136) (24 -880 -1136) (24 -880 -888) (-232 -880 -888) 
4 714 715 (24 -880 -1136) (-232 -880 -1136) (-232 -744 -1136) (24 -744 -1136) 
4 715 736 (504 -880 -1144) (504 -880 -1136) (-232 -880 -1136) (-232 -880 -1144) 
4 716 727 (456 -960 -928) (432 -960 -928) (432 -880 -928) (456 -880 -928) 
4 716 726 (480 -960 -928) (456 -960 -928) (456 -880 -928) (480 -880 -928) 
4 716 725 (504 -960 -928) (480 -960 -928) (480 -880 -928) (504 -880 -928) 
4 716 717 (408 -880 -888) (408 -880 -920) (408 -960 -920) (408 -960 -888) 
4 717 718 (384 -880 -888) (384 -880 -912) (384 -960 -912) (384 -960 -888) 
4 718 720 (360 -880 -888) (360 -880 -904) (360 -960 -904) (360 -960 -888) 
4 719 730 (384 -960 -928) (360 -960 -928) (360 -880 -928) (384 -880 -928) 
4 719 721 (360 -880 -920) (360 -880 -928) (360 -960 -928) (360 -960 -920) 
4 720 722 (336 -880 -888) (336 -880 -896) (336 -960 -896) (336 -960 -888) 
3 721 737 (336 -960 -919.9999999999999) (336 -960 -928) (360 -960 -928) 
4 721 730 (360 -960 -928) (336 -960 -928) (336 -880 -928) (360 -880 -928) 
4 721 723 (336 -880 -912) (336 -880 -928) (336 -960 -928) (336 -960 -912) 
4 723 737 (312 -960 -912) (312 -960 -928) (336 -960 -928) (336 -960 -919.9999999999999) 
4 723 730 (336 -960 -928) (312 -960 -928) (312 -880 -928) (336 -880 -928) 
4 723 724 (312 -880 -904) (312 -880 -928) (312 -960 -928) (312 -960 -904) 
4 724 737 (288 -960 -904) (288 -960 -928) (312 -960 -928) (312 -960 -911.9999999999999) 
4 724 730 (312 -960 -928) (288 -960 -928) (288 -880 -928) (312 -880 -928) 
4 725 726 (480 -960 -944) (480 -960 -928) (480 -880 -928) (480 -880 -944) 
4 726 727 (456 -960 -936) (456 -960 -928) (456 -880 -928) (456 -880 -936) 
4 728 731 (456 -960 -952) (432 -960 -952) (432 -880 -952) (456 -880 -952) 
4 728 729 (432 -880 -952) (432 -960 -952) (432 -960 -944) (432 -880 -944) 
3 729 737 (408 -960 -944) (408 -960 -952) (432 -960 -952) 
4 729 731 (432 -960 -952) (408 -960 -952) (408 -880 -952) (432 -880 -952) 
4 729 730 (408 -880 -952) (408 -960 -952) (408 -960 -936) (408 -880 -936) 
5 730 737 (360.0000000000001 -960 -928) (288 -960 -928) (288 -960 -952) (408 -960 -952) (408 -960 -944) 
4 730 731 (408 -960 -952) (288 -960 -952) (288 -880 -952) (408 -880 -952) 
4 731 737 (432.0000000000001 -960 -952) (288 -960 -952) (288 -960 -960) (456.0000000000004 -960 -960) 
4 731 732 (480 -960 -960) (288 -960 -960) (288 -880 -960) (480 -880 -960) 
5 732 737 (504 -960 -1024) (504 -960 -976) (456.00000000000017 -960 -960) (288 -960 -960) (288 -960 -1024) 
4 733 762 (128 -960 -1136) (168 -960 -1136) (168 -960 -912) (128 -960 -912) 
4 733 734 (128 -880 -912) (128 -880 -1136) (128 -960 -1136) (128 -960 -912) 
4 734 763 (24 -960 -1136) (128 -960 -1136) (128 -960 -888) (24 -960 -888) 
4 735 764 (-232 -960 -1136) (24 -960 -1136) (24 -960 -888) (-232 -960 -888) 
4 735 736 (24 -960 -1136) (-232 -960 -1136) (-232 -880 -1136) (24 -880 -1136) 
4 736 765 (168 -960 -1136) (-232 -960 -1136) (-232 -960 -1144) (168 -960 -1144) 
4 736 761 (176 -960 -1136) (168 -960 -1136) (168 -960 -1144) (176 -960 -1144) 
4 736 760 (288 -960 -1136) (176 -960 -1136) (176 -960 -1144) (288 -960 -1144) 
4 736 738 (504 -960 -1144) (504 -960 -1136) (288 -960 -1136) (288 -960 -1144) 
4 737 754 (288 -960 -912) (288 -960 -1024) (288 -1024 -1024) (288 -1024 -912) 
4 737 753 (288 -960 -904) (288 -960 -912) (288 -1024 -912) (288 -1024 -904) 
4 738 760 (288 -960 -1136) (288 -960 -1144) (288 -1024 -1144) (288 -1024 -1136) 
4 738 739 (288 -1024 -1136) (288 -1024 -1144) (504 -1024 -1144) (504 -1024 -1136) 
4 739 760 (288 -1080 -1144) (288 -1080 -1136) (288 -1024 -1136) (288 -1024 -1144) 
4 739 752 (288 -1080 -1136) (288 -1080 -1144) (504 -1080 -1144) (504 -1080 -1136) 
4 740 741 (480 -1080 -888) (480 -1080 -960) (480 -1160 -960) (480 -1160 -888) 
4 741 742 (456 -1080 -888) (456 -1080 -968) (456 -1160 -968) (456 -1160 -888) 
4 742 747 (296 -1152 -976) (296 -1160 -976) (296 -1160 -895.9999999999999) (296 -1152 -895.9999999999999) 
4 742 746 (296 -1088 -976) (296 -1152 -976) (296 -1152 -896) (296 -1088 -896) 
4 742 745 (296 -1080 -895.9999999999999) (296 -1080 -976) (296 -1088 -976) (296 -1088 -895.9999999999999) 
4 742 743 (296 -1160 -976) (296 -1080 -976) (432 -1080 -976) (432 -1160 -976) 
4 743 747 (296 -1152 -984) (296 -1160 -984) (296 -1160 -976) (296 -1152 -976) 
4 743 746 (296 -1088 -984) (296 -1152 -984) (296 -1152 -976) (296 -1088 -976) 
4 743 745 (296 -1080 -976) (296 -1080 -984) (296 -1088 -984) (296 -1088 -976) 
4 743 744 (296 -1160 -984) (296 -1080 -984) (408 -1080 -984) (408 -1160 -984) 
4 744 748 (296 -1080 -992) (384 -1080 -992) (384 -1160 -992) (296 -1160 -992) 
4 744 747 (296 -1152 -992) (296 -1160 -992) (296 -1160 -984) (296 -1152 -984) 
4 744 746 (296 -1088 -992) (296 -1152 -992) (296 -1152 -984) (296 -1088 -984) 
4 744 745 (296 -1080 -984) (296 -1080 -992) (296 -1088 -992) (296 -1088 -984) 
4 745 754 (288 -1080 -912) (288 -1080 -992) (288 -1088 -992) (288 -1088 -912) 
4 745 753 (288 -1080 -903.9999999999999) (288 -1080 -912) (288 -1088 -912) (288 -1088 -904) 
4 745 748 (288 -1088 -992) (288 -1080 -992) (296 -1080 -992) (296 -1088 -992) 
4 745 746 (288 -1088 -903.9999999999999) (288 -1088 -992) (296 -1088 -992) (296 -1088 -895.9999999999999) 
4 746 754 (288 -1088 -912) (288 -1088 -992) (288 -1152 -992) (288 -1152 -912) 
4 746 753 (288 -1088 -904) (288 -1088 -912) (288 -1152 -912) (288 -1152 -904) 
4 746 748 (288 -1152 -992) (288 -1088 -992) (296 -1088 -992) (296 -1152 -992) 
4 746 747 (288 -1152 -903.9999999999999) (288 -1152 -992) (296 -1152 -992) (296 -1152 -896) 
4 747 754 (288 -1160 -992) (288 -1160 -912) (288 -1152 -912) (288 -1152 -992) 
4 747 753 (288 -1160 -912) (288 -1160 -904) (288 -1152 -903.9999999999999) (288 -1152 -912) 
4 747 748 (288 -1160 -992) (288 -1152 -992) (296 -1152 -992) (296 -1160 -992) 
4 748 754 (288 -1160 -1000) (288 -1160 -992) (288 -1080 -992) (288 -1080 -1000) 
4 748 749 (288 -1160 -1000) (288 -1080 -1000) (360 -1080 -1000) (360 -1160 -1000) 
4 749 754 (288 -1160 -1008) (288 -1160 -1000) (288 -1080 -1000) (288 -1080 -1008) 
4 749 750 (288 -1160 -1008) (288 -1080 -1008) (336 -1080 -1008) (336 -1160 -1008) 
4 750 754 (288 -1160 -1016) (288 -1160 -1008) (288 -1080 -1008) (288 -1080 -1016) 
4 750 751 (288 -1160 -1016) (288 -1080 -1016) (312 -1080 -1016) (312 -1160 -1016) 
4 751 754 (288 -1160 -1024) (288 -1160 -1016) (288 -1080 -1016) (288 -1080 -1024) 
4 752 820 (504 -1160 -1144) (504 -1160 -1136) (288 -1160 -1136) (288 -1160 -1144) 
4 752 760 (288 -1160 -1144) (288 -1160 -1136) (288 -1080 -1136) (288 -1080 -1144) 
4 753 754 (192 -960 -912) (288 -960 -912) (288 -1160 -912) (192 -1160 -912) 
4 754 755 (192 -1160 -1024) (192 -1160 -912) (192 -960 -912) (192 -960 -1024) 
4 755 759 (184 -1152 -1112) (184 -1160 -1112) (184 -1160 -912) (184 -1152 -912) 
4 755 758 (184 -1080 -1112) (184 -1112 -1112) (184 -1112 -912) (184 -1080 -912) 
4 755 757 (184 -1007.9999999999999 -1112) (184 -1040 -1112) (184 -1040 -912) (184 -1007.9999999999999 -912) 
4 755 756 (184 -960 -1112) (184 -968.0000000000001 -1112) (184 -968 -912) (184 -960 -912) 
4 760 820 (288 -1160 -1144) (288 -1160 -1136) (176 -1160 -1136) (176 -1160 -1144) 
4 760 761 (176 -960 -1136) (176 -960 -1144) (176 -1160 -1144) (176 -1160 -1136) 
4 761 820 (176 -1160 -1144) (176 -1160 -1136) (168 -1160 -1136) (168 -1160 -1144) 
4 761 765 (168 -960 -1136) (168 -960 -1144) (168 -1160 -1144) (168 -1160 -1136) 
4 762 763 (128 -960 -912) (128 -960 -1136) (128 -1160 -1136) (128 -1160 -912) 
4 764 819 (-232 -1160 -1136) (24 -1160 -1136) (24 -1160 -1000) (-232 -1160 -1000) 
4 764 817 (24 -1160 -1000) (24 -1160 -888) (-232 -1160 -888) (-232 -1160 -1000) 
4 764 765 (-232 -960 -1136) (24 -960 -1136) (24 -1160 -1136) (-232 -1160 -1136) 
4 765 820 (168 -1160 -1144) (168 -1160 -1136) (-232 -1160 -1136) (-232 -1160 -1144) 
4 766 989 (584 -1440 335.2138976801872) (584 -1440 327.213897680185) (600 -1440 327.213897680185) (600 -1440 335.2138976801872) 
4 766 986 (872 -1440 328) (872 -1440 335.2138976801872) (600 -1440 335.2138976801872) (600 -1440 328) 
4 766 982 (872 -1440 327.213897680185) (888 -1440 327.213897680185) (888 -1440 335.2138976801872) (872 -1440 335.2138976801872) 
4 766 964 (888 -1440 327.213897680185) (960 -1440 327.213897680185) (960 -1440 335.2138976801872) (888 -1440 335.2138976801872) 
4 766 950 (960 -1440 327.213897680185) (1168 -1440 327.213897680185) (1168 -1440 335.2138976801872) (960 -1440 335.2138976801872) 
4 766 932 (1168 -1440 327.213897680185) (1240 -1440 327.213897680185) (1240 -1440 335.2138976801872) (1168 -1440 335.2138976801872) 
4 766 919 (1240 -1440 327.213897680185) (1296 -1440 327.213897680185) (1296 -1440 335.2138976801872) (1240 -1440 335.2138976801872) 
4 766 787 (584 -1248 327.213897680185) (584 -1440 327.213897680185) (584 -1440 335.2138976801872) (584 -1248 335.2138976801872) 
4 766 780 (584 -1216 327.213897680185) (584 -1248 327.213897680185) (584 -1248 335.2138976801872) (584 -1216 335.2138976801872) 
4 766 778 (584 -1200 327.213897680185) (584 -1216 327.213897680185) (584 -1216 335.2138976801872) (584 -1200 335.2138976801872) 
4 766 771 (584 -1168 327.213897680185) (584 -1200 327.213897680185) (584 -1200 335.2138976801872) (584 -1168 335.2138976801872) 
4 766 769 (584 -1160 335.2138976801872) (584 -1160 327.213897680185) (584 -1168 327.213897680185) (584 -1168 335.2138976801872) 
4 767 990 (584 -1440 327.213897680185) (584 -1440 -496) (600 -1440 -496) (600 -1440 327.213897680185) 
4 767 983 (888 -1440 -288) (888 -1440 327.213897680185) (872 -1440 327.213897680185) (872 -1440 -288) 
4 767 973 (960 -1440 -488) (960 -1440 -472) (888 -1440 -472) (888 -1440 -488) 
4 767 972 (960 -1440 -464) (960 -1440 -448) (888 -1440 -448) (888 -1440 -464) 
4 767 971 (960 -1440 -440) (960 -1440 -424) (888 -1440 -424) (888 -1440 -440) 
4 767 970 (960 -1440 -416) (960 -1440 -400) (888 -1440 -400) (888 -1440 -416) 
4 767 969 (960 -1440 -392) (960 -1440 -376) (888 -1440 -376) (888 -1440 -392) 
4 767 968 (960 -1440 -368) (960 -1440 -352) (888 -1440 -352) (888 -1440 -368) 
4 767 967 (960 -1440 -344) (960 -1440 -328) (888 -1440 -328) (888 -1440 -344) 
4 767 966 (960 -1440 -320) (960 -1440 -304) (888 -1440 -304) (888 -1440 -320) 
4 767 965 (960 -1440 -288) (960 -1440 327.213897680185) (888 -1440 327.213897680185) (888 -1440 -288) 
4 767 952 (1168 -1440 287.99999999999994) (1168 -1440 304) (960 -1440 304) (960 -1440 287.99999999999994) 
4 767 951 (1168 -1440 304) (1168 -1440 327.213897680185) (960 -1440 327.213897680185) (960 -1440 304) 
4 767 941 (1240 -1440 -488) (1240 -1440 -472) (1168 -1440 -472) (1168 -1440 -488) 
4 767 940 (1240 -1440 -464) (1240 -1440 -448) (1168 -1440 -448) (1168 -1440 -464) 
4 767 939 (1240 -1440 -440) (1240 -1440 -424) (1168 -1440 -424) (1168 -1440 -440) 
4 767 938 (1240 -1440 -416) (1240 -1440 -400) (1168 -1440 -400) (1168 -1440 -416) 
4 767 937 (1240 -1440 -392) (1240 -1440 -376) (1168 -1440 -376) (1168 -1440 -392) 
4 767 936 (1240 -1440 -368) (1240 -1440 -352) (1168 -1440 -352) (1168 -1440 -368) 
4 767 935 (1240 -1440 -344) (1240 -1440 -328) (1168 -1440 -328) (1168 -1440 -344) 
4 767 934 (1240 -1440 -320) (1240 -1440 -304) (1168 -1440 -304) (1168 -1440 -320) 
4 767 933 (1240 -1440 -288) (1240 -1440 327.213897680185) (1168 -1440 327.213897680185) (1168 -1440 -288) 
4 767 920 (1296 -1440 304) (1296 -1440 327.213897680185) (1240 -1440 327.213897680185) (1240 -1440 304) 
4 767 789 (584 -1264 -496) (584 -1440 -496) (584 -1440 327.213897680185) (584 -1264 327.213897680185) 
4 767 788 (584 -1248 -496) (584 -1264 -496) (584 -1264 327.213897680185) (584 -1248 327.213897680185) 
4 767 781 (584 -1216 -496) (584 -1248 -496) (584 -1248 327.213897680185) (584 -1216 327.213897680185) 
4 767 779 (584 -1200 -496) (584 -1216 -496) (584 -1216 327.213897680185) (584 -1200 327.213897680185) 
4 767 772 (584 -1168 -496) (584 -1200 -496) (584 -1200 327.213897680185) (584 -1168 327.213897680185) 
4 767 770 (584 -1160 327.213897680185) (584 -1160 -496) (584 -1168 -496) (584 -1168 327.213897680185) 
4 767 768 (896 -1160 -496) (1296 -1160 -496) (1296 -1264 -496) (896 -1264 -496) 
4 768 811 (1296 -1256 -744) (1296 -1264 -744) (896 -1264 -744) (896 -1256 -744) 
4 768 801 (1296 -1168 -744) (1296 -1256 -744) (896 -1256 -744) (896 -1168 -744) 
4 768 793 (896 -1160 -744) (1296 -1160 -744) (1296 -1168 -744) (896 -1168 -744) 
4 769 790 (512 -1160 335.2138976801872) (512 -1160 327.213897680185) (512 -1168 327.213897680185) (512 -1168 335.2138976801872) 
4 769 771 (512 -1168 335.2138976801872) (512 -1168 327.213897680185) (584 -1168 327.213897680185) (584 -1168 335.2138976801872) 
4 770 797 (512 -1160 -744) (584 -1160 -744) (584 -1168 -744) (512 -1168 -744) 
4 770 791 (512 -1160 327.213897680185) (512 -1160 -496) (512 -1168 -496) (512 -1168 327.213897680185) 
4 770 777 (512 -1168 -736) (512 -1168 -744) (584 -1168 -744) (584 -1168 -736) 
4 770 776 (512 -1168 -688) (512 -1168 -704) (584 -1168 -704) (584 -1168 -688) 
4 770 775 (512 -1168 -640) (512 -1168 -656) (584 -1168 -656) (584 -1168 -640) 
4 770 774 (512 -1168 -592) (512 -1168 -608) (584 -1168 -608) (584 -1168 -592) 
4 770 773 (512 -1168 -544) (512 -1168 -560) (584 -1168 -560) (584 -1168 -544) 
4 770 772 (512 -1168 327.213897680185) (512 -1168 -512) (584 -1168 -512) (584 -1168 327.213897680185) 
4 771 790 (512 -1168 335.2138976801872) (512 -1168 327.213897680185) (512 -1200 327.213897680185) (512 -1200 335.2138976801872) 
4 771 778 (512 -1200 335.2138976801872) (512 -1200 327.213897680185) (584 -1200 327.213897680185) (584 -1200 335.2138976801872) 
4 772 791 (512 -1168 327.213897680185) (512 -1168 -496) (512 -1200 -496) (512 -1200 327.213897680185) 
4 772 779 (512 -1200 327.213897680185) (512 -1200 -512) (584 -1200 -512) (584 -1200 327.213897680185) 
4 773 779 (512 -1200 -544) (512 -1200 -560) (584 -1200 -560) (584 -1200 -544) 
4 774 779 (512 -1200 -592) (512 -1200 -608) (584 -1200 -608) (584 -1200 -592) 
4 775 779 (512 -1200 -640) (512 -1200 -656) (584 -1200 -656) (584 -1200 -640) 
4 776 779 (512 -1200 -688) (512 -1200 -704) (584 -1200 -704) (584 -1200 -688) 
4 777 810 (584 -1168 -744) (584 -1200 -744) (512 -1200 -744) (512 -1168 -744) 
4 777 779 (512 -1200 -736) (512 -1200 -744) (584 -1200 -744) (584 -1200 -736) 
4 778 790 (512 -1200 335.2138976801872) (512 -1200 327.213897680185) (512 -1216 327.213897680185) (512 -1216 335.2138976801872) 
4 778 780 (512 -1216 335.2138976801872) (512 -1216 327.213897680185) (584 -1216 327.213897680185) (584 -1216 335.2138976801872) 
4 779 810 (584 -1200 -744) (584 -1216 -744) (512 -1216 -744) (512 -1200 -744) 
4 779 791 (512 -1200 327.213897680185) (512 -1200 -496) (512 -1216 -496) (512 -1216 327.213897680185) 
4 779 786 (512 -1216 -736) (512 -1216 -744) (584 -1216 -744) (584 -1216 -736) 
4 779 785 (512 -1216 -688) (512 -1216 -704) (584 -1216 -704) (584 -1216 -688) 
4 779 784 (512 -1216 -640) (512 -1216 -656) (584 -1216 -656) (584 -1216 -640) 
4 779 783 (512 -1216 -592) (512 -1216 -608) (584 -1216 -608) (584 -1216 -592) 
4 779 782 (512 -1216 -544) (512 -1216 -560) (584 -1216 -560) (584 -1216 -544) 
4 779 781 (512 -1216 327.213897680185) (512 -1216 -512) (584 -1216 -512) (584 -1216 327.213897680185) 
4 780 790 (512 -1216 335.2138976801872) (512 -1216 327.213897680185) (512 -1248 327.213897680185) (512 -1248 335.2138976801872) 
4 780 787 (512 -1248 335.2138976801872) (512 -1248 327.213897680185) (584 -1248 327.213897680185) (584 -1248 335.2138976801872) 
4 781 791 (512 -1216 327.213897680185) (512 -1216 -496) (512 -1248 -496) (512 -1248 327.213897680185) 
4 781 788 (512 -1248 327.213897680185) (512 -1248 -512) (584 -1248 -512) (584 -1248 327.213897680185) 
4 782 788 (512 -1248 -544) (512 -1248 -560) (584 -1248 -560) (584 -1248 -544) 
4 783 788 (512 -1248 -592) (512 -1248 -608) (584 -1248 -608) (584 -1248 -592) 
4 784 788 (512 -1248 -640) (512 -1248 -656) (584 -1248 -656) (584 -1248 -640) 
4 785 788 (512 -1248 -688) (512 -1248 -704) (584 -1248 -704) (584 -1248 -688) 
4 786 810 (584 -1216 -744) (584 -1248 -744) (512 -1248 -744) (512 -1216 -744) 
4 786 788 (512 -1248 -736) (512 -1248 -744) (584 -1248 -744) (584 -1248 -736) 
4 787 989 (512 -1440 335.2138976801872) (512 -1440 327.213897680185) (584 -1440 327.213897680185) (584 -1440 335.2138976801872) 
4 787 790 (512 -1248 335.2138976801872) (512 -1248 327.213897680185) (512 -1440 327.213897680185) (512 -1440 335.2138976801872) 
4 788 811 (584 -1256 -744) (584 -1264 -744) (512 -1264 -744) (512 -1256 -744) 
4 788 810 (584 -1248 -744) (584 -1256 -744) (512 -1256 -744) (512 -1248 -744) 
4 788 791 (512 -1248 327.213897680185) (512 -1248 -496) (512 -1264 -496) (512 -1264 327.213897680185) 
4 788 789 (584 -1264 -496) (584 -1264 327.213897680185) (512 -1264 327.213897680185) (512 -1264 -496) 
4 789 990 (512 -1440 327.213897680185) (512 -1440 -496) (584 -1440 -496) (584 -1440 327.213897680185) 
4 789 791 (512 -1440 -496) (512 -1440 327.213897680185) (512 -1264 327.213897680185) (512 -1264 -496) 
4 790 989 (24 -1440 335.2138976801872) (24 -1440 327.213897680185) (512 -1440 327.213897680185) (512 -1440 335.2138976801872) 
4 790 792 (24 -1160 335.2138976801872) (24 -1160 327.213897680185) (24 -1440 327.213897680185) (24 -1440 335.2138976801872) 
4 791 990 (24 -1440 327.213897680185) (24 -1440 -496) (512 -1440 -496) (512 -1440 327.213897680185) 
4 792 992 (-232 -1440 336) (-232 -1440 -744) (24 -1440 -744) (24 -1440 336) 
4 792 821 (24 -1264 -744) (24 -1440 -744) (-232 -1440 -744) (-232 -1264 -744) 
4 792 817 (-232 -1160 -744) (24 -1160 -744) (24 -1264 -744) (-232 -1264 -744) 
4 793 805 (832 -1168 -888) (840 -1168 -888) (840 -1168 -744) (832 -1168 -744) 
4 793 801 (840 -1168 -888) (1296 -1168 -888) (1296 -1168 -744) (840 -1168 -744) 
4 793 800 (1296 -1168 -888) (832 -1168 -888) (832 -1160 -888) (1296 -1160 -888) 
4 794 810 (728 -1168 -888) (816 -1168 -888) (816 -1168 -744) (728 -1168 -744) 
4 794 806 (816 -1168 -888) (824 -1168 -888) (824 -1168 -744) (816 -1168 -744) 
4 794 796 (728 -1160 -888) (728 -1168 -888) (728 -1168 -872) (728 -1160 -872) 
4 794 795 (728 -1168 -864) (728 -1168 -744) (728 -1160 -744) (728 -1160 -864) 
4 795 810 (728 -1168 -864) (728 -1168 -744) (720 -1168 -744) (720 -1168 -864) 
4 796 810 (720 -1168 -888) (728 -1168 -888) (728 -1168 -872) (720 -1168 -872) 
4 797 810 (512 -1168 -888) (584 -1168 -888) (584 -1168 -744) (512 -1168 -744) 
4 798 810 (176 -1168 -888) (288 -1168 -888) (288 -1168 -744) (176 -1168 -744) 
4 799 810 (160 -1168 -744) (160 -1168 -888) (168 -1168 -888) (168 -1168 -744) 
4 800 805 (832 -1168 -1000) (840 -1168 -1000) (840 -1168 -888) (832 -1168 -888) 
4 800 801 (840 -1168 -1000) (1296 -1168 -1000) (1296 -1168 -888) (840 -1168 -888) 
4 801 815 (840 -1256 -1000) (1296 -1256 -1000) (1296 -1256 -888) (840 -1256 -888) 
4 801 814 (1296 -1256 -847.9999999999999) (1296 -1256 -831.9999999999999) (840 -1256 -831.9999999999999) (840 -1256 -847.9999999999999) 
4 801 813 (1296 -1256 -800) (1296 -1256 -783.9999999999999) (840 -1256 -784) (840 -1256 -800.0000000000001) 
4 801 812 (1296 -1256 -888) (1296 -1256 -879.9999999999999) (840 -1256 -880) (840 -1256 -888) 
4 801 811 (1296 -1256 -752) (1296 -1256 -744) (840 -1256 -744) (840 -1256 -752) 
4 801 805 (840 -1168 -744) (840 -1168 -1000) (840 -1176 -1000) (840 -1176 -744) 
4 801 804 (840 -1240 -1000) (840 -1256 -1000) (840 -1256 -744) (840 -1240 -744) 
4 801 803 (840 -1216.0000000000002 -1000) (840 -1232 -1000) (840 -1232 -744) (840 -1216.0000000000002 -744) 
4 801 802 (840 -1183.9999999999998 -1000) (840 -1200 -1000) (840 -1200 -744) (840 -1183.9999999999998 -744) 
4 804 815 (832 -1256 -1000) (840 -1256 -1000) (840 -1256 -888) (832 -1256 -888) 
4 804 814 (840 -1256 -847.9999999999999) (840 -1256 -831.9999999999999) (832 -1256 -831.9999999999999) (832 -1256 -847.9999999999999) 
4 804 813 (840 -1256 -800) (840 -1256 -783.9999999999999) (832 -1256 -784) (832 -1256 -800.0000000000001) 
4 804 812 (840 -1256 -888) (840 -1256 -879.9999999999999) (832 -1256 -880) (832 -1256 -888) 
4 804 811 (840 -1256 -752) (840 -1256 -744) (832 -1256 -744) (832 -1256 -752) 
4 806 810 (816 -1168 -744) (816 -1168 -888) (816 -1176 -888) (816 -1176 -744) 
4 807 810 (816 -1184 -888) (816 -1200.0000000000002 -888) (816 -1200.0000000000002 -744) (816 -1184 -744) 
4 808 814 (824 -1256 -847.9999999999999) (824 -1256 -831.9999999999999) (816 -1256 -831.9999999999999) (816 -1256 -847.9999999999999) 
4 808 813 (824 -1256 -800) (824 -1256 -783.9999999999999) (816 -1256 -784) (816 -1256 -800.0000000000001) 
4 808 812 (816 -1256 -888) (824 -1256 -888) (824 -1256 -879.9999999999999) (816 -1256 -880) 
4 808 811 (824 -1256 -752) (824 -1256 -744) (816 -1256 -744) (816 -1256 -752) 
4 808 810 (816 -1240 -888) (816 -1256 -888) (816 -1256 -744) (816 -1240 -744) 
4 809 810 (816 -1216 -888) (816 -1232.0000000000002 -888) (816 -1232.0000000000002 -744) (816 -1216 -744) 
4 810 814 (160 -1256 -831.9999999999999) (160 -1256 -847.9999999999999) (816 -1256 -847.9999999999999) (816 -1256 -831.9999999999999) 
4 810 813 (160 -1256 -784) (160 -1256 -800.0000000000001) (816 -1256 -800) (816 -1256 -783.9999999999999) 
4 810 812 (160 -1256 -880) (160 -1256 -888) (816 -1256 -888) (816 -1256 -879.9999999999999) 
4 810 811 (160 -1256 -744) (160 -1256 -752) (816 -1256 -752) (816 -1256 -744) 
4 812 815 (1296 -1264 -888) (832 -1264 -888) (832 -1256 -888) (1296 -1256 -888) 
4 817 821 (-232 -1264 -1000) (24 -1264 -1000) (24 -1264 -744) (-232 -1264 -744) 
4 817 819 (24 -1264 -1000) (-232 -1264 -1000) (-232 -1160 -1000) (24 -1160 -1000) 
4 819 821 (-232 -1264 -1136) (24 -1264 -1136) (24 -1264 -1000) (-232 -1264 -1000) 
4 819 820 (24 -1264 -1136) (-232 -1264 -1136) (-232 -1160 -1136) (24 -1160 -1136) 
4 820 822 (1296 -1264 -1144) (1296 -1264 -1136) (-232 -1264 -1136) (-232 -1264 -1144) 
4 821 992 (-232 -1440 -1136) (24 -1440 -1136) (24 -1440 -744) (-232 -1440 -744) 
4 821 822 (-232 -1264 -1136) (24 -1264 -1136) (24 -1440 -1136) (-232 -1440 -1136) 
4 822 993 (888 -1440 -1136) (-232 -1440 -1136) (-232 -1440 -1144) (888 -1440 -1144) 
4 822 975 (960 -1440 -1136) (888 -1440 -1136) (888 -1440 -1144) (960 -1440 -1144) 
4 822 963 (1168 -1440 -1136) (960 -1440 -1136) (960 -1440 -1144) (1168 -1440 -1144) 
4 822 943 (1240 -1440 -1136) (1168 -1440 -1136) (1168 -1440 -1144) (1240 -1440 -1144) 
4 822 931 (1296 -1440 -1144) (1296 -1440 -1136) (1240 -1440 -1136) (1240 -1440 -1144) 
4 823 828 (2488 -1784 327.213897680185) (2736 -1784 327.213897680185) (2736 -1784 335.2138976801872) (2488 -1784 335.2138976801872) 
4 823 825 (2736 -1784 327.213897680185) (2488 -1784 327.213897680185) (2488 -1440 327.213897680185) (2736 -1440 327.213897680185) 
4 823 824 (2488 -1440 327.213897680185) (2488 -1784 327.213897680185) (2488 -1784 335.2138976801872) (2488 -1440 335.2138976801872) 
4 824 828 (2480 -1784 335.2138976801872) (2480 -1784 327.213897680185) (2488 -1784 327.213897680185) (2488 -1784 335.2138976801872) 
4 824 826 (2480 -1440 335.2138976801872) (2480 -1440 327.213897680185) (2480 -1784 327.213897680185) (2480 -1784 335.2138976801872) 
4 824 825 (2488 -1784 327.213897680185) (2480 -1784 327.213897680185) (2480 -1440 327.213897680185) (2488 -1440 327.213897680185) 
4 825 865 (2736 -1784 -456) (2480 -1784 -456) (2480 -1440 -456) (2736 -1440 -456) 
4 825 828 (2480 -1784 327.213897680185) (2480 -1784 -456) (2736 -1784 -456) (2736 -1784 327.213897680185) 
4 826 831 (2192 -1440 335.2138976801872) (2192 -1440 327.213897680185) (2192 -1784 327.213897680185) (2192 -1784 335.2138976801872) 
4 826 830 (2192 -1784 335.2138976801872) (2192 -1784 327.213897680185) (2480 -1784 327.213897680185) (2480 -1784 335.2138976801872) 
4 827 866 (2480 -1784 -456) (2192 -1784 -456) (2192 -1440 -456) (2480 -1440 -456) 
4 827 834 (2192 -1672 -152) (2192 -1784 -152) (2192 -1784 16) (2192 -1672 16) 
4 827 833 (2192 -1440 16) (2192 -1440 -55.99999999999994) (2192 -1672 -55.99999999999994) (2192 -1672 16) 
4 827 832 (2192 -1440 327.213897680185) (2192 -1440 16) (2192 -1784 16) (2192 -1784 327.213897680185) 
4 828 872 (2480 -1792 -456) (2480 -1784 -456) (2736 -1784 -456) (2736 -1792 -456) 
4 828 830 (2480 -1784 335.2138976801872) (2480 -1784 -456) (2480 -1792 -456) (2480 -1792 335.2138976801872) 
4 828 829 (2736 -1792 -456) (2736 -1792 335.2138976801872) (2480 -1792 335.2138976801872) (2480 -1792 -456) 
4 829 873 (2480 -2040 -456) (2480 -1792 -456) (2736 -1792 -456) (2736 -2040 -456) 
4 829 830 (2480 -1792 -456) (2480 -2040 -456) (2480 -2040 335.2138976801872) (2480 -1792 335.2138976801872) 
4 830 874 (2192 -2040 -456) (2192 -1784 -456) (2480 -1784 -456) (2480 -2040 -456) 
4 830 836 (2192 -1904 -456) (2192 -2040 -456) (2192 -2040 -152) (2192 -1904 -152) 
4 830 835 (2192 -1784 335.2138976801872) (2192 -1784 -152) (2192 -2040 -152) (2192 -2040 335.2138976801872) 
4 831 837 (1920 -1440 335.2138976801872) (1920 -1440 327.213897680185) (1920 -1784 327.213897680185) (1920 -1784 335.2138976801872) 
4 831 835 (1920 -1784 335.2138976801872) (1920 -1784 327.213897680185) (2192 -1784 327.213897680185) (2192 -1784 335.2138976801872) 
4 832 838 (1920 -1440 327.213897680185) (1920 -1440 16) (1920 -1784 16) (1920 -1784 327.213897680185) 
4 832 834 (2192 -1784 16) (1920 -1784 16) (1920 -1672 16) (2192 -1672 16) 
4 832 833 (2040 -1440 16) (2192 -1440 16) (2192 -1672 16) (2040 -1672 16) 
3 833 834 (2192 -1672 -55.99999999999994) (2192 -1672 16) (2040 -1672 16) 
4 834 839 (1920 -1672 -152) (1920 -1784 -152) (1920 -1784 16) (1920 -1672 16) 
4 835 840 (1920 -1784 335.2138976801872) (1920 -1784 -152) (1920 -2040 -152) (1920 -2040 335.2138976801872) 
4 835 836 (1920 -2040 -152) (1920 -1904 -152) (2192 -1904 -152) (2192 -2040 -152) 
4 836 882 (1920 -2040 -456) (1920 -1904 -456) (1936 -1904 -456) (1936 -2040 -456) 
4 836 876 (1936 -1904 -456) (2088 -1904 -456) (2088 -2040 -456) (1936 -2040 -456) 
4 836 874 (2088 -1904 -456) (2192 -1904 -456) (2192 -2040 -456) (2088 -2040 -456) 
4 836 853 (1920 -1904 -456) (1920 -2040 -456) (1920 -2040 -360) (1920 -1904 -360) 
4 836 840 (1920 -2040 -360) (1920 -2040 -152) (1920 -1904 -152) (1920 -1904 -360) 
4 837 854 (1728 -1440 335.2138976801872) (1728 -1440 327.213897680185) (1728 -1784 327.213897680185) (1728 -1784 335.2138976801872) 
4 837 840 (1728 -1784 335.2138976801872) (1728 -1784 327.213897680185) (1920 -1784 327.213897680185) (1920 -1784 335.2138976801872) 
4 838 859 (1728 -1520 16) (1728 -1784 16) (1728 -1784 272) (1728 -1520 272) 
4 838 855 (1728 -1440 327.213897680185) (1728 -1440 304) (1728 -1784 304) (1728 -1784 327.213897680185) 
4 838 839 (1920 -1784 16) (1728 -1784 16) (1728 -1672 16) (1920 -1672 16) 
4 839 863 (1728 -1672 -360) (1728 -1784 -360) (1728 -1784 -328) (1728 -1672 -328) 
4 839 861 (1728 -1784 -328) (1728 -1784 -288) (1728 -1672 -288) (1728 -1672 -328) 
4 839 859 (1728 -1784 -288) (1728 -1784 16) (1728 -1672 16) (1728 -1672 -288) 
4 839 852 (1728 -1784 -360) (1728 -1672 -360) (1920 -1672 -360) (1920 -1784 -360) 
4 840 864 (1728 -1784 -328) (1728 -1784 -360) (1728 -2040 -360) (1728 -2040 -328) 
4 840 862 (1728 -1784 -288) (1728 -1784 -328) (1728 -2040 -328) (1728 -2040 -288) 
4 840 860 (1728 -1784 272) (1728 -1784 -288) (1728 -2040 -288) (1728 -2040 272) 
4 840 858 (1728 -1840 272) (1728 -2040 272) (1728 -2040 304) (1728 -1840 304) 
3 840 857 (1728 -1840 288.00000000000017) (1728 -1840 304) (1728 -1824.0000000000002 304) 
4 840 856 (1728 -1784 335.2138976801872) (1728 -1784 304) (1728 -2040 304) (1728 -2040 335.2138976801872) 
4 840 853 (1728 -2040 -360) (1728 -1784 -360) (1920 -1784 -360) (1920 -2040 -360) 
4 841 842 (1840 -1448 -400) (1840 -1440 -400) (1920 -1440 -400) (1920 -1448 -400) 
4 842 883 (1840 -1440 -456) (1920 -1440 -456) (1920 -1448 -456) (1840 -1448 -456) 
4 842 845 (1840 -1448 -400) (1840 -1448 -456) (1856 -1448 -456) (1856 -1448 -400) 
4 842 844 (1872 -1448 -456) (1888 -1448 -456) (1888 -1448 -400) (1872 -1448 -400) 
4 842 843 (1904 -1448 -456) (1920 -1448 -456) (1920 -1448 -400) (1904 -1448 -400) 
4 843 850 (1920 -1456 -456) (1920 -1456 -400) (1904 -1456 -400) (1904 -1456 -456) 
4 844 850 (1888 -1456 -400) (1872 -1456 -400) (1872 -1456 -456) (1888 -1456 -456) 
4 845 850 (1856 -1456 -400) (1840 -1456 -400) (1840 -1456 -456) (1856 -1456 -456) 
4 846 849 (1760 -1448 -400) (1760 -1440 -400) (1776 -1440 -400) (1776 -1448 -400) 
4 846 848 (1776 -1440 -400) (1792 -1440 -400) (1792 -1448 -400) (1776 -1448 -400) 
4 846 847 (1792 -1440 -400) (1808 -1440 -400) (1808 -1448 -400) (1792 -1448 -400) 
4 847 888 (1792 -1440 -456) (1808 -1440 -456) (1808 -1448 -456) (1792 -1448 -456) 
4 847 851 (1792 -1456 -456) (1808 -1456 -456) (1808 -1456 -400) (1792 -1456 -400) 
4 847 848 (1792 -1440 -456) (1792 -1448 -456) (1792 -1448 -400) (1792 -1440 -400) 
4 848 888 (1776 -1440 -456) (1792 -1440 -456) (1792 -1448 -456) (1776 -1448 -456) 
4 848 849 (1776 -1440 -456) (1776 -1448 -456) (1776 -1448 -400) (1776 -1440 -400) 
4 849 888 (1760 -1440 -456) (1776 -1440 -456) (1776 -1448 -456) (1760 -1448 -456) 
4 849 851 (1760 -1456 -400) (1760 -1456 -456) (1776 -1456 -456) (1776 -1456 -400) 
4 850 884 (1840 -1456 -456) (1920 -1456 -456) (1920 -1472 -456) (1840 -1472 -456) 
4 850 852 (1920 -1472 -456) (1920 -1472 -360) (1840 -1472 -360) (1840 -1472 -456) 
4 851 889 (1760 -1456 -456) (1808 -1456 -456) (1808 -1472 -456) (1760 -1472 -456) 
4 851 852 (1808 -1472 -360) (1760 -1472 -360) (1760 -1472 -456) (1808 -1472 -456) 
4 852 891 (1728 -1784 -456) (1728 -1472 -456) (1760 -1472 -456) (1760 -1784 -456) 
4 852 889 (1760 -1472 -456) (1808 -1472 -456) (1808 -1784 -456) (1760 -1784 -456) 
4 852 886 (1808 -1472 -456) (1840 -1472 -456) (1840 -1784 -456) (1808 -1784 -456) 
4 852 884 (1840 -1472 -456) (1920 -1472 -456) (1920 -1784 -456) (1840 -1784 -456) 
4 852 863 (1728 -1472 -456) (1728 -1784 -456) (1728 -1784 -360) (1728 -1472 -360) 
4 853 892 (1728 -2040 -456) (1728 -1784 -456) (1760 -1784 -456) (1760 -2040 -456) 
4 853 890 (1760 -1784 -456) (1808 -1784 -456) (1808 -2040 -456) (1760 -2040 -456) 
4 853 887 (1808 -1784 -456) (1840 -1784 -456) (1840 -2040 -456) (1808 -2040 -456) 
4 853 885 (1840 -1784 -456) (1920 -1784 -456) (1920 -2040 -456) (1840 -2040 -456) 
4 853 864 (1728 -1784 -456) (1728 -2040 -456) (1728 -2040 -360) (1728 -1784 -360) 
4 854 913 (1520 -1448 327.213897680185) (1520 -1784 327.213897680185) (1520 -1784 335.2138976801872) (1520 -1448 335.2138976801872) 
4 854 901 (1520 -1440 335.2138976801872) (1520 -1440 327.213897680185) (1520 -1448 327.213897680185) (1520 -1448 335.2138976801872) 
4 854 856 (1520 -1784 335.2138976801872) (1520 -1784 327.213897680185) (1728 -1784 327.213897680185) (1728 -1784 335.2138976801872) 
4 855 914 (1520 -1448 304) (1520 -1784 304) (1520 -1784 327.213897680185) (1520 -1448 327.213897680185) 
4 855 902 (1520 -1440 327.213897680185) (1520 -1440 304) (1520 -1448 304) (1520 -1448 327.213897680185) 
4 856 918 (1520 -1784 335.2138976801872) (1520 -1784 304) (1520 -2040 304) (1520 -2040 335.2138976801872) 
4 856 858 (1520 -2040 304) (1520 -1840 304) (1728 -1840 304) (1728 -2040 304) 
4 856 857 (1520 -1840 304) (1520 -1824.0000000000002 304) (1728 -1824.0000000000002 304) (1728 -1840 304) 
3 857 918 (1520 -1840 288.00000000000017) (1520 -1840 304) (1520 -1824.0000000000002 304) 
4 857 858 (1728 -1840 288.00000000000017) (1728 -1840 304) (1520 -1840 304) (1520 -1840 288.00000000000017) 
4 858 918 (1520 -1840 272) (1520 -2040 272) (1520 -2040 304) (1520 -1840 304) 
4 858 860 (1520 -2040 272) (1520 -1840 272) (1728 -1840 272) (1728 -2040 272) 
4 859 914 (1520 -1520 -288) (1520 -1784 -288) (1520 -1784 272) (1520 -1520 272) 
4 859 861 (1520 -1784 -288) (1520 -1568 -288) (1728 -1568 -288) (1728 -1784 -288) 
4 860 918 (1520 -1784 -288) (1520 -2040 -288) (1520 -2040 272) (1520 -1784 272) 
4 860 862 (1520 -2040 -288) (1520 -1784 -288) (1728 -1784 -288) (1728 -2040 -288) 
4 861 916 (1520 -1568 -328) (1520 -1784 -328) (1520 -1784 -296) (1520 -1568 -296) 
4 861 915 (1520 -1784 -296) (1520 -1784 -288) (1520 -1568 -288) (1520 -1568 -296) 
4 861 863 (1520 -1784 -328) (1520 -1568 -328) (1728 -1568 -328) (1728 -1784 -328) 
4 862 918 (1520 -1784 -328) (1520 -2040 -328) (1520 -2040 -288) (1520 -1784 -288) 
4 862 864 (1520 -2040 -328) (1520 -1784 -328) (1728 -1784 -328) (1728 -2040 -328) 
4 863 916 (1520 -1456 -456) (1520 -1784 -456) (1520 -1784 -328) (1520 -1456 -328) 
4 863 893 (1520 -1784 -456) (1520 -1456 -456) (1728 -1456 -456) (1728 -1784 -456) 
4 864 918 (1520 -1784 -456) (1520 -2040 -456) (1520 -2040 -328) (1520 -1784 -328) 
4 864 894 (1520 -2040 -456) (1520 -1784 -456) (1728 -1784 -456) (1728 -2040 -456) 
4 865 877 (2480 -1784 -568) (2480 -1784 -1136) (2736 -1784 -1136) (2736 -1784 -568) 
4 865 872 (2736 -1784 -456) (2480 -1784 -456) (2480 -1784 -568) (2736 -1784 -568) 
4 865 868 (2736 -1784 -1136) (2480 -1784 -1136) (2480 -1440 -1136) (2736 -1440 -1136) 
4 866 867 (2184 -1440 -1136) (2184 -1784 -1136) (2184 -1784 -584) (2184 -1440 -584) 
4 867 870 (2176 -1784 -1136) (2176 -1784 -584) (2176 -1440 -584) (2176 -1440 -1136) 
4 868 871 (2176 -1784 -1144) (2176 -1784 -1136) (2176 -1440 -1136) (2176 -1440 -1144) 
4 870 896 (1936 -1784 -1136) (1936 -1784 -584) (1936 -1440 -584) (1936 -1440 -1136) 
4 871 900 (1936 -1784 -1144) (1936 -1784 -1136) (1936 -1440 -1136) (1936 -1440 -1144) 
4 872 877 (2480 -1792 -568) (2480 -1784 -568) (2736 -1784 -568) (2736 -1792 -568) 
4 872 874 (2480 -1784 -456) (2480 -1784 -568) (2480 -1792 -568) (2480 -1792 -456) 
4 872 873 (2480 -1792 -456) (2480 -1792 -568) (2736 -1792 -568) (2736 -1792 -456) 
4 873 878 (2480 -2040 -568) (2480 -1792 -568) (2736 -1792 -568) (2736 -2040 -568) 
4 873 874 (2480 -1792 -568) (2480 -2040 -568) (2480 -2040 -456) (2480 -1792 -456) 
4 874 880 (2088 -2040 -568) (2088 -1792 -568) (2176 -1792 -568) (2176 -2040 -568) 
4 874 879 (2176 -1784 -568) (2480 -1784 -568) (2480 -2040 -568) (2176 -2040 -568) 
4 874 876 (2088 -1904 -568) (2088 -2040 -568) (2088 -2040 -456) (2088 -1904 -456) 
4 874 875 (2088 -1784 -456) (2088 -1784 -568) (2088 -1888 -568) (2088 -1888 -456) 
4 875 880 (1936 -1888 -568) (1936 -1792 -568) (2088 -1792 -568) (2088 -1888 -568) 
4 876 895 (1936 -1904 -496) (1936 -1904 -568) (1936 -2040 -568) (1936 -2040 -496) 
4 876 882 (1936 -2040 -456) (1936 -1904 -456) (1936 -1904 -496) (1936 -2040 -496) 
4 876 880 (1936 -2040 -568) (1936 -1904 -568) (2088 -1904 -568) (2088 -2040 -568) 
4 877 881 (2480 -1784 -584) (2480 -1784 -1136) (2480 -1792 -1136) (2480 -1792 -584) 
4 877 879 (2480 -1792 -568) (2480 -1784 -568) (2480 -1784 -584) (2480 -1792 -584) 
4 877 878 (2480 -1792 -568) (2480 -1792 -1136) (2736 -1792 -1136) (2736 -1792 -568) 
4 878 881 (2480 -1792 -584) (2480 -1792 -1136) (2480 -2040 -1136) (2480 -2040 -584) 
4 878 879 (2480 -2040 -568) (2480 -1792 -568) (2480 -1792 -584) (2480 -2040 -584) 
4 879 881 (2176 -2040 -584) (2176 -1784 -584) (2480 -1784 -584) (2480 -2040 -584) 
4 879 880 (2176 -1792 -584) (2176 -2040 -584) (2176 -2040 -568) (2176 -1792 -568) 
4 880 897 (1936 -2040 -568) (1936 -1792 -568) (1936 -1792 -584) (1936 -2040 -584) 
4 880 881 (1936 -2040 -584) (1936 -1792 -584) (2176 -1792 -584) (2176 -2040 -584) 
4 881 897 (1936 -2040 -1136) (1936 -2040 -584) (1936 -1784 -584) (1936 -1784 -1136) 
4 882 895 (1920 -2040 -496) (1920 -1904 -496) (1936 -1904 -496) (1936 -2040 -496) 
4 882 885 (1920 -1904 -496) (1920 -2040 -496) (1920 -2040 -456) (1920 -1904 -456) 
4 883 898 (1840 -1448 -496) (1840 -1440 -496) (1920 -1440 -496) (1920 -1448 -496) 
4 884 898 (1840 -1784 -496) (1840 -1456 -496) (1920 -1456 -496) (1920 -1784 -496) 
4 884 886 (1840 -1472 -496) (1840 -1784 -496) (1840 -1784 -456) (1840 -1472 -456) 
4 885 899 (1840 -2040 -496) (1840 -1784 -496) (1920 -1784 -496) (1920 -2040 -496) 
4 885 887 (1840 -1784 -496) (1840 -2040 -496) (1840 -2040 -456) (1840 -1784 -456) 
4 886 898 (1808 -1784 -496) (1808 -1472 -496) (1840 -1472 -496) (1840 -1784 -496) 
4 886 889 (1808 -1472 -496) (1808 -1784 -496) (1808 -1784 -456) (1808 -1472 -456) 
4 887 899 (1808 -2040 -496) (1808 -1784 -496) (1840 -1784 -496) (1840 -2040 -496) 
4 887 890 (1808 -1784 -496) (1808 -2040 -496) (1808 -2040 -456) (1808 -1784 -456) 
4 888 898 (1760 -1448 -496) (1760 -1440 -496) (1808 -1440 -496) (1808 -1448 -496) 
4 889 898 (1760 -1784 -496) (1760 -1456 -496) (1808 -1456 -496) (1808 -1784 -496) 
4 889 891 (1760 -1472 -496) (1760 -1784 -496) (1760 -1784 -456) (1760 -1472 -456) 
4 890 899 (1760 -2040 -496) (1760 -1784 -496) (1808 -1784 -496) (1808 -2040 -496) 
4 890 892 (1760 -1784 -496) (1760 -2040 -496) (1760 -2040 -456) (1760 -1784 -456) 
4 891 898 (1728 -1784 -496) (1728 -1472 -496) (1760 -1472 -496) (1760 -1784 -496) 
4 891 893 (1728 -1472 -496) (1728 -1784 -496) (1728 -1784 -456) (1728 -1472 -456) 
4 892 899 (1728 -2040 -496) (1728 -1784 -496) (1760 -1784 -496) (1760 -2040 -496) 
4 892 894 (1728 -1784 -496) (1728 -2040 -496) (1728 -2040 -456) (1728 -1784 -456) 
4 893 916 (1520 -1456 -496) (1520 -1784 -496) (1520 -1784 -456) (1520 -1456 -456) 
4 893 898 (1520 -1784 -496) (1520 -1456 -496) (1728 -1456 -496) (1728 -1784 -496) 
4 894 918 (1520 -1784 -496) (1520 -2040 -496) (1520 -2040 -456) (1520 -1784 -456) 
4 894 899 (1520 -2040 -496) (1520 -1784 -496) (1728 -1784 -496) (1728 -2040 -496) 
4 895 899 (1920 -2040 -496) (1920 -1904 -496) (1920 -1904 -568) (1920 -2040 -568) 
4 895 897 (1920 -2040 -568) (1920 -1904 -568) (1936 -1904 -568) (1936 -2040 -568) 
4 896 898 (1920 -1440 -1136) (1920 -1784 -1136) (1920 -1784 -568) (1920 -1440 -568) 
4 897 899 (1920 -1784 -1136) (1920 -2040 -1136) (1920 -2040 -568) (1920 -1784 -568) 
4 898 916 (1520 -1448 -1136) (1520 -1784 -1136) (1520 -1784 -496) (1520 -1448 -496) 
4 898 911 (1520 -1440 -496) (1520 -1440 -1136) (1520 -1448 -1136) (1520 -1448 -496) 
4 899 918 (1520 -1784 -1136) (1520 -2040 -1136) (1520 -2040 -496) (1520 -1784 -496) 
4 900 917 (1520 -1448 -1144) (1520 -1784 -1144) (1520 -1784 -1136) (1520 -1448 -1136) 
4 900 912 (1520 -1440 -1136) (1520 -1440 -1144) (1520 -1448 -1144) (1520 -1448 -1136) 
4 901 919 (1448 -1440 335.2138976801872) (1448 -1440 327.213897680185) (1448 -1448 327.213897680185) (1448 -1448 335.2138976801872) 
4 901 913 (1448 -1448 335.2138976801872) (1448 -1448 327.213897680185) (1520 -1448 327.213897680185) (1520 -1448 335.2138976801872) 
4 902 920 (1448 -1440 327.213897680185) (1448 -1440 304) (1448 -1448 304) (1448 -1448 327.213897680185) 
4 902 914 (1448 -1448 327.213897680185) (1448 -1448 -288) (1520 -1448 -288) (1520 -1448 327.213897680185) 
4 903 916 (1448 -1448 -304) (1448 -1448 -320) (1520 -1448 -320) (1520 -1448 -304) 
4 904 916 (1448 -1448 -328) (1448 -1448 -344) (1520 -1448 -344) (1520 -1448 -328) 
4 905 916 (1448 -1448 -352) (1448 -1448 -368) (1520 -1448 -368) (1520 -1448 -352) 
4 906 916 (1448 -1448 -376) (1448 -1448 -392) (1520 -1448 -392) (1520 -1448 -376) 
4 907 916 (1448 -1448 -400) (1448 -1448 -416) (1520 -1448 -416) (1520 -1448 -400) 
4 908 916 (1448 -1448 -424) (1448 -1448 -440) (1520 -1448 -440) (1520 -1448 -424) 
4 909 916 (1448 -1448 -448) (1448 -1448 -464) (1520 -1448 -464) (1520 -1448 -448) 
4 910 916 (1448 -1448 -472) (1448 -1448 -488) (1520 -1448 -488) (1520 -1448 -472) 
4 911 928 (1448 -1440 -496) (1448 -1440 -1136) (1448 -1448 -1136) (1448 -1448 -496) 
4 911 916 (1448 -1448 -496) (1448 -1448 -1136) (1520 -1448 -1136) (1520 -1448 -496) 
4 912 931 (1448 -1440 -1136) (1448 -1440 -1144) (1448 -1448 -1144) (1448 -1448 -1136) 
4 912 917 (1448 -1448 -1136) (1448 -1448 -1144) (1520 -1448 -1144) (1520 -1448 -1136) 
4 913 919 (1448 -1448 335.2138976801872) (1448 -1448 327.213897680185) (1448 -1784 327.213897680185) (1448 -1784 335.2138976801872) 
4 913 918 (1448 -1784 335.2138976801872) (1448 -1784 327.213897680185) (1520 -1784 327.213897680185) (1520 -1784 335.2138976801872) 
4 914 924 (1448 -1520 -288) (1448 -1784 -288) (1448 -1784 272) (1448 -1520 272) 
4 914 920 (1448 -1448 327.213897680185) (1448 -1448 304) (1448 -1784 304) (1448 -1784 327.213897680185) 
4 914 915 (1520 -1784 -288) (1448 -1784 -288) (1448 -1456 -288) (1520 -1456 -288) 
4 915 926 (1448 -1568 -296) (1448 -1784 -296) (1448 -1784 -288) (1448 -1568 -288) 
4 915 916 (1520 -1784 -296) (1448 -1784 -296) (1448 -1456 -296) (1520 -1456 -296) 
4 916 929 (1448 -1456 -1136) (1448 -1784 -1136) (1448 -1784 -328) (1448 -1456 -328) 
4 916 928 (1448 -1448 -496) (1448 -1448 -1136) (1448 -1456 -1136) (1448 -1456 -496) 
4 916 926 (1448 -1568 -328) (1448 -1784 -328) (1448 -1784 -296) (1448 -1568 -296) 
4 917 931 (1448 -1448 -1136) (1448 -1448 -1144) (1448 -1784 -1144) (1448 -1784 -1136) 
4 918 930 (1448 -1784 -328) (1448 -1784 -1136) (1448 -2040 -1136) (1448 -2040 -328) 
4 918 927 (1448 -1784 -288) (1448 -1784 -328) (1448 -2040 -328) (1448 -2040 -288) 
4 918 925 (1448 -1784 272) (1448 -1784 -288) (1448 -2040 -288) (1448 -2040 272) 
4 918 923 (1448 -1840 272) (1448 -2040 272) (1448 -2040 304) (1448 -1840 304) 
3 918 922 (1448 -1840 288.00000000000017) (1448 -1840 304) (1448 -1824.0000000000002 304) 
4 918 921 (1448 -1784 335.2138976801872) (1448 -1784 304) (1448 -2040 304) (1448 -2040 335.2138976801872) 
4 919 944 (1240 -1448 327.213897680185) (1240 -1784 327.213897680185) (1240 -1784 335.2138976801872) (1240 -1448 335.2138976801872) 
4 919 932 (1240 -1440 335.2138976801872) (1240 -1440 327.213897680185) (1240 -1448 327.213897680185) (1240 -1448 335.2138976801872) 
4 919 921 (1240 -1784 335.2138976801872) (1240 -1784 327.213897680185) (1448 -1784 327.213897680185) (1448 -1784 335.2138976801872) 
4 920 945 (1240 -1448 304) (1240 -1784 304) (1240 -1784 327.213897680185) (1240 -1448 327.213897680185) 
4 920 933 (1240 -1440 327.213897680185) (1240 -1440 304) (1240 -1448 304) (1240 -1448 327.213897680185) 
4 921 949 (1240 -1784 335.2138976801872) (1240 -1784 304) (1240 -2040 304) (1240 -2040 335.2138976801872) 
4 921 923 (1240 -2040 304) (1240 -1840 304) (1448 -1840 304) (1448 -2040 304) 
4 921 922 (1240 -1840 304) (1240 -1824.0000000000002 304) (1448 -1824.0000000000002 304) (1448 -1840 304) 
3 922 949 (1240 -1840 288.00000000000017) (1240 -1840 304) (1240 -1824.0000000000002 304) 
4 922 923 (1448 -1840 288.00000000000017) (1448 -1840 304) (1240 -1840 304) (1240 -1840 288.00000000000017) 
4 923 949 (1240 -1840 272) (1240 -2040 272) (1240 -2040 304) (1240 -1840 304) 
4 923 925 (1240 -2040 272) (1240 -1840 272) (1448 -1840 272) (1448 -2040 272) 
4 924 945 (1240 -1520 -288) (1240 -1784 -288) (1240 -1784 272) (1240 -1520 272) 
4 924 926 (1240 -1784 -288) (1240 -1568 -288) (1448 -1568 -288) (1448 -1784 -288) 
4 925 949 (1240 -1784 -288) (1240 -2040 -288) (1240 -2040 272) (1240 -1784 272) 
4 925 927 (1240 -2040 -288) (1240 -1784 -288) (1448 -1784 -288) (1448 -2040 -288) 
4 926 947 (1240 -1568 -328) (1240 -1784 -328) (1240 -1784 -296) (1240 -1568 -296) 
4 926 946 (1240 -1784 -296) (1240 -1784 -288) (1240 -1568 -288) (1240 -1568 -296) 
4 926 929 (1240 -1784 -328) (1240 -1568 -328) (1448 -1568 -328) (1448 -1784 -328) 
4 927 949 (1240 -1784 -328) (1240 -2040 -328) (1240 -2040 -288) (1240 -1784 -288) 
4 927 930 (1240 -2040 -328) (1240 -1784 -328) (1448 -1784 -328) (1448 -2040 -328) 
4 928 947 (1240 -1448 -1136) (1240 -1456 -1136) (1240 -1456 -496) (1240 -1448 -496) 
4 928 942 (1240 -1440 -496) (1240 -1440 -1136) (1240 -1448 -1136) (1240 -1448 -496) 
4 928 929 (1240 -1456 -1136) (1448 -1456 -1136) (1448 -1456 -496) (1240 -1456 -496) 
4 929 947 (1240 -1456 -1136) (1240 -1784 -1136) (1240 -1784 -328) (1240 -1456 -328) 
4 930 949 (1240 -1784 -1136) (1240 -2040 -1136) (1240 -2040 -328) (1240 -1784 -328) 
4 931 948 (1240 -1448 -1144) (1240 -1784 -1144) (1240 -1784 -1136) (1240 -1448 -1136) 
4 931 943 (1240 -1440 -1136) (1240 -1440 -1144) (1240 -1448 -1144) (1240 -1448 -1136) 
4 932 950 (1168 -1440 335.2138976801872) (1168 -1440 327.213897680185) (1168 -1448 327.213897680185) (1168 -1448 335.2138976801872) 
4 932 944 (1168 -1448 335.2138976801872) (1168 -1448 327.213897680185) (1240 -1448 327.213897680185) (1240 -1448 335.2138976801872) 
4 933 952 (1168 -1440 304) (1168 -1440 287.99999999999994) (1168 -1448 295.99999999999994) (1168 -1448 304) 
4 933 951 (1168 -1440 327.213897680185) (1168 -1440 304) (1168 -1448 304) (1168 -1448 327.213897680185) 
4 933 945 (1168 -1448 327.213897680185) (1168 -1448 -288) (1240 -1448 -288) (1240 -1448 327.213897680185) 
4 934 947 (1168 -1448 -304) (1168 -1448 -320) (1240 -1448 -320) (1240 -1448 -304) 
4 935 947 (1168 -1448 -328) (1168 -1448 -344) (1240 -1448 -344) (1240 -1448 -328) 
4 936 947 (1168 -1448 -352) (1168 -1448 -368) (1240 -1448 -368) (1240 -1448 -352) 
4 937 947 (1168 -1448 -376) (1168 -1448 -392) (1240 -1448 -392) (1240 -1448 -376) 
4 938 947 (1168 -1448 -400) (1168 -1448 -416) (1240 -1448 -416) (1240 -1448 -400) 
4 939 947 (1168 -1448 -424) (1168 -1448 -440) (1240 -1448 -440) (1240 -1448 -424) 
4 940 947 (1168 -1448 -448) (1168 -1448 -464) (1240 -1448 -464) (1240 -1448 -448) 
4 941 947 (1168 -1448 -472) (1168 -1448 -488) (1240 -1448 -488) (1240 -1448 -472) 
4 942 960 (1168 -1440 -496) (1168 -1440 -1136) (1168 -1448 -1136) (1168 -1448 -496) 
4 942 947 (1168 -1448 -496) (1168 -1448 -1136) (1240 -1448 -1136) (1240 -1448 -496) 
4 943 963 (1168 -1440 -1136) (1168 -1440 -1144) (1168 -1448 -1144) (1168 -1448 -1136) 
4 943 948 (1168 -1448 -1136) (1168 -1448 -1144) (1240 -1448 -1144) (1240 -1448 -1136) 
4 944 950 (1168 -1448 335.2138976801872) (1168 -1448 327.213897680185) (1168 -1784 327.213897680185) (1168 -1784 335.2138976801872) 
4 944 949 (1168 -1784 335.2138976801872) (1168 -1784 327.213897680185) (1240 -1784 327.213897680185) (1240 -1784 335.2138976801872) 
4 945 956 (1168 -1520 -288) (1168 -1784 -288) (1168 -1784 272) (1168 -1520 272) 
3 945 952 (1168 -1448 304) (1168 -1448 295.99999999999994) (1168 -1456 304) 
4 945 951 (1168 -1448 327.213897680185) (1168 -1448 304) (1168 -1784 304) (1168 -1784 327.213897680185) 
4 945 946 (1240 -1784 -288) (1168 -1784 -288) (1168 -1456 -288) (1240 -1456 -288) 
4 946 958 (1168 -1568 -296) (1168 -1784 -296) (1168 -1784 -288) (1168 -1568 -288) 
4 946 947 (1240 -1784 -296) (1168 -1784 -296) (1168 -1456 -296) (1240 -1456 -296) 
4 947 961 (1168 -1456 -1136) (1168 -1784 -1136) (1168 -1784 -328) (1168 -1456 -328) 
4 947 960 (1168 -1448 -496) (1168 -1448 -1136) (1168 -1456 -1136) (1168 -1456 -496) 
4 947 958 (1168 -1568 -328) (1168 -1784 -328) (1168 -1784 -296) (1168 -1568 -296) 
4 948 963 (1168 -1448 -1136) (1168 -1448 -1144) (1168 -1784 -1144) (1168 -1784 -1136) 
4 949 962 (1168 -1784 -328) (1168 -1784 -1136) (1168 -2040 -1136) (1168 -2040 -328) 
4 949 959 (1168 -1784 -288) (1168 -1784 -328) (1168 -2040 -328) (1168 -2040 -288) 
4 949 957 (1168 -1784 272) (1168 -1784 -288) (1168 -2040 -288) (1168 -2040 272) 
4 949 955 (1168 -1904 272) (1168 -2040 272) (1168 -2040 304) (1168 -1904 304) 
3 949 954 (1168 -1904 287.99999999999983) (1168 -1904 304) (1168 -1887.9999999999998 304) 
4 949 953 (1168 -1784 335.2138976801872) (1168 -1784 304) (1168 -2040 304) (1168 -2040 335.2138976801872) 
4 950 976 (960 -1448 327.213897680185) (960 -1784 327.213897680185) (960 -1784 335.2138976801872) (960 -1448 335.2138976801872) 
4 950 964 (960 -1440 335.2138976801872) (960 -1440 327.213897680185) (960 -1448 327.213897680185) (960 -1448 335.2138976801872) 
4 950 953 (960 -1784 335.2138976801872) (960 -1784 327.213897680185) (1168 -1784 327.213897680185) (1168 -1784 335.2138976801872) 
4 951 977 (960 -1448 304) (960 -1784 304) (960 -1784 327.213897680185) (960 -1448 327.213897680185) 
4 951 965 (960 -1440 327.213897680185) (960 -1440 304) (960 -1448 304) (960 -1448 327.213897680185) 
4 951 952 (960 -1456 304) (960 -1440 304) (1168 -1440 304) (1168 -1456.0000000000002 304) 
3 952 977 (960 -1448 296) (960 -1456 304) (960 -1448 304) 
4 952 965 (960 -1440 304) (960 -1440 287.99999999999994) (960 -1448 296) (960 -1448 304) 
4 953 981 (960 -1784 335.2138976801872) (960 -1784 304) (960 -2040 304) (960 -2040 335.2138976801872) 
4 953 955 (960 -2040 304) (960 -1904 304) (1168 -1904 304) (1168 -2040 304) 
4 953 954 (960 -1904 304) (960 -1887.9999999999998 304) (1168 -1887.9999999999998 304) (1168 -1904 304) 
3 954 981 (960 -1904 287.99999999999983) (960 -1904 304) (960 -1887.9999999999998 304) 
4 954 955 (1168 -1904 287.99999999999983) (1168 -1904 304) (960 -1904 304) (960 -1904 287.99999999999983) 
4 955 981 (960 -1904 272) (960 -2040 272) (960 -2040 304) (960 -1904 304) 
4 955 957 (960 -2040 272) (960 -1904 272) (1168 -1904 272) (1168 -2040 272) 
4 956 977 (960 -1520 -288) (960 -1784 -288) (960 -1784 272) (960 -1520 272) 
4 956 958 (960 -1784 -288) (960 -1568 -288) (1168 -1568 -288) (1168 -1784 -288) 
4 957 981 (960 -1784 -288) (960 -2040 -288) (960 -2040 272) (960 -1784 272) 
4 957 959 (960 -2040 -288) (960 -1784 -288) (1168 -1784 -288) (1168 -2040 -288) 
4 958 979 (960 -1568 -328) (960 -1784 -328) (960 -1784 -296) (960 -1568 -296) 
4 958 978 (960 -1784 -296) (960 -1784 -288) (960 -1568 -288) (960 -1568 -296) 
4 958 961 (960 -1784 -328) (960 -1568 -328) (1168 -1568 -328) (1168 -1784 -328) 
4 959 981 (960 -1784 -328) (960 -2040 -328) (960 -2040 -288) (960 -1784 -288) 
4 959 962 (960 -2040 -328) (960 -1784 -328) (1168 -1784 -328) (1168 -2040 -328) 
4 960 979 (960 -1448 -1136) (960 -1456 -1136) (960 -1456 -496) (960 -1448 -496) 
4 960 974 (960 -1440 -496) (960 -1440 -1136) (960 -1448 -1136) (960 -1448 -496) 
4 960 961 (960 -1456 -1136) (1168 -1456 -1136) (1168 -1456 -496) (960 -1456 -496) 
4 961 979 (960 -1456 -1136) (960 -1784 -1136) (960 -1784 -328) (960 -1456 -328) 
4 962 981 (960 -1784 -1136) (960 -2040 -1136) (960 -2040 -328) (960 -1784 -328) 
4 963 980 (960 -1448 -1144) (960 -1784 -1144) (960 -1784 -1136) (960 -1448 -1136) 
4 963 975 (960 -1440 -1136) (960 -1440 -1144) (960 -1448 -1144) (960 -1448 -1136) 
4 964 982 (888 -1440 335.2138976801872) (888 -1440 327.213897680185) (888 -1448 327.213897680185) (888 -1448 335.2138976801872) 
4 964 976 (888 -1448 335.2138976801872) (888 -1448 327.213897680185) (960 -1448 327.213897680185) (960 -1448 335.2138976801872) 
4 965 983 (888 -1440 327.213897680185) (888 -1440 -288) (888 -1448 -288) (888 -1448 327.213897680185) 
4 965 977 (888 -1448 327.213897680185) (888 -1448 -288) (960 -1448 -288) (960 -1448 327.213897680185) 
4 966 979 (888 -1448 -304) (888 -1448 -320) (960 -1448 -320) (960 -1448 -304) 
4 967 979 (888 -1448 -328) (888 -1448 -344) (960 -1448 -344) (960 -1448 -328) 
4 968 979 (888 -1448 -352) (888 -1448 -368) (960 -1448 -368) (960 -1448 -352) 
4 969 979 (888 -1448 -376) (888 -1448 -392) (960 -1448 -392) (960 -1448 -376) 
4 970 979 (888 -1448 -400) (888 -1448 -416) (960 -1448 -416) (960 -1448 -400) 
4 971 979 (888 -1448 -424) (888 -1448 -440) (960 -1448 -440) (960 -1448 -424) 
4 972 979 (888 -1448 -448) (888 -1448 -464) (960 -1448 -464) (960 -1448 -448) 
4 973 979 (888 -1448 -472) (888 -1448 -488) (960 -1448 -488) (960 -1448 -472) 
4 974 984 (888 -1440 -496) (888 -1440 -1136) (888 -1448 -1136) (888 -1448 -496) 
4 974 979 (888 -1448 -496) (888 -1448 -1136) (960 -1448 -1136) (960 -1448 -496) 
4 975 993 (888 -1440 -1136) (888 -1440 -1144) (888 -1448 -1144) (888 -1448 -1136) 
4 975 980 (888 -1448 -1136) (888 -1448 -1144) (960 -1448 -1144) (960 -1448 -1136) 
4 976 982 (888 -1448 335.2138976801872) (888 -1448 327.213897680185) (888 -1784 327.213897680185) (888 -1784 335.2138976801872) 
4 976 981 (888 -1784 335.2138976801872) (888 -1784 327.213897680185) (960 -1784 327.213897680185) (960 -1784 335.2138976801872) 
4 977 983 (888 -1448 327.213897680185) (888 -1448 -288) (888 -1784 -288) (888 -1784 327.213897680185) 
4 977 978 (960 -1784 -288) (888 -1784 -288) (888 -1456 -288) (960 -1456 -288) 
4 978 985 (888 -1456 -296) (888 -1784 -296) (888 -1784 -288) (888 -1456 -288) 
4 978 979 (960 -1784 -296) (888 -1784 -296) (888 -1456 -296) (960 -1456 -296) 
4 979 985 (888 -1456 -1136) (888 -1784 -1136) (888 -1784 -296) (888 -1456 -296) 
4 979 984 (888 -1448 -496) (888 -1448 -1136) (888 -1456 -1136) (888 -1456 -496) 
4 980 993 (888 -1448 -1136) (888 -1448 -1144) (888 -1784 -1144) (888 -1784 -1136) 
4 981 994 (888 -1784 335.2138976801872) (888 -1784 -1136) (888 -2040 -1136) (888 -2040 335.2138976801872) 
4 982 994 (872 -1784 335.2138976801872) (872 -1784 327.213897680185) (888 -1784 327.213897680185) (888 -1784 335.2138976801872) 
4 982 987 (872 -1528 327.213897680185) (872 -1784 327.213897680185) (872 -1784 335.2138976801872) (872 -1528 335.2138976801872) 
4 982 986 (872 -1440 335.2138976801872) (872 -1440 328) (872 -1528 328) (872 -1528 335.2138976801872) 
4 983 988 (872 -1528 -288) (872 -1784 -288) (872 -1784 327.213897680185) (872 -1528 327.213897680185) 
4 983 985 (888 -1784 -288) (872 -1784 -288) (872 -1456 -288) (888 -1456 -288) 
4 984 991 (872 -1440 -872) (872 -1440 -1136) (872 -1456 -1136) (872 -1456 -872) 
4 984 985 (872 -1456 -496) (872 -1456 -1136) (888 -1456 -1136) (888 -1456 -496) 
4 985 991 (872 -1456 -1136) (872 -1784 -1136) (872 -1784 -872) (872 -1456 -872) 
4 985 988 (872 -1784 -872) (872 -1784 -288) (872 -1528 -288) (872 -1528 -872) 
4 986 989 (600 -1440 335.2138976801872) (600 -1440 328) (600 -1528 328) (600 -1528 335.2138976801872) 
4 986 987 (600 -1528 335.2138976801872) (600 -1528 328) (872 -1528 328) (872 -1528 335.2138976801872) 
4 987 994 (600 -1784 335.2138976801872) (600 -1784 327.213897680185) (872 -1784 327.213897680185) (872 -1784 335.2138976801872) 
4 987 989 (600 -1528 335.2138976801872) (600 -1528 327.213897680185) (600 -1784 327.213897680185) (600 -1784 335.2138976801872) 
4 988 991 (872 -1528 -872) (872 -1784 -872) (600 -1784 -872) (600 -1528 -872) 
4 988 990 (600 -1528 327.213897680185) (600 -1528 -872) (600 -1784 -872) (600 -1784 327.213897680185) 
4 989 994 (24 -1784 335.2138976801872) (24 -1784 327.213897680185) (600 -1784 327.213897680185) (600 -1784 335.2138976801872) 
4 989 992 (24 -1440 335.2138976801872) (24 -1440 327.213897680185) (24 -1784 327.213897680185) (24 -1784 335.2138976801872) 
4 990 991 (24 -1784 -872) (24 -1440 -872) (600 -1440 -872) (600 -1784 -872) 
4 992 994 (8 -1784 -1136) (24 -1784 -1136) (24 -1784 335.2138976801872) (8 -1784 335.2138976801872) 
4 992 993 (24 -1784 -1136) (-232 -1784 -1136) (-232 -1440 -1136) (24 -1440 -1136) 
0 -1
1 -1
2 -1
3 -1
4 -1
5 -1
6 -1
7 -1
8 -1
9 -1
10 -1
11 -1
12 -1
13 -1
14 -1
15 -1
16 -1
17 -1
18 -1
19 -1
20 -1
21 -1
22 -1
23 -1
24 -1
25 -1
26 -1
27 -1
28 -1
29 -1
30 -1
31 -1
32 -1
33 -1
34 -1
35 -1
36 -1
37 -1
38 -1
39 -1
40 -1
41 -1
42 -1
43 -1
44 -1
45 -1
46 -1
47 -1
48 -1
49 -1
50 -1
51 -1
52 -1
53 -1
54 -1
55 -1
56 -1
57 -1
58 -1
59 -1
60 -1
61 -1
62 -1
63 -1
64 -1
65 -1
66 -1
67 -1
68 -1
69 -1
70 -1
71 -1
72 -1
73 -1
74 -1
75 -1
76 -1
77 -1
78 -1
79 -1
80 -1
81 -1
82 -1
83 -1
84 -1
85 -1
86 -1
87 -1
88 -1
89 -1
90 -1
91 -1
92 -1
93 -1
94 -1
95 -1
96 -1
97 -1
98 -1
99 -1
100 -1
101 -1
102 -1
103 -1
104 -1
105 -1
106 107 -1
108 -1
109 -1
110 -1
111 -1
112 -1
113 114 -1
115 -1
116 -1
117 -1
118 -1
119 -1
120 -1
121 -1
122 -1
123 -1
124 -1
125 -1
126 -1
127 -1
128 -1
129 -1
130 -1
131 -1
132 -1
133 -1
134 -1
135 -1
136 -1
137 -1
138 -1
139 -1
140 -1
141 -1
142 -1
143 -1
144 -1
145 -1
146 -1
147 -1
148 -1
149 -1
150 -1
151 -1
152 -1
153 -1
154 -1
155 -1
156 -1
157 -1
158 -1
159 -1
160 -1
161 -1
162 -1
163 -1
164 -1
165 -1
166 -1
167 -1
168 -1
169 -1
170 -1
171 -1
172 -1
173 -1
174 -1
175 -1
176 -1
177 -1
178 -1
179 -1
180 -1
181 -1
182 -1
183 -1
184 -1
185 -1
186 -1
187 -1
188 -1
189 -1
190 -1
191 -1
192 -1
193 -1
194 -1
195 -1
196 -1
197 -1
198 -1
199 -1
200 -1
201 -1
202 -1
203 -1
204 -1
205 -1
206 -1
207 -1
208 -1
209 -1
210 -1
211 -1
212 -1
213 -1
214 -1
215 -1
216 -1
217 -1
218 -1
219 -1
220 -1
221 -1
222 -1
223 -1
224 -1
225 -1
226 -1
227 -1
228 -1
229 -1
230 -1
231 -1
232 -1
233 -1
234 -1
235 -1
236 -1
237 -1
238 -1
239 -1
240 -1
241 -1
242 -1
243 -1
244 -1
245 -1
246 -1
247 -1
248 -1
249 -1
250 -1
251 -1
252 -1
253 -1
254 -1
255 -1
256 -1
257 -1
258 -1
259 -1
260 -1
261 -1
262 -1
263 -1
264 -1
265 -1
266 -1
267 -1
268 -1
269 -1
270 -1
271 -1
272 -1
273 -1
274 -1
275 -1
276 -1
277 -1
278 -1
279 -1
280 -1
281 -1
282 -1
283 -1
284 -1
285 -1
286 -1
287 -1
288 -1
289 -1
290 291 292 -1
293 -1
294 -1
295 -1
296 -1
297 -1
298 -1
299 -1
300 -1
301 -1
302 -1
303 -1
304 -1
305 -1
306 -1
307 -1
308 -1
309 -1
310 -1
311 312 -1
313 -1
314 -1
315 -1
316 -1
317 -1
318 -1
319 -1
320 -1
321 -1
322 -1
323 -1
324 -1
325 -1
326 -1
327 -1
328 -1
329 -1
330 -1
331 -1
332 -1
333 -1
334 -1
335 -1
336 -1
337 -1
338 -1
339 -1
340 -1
341 -1
342 -1
343 -1
344 -1
345 -1
346 -1
347 -1
348 -1
349 -1
350 -1
351 -1
352 -1
353 -1
354 -1
355 -1
356 -1
357 -1
358 -1
359 -1
360 -1
361 -1
362 -1
363 -1
364 -1
365 -1
366 -1
367 -1
368 -1
369 -1
370 -1
371 -1
372 -1
373 -1
374 -1
375 -1
376 -1
377 -1
378 -1
379 -1
380 -1
381 -1
382 -1
383 -1
384 -1
385 -1
386 -1
387 -1
388 -1
389 -1
390 -1
391 -1
392 -1
393 -1
394 -1
395 -1
396 -1
397 -1
398 -1
399 -1
400 -1
401 -1
402 -1
403 -1
404 -1
405 -1
406 -1
407 -1
408 -1
409 -1
410 -1
411 -1
412 -1
413 -1
414 -1
415 -1
416 -1
417 -1
418 -1
419 -1
420 -1
421 -1
422 -1
423 -1
424 -1
425 -1
426 -1
427 -1
428 -1
429 -1
430 -1
431 -1
432 -1
433 -1
434 -1
435 -1
436 -1
437 -1
438 -1
439 -1
440 -1
441 -1
442 -1
443 -1
444 -1
445 -1
446 -1
447 -1
448 -1
449 -1
450 -1
451 -1
452 -1
453 -1
454 -1
455 -1
456 -1
457 -1
458 -1
459 -1
460 -1
461 -1
462 -1
463 -1
464 -1
465 -1
466 -1
467 -1
468 -1
469 -1
470 -1
471 -1
472 -1
473 474 475 -1
476 -1
477 -1
478 -1
479 -1
480 -1
481 -1
482 -1
483 -1
484 -1
485 -1
486 -1
487 -1
488 -1
489 -1
490 -1
491 -1
492 -1
493 -1
494 -1
495 -1
496 -1
497 -1
498 -1
499 -1
500 -1
501 -1
502 -1
503 -1
504 -1
505 -1
506 -1
507 508 509 510 -1
511 -1
512 -1
513 -1
514 -1
515 -1
516 -1
517 -1
518 -1
519 -1
520 -1
521 -1
522 -1
523 -1
524 -1
525 -1
526 -1
527 -1
528 -1
529 -1
530 -1
531 -1
532 -1
533 -1
534 -1
535 -1
536 -1
537 -1
538 -1
539 -1
540 -1
541 -1
542 -1
543 -1
544 -1
545 -1
546 -1
547 -1
548 -1
549 -1
550 -1
551 -1
552 -1
553 -1
554 -1
555 -1
556 -1
557 -1
558 -1
559 -1
560 -1
561 -1
562 -1
563 -1
564 -1
565 -1
566 -1
567 -1
568 -1
569 -1
570 -1
571 -1
572 -1
573 -1
574 -1
575 -1
576 -1
577 -1
578 -1
579 -1
580 -1
581 -1
582 -1
583 -1
584 -1
585 -1
586 -1
587 -1
588 -1
589 -1
590 -1
591 -1
592 -1
593 -1
594 -1
595 -1
596 -1
597 -1
598 -1
599 -1
600 -1
601 -1
602 -1
603 -1
604 -1
605 -1
606 -1
607 -1
608 -1
609 -1
610 -1
611 -1
612 -1
613 -1
614 -1
615 -1
616 -1
617 -1
618 -1
619 -1
620 -1
621 -1
622 -1
623 -1
624 -1
625 -1
626 -1
627 -1
628 -1
629 -1
630 -1
631 -1
632 -1
633 -1
634 -1
635 -1
636 -1
637 -1
638 -1
639 -1
640 -1
641 -1
642 -1
643 -1
644 -1
645 -1
646 -1
647 -1
648 -1
649 -1
650 -1
651 -1
652 -1
653 -1
654 -1
655 -1
656 -1
657 -1
658 -1
659 -1
660 -1
661 -1
662 -1
663 -1
664 -1
665 -1
666 -1
667 -1
668 -1
669 -1
670 -1
671 -1
672 -1
673 -1
674 -1
675 -1
676 -1
677 -1
678 -1
679 -1
680 -1
681 -1
682 -1
683 -1
684 -1
685 -1
686 -1
687 -1
688 -1
689 -1
690 -1
691 -1
692 -1
693 -1
694 -1
695 -1
696 -1
697 -1
698 -1
699 -1
700 -1
701 -1
702 -1
703 -1
704 -1
705 -1
706 -1
707 -1
708 -1
709 -1
710 -1
711 -1
712 -1
713 -1
714 -1
715 -1
716 -1
717 -1
718 -1
719 -1
720 -1
721 -1
722 -1
723 -1
724 -1
725 -1
726 -1
727 -1
728 -1
729 -1
730 -1
731 -1
732 -1
733 -1
734 -1
735 -1
736 -1
737 -1
738 -1
739 -1
740 -1
741 -1
742 -1
743 -1
744 -1
745 -1
746 -1
747 -1
748 -1
749 -1
750 -1
751 -1
752 -1
753 -1
754 -1
755 -1
756 -1
757 -1
758 -1
759 -1
760 -1
761 -1
762 -1
763 -1
764 -1
765 -1
766 -1
767 -1
768 -1
769 -1
770 -1
771 -1
772 -1
773 -1
774 -1
775 -1
776 -1
777 -1
778 -1
779 -1
780 -1
781 -1
782 -1
783 -1
784 -1
785 -1
786 -1
787 -1
788 -1
789 -1
790 -1
791 -1
792 -1
793 -1
794 -1
795 -1
796 -1
797 -1
798 -1
799 -1
800 -1
801 -1
802 -1
803 -1
804 -1
805 -1
806 -1
807 808 809 -1
810 -1
811 -1
812 -1
813 -1
814 -1
815 -1
816 -1
817 -1
818 -1
819 -1
820 -1
821 -1
822 -1
823 -1
824 -1
825 -1
826 -1
827 -1
828 -1
829 -1
830 -1
831 -1
832 -1
833 -1
834 -1
835 -1
836 -1
837 -1
838 -1
839 -1
840 -1
841 -1
842 -1
843 -1
844 -1
845 -1
846 -1
847 -1
848 -1
849 -1
850 -1
851 -1
852 -1
853 -1
854 -1
855 -1
856 -1
857 -1
858 -1
859 -1
860 -1
861 -1
862 -1
863 -1
864 -1
865 -1
866 -1
867 -1
868 -1
869 -1
870 -1
871 -1
872 -1
873 -1
874 -1
875 -1
876 -1
877 -1
878 -1
879 -1
880 -1
881 -1
882 -1
883 -1
884 -1
885 -1
886 -1
887 -1
888 -1
889 -1
890 -1
891 -1
892 -1
893 -1
894 -1
895 -1
896 -1
897 -1
898 -1
899 -1
900 -1
901 -1
902 -1
903 -1
904 -1
905 -1
906 -1
907 -1
908 -1
909 -1
910 -1
911 -1
912 -1
913 -1
914 -1
915 -1
916 -1
917 -1
918 -1
919 -1
920 -1
921 -1
922 -1
923 -1
924 -1
925 -1
926 -1
927 -1
928 -1
929 -1
930 -1
931 -1
932 -1
933 -1
934 -1
935 -1
936 -1
937 -1
938 -1
939 -1
940 -1
941 -1
942 -1
943 -1
944 -1
945 -1
946 -1
947 -1
948 -1
949 -1
950 -1
951 -1
952 -1
953 -1
954 -1
955 -1
956 -1
957 -1
958 -1
959 -1
960 -1
961 -1
962 -1
963 -1
964 -1
965 -1
966 -1
967 -1
968 -1
969 -1
970 -1
971 -1
972 -1
973 -1
974 -1
975 -1
976 -1
977 -1
978 -1
979 -1
980 -1
981 -1
982 -1
983 -1
984 -1
985 -1
986 -1
987 -1
988 -1
989 -1
990 -1
991 -1
992 -1
993 -1
994 -1
995 -1
996 -1
997 -1
998 -1
999 -1
1000 -1
1001 -1
1002 -1
1003 -1
1004 -1
1005 -1
1006 -1
