PRT2
568
541
1495
4 0 11 (2352 784 336) (2352 784 335.2138976801872) (2352 528 335.2138976801872) (2352 528 336) 
4 0 10 (2480 528 335.2138976801872) (2352 528 335.2138976801872) (2352 536 335.2138976801872) (2480 536 335.2138976801872) 
4 0 9 (2352 536 335.2138976801872) (2352 784 335.2138976801872) (2480 784 335.2138976801872) (2480 536 335.2138976801872) 
4 0 8 (2488 528 335.2138976801872) (2480 528 335.2138976801872) (2480 536 335.2138976801872) (2488 536 335.2138976801872) 
4 0 7 (2480 536 335.2138976801872) (2480 776 335.2138976801872) (2488 776 335.2138976801872) (2488 536 335.2138976801872) 
4 0 6 (2480 776 335.2138976801872) (2480 784 335.2138976801872) (2488 784 335.2138976801872) (2488 776 335.2138976801872) 
4 0 5 (2608 528 335.2138976801872) (2488 528 335.2138976801872) (2488 536 335.2138976801872) (2608 536 335.2138976801872) 
4 0 4 (2488 536 335.2138976801872) (2488 776 335.2138976801872) (2608 776 335.2138976801872) (2608 536 335.2138976801872) 
4 0 3 (2488 776 335.2138976801872) (2488 784 335.2138976801872) (2608 784 335.2138976801872) (2608 776 335.2138976801872) 
4 0 2 (2736 528 335.2138976801872) (2608 528 335.2138976801872) (2608 776 335.2138976801872) (2736 776 335.2138976801872) 
4 0 1 (2608 776 335.2138976801872) (2608 784 335.2138976801872) (2736 784 335.2138976801872) (2736 776 335.2138976801872) 
4 1 13 (2608 776 327.213897680185) (2608 784 327.213897680185) (2736 784 327.213897680185) (2736 776 327.213897680185) 
4 1 3 (2608 784 335.2138976801872) (2608 784 327.213897680185) (2608 776 327.213897680185) (2608 776 335.2138976801872) 
4 1 2 (2608 776 335.2138976801872) (2608 776 327.213897680185) (2736 776 327.213897680185) (2736 776 335.2138976801872) 
4 2 21 (2608 528 327.213897680185) (2736 528 327.213897680185) (2736 528 335.2138976801872) (2608 528 335.2138976801872) 
4 2 14 (2736 528 327.213897680185) (2608 528 327.213897680185) (2608 776 327.213897680185) (2736 776 327.213897680185) 
4 2 5 (2608 536 327.213897680185) (2608 528 327.213897680185) (2608 528 335.2138976801872) (2608 536 335.2138976801872) 
4 2 4 (2608 776 327.213897680185) (2608 536 327.213897680185) (2608 536 335.2138976801872) (2608 776 335.2138976801872) 
4 3 15 (2488 776 327.213897680185) (2488 784 327.213897680185) (2608 784 327.213897680185) (2608 776 327.213897680185) 
4 3 6 (2488 784 335.2138976801872) (2488 784 327.213897680185) (2488 776 327.213897680185) (2488 776 335.2138976801872) 
4 3 4 (2488 776 335.2138976801872) (2488 776 327.213897680185) (2608 776 327.213897680185) (2608 776 335.2138976801872) 
4 4 16 (2488 536 327.213897680185) (2488 776 327.213897680185) (2608 776 327.213897680185) (2608 536 327.213897680185) 
4 4 7 (2488 776 327.213897680185) (2488 536 327.213897680185) (2488 536 335.2138976801872) (2488 776 335.2138976801872) 
4 4 5 (2488 536 335.2138976801872) (2488 536 327.213897680185) (2608 536 327.213897680185) (2608 536 335.2138976801872) 
4 5 22 (2488 528 327.213897680185) (2608 528 327.213897680185) (2608 528 335.2138976801872) (2488 528 335.2138976801872) 
4 5 17 (2608 528 327.213897680185) (2488 528 327.213897680185) (2488 536 327.213897680185) (2608 536 327.213897680185) 
4 5 8 (2488 536 327.213897680185) (2488 528 327.213897680185) (2488 528 335.2138976801872) (2488 536 335.2138976801872) 
4 6 15 (2480 776 327.213897680185) (2480 784 327.213897680185) (2488 784 327.213897680185) (2488 776 327.213897680185) 
4 6 9 (2480 784 335.2138976801872) (2480 784 327.213897680185) (2480 776 327.213897680185) (2480 776 335.2138976801872) 
4 6 7 (2480 776 335.2138976801872) (2480 776 327.213897680185) (2488 776 327.213897680185) (2488 776 335.2138976801872) 
4 7 16 (2480 536 327.213897680185) (2480 776 327.213897680185) (2488 776 327.213897680185) (2488 536 327.213897680185) 
4 7 9 (2480 776 327.213897680185) (2480 536 327.213897680185) (2480 536 335.2138976801872) (2480 776 335.2138976801872) 
4 7 8 (2480 536 335.2138976801872) (2480 536 327.213897680185) (2488 536 327.213897680185) (2488 536 335.2138976801872) 
4 8 23 (2480 528 327.213897680185) (2488 528 327.213897680185) (2488 528 335.2138976801872) (2480 528 335.2138976801872) 
4 8 17 (2488 528 327.213897680185) (2480 528 327.213897680185) (2480 536 327.213897680185) (2488 536 327.213897680185) 
4 8 10 (2480 536 327.213897680185) (2480 528 327.213897680185) (2480 528 335.2138976801872) (2480 536 335.2138976801872) 
4 9 18 (2352 536 327.213897680185) (2352 784 327.213897680185) (2480 784 327.213897680185) (2480 536 327.213897680185) 
4 9 12 (2352 784 327.213897680185) (2352 536 327.213897680185) (2352 536 335.2138976801872) (2352 784 335.2138976801872) 
4 9 10 (2480 536 327.213897680185) (2480 536 335.2138976801872) (2352 536 335.2138976801872) (2352 536 327.213897680185) 
4 10 24 (2352 528 335.2138976801872) (2352 528 327.213897680185) (2480 528 327.213897680185) (2480 528 335.2138976801872) 
4 10 19 (2480 528 327.213897680185) (2352 528 327.213897680185) (2352 536 327.213897680185) (2480 536 327.213897680185) 
4 10 12 (2352 536 327.213897680185) (2352 528 327.213897680185) (2352 528 335.2138976801872) (2352 536 335.2138976801872) 
4 11 159 (400 784 336) (400 784 335.2138976801872) (400 528 335.2138976801872) (400 528 336) 
4 11 12 (400 784 335.2138976801872) (2352 784 335.2138976801872) (2352 528 335.2138976801872) (400 528 335.2138976801872) 
4 12 160 (400 784 335.2138976801872) (400 784 327.213897680185) (400 528 327.213897680185) (400 528 335.2138976801872) 
4 12 25 (400 528 335.2138976801872) (400 528 327.213897680185) (2352 528 327.213897680185) (2352 528 335.2138976801872) 
4 12 20 (2352 528 327.213897680185) (400 528 327.213897680185) (400 784 327.213897680185) (2352 784 327.213897680185) 
4 13 54 (2608 776 -456) (2608 784 -456) (2736 784 -456) (2736 776 -456) 
4 13 15 (2608 784 -456) (2608 776 -456) (2608 776 327.213897680185) (2608 784 327.213897680185) 
4 13 14 (2608 776 327.213897680185) (2608 776 -456) (2736 776 -456) (2736 776 327.213897680185) 
4 14 55 (2736 528 -456) (2608 528 -456) (2608 776 -456) (2736 776 -456) 
4 14 26 (2608 528 -456) (2736 528 -456) (2736 528 327.213897680185) (2608 528 327.213897680185) 
4 14 17 (2608 536 -456) (2608 528 -456) (2608 528 327.213897680185) (2608 536 327.213897680185) 
4 14 16 (2608 776 -456) (2608 536 -456) (2608 536 327.213897680185) (2608 776 327.213897680185) 
4 15 56 (2480 776 -456) (2480 784 -456) (2608 784 -456) (2608 776 -456) 
4 15 18 (2480 784 -456) (2480 776 -456) (2480 776 327.213897680185) (2480 784 327.213897680185) 
4 15 16 (2480 776 327.213897680185) (2480 776 -456) (2608 776 -456) (2608 776 327.213897680185) 
4 16 57 (2480 536 -456) (2480 776 -456) (2608 776 -456) (2608 536 -456) 
4 16 18 (2480 776 -456) (2480 536 -456) (2480 536 327.213897680185) (2480 776 327.213897680185) 
4 16 17 (2480 536 327.213897680185) (2480 536 -456) (2608 536 -456) (2608 536 327.213897680185) 
4 17 58 (2608 528 -456) (2480 528 -456) (2480 536 -456) (2608 536 -456) 
4 17 27 (2480 528 -456) (2608 528 -456) (2608 528 327.213897680185) (2480 528 327.213897680185) 
4 17 19 (2480 536 -456) (2480 528 -456) (2480 528 327.213897680185) (2480 536 327.213897680185) 
4 18 59 (2352 536 -456) (2352 784 -456) (2480 784 -456) (2480 536 -456) 
4 18 20 (2352 784 -456) (2352 536 -456) (2352 536 327.213897680185) (2352 784 327.213897680185) 
4 18 19 (2352 536 327.213897680185) (2352 536 -456) (2480 536 -456) (2480 536 327.213897680185) 
4 19 60 (2480 528 -456) (2352 528 -456) (2352 536 -456) (2480 536 -456) 
4 19 28 (2352 528 -456) (2480 528 -456) (2480 528 327.213897680185) (2352 528 327.213897680185) 
4 19 20 (2352 536 -456) (2352 528 -456) (2352 528 327.213897680185) (2352 536 327.213897680185) 
4 20 161 (400 784 -456) (400 528 -456) (400 528 327.213897680185) (400 784 327.213897680185) 
4 20 82 (960 528 -456) (400 528 -456) (400 784 -456) (960 784 -456) 
4 20 77 (976 528 -456) (960 528 -456) (960 784 -456) (976 784 -456) 
4 20 61 (2352 528 -456) (976 528 -456) (976 784 -456) (2352 784 -456) 
4 21 31 (2608 520 327.213897680185) (2736 520 327.213897680185) (2736 520 335.2138976801872) (2608 520 335.2138976801872) 
4 21 26 (2736 520 327.213897680185) (2608 520 327.213897680185) (2608 528 327.213897680185) (2736 528 327.213897680185) 
4 21 22 (2608 528 327.213897680185) (2608 520 327.213897680185) (2608 520 335.2138976801872) (2608 528 335.2138976801872) 
4 22 32 (2488 520 327.213897680185) (2608 520 327.213897680185) (2608 520 335.2138976801872) (2488 520 335.2138976801872) 
4 22 27 (2608 520 327.213897680185) (2488 520 327.213897680185) (2488 528 327.213897680185) (2608 528 327.213897680185) 
4 22 23 (2488 528 327.213897680185) (2488 520 327.213897680185) (2488 520 335.2138976801872) (2488 528 335.2138976801872) 
4 23 33 (2480 520 327.213897680185) (2488 520 327.213897680185) (2488 520 335.2138976801872) (2480 520 335.2138976801872) 
4 23 27 (2488 520 327.213897680185) (2480 520 327.213897680185) (2480 528 327.213897680185) (2488 528 327.213897680185) 
4 23 24 (2480 528 327.213897680185) (2480 520 327.213897680185) (2480 520 335.2138976801872) (2480 528 335.2138976801872) 
4 24 34 (2352 520 335.2138976801872) (2352 520 327.213897680185) (2480 520 327.213897680185) (2480 520 335.2138976801872) 
4 24 28 (2480 520 327.213897680185) (2352 520 327.213897680185) (2352 528 327.213897680185) (2480 528 327.213897680185) 
4 24 25 (2352 528 335.2138976801872) (2352 528 327.213897680185) (2352 520 327.213897680185) (2352 520 335.2138976801872) 
4 25 162 (400 528 335.2138976801872) (400 528 327.213897680185) (400 520 327.213897680185) (400 520 335.2138976801872) 
4 25 47 (400 520 335.2138976801872) (400 520 327.213897680185) (784 520 327.213897680185) (784 520 335.2138976801872) 
4 25 44 (784 520 327.213897680185) (976 520 327.213897680185) (976 520 335.2138976801872) (784 520 335.2138976801872) 
4 25 41 (976 520 327.213897680185) (1608 520 327.213897680185) (1608 520 335.2138976801872) (976 520 335.2138976801872) 
4 25 35 (1608 520 327.213897680185) (2352 520 327.213897680185) (2352 520 335.2138976801872) (1608 520 335.2138976801872) 
4 26 62 (2736 520 -456) (2608 520 -456) (2608 528 -456) (2736 528 -456) 
4 26 36 (2608 520 -456) (2736 520 -456) (2736 520 327.213897680185) (2608 520 327.213897680185) 
4 26 27 (2608 520 -456) (2608 520 327.213897680185) (2608 528 327.213897680185) (2608 528 -456) 
4 27 63 (2608 520 -456) (2480 520 -456) (2480 528 -456) (2608 528 -456) 
4 27 37 (2480 520 -456) (2608 520 -456) (2608 520 327.213897680185) (2480 520 327.213897680185) 
4 27 28 (2480 520 -456) (2480 520 327.213897680185) (2480 528 327.213897680185) (2480 528 -456) 
4 28 64 (2480 520 -456) (2352 520 -456) (2352 528 -456) (2480 528 -456) 
4 28 38 (2352 520 -456) (2480 520 -456) (2480 520 327.213897680185) (2352 520 327.213897680185) 
4 29 65 (2352 520 -456) (1648 520 -456) (1648 528 -456) (2352 528 -456) 
4 29 39 (1648 520 -456) (2352 520 -456) (2352 520 327.213897680185) (1648 520 327.213897680185) 
4 29 30 (1648 520 -64) (1648 520 327.213897680185) (1648 528 327.213897680185) (1648 528 -64) 
4 30 163 (400 528 327.213897680185) (400 528 -64) (400 520 -64) (400 520 327.213897680185) 
4 30 50 (400 520 327.213897680185) (400 520 -64) (592 520 -64) (592 520 327.213897680185) 
4 30 48 (592 520 -64) (784 520 -64) (784 520 327.213897680185) (592 520 327.213897680185) 
4 30 45 (784 520 -64) (976 520 -64) (976 520 327.213897680185) (784 520 327.213897680185) 
4 30 42 (976 520 -64) (1608 520 -64) (1608 520 327.213897680185) (976 520 327.213897680185) 
4 30 40 (1608 520 -64) (1648 520 -64) (1648 520 327.213897680185) (1608 520 327.213897680185) 
4 31 201 (2608 -32 327.213897680185) (2736 -32 327.213897680185) (2736 -32 335.2138976801872) (2608 -32 335.2138976801872) 
4 31 36 (2736 -32 327.213897680185) (2608 -32 327.213897680185) (2608 520 327.213897680185) (2736 520 327.213897680185) 
4 31 32 (2608 520 327.213897680185) (2608 -32 327.213897680185) (2608 -32 335.2138976801872) (2608 520 335.2138976801872) 
4 32 202 (2488 -32 327.213897680185) (2608 -32 327.213897680185) (2608 -32 335.2138976801872) (2488 -32 335.2138976801872) 
4 32 37 (2608 -32 327.213897680185) (2488 -32 327.213897680185) (2488 520 327.213897680185) (2608 520 327.213897680185) 
4 32 33 (2488 520 327.213897680185) (2488 -32 327.213897680185) (2488 -32 335.2138976801872) (2488 520 335.2138976801872) 
4 33 203 (2480 -32 327.213897680185) (2488 -32 327.213897680185) (2488 -32 335.2138976801872) (2480 -32 335.2138976801872) 
4 33 37 (2488 -32 327.213897680185) (2480 -32 327.213897680185) (2480 520 327.213897680185) (2488 520 327.213897680185) 
4 33 34 (2480 520 327.213897680185) (2480 -32 327.213897680185) (2480 -32 335.2138976801872) (2480 520 335.2138976801872) 
4 34 204 (2352 -32 335.2138976801872) (2352 -32 327.213897680185) (2480 -32 327.213897680185) (2480 -32 335.2138976801872) 
4 34 38 (2480 -32 327.213897680185) (2352 -32 327.213897680185) (2352 520 327.213897680185) (2480 520 327.213897680185) 
4 34 35 (2352 520 335.2138976801872) (2352 520 327.213897680185) (2352 -32 327.213897680185) (2352 -32 335.2138976801872) 
4 35 232 (1608 -32 335.2138976801872) (1608 -32 327.213897680185) (1648 -32 327.213897680185) (1648 -32 335.2138976801872) 
4 35 227 (1648 -32 327.213897680185) (1808 -32 327.213897680185) (1808 -32 335.2138976801872) (1648 -32 335.2138976801872) 
4 35 210 (1808 -32 327.213897680185) (1832 -32 327.213897680185) (1832 -32 335.2138976801872) (1808 -32 335.2138976801872) 
4 35 205 (1832 -32 327.213897680185) (2352 -32 327.213897680185) (2352 -32 335.2138976801872) (1832 -32 335.2138976801872) 
4 35 41 (1608 520 335.2138976801872) (1608 520 327.213897680185) (1608 -32 327.213897680185) (1608 -32 335.2138976801872) 
4 36 206 (2608 -32 -456) (2736 -32 -456) (2736 -32 327.213897680185) (2608 -32 327.213897680185) 
4 36 67 (2736 -32 -456) (2608 -32 -456) (2608 520 -456) (2736 520 -456) 
4 36 37 (2608 -32 327.213897680185) (2608 520 327.213897680185) (2608 520 -456) (2608 -32 -456) 
4 37 207 (2480 -32 -456) (2608 -32 -456) (2608 -32 327.213897680185) (2480 -32 327.213897680185) 
4 37 68 (2608 -32 -456) (2480 -32 -456) (2480 520 -456) (2608 520 -456) 
4 37 38 (2480 -32 327.213897680185) (2480 520 327.213897680185) (2480 520 -456) (2480 -32 -456) 
4 38 208 (2352 -32 -456) (2480 -32 -456) (2480 -32 327.213897680185) (2352 -32 327.213897680185) 
4 38 69 (2480 -32 -456) (2352 -32 -456) (2352 520 -456) (2480 520 -456) 
4 39 228 (1648 -32 -456) (1808 -32 -456) (1808 -32 327.213897680185) (1648 -32 327.213897680185) 
4 39 211 (1808 -32 -456) (1832 -32 -456) (1832 -32 327.213897680185) (1808 -32 327.213897680185) 
4 39 209 (1832 -32 -456) (2352 -32 -456) (2352 -32 327.213897680185) (1832 -32 327.213897680185) 
4 39 70 (2352 -32 -456) (1648 -32 -456) (1648 520 -456) (2352 520 -456) 
4 39 40 (1648 -32 327.213897680185) (1648 520 327.213897680185) (1648 520 -64) (1648 -32 -64) 
4 40 233 (1608 -32 327.213897680185) (1608 -32 -64) (1648 -32 -64) (1648 -32 327.213897680185) 
4 40 43 (1608 -32 32) (1608 -32 327.213897680185) (1608 224 327.213897680185) (1608 224 32) 
4 40 42 (1608 520 327.213897680185) (1608 520 -64) (1608 224 -64) (1608 224 327.213897680185) 
4 41 245 (976 -32 335.2138976801872) (976 -32 327.213897680185) (1608 -32 327.213897680185) (1608 -32 335.2138976801872) 
4 41 51 (976 -16 327.213897680185) (976 -32 327.213897680185) (976 -32 335.2138976801872) (976 -16 335.2138976801872) 
4 41 44 (976 520 335.2138976801872) (976 520 327.213897680185) (976 -16 327.213897680185) (976 -16 335.2138976801872) 
4 42 72 (976 224 -456) (976 520 -456) (1608 520 -456) (1608 224 -456) 
4 42 45 (976 520 327.213897680185) (976 520 -432) (976 224 -432) (976 224 327.213897680185) 
4 42 43 (1608 224 32) (1608 224 327.213897680185) (976 224 327.213897680185) (976 224 32) 
4 43 246 (976 -32 327.213897680185) (976 -32 32) (1608 -32 32) (1608 -32 327.213897680185) 
4 43 52 (976 -32 32) (976 -32 327.213897680185) (976 -16 327.213897680185) (976 -16 32) 
4 43 46 (976 -16 327.213897680185) (976 208 327.213897680185) (976 208 32) (976 -16 32) 
4 43 45 (976 208 327.213897680185) (976 224 327.213897680185) (976 224 32) (976 208 32) 
4 44 51 (784 -16 335.2138976801872) (784 -16 327.213897680185) (976 -16 327.213897680185) (976 -16 335.2138976801872) 
4 44 47 (784 520 335.2138976801872) (784 520 327.213897680185) (784 -16 327.213897680185) (784 -16 335.2138976801872) 
4 45 48 (784 520 327.213897680185) (784 520 -432) (784 208 -432) (784 208 327.213897680185) 
4 45 46 (976 208 327.213897680185) (784 208 327.213897680185) (784 208 -32) (976 208 -32) 
4 46 52 (784 -16 327.213897680185) (784 -16 -32) (976 -16 -32) (976 -16 327.213897680185) 
4 46 49 (784 -16 -32) (784 -16 327.213897680185) (784 208 327.213897680185) (784 208 -32) 
4 47 174 (400 96 327.213897680185) (400 -16 327.213897680185) (400 -16 335.2138976801872) (400 96 335.2138976801872) 
4 47 171 (400 520 335.2138976801872) (400 520 327.213897680185) (400 96 327.213897680185) (400 96 335.2138976801872) 
4 47 51 (400 -16 335.2138976801872) (400 -16 327.213897680185) (784 -16 327.213897680185) (784 -16 335.2138976801872) 
4 48 50 (592 520 -432) (592 208 -432) (592 208 327.213897680185) (592 520 327.213897680185) 
4 48 49 (592 208 327.213897680185) (592 208 -224) (784 208 -224) (784 208 327.213897680185) 
4 49 52 (784 -16 -224) (784 -16 327.213897680185) (592 -16 327.213897680185) (592 -16 -224) 
4 49 50 (592 -16 -224) (592 -16 327.213897680185) (592 208 327.213897680185) (592 208 -224) 
4 50 175 (400 -16 -360) (400 -16 327.213897680185) (400 96 327.213897680185) (400 96 -360) 
4 50 172 (400 520 327.213897680185) (400 520 -424) (400 96 -424) (400 96 327.213897680185) 
4 50 52 (400 -16 327.213897680185) (400 -16 -360) (592 -16 -360) (592 -16 327.213897680185) 
4 51 245 (400 -32 335.2138976801872) (400 -32 327.213897680185) (976 -32 327.213897680185) (976 -32 335.2138976801872) 
4 51 174 (400 -16 335.2138976801872) (400 -16 327.213897680185) (400 -32 327.213897680185) (400 -32 335.2138976801872) 
4 52 247 (400 -32 327.213897680185) (400 -32 -360) (976 -32 -360) (976 -32 327.213897680185) 
4 52 175 (400 -16 327.213897680185) (400 -16 -360) (400 -32 -360) (400 -32 327.213897680185) 
4 52 53 (616 -16 -360) (784 -16 -360) (784 -32 -360) (616 -32 -360) 
4 53 260 (616 -32 -456) (784 -32 -456) (784 -32 -360) (616 -32 -360) 
4 54 74 (2608 776 -1136) (2608 784 -1136) (2736 784 -1136) (2736 776 -1136) 
4 54 56 (2608 784 -1136) (2608 776 -1136) (2608 776 -456) (2608 784 -456) 
4 54 55 (2608 776 -456) (2608 776 -1136) (2736 776 -1136) (2736 776 -456) 
4 55 74 (2736 528 -1136) (2608 528 -1136) (2608 776 -1136) (2736 776 -1136) 
4 55 62 (2608 528 -1136) (2736 528 -1136) (2736 528 -456) (2608 528 -456) 
4 55 58 (2608 536 -1136) (2608 528 -1136) (2608 528 -456) (2608 536 -456) 
4 55 57 (2608 776 -1136) (2608 536 -1136) (2608 536 -456) (2608 776 -456) 
4 56 75 (2480 776 -1136) (2480 784 -1136) (2608 784 -1136) (2608 776 -1136) 
4 56 59 (2480 784 -1136) (2480 776 -1136) (2480 776 -456) (2480 784 -456) 
4 56 57 (2480 776 -456) (2480 776 -1136) (2608 776 -1136) (2608 776 -456) 
4 57 76 (2480 536 -1136) (2480 544 -1136) (2608 544 -1136) (2608 536 -1136) 
4 57 75 (2480 544 -1136) (2480 776 -1136) (2608 776 -1136) (2608 544 -1136) 
4 57 59 (2480 776 -1136) (2480 536 -1136) (2480 536 -456) (2480 776 -456) 
4 57 58 (2480 536 -456) (2480 536 -1136) (2608 536 -1136) (2608 536 -456) 
4 58 76 (2608 528 -1136) (2480 528 -1136) (2480 536 -1136) (2608 536 -1136) 
4 58 63 (2480 528 -1136) (2608 528 -1136) (2608 528 -456) (2480 528 -456) 
4 58 60 (2480 536 -1136) (2480 528 -1136) (2480 528 -456) (2480 536 -456) 
4 59 76 (2352 536 -1136) (2352 544 -1136) (2480 544 -1136) (2480 536 -1136) 
4 59 75 (2352 544 -1136) (2352 784 -1136) (2480 784 -1136) (2480 544 -1136) 
4 59 61 (2352 784 -1136) (2352 536 -1136) (2352 536 -456) (2352 784 -456) 
4 59 60 (2352 536 -456) (2352 536 -1136) (2480 536 -1136) (2480 536 -456) 
4 60 76 (2480 528 -1136) (2352 528 -1136) (2352 536 -1136) (2480 536 -1136) 
4 60 64 (2352 528 -1136) (2480 528 -1136) (2480 528 -456) (2352 528 -456) 
4 60 61 (2352 536 -1136) (2352 528 -1136) (2352 528 -456) (2352 536 -456) 
4 61 77 (976 784 -1136) (976 528 -1136) (976 528 -456) (976 784 -456) 
4 61 76 (2352 528 -1136) (976 528 -1136) (976 544 -1136) (2352 544 -1136) 
4 61 75 (976 544 -1136) (976 784 -1136) (2352 784 -1136) (2352 544 -1136) 
4 62 74 (2736 520 -1136) (2608 520 -1136) (2608 528 -1136) (2736 528 -1136) 
4 62 67 (2608 520 -1136) (2736 520 -1136) (2736 520 -456) (2608 520 -456) 
4 62 63 (2608 528 -456) (2608 528 -1136) (2608 520 -1136) (2608 520 -456) 
4 63 76 (2608 520 -1136) (2480 520 -1136) (2480 528 -1136) (2608 528 -1136) 
4 63 68 (2480 520 -1136) (2608 520 -1136) (2608 520 -456) (2480 520 -456) 
4 63 64 (2480 528 -456) (2480 528 -1136) (2480 520 -1136) (2480 520 -456) 
4 64 76 (2480 520 -1136) (2352 520 -1136) (2352 528 -1136) (2480 528 -1136) 
4 64 69 (2352 520 -1136) (2480 520 -1136) (2480 520 -456) (2352 520 -456) 
4 65 70 (1648 520 -1136) (2352 520 -1136) (2352 520 -456) (1648 520 -456) 
4 65 66 (1648 528 -768) (1648 528 -1136) (1648 520 -1136) (1648 520 -768) 
4 66 78 (976 528 -1136) (976 520 -1136) (976 520 -768) (976 528 -768) 
4 66 72 (976 520 -768) (976 520 -1136) (1608 520 -1136) (1608 520 -768) 
4 66 71 (1608 520 -1136) (1648 520 -1136) (1648 520 -768) (1608 520 -768) 
4 67 524 (2608 -32 -776) (2608 -32 -1136) (2736 -32 -1136) (2736 -32 -776) 
4 67 425 (2608 -32 -648) (2608 -32 -776) (2736 -32 -776) (2736 -32 -648) 
4 67 206 (2736 -32 -456) (2608 -32 -456) (2608 -32 -648) (2736 -32 -648) 
4 67 74 (2736 -32 -1136) (2608 -32 -1136) (2608 520 -1136) (2736 520 -1136) 
4 67 68 (2608 520 -456) (2608 520 -1136) (2608 -32 -1136) (2608 -32 -456) 
4 68 525 (2480 -32 -776) (2480 -32 -1136) (2608 -32 -1136) (2608 -32 -776) 
4 68 426 (2480 -32 -648) (2480 -32 -776) (2608 -32 -776) (2608 -32 -648) 
4 68 207 (2608 -32 -456) (2480 -32 -456) (2480 -32 -648) (2608 -32 -648) 
4 68 76 (2608 -32 -1136) (2480 -32 -1136) (2480 520 -1136) (2608 520 -1136) 
4 68 69 (2480 520 -456) (2480 520 -1136) (2480 -32 -1136) (2480 -32 -456) 
4 69 526 (2352 -32 -776) (2352 -32 -1136) (2480 -32 -1136) (2480 -32 -776) 
4 69 427 (2352 -32 -648) (2352 -32 -776) (2480 -32 -776) (2480 -32 -648) 
4 69 208 (2480 -32 -456) (2352 -32 -456) (2352 -32 -648) (2480 -32 -648) 
4 69 76 (2480 -32 -1136) (2352 -32 -1136) (2352 520 -1136) (2480 520 -1136) 
4 70 527 (1648 -32 -776) (1648 -32 -1136) (2352 -32 -1136) (2352 -32 -776) 
4 70 461 (1648 -32 -648) (1648 -32 -776) (1664 -32 -776) (1664 -32 -648) 
4 70 440 (1664 -32 -776) (1808 -32 -776) (1808 -32 -648) (1664 -32 -648) 
4 70 437 (1808 -32 -776) (1832 -32 -776) (1832 -32 -648) (1808 -32 -648) 
4 70 428 (1832 -32 -776) (2352 -32 -776) (2352 -32 -648) (1832 -32 -648) 
4 70 236 (1648 -32 -568) (1648 -32 -648) (1808 -32 -648) (1808 -32 -568) 
4 70 229 (1648 -32 -512) (1648 -32 -568) (1808 -32 -568) (1808 -32 -512) 
4 70 228 (1808 -32 -456) (1648 -32 -456) (1648 -32 -512) (1808 -32 -512) 
4 70 212 (1808 -32 -512) (1808 -32 -648) (1832 -32 -648) (1832 -32 -512) 
4 70 211 (1832 -32 -456) (1808 -32 -456) (1808 -32 -512) (1832 -32 -512) 
4 70 209 (2352 -32 -456) (1832 -32 -456) (1832 -32 -648) (2352 -32 -648) 
4 70 71 (1648 520 -568) (1648 520 -1136) (1648 -32 -1136) (1648 -32 -568) 
4 71 527 (1608 -32 -776) (1608 -32 -1136) (1648 -32 -1136) (1648 -32 -776) 
4 71 461 (1608 -32 -648) (1608 -32 -776) (1648 -32 -776) (1648 -32 -648) 
4 71 236 (1608 -32 -568) (1608 -32 -648) (1648 -32 -648) (1648 -32 -568) 
4 71 73 (1608 224 -1136) (1608 -32 -1136) (1608 -32 -768) (1608 224 -768) 
4 71 72 (1608 520 -568) (1608 520 -1136) (1608 224 -1136) (1608 224 -568) 
4 72 79 (976 520 -1136) (976 224 -1136) (976 224 -672) (976 520 -672) 
4 72 73 (976 224 -768) (976 224 -1136) (1608 224 -1136) (1608 224 -768) 
4 73 527 (976 -32 -776) (976 -32 -1136) (1608 -32 -1136) (1608 -32 -776) 
4 73 79 (976 224 -1136) (976 -32 -1136) (976 -32 -768) (976 224 -768) 
4 74 537 (2736 -32 -1136) (2608 -32 -1136) (2608 -32 -1144) (2736 -32 -1144) 
4 74 76 (2608 544 -1144) (2608 -32 -1144) (2608 -32 -1136) (2608 544 -1136) 
4 74 75 (2608 784 -1144) (2608 544 -1144) (2608 544 -1136) (2608 784 -1136) 
4 75 80 (976 784 -1144) (976 544 -1144) (976 544 -1136) (976 784 -1136) 
4 75 76 (976 544 -1144) (2608 544 -1144) (2608 544 -1136) (976 544 -1136) 
4 76 538 (2608 -32 -1136) (976 -32 -1136) (976 -32 -1144) (2608 -32 -1144) 
4 76 81 (976 544 -1144) (976 -32 -1144) (976 -32 -1136) (976 544 -1136) 
4 77 120 (960 784 -1136) (960 528 -1136) (960 528 -600) (960 784 -600) 
4 77 82 (960 528 -600) (960 528 -456) (960 784 -456) (960 784 -600) 
4 77 81 (960 528 -1136) (960 544 -1136) (976 544 -1136) (976 528 -1136) 
4 77 80 (960 544 -1136) (960 784 -1136) (976 784 -1136) (976 544 -1136) 
4 78 121 (960 528 -1136) (960 520 -1136) (960 520 -768) (960 528 -768) 
4 78 79 (960 520 -768) (960 520 -1136) (976 520 -1136) (976 520 -768) 
4 79 527 (976 -32 -1136) (976 -32 -776) (960 -32 -776) (960 -32 -1136) 
4 79 157 (960 -16 -1136) (960 -32 -1136) (960 -32 -672) (960 -16 -672) 
4 79 146 (960 336 -1136) (960 -16 -1136) (960 -16 -672) (960 336 -672) 
4 79 126 (960 496 -1136) (960 336 -1136) (960 336 -672) (960 496 -672) 
4 79 122 (960 520 -1136) (960 496 -1136) (960 496 -672) (960 520 -672) 
4 80 123 (960 784 -1144) (960 544 -1144) (960 544 -1136) (960 784 -1136) 
4 80 81 (960 544 -1144) (976 544 -1144) (976 544 -1136) (960 544 -1136) 
4 81 538 (976 -32 -1144) (976 -32 -1136) (960 -32 -1136) (960 -32 -1144) 
4 81 158 (960 -16 -1144) (960 -32 -1144) (960 -32 -1136) (960 -16 -1136) 
4 81 147 (960 336 -1144) (960 -16 -1144) (960 -16 -1136) (960 336 -1136) 
4 81 137 (960 496 -1144) (960 336 -1144) (960 336 -1136) (960 496 -1136) 
4 81 124 (960 544 -1144) (960 496 -1144) (960 496 -1136) (960 544 -1136) 
4 82 161 (400 784 -600) (400 528 -600) (400 528 -456) (400 784 -456) 
4 82 120 (400 528 -600) (400 784 -600) (960 784 -600) (960 528 -600) 
4 83 133 (624 496 -600) (648 496 -600) (648 336 -600) (624 336 -600) 
4 83 131 (648 496 -600) (672 496 -600) (672 336 -600) (648 336 -600) 
4 83 129 (672 496 -600) (696 496 -600) (696 336 -600) (672 336 -600) 
4 83 127 (696 496 -600) (720 496 -600) (720 336 -600) (696 336 -600) 
4 83 125 (720 496 -600) (960 496 -600) (960 336 -600) (720 336 -600) 
4 83 87 (480 336 -576) (480 336 -528) (416 336 -528) (416 336 -576) 
4 83 86 (496 336 -600) (568 336 -600) (568 336 -528) (496 336 -528) 
4 83 85 (568 336 -512) (568 336 -472) (496 336 -472) (496 336 -512) 
4 83 84 (840 336 -600) (960 336 -600) (960 336 -456) (840 336 -456) 
4 84 138 (840 336 -600) (960 336 -600) (960 320 -600) (840 320 -600) 
4 84 88 (840 320 -600) (960 320 -600) (960 320 -456) (840 320 -456) 
4 85 97 (560 320 -472) (496 320 -472) (496 320 -512) (560 320 -512) 
4 85 96 (568 320 -512) (568 320 -472) (560 320 -472) (560 320 -512) 
4 86 98 (496 320 -600) (560 320 -600) (560 320 -528) (496 320 -528) 
4 86 96 (560 320 -600) (568 320 -600) (568 320 -528) (560 320 -528) 
4 87 104 (480 320 -576) (480 320 -528) (416 320 -528) (416 320 -576) 
4 88 144 (960 264 -600) (960 112 -600) (840 112 -600) (840 264 -600) 
4 88 142 (960 288 -600) (960 264 -600) (840 264 -600) (840 288 -600) 
4 88 140 (960 312 -600) (960 288 -600) (840 288 -600) (840 312 -600) 
4 88 138 (840 320 -600) (960 320 -600) (960 312 -600) (840 312 -600) 
4 88 91 (840 112 -600) (960 112 -600) (960 112 -456) (840 112 -456) 
4 89 90 (600 320 -528) (600 320 -576) (600 112 -576) (600 112 -528) 
4 90 105 (568 208 -576) (568 112 -576) (568 112 -528) (568 208 -528) 
4 90 96 (568 320 -528) (568 320 -576) (568 208 -576) (568 208 -528) 
4 91 144 (840 112 -600) (960 112 -600) (960 96 -600) (840 96 -600) 
4 91 92 (840 96 -600) (960 96 -600) (960 96 -456) (840 96 -456) 
4 92 145 (616 96 -600) (840 96 -600) (840 0 -600) (616 0 -600) 
4 92 144 (840 96 -600) (960 96 -600) (960 -0 -600) (840 0 -600) 
4 92 95 (616 0 -600) (960 0 -600) (960 0 -576) (616 0 -576) 
4 92 94 (960 0 -576) (960 0 -456) (616 0 -456) (616 0 -576) 
4 93 114 (568 96 -600) (568 -0 -600) (568 -0 -456) (568 96 -456) 
4 94 150 (656 -16 -576) (744 -16 -576) (744 -16 -552) (656 -16 -552) 
4 94 95 (960 -16 -576) (616 -16 -576) (616 0 -576) (960 0 -576) 
4 95 150 (744 -16 -576) (656 -16 -576) (656 -16 -600) (744 -16 -600) 
4 95 145 (840 -16 -600) (616 -16 -600) (616 0 -600) (840 0 -600) 
4 95 144 (960 -16 -600) (840 -16 -600) (840 0 -600) (960 -0 -600) 
4 96 105 (560 208 -600) (568 208 -600) (568 208 -456) (560 208 -456) 
4 96 98 (560 320 -528) (560 320 -600) (560 248 -600) (560 248 -528) 
4 96 97 (560 320 -456) (560 320 -528) (560 208 -528) (560 208 -456) 
4 97 106 (440 208 -456) (400 208 -456) (400 208 -528) (440 208 -528) 
4 97 105 (560 208 -528) (560 208 -456) (440 208 -456) (440 208 -528) 
4 97 104 (400 320 -528) (493.8022085560132 320 -528) (463.7918990037267 208 -528) (400 208 -528) 
4 97 103 (512 208 -528) (463.7918990037267 208 -528) (467.50510257216814 221.8578643762691 -528) (512 209.93549254317588 -528) 
5 97 102 (506.142135623731 211.50510257216823 -528) (467.50510257216814 221.8578643762691 -528) (477.8578643762692 260.49489742783175 -528) (512 251.3465397595792 -528) (512 233.36695004825194 -528) 
4 97 101 (512 251.3465397595792 -528) (516.4948974278318 250.14213562373092 -528) (515.9209139173752 248 -528) (512 248 -528) 
3 97 100 (512 209.9354925431759 -528) (506.142135623731 211.50510257216823 -528) (512 233.36695004825194 -528) 
3 97 99 (515.9209139173752 248 -528) (516.4948974278318 250.14213562373092 -528) (524.4894564122989 248 -528) 
5 97 98 (493.8022085560132 320 -528) (560 320 -528) (560 248 -528) (524.4894564122989 248 -528) (477.8578643762692 260.49489742783175 -528) 
4 98 104 (477.8578643762694 260.4948974278317 -528) (493.80220855601345 320 -528) (493.80220855601345 320 -600) (477.8578643762694 260.4948974278317 -600) 
4 98 102 (477.8578643762694 260.4948974278318 -528) (477.8578643762694 260.4948974278318 -576) (512 251.34653975957926 -576) (512 251.34653975957926 -528) 
4 98 101 (516.4948974278318 250.14213562373098 -576) (516.4948974278318 250.14213562373098 -528) (512 251.34653975957926 -528) (512 251.34653975957926 -576) 
4 98 99 (516.4948974278318 250.14213562373098 -600) (524.4894564122991 248 -600) (524.4894564122991 248 -528) (516.4948974278318 250.14213562373098 -528) 
4 99 101 (516.4948974278317 250.14213562373112 -528) (516.4948974278317 250.14213562373112 -576) (515.920913917375 248 -576) (515.920913917375 248 -528) 
4 100 103 (506.14213562373106 211.50510257216845 -600) (512 209.93549254317617 -600) (512 209.93549254317617 -528) (506.14213562373106 211.50510257216845 -528) 
4 100 102 (506.14213562373084 211.50510257216803 -576) (506.14213562373084 211.50510257216803 -528) (512 233.36695004825248 -528) (512 233.36695004825248 -576) 
4 101 102 (512 251.3465397595787 -528) (512 251.3465397595787 -576) (512 248 -576) (512 248 -528) 
4 102 104 (467.5051025721683 221.857864376269 -528) (477.8578643762694 260.4948974278317 -528) (477.8578643762694 260.4948974278317 -576) (467.5051025721683 221.857864376269 -576) 
4 102 103 (467.50510257216825 221.85786437626928 -528) (467.50510257216825 221.85786437626928 -576) (506.14213562373106 211.50510257216845 -576) (506.14213562373106 211.50510257216845 -528) 
4 103 105 (463.7918990037267 208 -600) (512 208 -600) (512 208 -528) (463.7918990037267 208 -528) 
4 103 104 (463.79189900372694 208 -600) (463.79189900372694 208 -528) (467.5051025721683 221.857864376269 -528) (467.5051025721683 221.857864376269 -600) 
4 104 106 (400 208 -600) (440 208 -600) (440 208 -528) (400 208 -528) 
4 104 105 (440 208 -600) (463.7918990037267 208 -600) (463.7918990037267 208 -528) (440 208 -528) 
4 105 116 (440 112 -600) (472 112 -600) (472 112 -456) (440 112 -456) 
4 105 113 (568 112 -576) (568 112 -528) (504 112 -528) (504 112 -576) 
4 105 112 (440 144 -600) (440 112 -600) (440 112 -456) (440 144 -456) 
4 105 109 (440 184 -600) (440 175.99999999999994 -600) (440 175.99999999999994 -552) (440 184 -552) 
4 105 108 (440 152 -600) (440 144 -600) (440 144 -552) (440 152 -552) 
4 105 107 (440 144 -552) (440 144 -456) (440 184 -456) (440 184 -552) 
4 105 106 (440 208 -456) (440 208 -600) (440 184 -600) (440 184 -456) 
4 106 111 (400 184 -600) (408 184 -600) (408 184 -552) (400 184 -552) 
4 106 109 (431.99999999999994 184 -600) (440 184 -600) (440 184 -552) (431.99999999999994 184 -552) 
4 106 107 (440 184 -552) (440 184 -456) (400 184 -456) (400 184 -552) 
4 107 112 (440 144 -552) (440 144 -456) (400 144 -456) (400 144 -552) 
3 107 111 (400 176 -552) (400 184 -552) (408 184 -552) 
3 107 110 (408 144 -552) (400 144 -552) (400 152 -552) 
3 107 109 (431.99999999999994 184 -552) (440 184 -552) (440 175.99999999999994 -552) 
3 107 108 (440 144 -552) (432 144 -552) (440 152 -552) 
4 108 112 (432 144 -600) (440 144 -600) (440 144 -552) (432 144 -552) 
4 110 112 (400 144 -600) (408 144 -600) (408 144 -552) (400 144 -552) 
4 112 116 (400 112 -600) (440 112 -600) (440 112 -456) (400 112 -456) 
4 113 114 (504 96 -528) (504 96 -576) (568 96 -576) (568 96 -528) 
4 114 118 (568 0 -576) (568 0 -528) (504 0 -528) (504 0 -576) 
4 114 117 (560 0 -480) (504 0 -480) (504 0 -504) (560 0 -504) 
4 114 115 (504 96 -600) (504 0 -600) (504 0 -456) (504 96 -456) 
4 115 118 (504 0 -576) (504 0 -528) (472 0 -528) (472 0 -576) 
4 115 117 (504 0 -504) (504 0 -480) (472 0 -480) (472 0 -504) 
4 115 116 (472 96 -600) (472 0 -600) (472 0 -456) (472 96 -456) 
4 116 178 (400 96 -600) (400 -0 -600) (400 0 -552) (400 96 -552) 
4 116 176 (400 0 -552) (400 0 -496) (400 96 -496) (400 96 -552) 
4 116 118 (472 0 -576) (472 0 -528) (400 0 -528) (400 0 -576) 
4 116 117 (472 0 -504) (472 0 -480) (408 0 -480) (408 0 -504) 
4 118 178 (400 0 -552) (400 0 -576) (400 -8 -576) (400 -8 -552) 
4 118 177 (400 0 -544) (400 0 -552) (400 -8 -552) (400 -8 -544) 
4 118 119 (560 -8 -568) (560 -8 -536) (408 -8 -536) (408 -8 -568) 
4 119 155 (560 -16 -568) (560 -16 -536) (408 -16 -536) (408 -16 -568) 
4 120 161 (400 784 -1136) (400 528 -1136) (400 528 -600) (400 784 -600) 
4 120 124 (400 528 -1136) (400 544 -1136) (960 544 -1136) (960 528 -1136) 
4 120 123 (400 544 -1136) (400 784 -1136) (960 784 -1136) (960 544 -1136) 
4 121 164 (400 528 -1136) (400 520 -1136) (400 520 -768) (400 528 -768) 
4 121 122 (400 520 -1136) (960 520 -1136) (960 520 -768) (400 520 -768) 
4 122 182 (400 520 -1136) (400 496 -1136) (400 496 -672) (400 520 -672) 
4 122 136 (600 496 -672) (400 496 -672) (400 496 -1136) (600 496 -1136) 
4 122 135 (624 496 -672) (600 496 -672) (600 496 -1136) (624 496 -1136) 
4 122 134 (648 496 -672) (624 496 -672) (624 496 -1136) (648 496 -1136) 
4 122 132 (672 496 -672) (648 496 -672) (648 496 -1136) (672 496 -1136) 
4 122 130 (696 496 -672) (672 496 -672) (672 496 -1136) (696 496 -1136) 
4 122 128 (720 496 -672) (696 496 -672) (696 496 -1136) (720 496 -1136) 
4 122 126 (960 496 -1136) (960 496 -672) (720 496 -672) (720 496 -1136) 
4 123 168 (400 784 -1144) (400 544 -1144) (400 544 -1136) (400 784 -1136) 
4 123 124 (400 544 -1144) (960 544 -1144) (960 544 -1136) (400 544 -1136) 
4 124 183 (400 520 -1144) (400 496 -1144) (400 496 -1136) (400 520 -1136) 
4 124 169 (400 544 -1144) (400 520 -1144) (400 520 -1136) (400 544 -1136) 
4 124 137 (960 496 -1144) (960 496 -1136) (400 496 -1136) (400 496 -1144) 
4 125 138 (960 336 -632) (960 336 -600) (840 336 -600) (840 336 -632) 
4 125 127 (720 496 -600) (720 496 -632) (720 336 -632) (720 336 -600) 
4 126 146 (960 336 -1136) (960 336 -672) (720 336 -672) (720 336 -1136) 
4 126 128 (720 496 -672) (720 496 -1136) (720 336 -1136) (720 336 -672) 
4 127 129 (696 496 -600) (696 496 -624) (696 336 -624) (696 336 -600) 
4 128 146 (696 336 -672) (696 336 -1136) (720 336 -1136) (720 336 -672) 
4 128 130 (696 496 -648) (696 496 -1136) (696 336 -1136) (696 336 -648) 
4 129 131 (672 496 -600) (672 496 -616) (672 336 -616) (672 336 -600) 
4 130 146 (672 336 -672) (672 336 -1136) (696 336 -1136) (696 336 -672) 
4 130 132 (672 496 -640) (672 496 -1136) (672 336 -1136) (672 336 -640) 
4 131 133 (648 496 -600) (648 496 -608) (648 336 -608) (648 336 -600) 
4 132 146 (648 336 -672) (648 336 -1136) (672 336 -1136) (672 336 -672) 
4 132 134 (648 496 -632) (648 496 -1136) (648 336 -1136) (648 336 -632) 
4 134 146 (624 336 -672) (624 336 -1136) (648 336 -1136) (648 336 -672) 
4 134 135 (624 496 -624) (624 496 -1136) (624 336 -1136) (624 336 -624) 
4 135 146 (600 336 -672) (600 336 -1136) (624 336 -1136) (624 336 -672) 
4 135 136 (600 496 -672) (600 496 -1136) (600 336 -1136) (600 336 -672) 
4 136 182 (400 336 -1136) (400 336 -672) (400 496 -672) (400 496 -1136) 
4 136 146 (400 336 -672) (400 336 -1136) (600 336 -1136) (600 336 -672) 
4 137 183 (400 336 -1144) (400 336 -1136) (400 496 -1136) (400 496 -1144) 
4 137 147 (960 336 -1144) (960 336 -1136) (400 336 -1136) (400 336 -1144) 
4 138 140 (840 312 -600) (840 312 -632) (960 312 -632) (960 312 -600) 
4 139 146 (840 312 -672) (840 336 -672) (960 336 -672) (960 312 -672) 
4 139 141 (840 312 -656) (840 312 -672) (960 312 -672) (960 312 -656) 
4 140 142 (840 288 -600) (840 288 -640) (960 288 -640) (960 288 -600) 
4 141 146 (840 288 -672) (840 312 -672) (960 312 -672) (960 288 -672) 
4 141 143 (840 288 -664) (840 288 -672) (960 288 -672) (960 288 -664) 
4 142 144 (840 264 -600) (840 264 -648) (960 264 -648) (960 264 -600) 
4 143 146 (840 264 -672) (840 288 -672) (960 288 -672) (960 264 -672) 
4 144 145 (840 -16 -656) (840 -16 -600) (840 96 -600) (840 96 -656) 
4 145 150 (744 -16 -600) (656 -16 -600) (656 -16 -648) (744 -16 -648) 
4 146 182 (400 -16 -1136) (400 -16 -672) (400 336 -672) (400 336 -1136) 
4 146 157 (960 -16 -1136) (960 -16 -672) (400 -16 -672) (400 -16 -1136) 
4 147 183 (400 -16 -1144) (400 -16 -1136) (400 336 -1136) (400 336 -1144) 
4 147 158 (960 -16 -1144) (960 -16 -1136) (400 -16 -1136) (400 -16 -1144) 
4 148 261 (784 -32 -648) (784 -32 -568) (744 -32 -568) (744 -32 -648) 
4 148 258 (784 -32 -568) (784 -32 -552) (744 -32 -552) (744 -32 -568) 
4 148 150 (744 -32 -648) (744 -32 -552) (744 -24 -552) (744 -24 -648) 
4 149 157 (784 -24 -672) (784 -32 -672) (744 -32 -672) (744 -24 -672) 
4 149 151 (744 -24 -672) (744 -32 -672) (744 -32 -656) (744 -24 -656) 
4 150 261 (744 -32 -648) (744 -32 -568) (656 -32 -568) (656 -32 -648) 
4 150 258 (744 -32 -568) (744 -32 -552) (656 -32 -552) (656 -32 -568) 
4 150 152 (656 -32 -648) (656 -32 -552) (656 -24 -552) (656 -24 -648) 
4 151 157 (656 -16 -672) (744 -16 -672) (744 -32 -672) (656 -32 -672) 
4 151 153 (656 -24 -672) (656 -32 -672) (656 -32 -656) (656 -24 -656) 
4 152 261 (656 -32 -648) (656 -32 -568) (616 -32 -568) (616 -32 -648) 
4 152 258 (656 -32 -568) (656 -32 -552) (616 -32 -552) (616 -32 -568) 
4 153 157 (656 -24 -672) (656 -32 -672) (616 -32 -672) (616 -24 -672) 
4 154 261 (560 -32 -576) (568 -32 -576) (568 -32 -568) (560 -32 -568) 
4 154 258 (568 -32 -568) (568 -32 -528) (560 -32 -528) (560 -32 -568) 
4 154 155 (560 -24 -576) (560 -32 -576) (560 -32 -528) (560 -24 -528) 
4 155 261 (408 -32 -576) (560 -32 -576) (560 -32 -568) (408 -32 -568) 
4 155 258 (560 -32 -568) (560 -32 -528) (408 -32 -528) (408 -32 -568) 
4 155 156 (408 -24 -576) (408 -32 -576) (408 -32 -528) (408 -24 -528) 
4 156 261 (400 -32 -568) (400 -32 -576) (408 -32 -576) (408 -32 -568) 
4 156 258 (400 -32 -528) (400 -32 -568) (408 -32 -568) (408 -32 -528) 
4 157 527 (400 -32 -776) (400 -32 -1136) (960 -32 -1136) (960 -32 -776) 
4 157 182 (400 -32 -1136) (400 -32 -672) (400 -16 -672) (400 -16 -1136) 
4 158 538 (400 -32 -1136) (400 -32 -1144) (960 -32 -1144) (960 -32 -1136) 
4 158 183 (400 -32 -1144) (400 -32 -1136) (400 -16 -1136) (400 -16 -1144) 
4 159 166 (24 784 336) (24 784 335.2138976801872) (24 528 335.2138976801872) (24 528 336) 
4 159 160 (400 528 335.2138976801872) (24 528 335.2138976801872) (24 784 335.2138976801872) (400 784 335.2138976801872) 
4 160 166 (24 784 335.2138976801872) (24 784 327.213897680185) (24 528 327.213897680185) (24 528 335.2138976801872) 
4 160 162 (24 528 335.2138976801872) (24 528 327.213897680185) (400 528 327.213897680185) (400 528 335.2138976801872) 
4 160 161 (400 528 327.213897680185) (24 528 327.213897680185) (24 784 327.213897680185) (400 784 327.213897680185) 
4 161 169 (24 528 -1136) (24 544 -1136) (400 544 -1136) (400 528 -1136) 
4 161 168 (24 544 -1136) (24 784 -1136) (400 784 -1136) (400 544 -1136) 
4 161 166 (24 784 -1136) (24 528 -1136) (24 528 327.213897680185) (24 784 327.213897680185) 
4 162 194 (24 520 335.2138976801872) (24 520 327.213897680185) (104 520 327.213897680185) (104 520 335.2138976801872) 
4 162 191 (104 520 327.213897680185) (192 520 327.213897680185) (192 520 335.2138976801872) (104 520 335.2138976801872) 
4 162 184 (192 520 327.213897680185) (320 520 327.213897680185) (320 520 335.2138976801872) (192 520 335.2138976801872) 
4 162 171 (320 520 327.213897680185) (400 520 327.213897680185) (400 520 335.2138976801872) (320 520 335.2138976801872) 
4 162 167 (24 528 335.2138976801872) (24 528 327.213897680185) (24 520 327.213897680185) (24 520 335.2138976801872) 
4 163 195 (104 520 327.213897680185) (64 520 327.213897680185) (64 520 -64) (104 520 -64) 
4 163 192 (192 520 327.213897680185) (104 520 327.213897680185) (104 520 -64) (192 520 -64) 
4 163 185 (320 520 327.213897680185) (192 520 327.213897680185) (192 520 -64) (320 520 -64) 
4 163 173 (336 520 327.213897680185) (320 520 327.213897680185) (320 520 -64) (336 520 -64) 
4 163 172 (400 520 -64) (400 520 327.213897680185) (336 520 327.213897680185) (336 520 -64) 
4 163 165 (64 520 327.213897680185) (64 528 327.213897680185) (64 528 -64) (64 520 -64) 
4 164 196 (64 520 -1136) (104 520 -1136) (104 520 -768) (64 520 -768) 
4 164 193 (104 520 -1136) (192 520 -1136) (192 520 -768) (104 520 -768) 
4 164 190 (192 520 -1136) (320 520 -1136) (320 520 -768) (192 520 -768) 
4 164 182 (320 520 -1136) (400 520 -1136) (400 520 -768) (320 520 -768) 
4 164 165 (64 528 -768) (64 528 -1136) (64 520 -1136) (64 520 -768) 
4 165 197 (24 520 327.213897680185) (24 520 -1136) (64 520 -1136) (64 520 327.213897680185) 
4 166 169 (24 544 -1136) (24 528 -1136) (-232 528 -1136) (-232 544 -1136) 
4 166 168 (24 784 -1136) (24 544 -1136) (-232 544 -1136) (-232 784 -1136) 
4 166 167 (-232 528 336) (-232 528 -1136) (24 528 -1136) (24 528 336) 
4 167 198 (-232 520 336) (-232 520 -1136) (24 520 -1136) (24 520 336) 
4 167 169 (24 520 -1136) (-232 520 -1136) (-232 528 -1136) (24 528 -1136) 
4 168 169 (-232 544 -1136) (-232 544 -1144) (400 544 -1144) (400 544 -1136) 
4 169 199 (-232 520 -1144) (320 520 -1144) (320 520 -1136) (-232 520 -1136) 
4 169 183 (320 520 -1144) (400 520 -1144) (400 520 -1136) (320 520 -1136) 
4 169 170 (-232 544 -1144) (-232 520 -1144) (-232 520 -1136) (-232 544 -1136) 
4 170 200 (-360 520 -1144) (-232 520 -1144) (-232 520 -1136) (-360 520 -1136) 
4 171 184 (320 520 335.2138976801872) (320 520 327.213897680185) (320 96 327.213897680185) (320 96 335.2138976801872) 
4 171 174 (320 96 335.2138976801872) (320 96 327.213897680185) (400 96 327.213897680185) (400 96 335.2138976801872) 
4 172 175 (400 96 -360) (400 96 327.213897680185) (336 96 327.213897680185) (336 96 -360) 
4 172 173 (336 96 -408) (336 96 327.213897680185) (336 520 327.213897680185) (336 520 -408) 
4 173 186 (320 368 -408) (320 248 -408) (320 248 -360) (320 368 -360) 
4 173 185 (320 520 327.213897680185) (320 520 -360) (320 96 -360) (320 96 327.213897680185) 
4 173 175 (320 96 327.213897680185) (320 96 -360) (336 96 -360) (336 96 327.213897680185) 
4 174 245 (320 -32 335.2138976801872) (320 -32 327.213897680185) (400 -32 327.213897680185) (400 -32 335.2138976801872) 
4 174 184 (320 96 335.2138976801872) (320 96 327.213897680185) (320 -32 327.213897680185) (320 -32 335.2138976801872) 
4 175 247 (320 -32 327.213897680185) (320 -32 -360) (400 -32 -360) (400 -32 327.213897680185) 
4 175 185 (320 96 327.213897680185) (320 96 -360) (320 -32 -360) (320 -32 327.213897680185) 
4 176 188 (320 96 -512) (320 96 -552) (320 -0 -552) (320 0 -512) 
4 176 187 (320 96 -496) (320 96 -512) (320 0 -512) (320 0 -496) 
4 176 179 (320 -0 -552) (320 96 -552) (392 96 -552) (392 0 -552) 
4 176 178 (392 96 -552) (400 96 -552) (400 -0 -552) (392 0 -552) 
4 176 177 (320 0 -552) (400 0 -552) (400 0 -544) (320 0 -544) 
4 177 189 (320 -0 -552) (320 -8 -552) (320 -8 -544) (320 0 -544) 
4 177 178 (392 0 -552) (400 -0 -552) (400 -8 -552) (392 -8 -552) 
4 178 180 (400 88 -600) (400 8 -600) (392 8 -600) (392 88 -600) 
4 178 179 (392 96 -600) (392 -0 -600) (392 -0 -552) (392 96 -552) 
4 179 188 (320 96 -600) (320 -0 -600) (320 -0 -552) (320 96 -552) 
4 179 180 (320 8 -600) (320 88 -600) (392 88 -600) (392 8 -600) 
4 180 181 (320 8 -608) (320 88 -608) (400 88 -608) (400 8 -608) 
4 182 527 (320 -32 -776) (320 -32 -1136) (400 -32 -1136) (400 -32 -776) 
4 182 190 (320 520 -672) (320 520 -1136) (320 -32 -1136) (320 -32 -672) 
4 183 538 (320 -32 -1136) (320 -32 -1144) (400 -32 -1144) (400 -32 -1136) 
4 183 199 (320 520 -1136) (320 520 -1144) (320 -32 -1144) (320 -32 -1136) 
4 184 245 (192 -32 335.2138976801872) (192 -32 327.213897680185) (320 -32 327.213897680185) (320 -32 335.2138976801872) 
4 184 191 (192 520 335.2138976801872) (192 520 327.213897680185) (192 -32 327.213897680185) (192 -32 335.2138976801872) 
4 185 247 (192 -32 327.213897680185) (192 -32 -360) (320 -32 -360) (320 -32 327.213897680185) 
4 185 192 (192 520 327.213897680185) (192 520 -360) (192 -32 -360) (192 -32 327.213897680185) 
4 185 187 (192 -0 -360) (192 96 -360) (320 96 -360) (320 -0 -360) 
4 185 186 (192 248 -360) (192 368 -360) (320 368 -360) (320 248 -360) 
4 186 188 (192 248 -512) (192 368 -512) (320 368 -512) (320 248 -512) 
4 187 188 (192 -0 -512) (192 96 -512) (320 96 -512) (320 -0 -512) 
4 188 189 (320 0 -552) (320 0 -544) (192 0 -544) (192 0 -552) 
4 190 527 (192 -32 -776) (192 -32 -1136) (320 -32 -1136) (320 -32 -776) 
4 190 193 (192 520 -672) (192 520 -1136) (192 -32 -1136) (192 -32 -672) 
4 191 414 (104 -32 335.2138976801872) (104 -32 327.213897680185) (128 -32 327.213897680185) (128 -32 335.2138976801872) 
4 191 245 (128 -32 327.213897680185) (192 -32 327.213897680185) (192 -32 335.2138976801872) (128 -32 335.2138976801872) 
4 191 194 (104 520 335.2138976801872) (104 520 327.213897680185) (104 -32 327.213897680185) (104 -32 335.2138976801872) 
4 192 415 (104 -32 327.213897680185) (104 -32 -360) (128 -32 -360) (128 -32 327.213897680185) 
4 192 247 (128 -32 -360) (192 -32 -360) (192 -32 327.213897680185) (128 -32 327.213897680185) 
4 192 195 (104 520 327.213897680185) (104 520 -64) (104 -32 -64) (104 -32 327.213897680185) 
4 193 527 (104 -32 -776) (104 -32 -1136) (192 -32 -1136) (192 -32 -776) 
4 193 494 (104 -32 -672) (104 -32 -776) (128 -32 -776) (128 -32 -672) 
4 193 196 (104 520 -768) (104 520 -1136) (104 -32 -1136) (104 -32 -768) 
4 194 416 (24 -32 335.2138976801872) (24 -32 327.213897680185) (104 -32 327.213897680185) (104 -32 335.2138976801872) 
4 194 198 (24 520 335.2138976801872) (24 520 327.213897680185) (24 -32 327.213897680185) (24 -32 335.2138976801872) 
4 195 417 (104 -32 -64) (104 -32 327.213897680185) (64 -32 327.213897680185) (64 -32 -64) 
4 195 197 (64 -32 -64) (64 -32 327.213897680185) (64 520 327.213897680185) (64 520 -64) 
4 196 527 (64 -32 -1136) (104 -32 -1136) (104 -32 -776) (64 -32 -776) 
4 196 495 (104 -32 -776) (104 -32 -768) (64 -32 -768) (64 -32 -776) 
4 196 197 (64 520 -1136) (64 -32 -1136) (64 -32 -768) (64 520 -768) 
4 197 527 (24 -32 -776) (24 -32 -1136) (64 -32 -1136) (64 -32 -776) 
4 197 496 (24 -32 -648) (24 -32 -776) (64 -32 -776) (64 -32 -648) 
4 197 418 (24 -32 327.213897680185) (24 -32 -648) (64 -32 -648) (64 -32 327.213897680185) 
4 198 528 (-232 -32 -776) (-232 -32 -1136) (24 -32 -1136) (24 -32 -776) 
4 198 497 (-232 -32 -648) (-232 -32 -776) (24 -32 -776) (24 -32 -648) 
4 198 423 (-232 -32 336) (-232 -32 -648) (24 -32 -648) (24 -32 336) 
4 198 199 (-232 520 -1136) (24 520 -1136) (24 -32 -1136) (-232 -32 -1136) 
4 199 538 (-232 -32 -1144) (320 -32 -1144) (320 -32 -1136) (-232 -32 -1136) 
4 199 200 (-232 520 -1144) (-232 -32 -1144) (-232 -32 -1136) (-232 520 -1136) 
4 200 540 (-360 -32 -1144) (-232 -32 -1144) (-232 -32 -1136) (-360 -32 -1136) 
4 201 214 (2608 -1784 327.213897680185) (2736 -1784 327.213897680185) (2736 -1784 335.2138976801872) (2608 -1784 335.2138976801872) 
4 201 206 (2736 -1784 327.213897680185) (2608 -1784 327.213897680185) (2608 -32 327.213897680185) (2736 -32 327.213897680185) 
4 201 202 (2608 -32 327.213897680185) (2608 -1784 327.213897680185) (2608 -1784 335.2138976801872) (2608 -32 335.2138976801872) 
4 202 215 (2488 -1784 327.213897680185) (2608 -1784 327.213897680185) (2608 -1784 335.2138976801872) (2488 -1784 335.2138976801872) 
4 202 207 (2608 -1784 327.213897680185) (2488 -1784 327.213897680185) (2488 -32 327.213897680185) (2608 -32 327.213897680185) 
4 202 203 (2488 -32 327.213897680185) (2488 -1784 327.213897680185) (2488 -1784 335.2138976801872) (2488 -32 335.2138976801872) 
4 203 215 (2480 -1784 327.213897680185) (2488 -1784 327.213897680185) (2488 -1784 335.2138976801872) (2480 -1784 335.2138976801872) 
4 203 207 (2488 -1784 327.213897680185) (2480 -1784 327.213897680185) (2480 -32 327.213897680185) (2488 -32 327.213897680185) 
4 203 204 (2480 -32 327.213897680185) (2480 -1784 327.213897680185) (2480 -1784 335.2138976801872) (2480 -32 335.2138976801872) 
4 204 219 (2352 -1784 335.2138976801872) (2352 -1784 327.213897680185) (2480 -1784 327.213897680185) (2480 -1784 335.2138976801872) 
4 204 208 (2480 -1784 327.213897680185) (2352 -1784 327.213897680185) (2352 -32 327.213897680185) (2480 -32 327.213897680185) 
4 204 205 (2352 -32 335.2138976801872) (2352 -32 327.213897680185) (2352 -1784 327.213897680185) (2352 -1784 335.2138976801872) 
4 205 226 (1832 -1784 335.2138976801872) (1832 -1784 327.213897680185) (1936 -1784 327.213897680185) (1936 -1784 335.2138976801872) 
4 205 222 (1936 -1784 327.213897680185) (2088 -1784 327.213897680185) (2088 -1784 335.2138976801872) (1936 -1784 335.2138976801872) 
4 205 221 (2088 -1784 327.213897680185) (2352 -1784 327.213897680185) (2352 -1784 335.2138976801872) (2088 -1784 335.2138976801872) 
4 205 210 (1832 -32 335.2138976801872) (1832 -32 327.213897680185) (1832 -1784 327.213897680185) (1832 -1784 335.2138976801872) 
4 206 425 (2736 -1784 -648) (2608 -1784 -648) (2608 -32 -648) (2736 -32 -648) 
4 206 214 (2608 -1784 -648) (2736 -1784 -648) (2736 -1784 327.213897680185) (2608 -1784 327.213897680185) 
4 206 207 (2608 -32 -648) (2608 -1784 -648) (2608 -1784 327.213897680185) (2608 -32 327.213897680185) 
4 207 426 (2608 -1784 -648) (2480 -1784 -648) (2480 -32 -648) (2608 -32 -648) 
4 207 215 (2480 -1784 -648) (2608 -1784 -648) (2608 -1784 327.213897680185) (2480 -1784 327.213897680185) 
4 207 208 (2480 -32 -648) (2480 -1784 -648) (2480 -1784 327.213897680185) (2480 -32 327.213897680185) 
4 208 427 (2480 -1784 -648) (2352 -1784 -648) (2352 -32 -648) (2480 -32 -648) 
4 208 219 (2352 -1784 -648) (2480 -1784 -648) (2480 -1784 327.213897680185) (2352 -1784 327.213897680185) 
4 209 428 (2352 -1784 -648) (1832 -1784 -648) (1832 -32 -648) (2352 -32 -648) 
4 209 213 (1832 -1032 -648) (1832 -1784 -648) (1832 -1784 -512) (1832 -1032 -512) 
4 209 212 (1832 -32 -512) (1832 -32 -648) (1832 -136 -648) (1832 -136 -512) 
4 209 211 (1832 -32 327.213897680185) (1832 -32 -512) (1832 -1784 -512) (1832 -1784 327.213897680185) 
4 210 227 (1808 -32 335.2138976801872) (1808 -32 327.213897680185) (1808 -1784 327.213897680185) (1808 -1784 335.2138976801872) 
4 210 226 (1808 -1784 335.2138976801872) (1808 -1784 327.213897680185) (1832 -1784 327.213897680185) (1832 -1784 335.2138976801872) 
4 211 228 (1808 -32 327.213897680185) (1808 -32 -512) (1808 -1784 -512) (1808 -1784 327.213897680185) 
4 211 213 (1832 -1032 -512) (1832 -1784 -512) (1808 -1784 -512) (1808 -1032 -512) 
4 211 212 (1832 -32 -512) (1832 -136 -512) (1808 -136 -512) (1808 -32 -512) 
4 212 437 (1808 -136 -648) (1808 -32 -648) (1832 -32 -648) (1832 -136 -648) 
4 212 236 (1808 -32 -568) (1808 -32 -648) (1808 -136 -648) (1808 -136 -568) 
4 212 229 (1808 -32 -512) (1808 -32 -568) (1808 -136 -568) (1808 -136 -512) 
4 213 438 (1832 -1784 -648) (1808 -1784 -648) (1808 -1032 -648) (1832 -1032 -648) 
4 213 241 (1808 -1032 -648) (1808 -1784 -648) (1808 -1784 -568) (1808 -1032 -568) 
4 213 230 (1808 -1784 -568) (1808 -1784 -512) (1808 -1032 -512) (1808 -1032 -568) 
4 214 429 (2608 -1784 -648) (2736 -1784 -648) (2736 -1792 -648) (2608 -1792 -648) 
4 214 216 (2608 -1792 -648) (2736 -1792 -648) (2736 -1792 335.2138976801872) (2608 -1792 335.2138976801872) 
4 214 215 (2608 -1792 -648) (2608 -1792 335.2138976801872) (2608 -1784 335.2138976801872) (2608 -1784 -648) 
4 215 430 (2480 -1792 -648) (2480 -1784 -648) (2608 -1784 -648) (2608 -1792 -648) 
4 215 219 (2480 -1792 335.2138976801872) (2480 -1784 335.2138976801872) (2480 -1784 -648) (2480 -1792 -648) 
4 215 217 (2480 -1792 335.2138976801872) (2480 -1792 -648) (2608 -1792 -648) (2608 -1792 335.2138976801872) 
4 216 431 (2608 -2040 -648) (2608 -1792 -648) (2736 -1792 -648) (2736 -2040 -648) 
4 216 218 (2608 -2032 -648) (2608 -2040 -648) (2608 -2040 335.2138976801872) (2608 -2032 335.2138976801872) 
4 216 217 (2608 -1792 335.2138976801872) (2608 -1792 -648) (2608 -2032 -648) (2608 -2032 335.2138976801872) 
4 217 432 (2480 -2032 -648) (2480 -1792 -648) (2608 -1792 -648) (2608 -2032 -648) 
4 217 219 (2480 -2032 335.2138976801872) (2480 -1792 335.2138976801872) (2480 -1792 -648) (2480 -2032 -648) 
4 217 218 (2480 -2032 335.2138976801872) (2480 -2032 -648) (2608 -2032 -648) (2608 -2032 335.2138976801872) 
4 218 433 (2480 -2040 -648) (2480 -2032 -648) (2608 -2032 -648) (2608 -2040 -648) 
4 218 220 (2480 -2040 335.2138976801872) (2480 -2032 335.2138976801872) (2480 -2032 -648) (2480 -2040 -648) 
4 219 434 (2352 -2032 -648) (2352 -1784 -648) (2480 -1784 -648) (2480 -2032 -648) 
4 219 221 (2352 -1784 335.2138976801872) (2352 -1784 -648) (2352 -2032 -648) (2352 -2032 335.2138976801872) 
4 219 220 (2480 -2032 -648) (2480 -2032 335.2138976801872) (2352 -2032 335.2138976801872) (2352 -2032 -648) 
4 220 435 (2352 -2040 -648) (2352 -2032 -648) (2480 -2032 -648) (2480 -2040 -648) 
4 220 221 (2352 -2032 -648) (2352 -2040 -648) (2352 -2040 335.2138976801872) (2352 -2032 335.2138976801872) 
4 221 436 (2088 -2040 -648) (2088 -1784 -648) (2352 -1784 -648) (2352 -2040 -648) 
4 221 225 (2088 -1904 -648) (2088 -2040 -648) (2088 -2040 335.2138976801872) (2088 -1904 335.2138976801872) 
4 221 224 (2088 -1888 -648) (2088 -1904 -648) (2088 -1904 -568) (2088 -1888 -568) 
4 221 223 (2088 -1904 -456) (2088 -1904 335.2138976801872) (2088 -1888 335.2138976801872) (2088 -1888 -456) 
4 221 222 (2088 -1784 335.2138976801872) (2088 -1784 -648) (2088 -1888 -648) (2088 -1888 335.2138976801872) 
4 222 436 (1936 -1888 -648) (1936 -1784 -648) (2088 -1784 -648) (2088 -1888 -648) 
4 222 226 (1936 -1784 335.2138976801872) (1936 -1784 -648) (1936 -1888 -648) (1936 -1888 335.2138976801872) 
4 222 224 (1936 -1888 -568) (1936 -1888 -648) (2088 -1888 -648) (2088 -1888 -568) 
4 222 223 (1936 -1888 335.2138976801872) (1936 -1888 -456) (2088 -1888 -456) (2088 -1888 335.2138976801872) 
4 223 226 (1936 -1888 335.2138976801872) (1936 -1888 -456) (1936 -1904 -456) (1936 -1904 335.2138976801872) 
4 223 225 (1936 -1904 335.2138976801872) (1936 -1904 -456) (2088 -1904 -456) (2088 -1904 335.2138976801872) 
4 224 436 (1936 -1904 -648) (1936 -1888 -648) (2088 -1888 -648) (2088 -1904 -648) 
4 224 226 (1936 -1888 -568) (1936 -1888 -648) (1936 -1904 -648) (1936 -1904 -568) 
4 224 225 (1936 -1904 -568) (1936 -1904 -648) (2088 -1904 -648) (2088 -1904 -568) 
4 225 436 (1936 -2040 -648) (1936 -1904 -648) (2088 -1904 -648) (2088 -2040 -648) 
4 225 226 (1936 -1904 335.2138976801872) (1936 -1904 -648) (1936 -2040 -648) (1936 -2040 335.2138976801872) 
4 226 439 (1808 -2040 -648) (1808 -1784 -648) (1832 -1784 -648) (1832 -2040 -648) 
4 226 436 (1832 -1784 -648) (1936 -1784 -648) (1936 -2040 -648) (1832 -2040 -648) 
4 226 244 (1808 -1784 -568) (1808 -1784 -648) (1808 -2040 -648) (1808 -2040 -568) 
4 226 231 (1808 -1784 335.2138976801872) (1808 -1784 -568) (1808 -2040 -568) (1808 -2040 335.2138976801872) 
4 227 232 (1648 -32 335.2138976801872) (1648 -32 327.213897680185) (1648 -1784 327.213897680185) (1648 -1784 335.2138976801872) 
4 227 231 (1648 -1784 335.2138976801872) (1648 -1784 327.213897680185) (1808 -1784 327.213897680185) (1808 -1784 335.2138976801872) 
4 228 234 (1648 -824 -512) (1648 -1784 -512) (1648 -1784 -64) (1648 -824 -64) 
4 228 233 (1648 -32 327.213897680185) (1648 -32 -64) (1648 -1784 -64) (1648 -1784 327.213897680185) 
4 228 230 (1808 -1784 -512) (1648 -1784 -512) (1648 -1032 -512) (1808 -1032 -512) 
4 228 229 (1648 -136 -512) (1648 -32 -512) (1808 -32 -512) (1808 -136 -512) 
4 229 236 (1648 -136 -568) (1648 -32 -568) (1808 -32 -568) (1808 -136 -568) 
4 230 242 (1648 -1784 -568) (1648 -1032 -568) (1664 -1032 -568) (1664 -1784 -568) 
4 230 241 (1664 -1032 -568) (1808 -1032 -568) (1808 -1784 -568) (1664 -1784 -568) 
4 230 234 (1648 -1032 -568) (1648 -1784 -568) (1648 -1784 -512) (1648 -1032 -512) 
4 231 244 (1648 -2040 -568) (1648 -1784 -568) (1808 -1784 -568) (1808 -2040 -568) 
4 231 235 (1648 -1784 335.2138976801872) (1648 -1784 -568) (1648 -2040 -568) (1648 -2040 335.2138976801872) 
4 232 254 (1608 -760 327.213897680185) (1608 -1784 327.213897680185) (1608 -1784 335.2138976801872) (1608 -760 335.2138976801872) 
4 232 250 (1608 -536 327.213897680185) (1608 -760 327.213897680185) (1608 -760 335.2138976801872) (1608 -536 335.2138976801872) 
4 232 248 (1608 -88 327.213897680185) (1608 -536 327.213897680185) (1608 -536 335.2138976801872) (1608 -88 335.2138976801872) 
4 232 245 (1608 -32 335.2138976801872) (1608 -32 327.213897680185) (1608 -88 327.213897680185) (1608 -88 335.2138976801872) 
4 232 235 (1608 -1784 335.2138976801872) (1608 -1784 327.213897680185) (1648 -1784 327.213897680185) (1648 -1784 335.2138976801872) 
4 233 256 (1608 -824 -64) (1608 -1784 -64) (1608 -1784 327.213897680185) (1608 -824 327.213897680185) 
4 233 255 (1608 -760 -64) (1608 -824 -64) (1608 -824 327.213897680185) (1608 -760 327.213897680185) 
4 233 251 (1608 -536 -64) (1608 -760 -64) (1608 -760 327.213897680185) (1608 -536 327.213897680185) 
4 233 249 (1608 -88 -64) (1608 -536 -64) (1608 -536 327.213897680185) (1608 -88 327.213897680185) 
4 233 246 (1608 -32 327.213897680185) (1608 -32 -64) (1608 -88 -64) (1608 -88 327.213897680185) 
4 233 234 (1648 -1784 -64) (1608 -1784 -64) (1608 -824 -64) (1648 -824 -64) 
4 234 412 (1608 -824 -568) (1608 -1784 -568) (1608 -1784 -360) (1608 -824 -360) 
4 234 256 (1608 -1784 -360) (1608 -1784 -64) (1608 -824 -64) (1608 -824 -360) 
4 234 243 (1608 -1784 -568) (1608 -824 -568) (1648 -824 -568) (1648 -1784 -568) 
4 235 413 (1608 -1784 -360) (1608 -1784 -568) (1608 -2040 -568) (1608 -2040 -360) 
4 235 257 (1608 -1784 335.2138976801872) (1608 -1784 -360) (1608 -2040 -360) (1608 -2040 335.2138976801872) 
4 235 244 (1608 -2040 -568) (1608 -1784 -568) (1648 -1784 -568) (1648 -2040 -568) 
4 236 461 (1608 -136 -648) (1608 -32 -648) (1664 -32 -648) (1664 -136 -648) 
4 236 440 (1664 -32 -648) (1808 -32 -648) (1808 -136 -648) (1664 -136 -648) 
4 237 441 (1808 -744 -648) (1808 -760 -648) (1664 -760 -648) (1664 -744 -648) 
4 237 239 (1808 -760 -648) (1808 -760 -568) (1664 -760 -568) (1664 -760 -648) 
4 237 238 (1664 -264 -568) (1664 -264 -648) (1664 -392 -648) (1664 -392 -568) 
4 238 276 (1608 -264 -648) (1608 -392 -648) (1608 -392 -568) (1608 -264 -568) 
4 239 445 (1808 -808 -648) (1808 -824 -648) (1664 -824 -648) (1664 -808 -648) 
4 239 443 (1808 -776 -648) (1808 -808 -648) (1664 -808 -648) (1664 -776 -648) 
4 239 441 (1664 -760 -648) (1808 -760 -648) (1808 -776 -648) (1664 -776 -648) 
4 239 240 (1808 -824 -648) (1808 -824 -568) (1664 -824 -568) (1664 -824 -648) 
4 240 455 (1808 -968 -648) (1808 -1000 -648) (1664 -1000 -648) (1664 -968 -648) 
4 240 453 (1808 -936 -648) (1808 -968 -648) (1664 -968 -648) (1664 -936 -648) 
4 240 451 (1808 -904 -648) (1808 -936 -648) (1664 -936 -648) (1664 -904 -648) 
4 240 449 (1808 -872 -648) (1808 -904 -648) (1664 -904 -648) (1664 -872 -648) 
4 240 447 (1808 -840 -648) (1808 -872 -648) (1664 -872 -648) (1664 -840 -648) 
4 240 445 (1664 -824 -648) (1808 -824 -648) (1808 -840 -648) (1664 -840 -648) 
4 241 456 (1808 -1032 -648) (1808 -1784 -648) (1664 -1784 -648) (1664 -1032 -648) 
4 241 242 (1664 -1032 -648) (1664 -1784 -648) (1664 -1784 -568) (1664 -1032 -568) 
4 242 475 (1664 -1032 -648) (1664 -1784 -648) (1648 -1784 -648) (1648 -1032 -648) 
4 242 243 (1648 -1032 -648) (1648 -1784 -648) (1648 -1784 -568) (1648 -1032 -568) 
4 243 476 (1608 -1784 -648) (1608 -824 -648) (1648 -824 -648) (1648 -1784 -648) 
4 243 412 (1608 -824 -648) (1608 -1784 -648) (1608 -1784 -568) (1608 -824 -568) 
4 244 477 (1608 -2040 -648) (1608 -1784 -648) (1664 -1784 -648) (1664 -2040 -648) 
4 244 460 (1664 -1784 -648) (1808 -1784 -648) (1808 -2040 -648) (1664 -2040 -648) 
4 244 413 (1608 -1784 -648) (1608 -2040 -648) (1608 -2040 -568) (1608 -1784 -568) 
4 245 414 (128 -32 335.2138976801872) (128 -32 327.213897680185) (128 -88 327.213897680185) (128 -88 335.2138976801872) 
4 245 248 (128 -88 335.2138976801872) (128 -88 327.213897680185) (1608 -88 327.213897680185) (1608 -88 335.2138976801872) 
4 246 249 (1608 -88 -256) (1608 -88 327.213897680185) (976 -88 327.213897680185) (976 -88 -256) 
4 246 247 (976 -88 -256) (976 -88 327.213897680185) (976 -32 327.213897680185) (976 -32 -256) 
4 247 415 (128 -32 327.213897680185) (128 -32 -360) (128 -88 -360) (128 -88 327.213897680185) 
4 247 260 (128 -88 -360) (128 -32 -360) (960 -32 -360) (960 -88 -360) 
4 247 249 (128 -88 327.213897680185) (128 -88 -360) (976 -88 -360) (976 -88 327.213897680185) 
4 248 414 (128 -88 335.2138976801872) (128 -88 327.213897680185) (128 -536 327.213897680185) (128 -536 335.2138976801872) 
4 248 250 (128 -536 335.2138976801872) (128 -536 327.213897680185) (1608 -536 327.213897680185) (1608 -536 335.2138976801872) 
4 249 415 (128 -88 327.213897680185) (128 -88 -360) (128 -536 -360) (128 -536 327.213897680185) 
4 249 399 (128 -536 -360) (128 -432 -360) (208 -432 -360) (208 -536 -360) 
4 249 397 (208 -432 -360) (224 -432 -360) (224 -536 -360) (208 -536 -360) 
4 249 395 (128 -432 -360) (128 -400 -360) (224 -400 -360) (224 -432 -360) 
4 249 394 (128 -400 -360) (128 -376 -360) (224 -376 -360) (224 -400 -360) 
4 249 392 (128 -376 -360) (128 -344 -360) (224 -344 -360) (224 -376 -360) 
4 249 391 (128 -344 -360) (128 -128 -360) (224 -128 -360) (224 -344 -360) 
4 249 336 (344 -536 -360) (224 -536 -360) (224 -432 -360) (344 -432 -360) 
4 249 334 (384 -536 -360) (344 -536 -360) (344 -432 -360) (384 -432 -360) 
4 249 333 (392 -536 -360) (384 -536 -360) (384 -432 -360) (392 -432 -360) 
4 249 331 (224 -432 -360) (224 -344 -360) (392 -344 -360) (392 -432 -360) 
4 249 330 (224 -344 -360) (224 -280 -360) (392 -280 -360) (392 -344 -360) 
4 249 329 (1192 -280 -360) (1192 -536 -360) (392 -536 -360) (392 -280 -360) 
4 249 328 (384 -280 -360) (224 -280 -360) (224 -136 -360) (384 -136 -360) 
4 249 326 (392 -280 -360) (384 -280 -360) (384 -136 -360) (392 -136 -360) 
4 249 325 (968 -280 -360) (392 -280 -360) (392 -136 -360) (968 -136 -360) 
4 249 324 (1096 -280 -360) (968 -280 -360) (968 -248 -360) (1096 -248 -360) 
4 249 323 (968 -248 -360) (968 -144 -360) (1096 -144 -360) (1096 -248 -360) 
4 249 322 (968 -144 -360) (968 -136 -360) (1096 -136 -360) (1096 -144 -360) 
4 249 321 (1192 -136 -360) (1192 -280 -360) (1096 -280 -360) (1096 -136 -360) 
4 249 317 (224 -128 -360) (400 -128 -360) (400 -136 -360) (224 -136 -360) 
4 249 314 (400 -128 -360) (784 -128 -360) (784 -136 -360) (400 -136 -360) 
4 249 311 (784 -128 -360) (960 -128 -360) (960 -136 -360) (784 -136 -360) 
4 249 304 (1200 -136 -360) (1200 -536 -360) (1192 -536 -360) (1192 -136 -360) 
4 249 303 (1344 -536 -360) (1200 -536 -360) (1200 -528 -360) (1344 -528 -360) 
4 249 300 (1400 -536 -360) (1344 -536 -360) (1344 -528 -360) (1400 -528 -360) 
4 249 299 (1432 -536 -360) (1400 -536 -360) (1400 -528 -360) (1432 -528 -360) 
4 249 298 (1200 -528 -360) (1200 -448 -360) (1376 -448 -360) (1376 -528 -360) 
4 249 297 (1376 -448 -360) (1432 -448 -360) (1432 -528 -360) (1376 -528 -360) 
4 249 296 (1480 -536 -360) (1432 -536 -360) (1432 -448 -360) (1480 -448 -360) 
4 249 295 (1537.142857142857 -536 -360) (1480 -536 -360) (1480 -520 -360) (1560 -520 -360) 
4 249 294 (1592 -448 -360) (1592 -520 -360) (1480 -520 -360) (1480 -448 -360) 
4 249 291 (1216 -448 -360) (1200 -448 -360) (1200 -248 -360) (1216 -248 -360) 
4 249 290 (1256 -448 -360) (1216 -448 -360) (1216 -424 -360) (1256 -424 -360) 
4 249 289 (1216 -424 -360) (1216 -320 -360) (1256 -320 -360) (1256 -424 -360) 
4 249 288 (1216 -320 -360) (1216 -248 -360) (1256 -248 -360) (1256 -320 -360) 
4 249 287 (1592 -248 -360) (1592 -448 -360) (1256 -448 -360) (1256 -248 -360) 
4 249 284 (1288 -248 -360) (1200 -248 -360) (1200 -240 -360) (1288 -240 -360) 
4 249 283 (1592 -240 -360) (1592 -248 -360) (1288 -248 -360) (1288 -240 -360) 
4 249 282 (1592 -136 -360) (1592 -240 -360) (1200 -240 -360) (1200 -136 -360) 
3 249 281 (1592 -431.99999999999955 -360) (1592 -416 -360) (1599.9999999999998 -423.9999999999998 -360) 
3 249 280 (1600 -455.99999999999994 -360) (1592 -463.9999999999999 -360) (1592 -447.99999999999994 -360) 
3 249 279 (1592 -399.99999999999966 -360) (1592 -392 -360) (1599.9999999999998 -392 -360) 
3 249 278 (1599.9999999999998 -487.9999999999998 -360) (1592 -495.9999999999995 -360) (1592 -480 -360) 
3 249 277 (1600.0000000000002 -520 -360) (1592 -520 -360) (1592 -511.99999999999994 -360) 
4 249 276 (1608 -264 -360) (1608 -392 -360) (1592 -392 -360) (1592 -264 -360) 
3 249 275 (1592 -239.99999999999977 -360) (1592 -223.99999999999997 -360) (1600 -231.9999999999999 -360) 
3 249 274 (1600 -264 -360) (1592 -264 -360) (1592 -256.00000000000006 -360) 
3 249 273 (1592 -207.99999999999983 -360) (1592 -192.00000000000003 -360) (1600 -199.9999999999999 -360) 
3 249 272 (1592 -175.9999999999998 -360) (1592 -159.99999999999991 -360) (1600 -167.99999999999983 -360) 
3 249 271 (1592 -143.99999999999977 -360) (1592 -136 -360) (1599.9999999999998 -136 -360) 
4 249 260 (128 -128 -360) (128 -88 -360) (960 -88 -360) (960 -128 -360) 
4 249 253 (128 -536 327.213897680185) (128 -536 -360) (1496 -536 -360) (1496 -536 327.213897680185) 
4 249 252 (1496 -536 -360) (1566 -536 -360) (1566 -536 -184) (1496 -536 -184) 
4 249 251 (1608 -536 -184) (1608 -536 327.213897680185) (1496 -536 327.213897680185) (1496 -536 -184) 
4 250 414 (128 -536 335.2138976801872) (128 -536 327.213897680185) (128 -760 327.213897680185) (128 -760 335.2138976801872) 
4 250 254 (128 -760 335.2138976801872) (128 -760 327.213897680185) (1608 -760 327.213897680185) (1608 -760 335.2138976801872) 
4 251 255 (1608 -760 -64) (1608 -760 327.213897680185) (1496 -760 327.213897680185) (1496 -760 -64) 
4 251 253 (1496 -760 -184) (1496 -760 327.213897680185) (1496 -536 327.213897680185) (1496 -536 -184) 
3 251 252 (1496 -588.2666666666626 -184) (1496 -536 -184) (1566 -536 -184) 
3 252 295 (1496 -536 -360) (1537.142857142857 -536 -360) (1496 -564.8 -360) 
4 252 253 (1496 -588.2666666666626 -184) (1496 -536 -184) (1496 -536 -360) (1496 -588.2666666666626 -360) 
4 253 415 (128 -536 327.213897680185) (128 -536 -360) (128 -760 -360) (128 -760 327.213897680185) 
4 253 399 (128 -744 -360) (128 -536 -360) (208 -536 -360) (208 -744 -360) 
4 253 398 (224 -616 -360) (224 -744 -360) (208 -744 -360) (208 -616 -360) 
4 253 397 (208 -536 -360) (224 -536 -360) (224 -616 -360) (208 -616 -360) 
4 253 357 (376 -744 -360) (224 -744 -360) (224 -720 -360) (376 -720 -360) 
4 253 356 (744 -744 -360) (376 -744 -360) (376 -720 -360) (744 -720 -360) 
4 253 355 (1192 -720 -360) (1192 -744 -360) (744 -744 -360) (744 -720 -360) 
4 253 342 (1192 -608 -360) (1192 -720 -360) (224 -720 -360) (224 -608 -360) 
4 253 341 (320 -608 -360) (224 -608 -360) (224 -584 -360) (320 -584 -360) 
4 253 340 (360 -608 -360) (320 -608 -360) (320 -584 -360) (360 -584 -360) 
4 253 339 (376 -608 -360) (360 -608 -360) (360 -584 -360) (376 -584 -360) 
4 253 338 (744 -608 -360) (376 -608 -360) (376 -584 -360) (744 -584 -360) 
4 253 337 (1192 -584 -360) (1192 -608 -360) (744 -608 -360) (744 -584 -360) 
4 253 336 (224 -536 -360) (344 -536 -360) (344 -584 -360) (224 -584 -360) 
4 253 335 (384 -544 -360) (384 -584 -360) (344 -584 -360) (344 -544 -360) 
4 253 334 (344 -536 -360) (384 -536 -360) (384 -544 -360) (344 -544 -360) 
4 253 333 (384 -536 -360) (392 -536 -360) (392 -584 -360) (384 -584 -360) 
4 253 329 (392 -536 -360) (1192 -536 -360) (1192 -584 -360) (392 -584 -360) 
4 253 304 (1192 -536 -360) (1200 -536 -360) (1200 -744 -360) (1192 -744 -360) 
4 253 303 (1200 -536 -360) (1344 -536 -360) (1344 -744 -360) (1200 -744 -360) 
4 253 302 (1400 -608 -360) (1400 -744 -360) (1344 -744 -360) (1344 -608 -360) 
4 253 301 (1344 -536 -360) (1400 -536 -360) (1400 -608 -360) (1344 -608 -360) 
4 253 299 (1400 -536 -360) (1432 -536 -360) (1432 -744 -360) (1400 -744 -360) 
4 253 296 (1432 -536 -360) (1480 -536 -360) (1480 -744 -360) (1432 -744 -360) 
4 253 295 (1480 -536 -360) (1496 -536 -360) (1496 -564.8 -360) (1480 -576 -360) 
4 253 255 (128 -760 327.213897680185) (128 -760 -64) (1496 -760 -64) (1496 -760 327.213897680185) 
4 254 419 (128 -760 335.2138976801872) (128 -760 327.213897680185) (128 -1784 327.213897680185) (128 -1784 335.2138976801872) 
4 254 257 (128 -1784 335.2138976801872) (128 -1784 327.213897680185) (1608 -1784 327.213897680185) (1608 -1784 335.2138976801872) 
4 255 420 (128 -760 327.213897680185) (128 -760 -64) (128 -824 -64) (128 -824 327.213897680185) 
4 255 256 (1608 -824 -64) (1608 -824 327.213897680185) (128 -824 327.213897680185) (128 -824 -64) 
4 256 421 (128 -824 -360) (128 -1784 -360) (128 -1784 327.213897680185) (128 -824 327.213897680185) 
4 256 412 (128 -1784 -360) (128 -824 -360) (1608 -824 -360) (1608 -1784 -360) 
4 257 424 (128 -1784 335.2138976801872) (128 -1784 -360) (128 -2040 -360) (128 -2040 335.2138976801872) 
4 257 413 (128 -2040 -360) (128 -1784 -360) (1608 -1784 -360) (1608 -2040 -360) 
4 258 269 (128 -112.00000000000003 -568) (128 -80 -568) (168 -80 -568) (168 -112.00000000000003 -568) 
4 258 268 (128 -80 -568) (128 -32 -568) (168 -32 -568) (168 -80 -568) 
4 258 267 (168 -32 -568) (232 -32 -568) (232 -112.00000000000003 -568) (168 -112.00000000000003 -568) 
4 258 261 (232 -32 -568) (960 -32 -568) (960 -112.00000000000003 -568) (232 -112.00000000000003 -568) 
4 258 259 (960 -104 -560) (960 -32 -488.00000000000006) (128 -32 -487.99999999999994) (128 -104 -559.9999999999999) 
4 260 391 (224 -128 -360) (128 -128 -360) (128 -128 -536) (224 -128 -536) 
4 260 317 (400 -128 -360) (224 -128 -360) (224 -128 -536) (400 -128 -536) 
4 260 314 (784 -128 -360) (400 -128 -360) (400 -128 -536) (784 -128 -536) 
4 260 311 (960 -128 -360) (784 -128 -360) (784 -128 -536) (960 -128 -536) 
4 261 267 (232 -32 -648) (232 -112 -648) (232 -112 -568) (232 -32 -568) 
4 261 266 (256 -112 -648) (376 -112 -648) (376 -112 -568) (256 -112 -568) 
4 261 265 (400 -112 -648) (408 -112 -648) (408 -112 -568) (400 -112 -568) 
4 261 264 (408 -112 -648) (416 -112 -648) (416 -112 -568) (408 -112 -568) 
4 261 263 (416 -112 -648) (776 -112 -648) (776 -112 -568) (416 -112 -568) 
4 261 262 (776 -112 -648) (960 -112 -648) (960 -112 -568) (776 -112 -568) 
4 262 263 (776 -112 -568) (776 -112 -648) (776 -120 -648) (776 -120 -568) 
4 263 315 (416 -128 -576) (416 -128 -640) (776 -128 -640) (776 -128 -576) 
4 263 264 (416 -112 -568) (416 -112 -648) (416 -120 -648) (416 -120 -568) 
4 264 265 (408 -112 -568) (408 -112 -648) (408 -120 -648) (408 -120 -568) 
4 265 315 (400 -128 -576) (400 -128 -640) (408 -128 -640) (408 -128 -576) 
4 266 320 (376 -128 -568) (256 -128 -568) (256 -128 -648) (376 -128 -648) 
4 267 269 (168 -80 -648) (168 -112 -648) (168 -112 -568) (168 -80 -568) 
4 267 268 (168 -80 -600) (168 -80 -568) (168 -32 -568) (168 -32 -600) 
4 268 269 (168 -80 -600) (168 -80 -568) (128 -80 -568) (128 -80 -600) 
4 270 408 (216 -128 -568) (128 -128 -568) (128 -128 -648) (216 -128 -648) 
4 270 402 (224 -128 -568) (216 -128 -568) (216 -128 -648) (224 -128 -648) 
4 270 320 (232 -128 -568) (224 -128 -568) (224 -128 -648) (232 -128 -648) 
4 271 282 (1592 -136 -648) (1592 -143.99999999999974 -648) (1592 -143.99999999999977 -360) (1592 -136 -360) 
4 272 282 (1592 -159.99999999999991 -648) (1592 -175.9999999999998 -648) (1592 -175.9999999999998 -360) (1592 -159.99999999999991 -360) 
4 273 282 (1592 -192.00000000000003 -648) (1592 -207.99999999999983 -648) (1592 -207.99999999999983 -360) (1592 -192.00000000000003 -360) 
4 274 292 (1592 -256.0000000000001 -648) (1592 -264 -648) (1592 -264 -592) (1592 -256.0000000000001 -592) 
4 274 287 (1592 -264 -592) (1592 -264 -360) (1592 -256.00000000000006 -360) (1592 -256.0000000000001 -592) 
4 274 276 (1592 -264 -360) (1592 -264 -648) (1600 -264 -648) (1600 -264 -360) 
4 275 282 (1592 -223.99999999999997 -648) (1592 -239.9999999999998 -648) (1592 -239.99999999999977 -360) (1592 -223.99999999999997 -360) 
4 276 292 (1592 -264 -648) (1592 -392 -648) (1592 -392 -592) (1592 -264 -592) 
4 276 287 (1592 -392 -592) (1592 -392 -360) (1592 -264 -360) (1592 -264 -592) 
4 276 279 (1592 -392 -360) (1592 -392 -648) (1599.9999999999998 -392 -648) (1599.9999999999998 -392 -360) 
4 277 294 (1592 -511.99999999999994 -648) (1592 -520 -648) (1592 -520 -360) (1592 -511.99999999999994 -360) 
4 278 294 (1592 -480 -648) (1592 -495.9999999999995 -648) (1592 -495.9999999999995 -360) (1592 -480 -360) 
4 279 292 (1592 -392 -648) (1592 -399.99999999999966 -648) (1592 -399.99999999999966 -592) (1592 -392 -592) 
4 279 287 (1592 -399.99999999999966 -592) (1592 -399.99999999999966 -360) (1592 -392 -360) (1592 -392 -592) 
4 280 294 (1592 -447.99999999999994 -648) (1592 -463.9999999999999 -648) (1592 -463.9999999999999 -360) (1592 -447.99999999999994 -360) 
4 281 292 (1592 -416 -648) (1592 -431.99999999999955 -648) (1592 -431.99999999999955 -592) (1592 -416 -592) 
4 281 287 (1592 -431.99999999999955 -592) (1592 -431.99999999999955 -360) (1592 -416 -360) (1592 -416 -592) 
4 282 466 (1208 -240 -648) (1200 -240 -648) (1200 -136 -648) (1208 -136 -648) 
4 282 465 (1224 -240 -648) (1208 -240 -648) (1208 -136 -648) (1224 -136 -648) 
4 282 464 (1240 -240 -648) (1224 -240 -648) (1224 -136 -648) (1240 -136 -648) 
4 282 463 (1256 -240 -648) (1240 -240 -648) (1240 -136 -648) (1256 -136 -648) 
4 282 306 (1200 -136 -648) (1200 -240 -648) (1200 -240 -632) (1200 -136 -632) 
4 282 305 (1200 -240 -632) (1200 -240 -624) (1200 -136 -624) (1200 -136 -632) 
4 282 304 (1200 -240 -624) (1200 -240 -360) (1200 -136 -360) (1200 -136 -624) 
4 282 286 (1200 -240 -632) (1200 -240 -648) (1280 -240 -648) (1280 -240 -632) 
4 282 285 (1288 -240 -648) (1592 -240 -648) (1592 -240 -632) (1288 -240 -632) 
4 282 284 (1200 -240 -360) (1200 -240 -624) (1288 -240 -624) (1288 -240 -360) 
4 282 283 (1288 -240 -632) (1592 -240 -632) (1592 -240 -360) (1288 -240 -360) 
4 283 292 (1288 -248 -632) (1592 -248 -632) (1592 -248 -592) (1288 -248 -592) 
4 283 287 (1592 -248 -592) (1592 -248 -360) (1288 -248 -360) (1288 -248 -592) 
4 283 285 (1592 -248 -632) (1288 -248 -632) (1288 -240 -632) (1592 -240 -632) 
4 283 284 (1288 -240 -360) (1288 -240 -624) (1288 -248 -624) (1288 -248 -360) 
4 284 304 (1200 -248 -624) (1200 -248 -360) (1200 -240 -360) (1200 -240 -624) 
4 284 293 (1200 -248 -592) (1200 -248 -624) (1208 -248 -624) (1208 -248 -592) 
4 284 292 (1280 -248 -624) (1288 -248 -624) (1288 -248 -592) (1280 -248 -592) 
4 284 291 (1200 -248 -360) (1200 -248 -592) (1216 -248 -592) (1216 -248 -360) 
4 284 288 (1216 -248 -592) (1256 -248 -592) (1256 -248 -360) (1216 -248 -360) 
4 284 287 (1256 -248 -592) (1288 -248 -592) (1288 -248 -360) (1256 -248 -360) 
4 285 292 (1288 -248 -648) (1592 -248 -648) (1592 -248 -632) (1288 -248 -632) 
4 286 293 (1200 -248 -632) (1200 -248 -648) (1208 -248 -648) (1208 -248 -632) 
4 287 298 (1256 -448 -592) (1376 -448 -592) (1376 -448 -360) (1256 -448 -360) 
4 287 297 (1432 -448 -584) (1432 -448 -360) (1376 -448 -360) (1376 -448 -584) 
4 287 296 (1432 -448 -592) (1480 -448 -592) (1480 -448 -360) (1432 -448 -360) 
4 287 294 (1480 -448 -592) (1592 -448 -592) (1592 -448 -360) (1480 -448 -360) 
4 287 292 (1592 -448 -592) (1280 -448 -592) (1280 -248 -592) (1592 -248 -592) 
4 287 290 (1256 -424 -592) (1256 -448 -592) (1256 -448 -360) (1256 -424 -360) 
4 287 289 (1256 -424 -544) (1256 -424 -360) (1256 -320 -360) (1256 -320 -544) 
4 287 288 (1256 -248 -360) (1256 -248 -592) (1256 -320 -592) (1256 -320 -360) 
4 288 291 (1216 -248 -360) (1216 -248 -592) (1216 -320 -592) (1216 -320 -360) 
4 288 289 (1216 -320 -360) (1216 -320 -544) (1256 -320 -544) (1256 -320 -360) 
4 289 291 (1216 -424 -544) (1216 -424 -360) (1216 -320 -360) (1216 -320 -544) 
4 289 290 (1216 -424 -360) (1216 -424 -544) (1256 -424 -544) (1256 -424 -360) 
4 290 298 (1216 -448 -592) (1256 -448 -592) (1256 -448 -360) (1216 -448 -360) 
4 290 291 (1216 -424 -592) (1216 -448 -592) (1216 -448 -360) (1216 -424 -360) 
4 291 304 (1200 -448 -592) (1200 -448 -360) (1200 -248 -360) (1200 -248 -592) 
4 291 298 (1200 -448 -360) (1200 -448 -592) (1216 -448 -592) (1216 -448 -360) 
4 291 293 (1208 -448 -592) (1200 -448 -592) (1200 -248 -592) (1208 -248 -592) 
4 292 298 (1280 -448 -648) (1376 -448 -648) (1376 -448 -592) (1280 -448 -592) 
4 292 296 (1432 -448 -648) (1480 -448 -648) (1480 -448 -592) (1432 -448 -592) 
4 292 294 (1480 -448 -648) (1592 -448 -648) (1592 -448 -592) (1480 -448 -592) 
4 293 307 (1200 -248 -648) (1200 -448 -648) (1200 -448 -632) (1200 -248 -632) 
4 293 304 (1200 -448 -624) (1200 -448 -592) (1200 -248 -592) (1200 -248 -624) 
4 293 298 (1200 -448 -592) (1200 -448 -648) (1208 -448 -648) (1208 -448 -592) 
4 294 296 (1480 -448 -360) (1480 -448 -648) (1480 -520 -648) (1480 -520 -360) 
4 294 295 (1480 -520 -360) (1480 -520 -648) (1560 -520 -648) (1560 -520 -360) 
4 295 296 (1480 -520 -648) (1480 -575.9999999999999 -648) (1480 -575.9999999999999 -360) (1480 -520 -360) 
4 296 299 (1432 -528 -648) (1432 -744 -648) (1432 -744 -360) (1432 -528 -360) 
4 296 297 (1432 -448 -360) (1432 -448 -584) (1432 -528 -584) (1432 -528 -360) 
4 297 300 (1400 -528 -360) (1376 -528 -360) (1376 -528 -584) (1400 -528 -584) 
4 297 299 (1432 -528 -584) (1432 -528 -360) (1400 -528 -360) (1400 -528 -584) 
4 297 298 (1376 -448 -360) (1376 -448 -584) (1376 -528 -584) (1376 -528 -360) 
4 298 307 (1200 -448 -648) (1200 -528 -648) (1200 -528 -632) (1200 -448 -632) 
4 298 304 (1200 -528 -624) (1200 -528 -360) (1200 -448 -360) (1200 -448 -624) 
4 298 303 (1200 -528 -360) (1200 -528 -648) (1344 -528 -648) (1344 -528 -360) 
4 298 300 (1344 -528 -648) (1376 -528 -648) (1376 -528 -360) (1344 -528 -360) 
4 299 302 (1400 -608 -648) (1400 -744 -648) (1400 -744 -360) (1400 -608 -360) 
4 299 301 (1400 -608 -616) (1400 -608 -360) (1400 -536 -360) (1400 -536 -616) 
4 299 300 (1400 -528 -360) (1400 -528 -648) (1400 -536 -648) (1400 -536 -360) 
4 300 303 (1344 -528 -360) (1344 -528 -648) (1344 -536 -648) (1344 -536 -360) 
4 300 301 (1344 -536 -360) (1344 -536 -616) (1400 -536 -616) (1400 -536 -360) 
4 301 303 (1344 -608 -616) (1344 -608 -360) (1344 -536 -360) (1344 -536 -616) 
4 301 302 (1344 -608 -360) (1344 -608 -616) (1400 -608 -616) (1400 -608 -360) 
4 302 303 (1344 -608 -648) (1344 -744 -648) (1344 -744 -360) (1344 -608 -360) 
4 303 309 (1200 -736 -648) (1200 -744 -648) (1200 -744 -632) (1200 -736 -632) 
4 303 308 (1200 -544 -648) (1200 -728 -648) (1200 -728 -632) (1200 -544 -632) 
4 303 307 (1200 -528 -648) (1200 -536 -648) (1200 -536 -632) (1200 -528 -632) 
4 303 304 (1200 -744 -624) (1200 -744 -360) (1200 -528 -360) (1200 -528 -624) 
4 304 362 (1192 -744 -624) (1192 -744 -544) (1192 -280 -544) (1192 -280 -624) 
4 304 360 (1192 -744 -544) (1192 -744 -536) (1192 -412.1983310874556 -536) (1192 -412.19833108745564 -544) 
4 304 359 (1192 -412.1983310874556 -536) (1192 -280 -536) (1192 -280 -544) (1192 -412.19833108745564 -544) 
4 304 355 (1192 -744 -536) (1192 -744 -360) (1192 -720 -360) (1192 -720 -536) 
4 304 348 (1192 -608 -528) (1192 -608 -536) (1192 -720 -536) (1192 -720 -528) 
4 304 346 (1192 -608 -440) (1192 -608 -528) (1192 -720 -528) (1192 -720 -440) 
4 304 343 (1192 -608 -416) (1192 -608 -440) (1192 -720 -440) (1192 -720 -416) 
4 304 342 (1192 -720 -360) (1192 -608 -360) (1192 -608 -416) (1192 -720 -416) 
4 304 337 (1192 -608 -360) (1192 -584 -360) (1192 -584 -536) (1192 -608 -536) 
4 304 329 (1192 -584 -360) (1192 -280 -360) (1192 -280 -536) (1192 -584 -536) 
4 304 321 (1192 -280 -360) (1192 -136 -360) (1192 -136 -624) (1192 -280 -624) 
4 304 305 (1192 -240 -624) (1192 -136 -624) (1200 -136 -624) (1200 -240 -624) 
4 305 321 (1192 -136 -632) (1192 -240 -632) (1192 -240 -624) (1192 -136 -624) 
4 305 306 (1192 -240 -632) (1192 -136 -632) (1200 -136 -632) (1200 -240 -632) 
4 306 466 (1200 -136 -648) (1200 -240 -648) (1192 -240 -648) (1192 -136 -648) 
4 306 321 (1192 -136 -648) (1192 -240 -648) (1192 -240 -632) (1192 -136 -632) 
4 307 375 (1192 -412.19833108745564 -648) (1192 -536 -648) (1192 -536 -640) (1192 -412.19833108745564 -640) 
4 307 374 (1192 -280 -648) (1192 -412.19833108745564 -648) (1192 -412.19833108745564 -640) (1192 -280 -640) 
4 307 362 (1192 -536 -640) (1192 -536 -632) (1192 -280 -632) (1192 -280 -640) 
4 307 321 (1192 -248 -648) (1192 -280 -648) (1192 -280 -632) (1192 -248 -632) 
4 308 375 (1192 -544 -648) (1192 -728 -648) (1192 -728 -640) (1192 -544 -640) 
4 308 362 (1192 -728 -640) (1192 -728 -632) (1192 -544 -632) (1192 -544 -640) 
4 309 375 (1192 -736 -648) (1192 -744 -648) (1192 -744 -640) (1192 -736 -640) 
4 309 362 (1192 -744 -640) (1192 -744 -632) (1192 -736 -632) (1192 -736 -640) 
4 310 325 (960 -136 -568) (960 -136 -559.9999999999999) (784 -136 -559.9999999999999) (784 -136 -568) 
3 310 313 (784 -128 -568) (784 -136 -568) (784 -136 -559.9999999999999) 
4 310 312 (792 -128 -568) (960 -128 -568) (960 -136 -568) (792 -136 -568) 
4 311 325 (960 -136 -544.0000000000001) (960 -136 -360) (784 -136 -360) (784 -136 -544.0000000000001) 
4 311 314 (784 -128 -360) (784 -128 -536) (784 -136 -544.0000000000001) (784 -136 -360) 
4 312 325 (792 -136 -648) (960 -136 -648) (960 -136 -568) (792 -136 -568) 
4 313 325 (784 -136 -568) (784 -136 -559.9999999999999) (400 -136 -559.9999999999999) (400 -136 -568) 
3 313 316 (400 -128 -568) (400 -136 -568) (400 -136 -559.9999999999999) 
4 314 325 (784 -136 -544.0000000000001) (784 -136 -360) (400 -136 -360) (400 -136 -544.0000000000001) 
4 314 317 (400 -128 -360) (400 -128 -536) (400 -136 -544.0000000000001) (400 -136 -360) 
4 315 325 (784 -136 -640) (784 -136 -576) (400 -136 -576) (400 -136 -640) 
3 316 402 (224 -128 -568) (224 -136 -568) (224 -136 -559.9999999999999) 
4 316 328 (224 -136 -559.9999999999999) (224 -136 -568) (384 -136 -568) (384 -136 -559.9999999999999) 
4 316 326 (384 -136 -568) (392 -136 -568) (392 -136 -559.9999999999999) (384 -136 -559.9999999999999) 
4 316 325 (392 -136 -568) (400 -136 -568) (400 -136 -559.9999999999999) (392 -136 -559.9999999999999) 
4 316 320 (384 -136 -568) (224 -136 -568) (224 -128 -568) (384 -128 -568) 
4 316 318 (392 -136 -568) (384 -136 -568) (384 -128 -568) (392 -128 -568) 
4 317 391 (224 -128 -360) (224 -128 -536) (224 -136 -544.0000000000001) (224 -136 -360) 
4 317 328 (224 -136 -360) (224 -136 -544.0000000000001) (384 -136 -544.0000000000001) (384 -136 -360) 
4 317 326 (384 -136 -544.0000000000001) (392 -136 -544.0000000000001) (392 -136 -360) (384 -136 -360) 
4 317 325 (392 -136 -544.0000000000001) (400 -136 -544.0000000000001) (400 -136 -360) (392 -136 -360) 
4 318 326 (392 -136 -624) (392 -136 -568) (384 -136 -568) (384 -136 -624) 
4 318 320 (384 -136 -624) (384 -136 -568) (384 -128 -568) (384 -128 -624) 
4 319 327 (384 -136 -648) (392 -136 -648) (392 -136 -632) (384 -136 -632) 
4 319 320 (384 -136 -648) (384 -136 -632) (384 -128 -632) (384 -128 -648) 
4 320 402 (224 -128 -568) (224 -128 -648) (224 -136 -648) (224 -136 -568) 
4 320 328 (224 -136 -568) (224 -136 -648) (384 -136 -648) (384 -136 -568) 
4 321 478 (1104 -280 -648) (1096 -280 -648) (1096 -136 -648) (1104 -136 -648) 
4 321 471 (1192 -272 -648) (1192 -280 -648) (1104 -280 -648) (1104 -272 -648) 
4 321 470 (1192 -256 -648) (1192 -272 -648) (1104 -272 -648) (1104 -256 -648) 
4 321 469 (1192 -240 -648) (1192 -256 -648) (1104 -256 -648) (1104 -240 -648) 
4 321 466 (1192 -136 -648) (1192 -240 -648) (1104 -240 -648) (1104 -136 -648) 
4 321 374 (1164.9742261192855 -280 -648) (1192 -280 -648) (1192 -280 -640) (1164.9742261192855 -280 -640) 
4 321 373 (1096 -280 -648) (1164.9742261192855 -280 -648) (1164.9742261192855 -280 -640) (1096 -280 -640) 
4 321 362 (1192 -280 -640) (1192 -280 -544) (1096 -280 -544) (1096 -280 -640) 
4 321 359 (1192 -280 -544) (1192 -280 -536) (1164.9742261192855 -280 -536) (1164.9742261192855 -280 -544) 
4 321 358 (1164.9742261192855 -280 -536) (1096 -280 -536) (1096 -280 -544) (1164.9742261192855 -280 -544) 
4 321 329 (1192 -280 -536) (1192 -280 -360) (1096 -280 -360) (1096 -280 -536) 
4 321 324 (1096 -248 -648) (1096 -280 -648) (1096 -280 -360) (1096 -248 -360) 
4 321 323 (1096 -248 -592) (1096 -248 -360) (1096 -144 -360) (1096 -144 -592) 
4 321 322 (1096 -136 -360) (1096 -136 -648) (1096 -144 -648) (1096 -144 -360) 
4 322 482 (968 -144 -648) (968 -136 -648) (1096 -136 -648) (1096 -144 -648) 
4 322 325 (968 -136 -360) (968 -136 -648) (968 -144 -648) (968 -144 -360) 
4 322 323 (968 -144 -360) (968 -144 -592) (1096 -144 -592) (1096 -144 -360) 
4 323 325 (968 -248 -592) (968 -248 -360) (968 -144 -360) (968 -144 -592) 
4 323 324 (968 -248 -360) (968 -248 -592) (1096 -248 -592) (1096 -248 -360) 
4 324 483 (1096 -280 -648) (968 -280 -648) (968 -248 -648) (1096 -248 -648) 
4 324 373 (968 -280 -648) (1096 -280 -648) (1096 -280 -640) (968 -280 -640) 
4 324 362 (1096 -280 -640) (1096 -280 -544) (968 -280 -544) (968 -280 -640) 
4 324 358 (1096 -280 -544) (1096 -280 -536) (968 -280 -536) (968 -280 -544) 
4 324 329 (1096 -280 -536) (1096 -280 -360) (968 -280 -360) (968 -280 -536) 
4 324 325 (968 -248 -648) (968 -280 -648) (968 -280 -360) (968 -248 -360) 
4 325 489 (784 -280 -648) (392 -280 -648) (392 -136 -648) (784 -136 -648) 
4 325 484 (968 -280 -648) (960 -280 -648) (960 -136 -648) (968 -136 -648) 
4 325 382 (392 -280 -648) (536 -280 -648) (536 -280 -536) (392 -280 -536) 
4 325 381 (536 -280 -648) (544 -280 -648) (544 -280 -640) (536 -280 -640) 
4 325 378 (544 -280 -648) (648 -280 -648) (648 -280 -640) (544 -280 -640) 
4 325 373 (648 -280 -648) (968 -280 -648) (968 -280 -640) (648 -280 -640) 
4 325 363 (831.0940107675854 -280 -544) (536 -280 -544) (536 -280 -640) (831.0940107675854 -280 -640) 
4 325 362 (968 -280 -640) (968 -280 -544) (831.0940107675854 -280 -544) (831.0940107675854 -280 -640) 
4 325 358 (968 -280 -544) (968 -280 -536) (536 -280 -536) (536 -280 -544) 
4 325 329 (968 -280 -536) (968 -280 -360) (392 -280 -360) (392 -280 -536) 
4 325 327 (392 -136 -632) (392 -136 -648) (392 -280 -648) (392 -280 -632) 
4 325 326 (392 -136 -360) (392 -136 -624) (392 -280 -624) (392 -280 -360) 
4 326 383 (392 -280 -624) (392 -280 -536) (384 -280 -536) (384 -280 -624) 
4 326 330 (392 -280 -536) (392 -280 -360) (384 -280 -360) (384 -280 -536) 
4 326 328 (384 -136 -360) (384 -136 -624) (384 -280 -624) (384 -280 -360) 
4 327 328 (384 -136 -632) (384 -136 -648) (384 -280 -648) (384 -280 -632) 
4 328 403 (224 -152 -648) (224 -280 -648) (224 -280 -560) (224 -152 -560) 
4 328 402 (224 -136 -648) (224 -144 -648) (224 -144 -560) (224 -136 -560) 
4 328 400 (224 -280 -552) (224 -280 -544) (224 -136 -544) (224 -136 -552) 
4 328 391 (224 -280 -544) (224 -280 -360) (224 -136 -360) (224 -136 -544) 
4 328 385 (224 -280 -632) (224 -280 -648) (384 -280 -648) (384 -280 -632) 
4 328 384 (224 -280 -536) (224 -280 -624) (384 -280 -624) (384 -280 -536) 
4 328 330 (224 -280 -360) (224 -280 -536) (384 -280 -536) (384 -280 -360) 
4 329 382 (392 -280 -536) (536 -280 -536) (536 -584 -536) (392 -584 -536) 
3 329 361 (627.8667160128367 -584 -536) (536 -584 -536) (536 -424.88218034126487 -536) 
3 329 360 (1192 -412.1983310874556 -536) (1192 -584 -536) (894.4307806183467 -584 -536) 
5 329 359 (1164.9742261192855 -280 -536) (1192 -280 -536) (1192 -412.1983310874556 -536) (978.5640646055101 -535.425625842204 -536) (914.5640646055103 -424.57437415779583 -536) 
5 329 358 (536 -280 -536) (1164.9742261192855 -280 -536) (638.4307806183471 -584 -536) (627.8667160128367 -584 -536) (536 -424.88218034126487 -536) 
4 329 338 (744 -584 -416) (744 -584 -360) (392 -584 -360) (392 -584 -416) 
4 329 337 (744 -584 -536) (1192 -584 -536) (1192 -584 -360) (744 -584 -360) 
4 329 333 (392 -432 -536) (392 -584 -536) (392 -584 -360) (392 -432 -360) 
4 329 332 (392 -432 -519.9999999999999) (392 -432 -488) (392 -344 -488) (392 -344 -519.9999999999999) 
4 329 331 (392 -432 -488) (392 -432 -360) (392 -344 -360) (392 -344 -488) 
4 329 330 (392 -280 -360) (392 -280 -536) (392 -344 -536) (392 -344 -360) 
4 330 391 (224 -344 -360) (224 -280 -360) (224 -280 -536) (224 -344 -536) 
4 330 386 (224 -344 -536) (224 -288 -536) (392 -288 -536) (392 -344 -536) 
4 330 384 (224 -288 -536) (224 -280 -536) (384 -280 -536) (384 -288 -536) 
4 330 383 (384 -280 -536) (392 -280 -536) (392 -288 -536) (384 -288 -536) 
3 330 332 (392 -344 -519.9999999999999) (392 -344 -488) (360 -344 -488) 
4 330 331 (224 -344 -360) (224 -344 -488) (392 -344 -488) (392 -344 -360) 
4 331 395 (224 -432 -360) (224 -400 -360) (224 -400 -488) (224 -432 -488) 
4 331 394 (224 -400 -360) (224 -376 -360) (224 -376 -488) (224 -400 -488) 
4 331 392 (224 -376 -360) (224 -344 -360) (224 -344 -488) (224 -376 -488) 
4 331 336 (224 -432 -360) (224 -432 -488) (344 -432 -488) (344 -432 -360) 
4 331 334 (344 -432 -488) (384 -432 -488) (384 -432 -360) (344 -432 -360) 
4 331 333 (384 -432 -488) (392 -432 -488) (392 -432 -360) (384 -432 -360) 
4 331 332 (392 -432 -488) (360 -432 -488) (360 -344 -488) (392 -344 -488) 
3 332 334 (384 -432 -488) (360 -432 -488) (384 -432 -511.9999999999999) 
4 332 333 (392 -432 -519.9999999999999) (392 -432 -488) (384 -432 -488) (384 -432 -511.9999999999999) 
4 333 387 (384 -432 -536) (392 -432 -536) (392 -536 -536) (384 -536 -536) 
4 333 338 (392 -584 -416) (392 -584 -360) (384 -584 -360) (384 -584 -416) 
4 333 335 (384 -584 -480) (384 -584 -360) (384 -544 -360) (384 -544 -480) 
4 333 334 (384 -432 -360) (384 -432 -536) (384 -544 -536) (384 -544 -360) 
4 334 387 (344 -432 -536) (384 -432 -536) (384 -536 -536) (344 -536 -536) 
4 334 336 (344 -432 -360) (344 -432 -536) (344 -544 -536) (344 -544 -360) 
4 334 335 (344 -544 -360) (344 -544 -480) (384 -544 -480) (384 -544 -360) 
4 335 340 (360 -584 -360) (344 -584 -360) (344 -584 -480) (360 -584 -480) 
4 335 339 (376 -584 -360) (360 -584 -360) (360 -584 -480) (376 -584 -480) 
4 335 338 (384 -584 -416) (384 -584 -360) (376 -584 -360) (376 -584 -416) 
4 335 336 (344 -584 -480) (344 -584 -360) (344 -544 -360) (344 -544 -480) 
4 336 397 (224 -584 -360) (224 -432 -360) (224 -432 -536) (224 -584 -536) 
4 336 387 (224 -536 -536) (224 -432 -536) (344 -432 -536) (344 -536 -536) 
4 336 341 (224 -584 -360) (224 -584 -536) (320 -584 -536) (320 -584 -360) 
4 336 340 (344 -584 -496) (344 -584 -360) (320 -584 -360) (320 -584 -496) 
4 337 360 (894.4307806183467 -584 -536) (1192 -584 -536) (1192 -608 -536) (852.8615612366937 -608 -536) 
4 337 348 (744 -608 -536) (1192 -608 -536) (1192 -608 -528) (744 -608 -528) 
4 337 346 (1192 -608 -528) (1192 -608 -440) (744 -608 -440) (744 -608 -528) 
4 337 343 (1192 -608 -440) (1192 -608 -416) (744 -608 -416) (744 -608 -440) 
4 337 342 (1192 -608 -416) (1192 -608 -360) (744 -608 -360) (744 -608 -416) 
4 337 338 (744 -584 -360) (744 -584 -416) (744 -608 -416) (744 -608 -360) 
4 338 342 (744 -608 -416) (744 -608 -360) (376 -608 -360) (376 -608 -416) 
4 338 339 (376 -584 -360) (376 -584 -416) (376 -608 -416) (376 -608 -360) 
4 339 351 (360 -608 -536) (376 -608 -536) (376 -608 -440) (360 -608 -440) 
4 339 345 (376 -608 -440) (376 -608 -416) (360 -608 -416) (360 -608 -440) 
4 339 342 (376 -608 -416) (376 -608 -360) (360 -608 -360) (360 -608 -416) 
4 339 340 (360 -584 -360) (360 -584 -496) (360 -608 -496) (360 -608 -360) 
4 340 352 (360 -608 -496) (360 -608 -440) (320 -608 -440) (320 -608 -496) 
4 340 345 (360 -608 -440) (360 -608 -416) (320 -608 -416) (320 -608 -440) 
4 340 342 (360 -608 -416) (360 -608 -360) (320 -608 -360) (320 -608 -416) 
4 340 341 (320 -584 -360) (320 -584 -496) (320 -608 -496) (320 -608 -360) 
4 341 397 (224 -608 -360) (224 -584 -360) (224 -584 -536) (224 -608 -536) 
4 341 354 (224 -608 -440) (224 -608 -536) (320 -608 -536) (320 -608 -440) 
4 341 345 (224 -608 -416) (224 -608 -440) (320 -608 -440) (320 -608 -416) 
4 341 342 (224 -608 -360) (224 -608 -416) (320 -608 -416) (320 -608 -360) 
4 342 398 (224 -720 -360) (224 -616 -360) (224 -616 -416) (224 -720 -416) 
4 342 397 (224 -616 -360) (224 -608 -360) (224 -608 -416) (224 -616 -416) 
4 342 357 (224 -720 -360) (224 -720 -416) (376 -720 -416) (376 -720 -360) 
4 342 356 (376 -720 -416) (744 -720 -416) (744 -720 -360) (376 -720 -360) 
4 342 355 (744 -720 -416) (1192 -720 -416) (1192 -720 -360) (744 -720 -360) 
4 342 345 (376 -720 -416) (224 -720 -416) (224 -608 -416) (376 -608 -416) 
4 342 344 (656 -720 -416) (544 -720 -416) (544 -608 -416) (656 -608 -416) 
4 342 343 (1192 -720 -416) (744 -720 -416) (744 -608 -416) (1192 -608 -416) 
4 343 355 (744 -720 -440) (1192 -720 -440) (1192 -720 -416) (744 -720 -416) 
4 343 346 (1192 -720 -440) (744 -720 -440) (744 -608 -440) (1192 -608 -440) 
4 344 347 (656 -720 -440) (544 -720 -440) (544 -608 -440) (656 -608 -440) 
4 345 398 (224 -616 -440) (224 -720 -440) (224 -720 -416) (224 -616 -416) 
4 345 397 (224 -608 -416) (224 -608 -440) (224 -616 -440) (224 -616 -416) 
4 345 357 (224 -720 -416) (224 -720 -440) (376 -720 -440) (376 -720 -416) 
4 345 354 (320 -720 -440) (224 -720 -440) (224 -608 -440) (320 -608 -440) 
4 345 353 (360 -720 -440) (320 -720 -440) (320 -624 -440) (360 -624 -440) 
4 345 352 (320 -624 -440) (320 -608 -440) (360 -608 -440) (360 -624 -440) 
4 345 351 (376 -720 -440) (360 -720 -440) (360 -608 -440) (376 -608 -440) 
4 346 355 (1192 -720 -528) (1192 -720 -440) (744 -720 -440) (744 -720 -528) 
4 346 348 (1192 -720 -528) (744 -720 -528) (744 -608 -528) (1192 -608 -528) 
4 347 350 (528 -720 -528) (528 -720 -440) (528 -608 -440) (528 -608 -528) 
4 347 349 (640 -720 -528) (528 -720 -528) (528 -608 -528) (640 -608 -528) 
5 348 360 (852.8615612366937 -608 -536) (1192 -608 -536) (1192 -720 -536) (744 -720 -536) (744 -670.8512516844081 -536) 
4 348 355 (744 -720 -536) (1192 -720 -536) (1192 -720 -528) (744 -720 -528) 
4 349 382 (528 -608 -536) (536 -608 -536) (536 -616 -536) (528 -616 -536) 
4 349 361 (536 -608 -536) (640 -608 -536) (640 -720 -536) (536 -720 -536) 
4 350 351 (376 -720 -528) (376 -720 -440) (376 -608 -440) (376 -608 -528) 
4 351 357 (360 -720 -536) (376 -720 -536) (376 -720 -440) (360 -720 -440) 
4 351 353 (360 -720 -536) (360 -720 -440) (360 -624 -440) (360 -624 -536) 
4 351 352 (360 -624 -440) (360 -608 -440) (360 -608 -496) (360 -624 -496) 
4 352 354 (320 -624 -440) (320 -608 -440) (320 -608 -496) (320 -624 -496) 
4 352 353 (320 -624 -440) (320 -624 -496) (360 -624 -496) (360 -624 -440) 
4 353 357 (320 -720 -536) (360 -720 -536) (360 -720 -440) (320 -720 -440) 
4 353 354 (320 -720 -536) (320 -720 -440) (320 -624 -440) (320 -624 -536) 
4 354 398 (224 -616 -536) (224 -720 -536) (224 -720 -440) (224 -616 -440) 
4 354 397 (224 -608 -440) (224 -608 -536) (224 -616 -536) (224 -616 -440) 
4 354 357 (224 -720 -440) (224 -720 -536) (320 -720 -536) (320 -720 -440) 
4 355 360 (744 -720 -536) (1192 -720 -536) (1192 -744 -536) (744 -744 -536) 
4 355 356 (744 -720 -360) (744 -720 -416) (744 -744 -416) (744 -744 -360) 
4 356 357 (376 -720 -360) (376 -720 -416) (376 -744 -416) (376 -744 -360) 
4 357 398 (224 -744 -536) (224 -744 -360) (224 -720 -360) (224 -720 -536) 
4 358 382 (536 -424.88218034126487 -536) (536 -280 -536) (536 -280 -544) (536 -424.88218034126487 -544) 
5 358 363 (536 -424.88218034126487 -544) (536 -280 -544) (831.0940107675854 -280 -544) (914.5640646055102 -424.5743741577959 -544) (630.5077321642143 -588.574374157796 -544) 
3 358 362 (831.0940107675854 -280 -544) (1164.9742261192855 -280 -544) (914.5640646055102 -424.5743741577959 -544) 
4 358 361 (536 -424.88218034126476 -536) (536 -424.88218034126476 -544) (630.5077321642144 -588.574374157796 -544) (630.5077321642144 -588.574374157796 -536) 
4 358 359 (914.5640646055103 -424.5743741577959 -544) (1164.9742261192855 -280 -544) (1164.974226119285 -280 -536) (914.5640646055101 -424.57437415779583 -536) 
5 359 362 (1164.9742261192855 -280 -544) (1192 -280 -544) (1192 -412.19833108745564 -544) (978.5640646055101 -535.425625842204 -544) (914.5640646055103 -424.5743741577959 -544) 
4 359 360 (978.5640646055101 -535.425625842204 -544) (1192 -412.1983310874556 -544) (1192 -412.19833108745553 -536) (978.5640646055101 -535.4256258422039 -536) 
4 360 365 (1098.984535671571 -744 -544) (720.2427590831767 -744 -544) (694.5077321642142 -699.4256258422041 -544) (978.5640646055101 -535.425625842204 -544) 
4 360 362 (1192 -412.19833108745564 -544) (1192 -744 -544) (1098.984535671571 -744 -544) (978.5640646055101 -535.425625842204 -544) 
4 360 361 (694.5077321642142 -699.4256258422041 -544) (720.2427590831767 -744 -544) (720.2427590831767 -744 -536) (694.5077321642142 -699.4256258422041 -536) 
4 361 382 (536 -616 -536) (536 -424.88218034126487 -536) (536 -424.88218034126487 -544) (536 -616 -544) 
4 361 372 (536 -744 -544) (536 -728 -544) (544 -728 -544) (544 -744 -544) 
4 361 371 (536 -728 -544) (536 -720 -544) (544 -720 -544) (544 -728 -544) 
4 361 370 (536 -720 -544) (536 -424.88218034126487 -544) (544 -438.7385868018159 -544) (544 -720 -544) 
4 361 369 (544 -438.7385868018159 -544) (648 -618.8718707889797 -544) (648 -744 -544) (544 -744 -544) 
4 361 368 (688 -696 -544) (688 -744 -544) (648 -744 -544) (648 -696 -544) 
4 361 367 (648 -618.8718707889797 -544) (688 -688.153903091735 -544) (688 -696 -544) (648 -696 -544) 
3 361 366 (688 -688.153903091735 -544) (720.2427590831767 -744 -544) (688 -744 -544) 
4 362 375 (1192 -412.19833108745564 -640) (1192 -744 -640) (1098.984535671571 -744 -640) (978.56406460551 -535.425625842204 -640) 
5 362 374 (1164.9742261192855 -280 -640) (1192 -280 -640) (1192 -412.19833108745564 -640) (978.56406460551 -535.425625842204 -640) (914.5640646055102 -424.5743741577959 -640) 
3 362 373 (831.0940107675854 -280 -640) (1164.9742261192855 -280 -640) (914.5640646055102 -424.5743741577959 -640) 
4 362 365 (978.5640646055101 -535.4256258422039 -640) (1098.9845356715712 -744 -640) (1098.9845356715712 -744 -544) (978.5640646055101 -535.425625842204 -544) 
4 362 364 (922.5640646055103 -438.43078061834683 -640) (970.5640646055102 -521.5692193816529 -640) (970.5640646055102 -521.569219381653 -544) (922.5640646055103 -438.43078061834683 -544) 
4 362 363 (831.0940107675856 -280 -640) (914.5640646055103 -424.5743741577958 -640) (914.5640646055103 -424.5743741577957 -544) (831.0940107675856 -280 -544) 
4 363 382 (536 -424.88218034126487 -544) (536 -280 -544) (536 -280 -640) (536 -424.88218034126487 -640) 
4 363 381 (536 -424.88218034126487 -640) (536 -280 -640) (544 -280 -640) (544 -438.7385868018159 -640) 
5 363 378 (544 -280 -640) (648 -280 -640) (648 -578.4752086140682 -640) (630.5077321642143 -588.574374157796 -640) (544 -438.7385868018159 -640) 
4 363 373 (648 -280 -640) (831.0940107675854 -280 -640) (914.5640646055102 -424.5743741577959 -640) (648 -578.4752086140682 -640) 
4 363 370 (536 -424.88218034126476 -640) (544 -438.7385868018158 -640) (544 -438.7385868018158 -544) (536 -424.88218034126476 -544) 
4 363 369 (544 -438.7385868018158 -640) (630.5077321642144 -588.574374157796 -640) (630.5077321642144 -588.574374157796 -544) (544 -438.7385868018158 -544) 
4 364 369 (638.5077321642144 -602.4307806183471 -640) (648 -618.8718707889795 -640) (648 -618.8718707889795 -544) (638.5077321642144 -602.4307806183471 -544) 
4 364 367 (648 -618.8718707889795 -640) (686.5077321642143 -685.5692193816532 -640) (686.5077321642143 -685.5692193816532 -544) (648 -618.8718707889795 -544) 
4 365 375 (978.56406460551 -535.425625842204 -640) (1098.984535671571 -744 -640) (720.2427590831767 -744 -640) (694.5077321642141 -699.4256258422041 -640) 
4 365 366 (694.5077321642142 -699.4256258422041 -640) (720.2427590831767 -744 -640) (720.2427590831767 -744 -544) (694.5077321642142 -699.4256258422041 -544) 
3 366 376 (688 -688.153903091735 -640) (720.2427590831767 -744 -640) (688 -744 -640) 
4 366 368 (688 -744 -600) (688 -744 -544) (688 -696 -544) (688 -696 -600) 
4 366 367 (688 -688.1539030917347 -544) (688 -688.1539030917347 -640) (688 -696 -640) (688 -696 -544) 
4 367 377 (648 -618.8718707889797 -640) (688 -688.153903091735 -640) (688 -696 -640) (648 -696 -640) 
4 367 369 (648 -618.8718707889798 -544) (648 -618.8718707889798 -640) (648 -696 -640) (648 -696 -544) 
4 367 368 (648 -696 -544) (648 -696 -600) (688 -696 -600) (688 -696 -544) 
4 368 369 (648 -744 -600) (648 -744 -544) (648 -696 -544) (648 -696 -600) 
4 369 380 (640 -736 -640) (544 -736 -640) (544 -712 -640) (640 -712 -640) 
4 369 379 (544 -438.7385868018159 -640) (648 -618.8718707889797 -640) (648 -712 -640) (544 -712 -640) 
4 369 372 (544 -728 -640) (544 -744 -640) (544 -744 -544) (544 -728 -544) 
4 369 371 (544 -728 -632) (544 -728 -544) (544 -720 -544) (544 -720 -632) 
4 369 370 (544 -438.7385868018155 -544) (544 -438.7385868018155 -640) (544 -720 -640) (544 -720 -544) 
4 370 388 (536 -720 -544) (536 -632 -544) (536 -632 -640) (536 -720 -640) 
4 370 382 (536 -616 -544) (536 -424.88218034126487 -544) (536 -424.88218034126487 -640) (536 -616 -640) 
4 370 381 (536 -720 -640) (536 -424.88218034126487 -640) (544 -438.7385868018159 -640) (544 -720 -640) 
4 370 371 (544 -720 -632) (544 -720 -544) (536 -720 -544) (536 -720 -632) 
4 371 389 (536 -728 -544) (536 -720 -544) (536 -720 -632) (536 -728 -632) 
4 371 372 (544 -728 -632) (544 -728 -544) (536 -728 -544) (536 -728 -632) 
4 373 489 (648 -578.475208614068 -648) (648 -280 -648) (784 -280 -648) (784 -499.9555720042789 -648) 
4 373 484 (960 -280 -648) (968 -280 -648) (968 -393.7231224733878 -648) (960 -398.34192462690476 -648) 
4 373 483 (968 -280 -648) (1096 -280 -648) (1096 -319.8222880171156 -648) (968 -393.7231224733878 -648) 
4 373 478 (1096 -280 -648) (1104 -280 -648) (1104 -315.2034858635986 -648) (1096 -319.8222880171156 -648) 
3 373 471 (1104 -280 -648) (1164.9742261192855 -280 -648) (1104 -315.2034858635986 -648) 
4 373 378 (648 -578.475208614068 -640) (648 -280 -640) (648 -280 -648) (648 -578.4752086140682 -648) 
4 373 374 (914.5640646055103 -424.574374157796 -648) (1164.974226119286 -280 -648) (1164.974226119286 -280 -640) (914.5640646055103 -424.574374157796 -640) 
4 374 488 (1046.851251684408 -496 -648) (978.5640646055101 -535.425625842204 -648) (960 -503.2717227504693 -648) (960 -496 -648) 
4 374 484 (968 -496 -648) (960 -496 -648) (960 -398.34192462690476 -648) (968 -393.7231224733878 -648) 
5 374 483 (1096 -467.62395692965976 -648) (1046.851251684408 -496 -648) (968 -496 -648) (968 -393.7231224733878 -648) (1096 -319.8222880171156 -648) 
4 374 478 (1104 -463.0051547761427 -648) (1096 -467.62395692965976 -648) (1096 -319.8222880171156 -648) (1104 -315.20348586359864 -648) 
5 374 471 (1192 -280 -648) (1192 -412.19833108745564 -648) (1104 -463.0051547761427 -648) (1104 -315.20348586359864 -648) (1164.9742261192855 -280 -648) 
4 374 375 (978.5640646055101 -535.4256258422039 -648) (1192 -412.19833108745553 -648) (1192 -412.19833108745553 -640) (978.5640646055101 -535.4256258422039 -640) 
5 375 488 (1056 -744 -648) (960 -744 -648) (960 -546.1435935394488 -648) (1046.851251684408 -496 -648) (1056 -496 -648) 
4 375 487 (1072 -744 -648) (1056 -744 -648) (1056 -496 -648) (1072 -496 -648) 
4 375 486 (1088 -744 -648) (1072 -744 -648) (1072 -496 -648) (1088 -496 -648) 
4 375 485 (1104 -744 -648) (1088 -744 -648) (1088 -496 -648) (1104 -496 -648) 
3 375 483 (1046.851251684408 -496 -648) (1096 -467.62395692965976 -648) (1096 -496 -648) 
4 375 478 (1096 -467.62395692965976 -648) (1104 -463.0051547761427 -648) (1104 -496 -648) (1096 -496 -648) 
4 375 471 (1192 -412.19833108745564 -648) (1192 -744 -648) (1104 -744 -648) (1104 -463.0051547761427 -648) 
4 375 376 (694.5077321642143 -699.4256258422039 -648) (720.2427590831769 -744 -648) (720.2427590831769 -744 -640) (694.5077321642143 -699.4256258422039 -640) 
4 376 377 (688 -688.1539030917347 -640) (688 -688.1539030917347 -648) (688 -696 -648) (688 -696 -640) 
4 377 379 (648 -696 -640) (648 -618.8718707889797 -640) (648 -618.8718707889795 -648) (648 -696 -648) 
6 378 489 (544 -280 -648) (648 -280 -648) (648 -578.4752086140682 -648) (638.4307806183472 -584 -648) (627.8667160128368 -584 -648) (544 -438.7385868018159 -648) 
4 378 381 (544 -438.7385868018159 -640) (544 -280 -640) (544 -280 -648) (544 -438.7385868018159 -648) 
4 378 379 (544 -438.73858680181615 -640) (544 -438.73858680181615 -648) (630.5077321642142 -588.574374157796 -648) (630.5077321642142 -588.574374157796 -640) 
3 379 489 (544 -584 -648) (544 -438.7385868018159 -648) (627.8667160128368 -584 -648) 
4 379 381 (544 -712 -640) (544 -438.7385868018159 -640) (544 -438.7385868018159 -648) (544 -712 -648) 
4 379 380 (544 -712 -640) (544 -712 -648) (640 -712 -648) (640 -712 -640) 
4 380 381 (544 -720 -640) (544 -712 -640) (544 -712 -648) (544 -720 -648) 
4 381 489 (536 -584 -648) (536 -280 -648) (544 -280 -648) (544 -584 -648) 
4 381 382 (536 -616 -640) (536 -280 -640) (536 -280 -648) (536 -616 -648) 
4 382 489 (392 -280 -648) (536 -280 -648) (536 -584 -648) (392 -584 -648) 
4 382 387 (392 -536 -536) (392 -432 -536) (392 -432 -648) (392 -536 -648) 
4 382 386 (392 -344 -536) (392 -288 -536) (392 -288 -648) (392 -344 -648) 
4 382 383 (392 -288 -536) (392 -280 -536) (392 -280 -624) (392 -288 -624) 
4 383 386 (392 -288 -624) (392 -288 -536) (384 -288 -536) (384 -288 -624) 
4 383 384 (384 -288 -624) (384 -288 -536) (384 -280 -536) (384 -280 -624) 
4 384 400 (224 -288 -552) (224 -288 -544) (224 -280 -544) (224 -280 -552) 
4 384 391 (224 -288 -544) (224 -288 -536) (224 -280 -536) (224 -280 -544) 
4 384 386 (384 -288 -536) (224 -288 -536) (224 -288 -624) (384 -288 -624) 
4 385 386 (224 -288 -632) (224 -288 -648) (384 -288 -648) (384 -288 -632) 
4 386 508 (248 -288 -648) (272 -288 -648) (272 -344 -648) (248 -344 -648) 
4 386 506 (272 -288 -648) (296 -288 -648) (296 -344 -648) (272 -344 -648) 
4 386 504 (296 -288 -648) (320 -288 -648) (320 -344 -648) (296 -344 -648) 
4 386 502 (320 -288 -648) (344 -288 -648) (344 -344 -648) (320 -344 -648) 
4 386 500 (344 -288 -648) (368 -288 -648) (368 -344 -648) (344 -344 -648) 
4 386 498 (368 -288 -648) (392 -288 -648) (392 -344 -648) (368 -344 -648) 
4 386 404 (224 -288 -648) (224 -344 -648) (224 -344 -560) (224 -288 -560) 
4 386 400 (224 -344 -552) (224 -344 -544) (224 -288 -544) (224 -288 -552) 
4 386 391 (224 -344 -544) (224 -344 -536) (224 -288 -536) (224 -288 -544) 
4 387 511 (224 -536 -648) (224 -432 -648) (392 -432 -648) (392 -536 -648) 
4 387 406 (224 -432 -648) (224 -536 -648) (224 -536 -560) (224 -432 -560) 
4 387 400 (224 -536 -552) (224 -536 -544) (224 -432 -544) (224 -432 -552) 
4 387 397 (224 -536 -544) (224 -536 -536) (224 -432 -536) (224 -432 -544) 
4 388 409 (224 -720 -544) (224 -632 -544) (224 -632 -640) (224 -720 -640) 
4 388 390 (224 -720 -640) (520 -720 -640) (520 -720 -544) (224 -720 -544) 
4 388 389 (536 -720 -632) (536 -720 -544) (528 -720 -544) (528 -720 -632) 
4 390 409 (224 -728 -544) (224 -720 -544) (224 -720 -640) (224 -728 -640) 
4 391 400 (224 -135.99999999999997 -544) (224 -344 -544) (128 -344 -544) (128 -136 -544) 
4 391 393 (224 -344 -520) (224 -344 -512) (128 -344 -512) (128 -344 -520) 
4 391 392 (224 -344 -488) (224 -344 -360) (128 -344 -360) (128 -344 -488) 
4 392 394 (224 -376 -488) (224 -376 -360) (128 -376 -360) (128 -376 -488) 
4 393 394 (224 -376 -520) (224 -376 -512) (128 -376 -512) (128 -376 -520) 
4 394 400 (224 -376 -544) (224 -400 -544) (128 -400 -544) (128 -376 -544) 
4 394 396 (224 -400 -520) (224 -400 -512) (128 -400 -512) (128 -400 -520) 
4 394 395 (224 -400 -488) (224 -400 -360) (128 -400 -360) (128 -400 -488) 
4 395 399 (208 -432 -360) (128 -432 -360) (128 -432 -488) (208 -432 -488) 
4 395 397 (224 -432 -488) (224 -432 -360) (208 -432 -360) (208 -432 -488) 
4 396 399 (208 -432 -512) (128 -432 -512) (128 -432 -520) (208 -432 -520) 
4 396 397 (224 -432 -520) (224 -432 -512) (208 -432 -512) (208 -432 -520) 
4 397 401 (224 -608 -544) (224 -616 -544) (208 -616 -544) (208 -608 -544) 
4 397 400 (224 -432 -544) (224 -608 -544) (208 -608 -544) (208 -432 -544) 
4 397 399 (208 -432 -360) (208 -432 -544) (208 -616 -544) (208 -616 -360) 
4 397 398 (208 -616 -360) (208 -616 -536) (224 -616 -536) (224 -616 -360) 
4 398 399 (208 -744 -536) (208 -744 -360) (208 -616 -360) (208 -616 -536) 
4 399 410 (208 -744 -544) (128 -744 -544) (128 -616 -544) (208 -616 -544) 
4 399 401 (128 -616 -544) (128 -608 -544) (208 -608 -544) (208 -616 -544) 
4 399 400 (128 -608 -544) (128 -432 -544) (208 -432 -544) (208 -608 -544) 
4 400 401 (224 -608 -552) (224 -608 -544) (128 -608 -544) (128 -608 -552) 
4 401 410 (208 -616 -544) (128 -616 -544) (128 -616 -560) (208 -616 -560) 
4 401 408 (216 -616 -560) (128 -616 -560) (128 -608 -560) (216 -608 -560) 
4 401 407 (224 -616 -560) (216 -616 -560) (216 -608 -560) (224 -608 -560) 
5 402 408 (216 -144 -560) (216 -135.99999999999997 -560) (216 -128 -568) (216 -128 -648) (216 -144 -648) 
4 403 408 (216 -280 -560) (216 -152 -560) (216 -152 -648) (216 -280 -648) 
4 404 408 (216 -344 -560) (216 -288 -560) (216 -288 -648) (216 -344 -648) 
4 405 408 (216 -424 -560) (216 -352 -560) (216 -352 -648) (216 -424 -648) 
4 406 408 (216 -536 -560) (216 -432 -560) (216 -432 -648) (216 -536 -648) 
4 407 408 (216 -616 -648) (216 -616 -560) (216 -544 -560) (216 -544 -648) 
4 408 411 (128 -616 -640) (128 -616 -648) (208 -616 -648) (208 -616 -640) 
4 408 410 (208 -616 -560) (128 -616 -560) (128 -616 -640) (208 -616 -640) 
4 409 410 (208 -632 -640) (208 -728 -640) (208 -728 -544) (208 -632 -544) 
4 410 411 (128 -616 -640) (208 -616 -640) (208 -744 -640) (128 -744 -640) 
4 412 520 (128 -1784 -648) (128 -824 -648) (392 -824 -648) (392 -1784 -648) 
4 412 492 (392 -824 -648) (1104 -824 -648) (1104 -1784 -648) (392 -1784 -648) 
4 412 476 (1104 -824 -648) (1608 -824 -648) (1608 -1784 -648) (1104 -1784 -648) 
4 412 421 (128 -824 -648) (128 -1784 -648) (128 -1784 -360) (128 -824 -360) 
4 413 523 (128 -2040 -648) (128 -1784 -648) (392 -1784 -648) (392 -2040 -648) 
4 413 493 (392 -1784 -648) (1104 -1784 -648) (1104 -2040 -648) (392 -2040 -648) 
4 413 477 (1104 -1784 -648) (1608 -1784 -648) (1608 -2040 -648) (1104 -2040 -648) 
4 413 424 (128 -1784 -648) (128 -2040 -648) (128 -2040 -360) (128 -1784 -360) 
4 414 419 (104 -760 335.2138976801872) (104 -760 327.213897680185) (128 -760 327.213897680185) (128 -760 335.2138976801872) 
4 414 416 (104 -32 335.2138976801872) (104 -32 327.213897680185) (104 -760 327.213897680185) (104 -760 335.2138976801872) 
4 415 420 (104 -760 327.213897680185) (104 -760 -64) (128 -760 -64) (128 -760 327.213897680185) 
4 415 417 (104 -32 327.213897680185) (104 -32 -64) (104 -760 -64) (104 -760 327.213897680185) 
4 416 423 (24 -32 335.2138976801872) (24 -32 327.213897680185) (24 -760 327.213897680185) (24 -760 335.2138976801872) 
4 416 419 (24 -760 335.2138976801872) (24 -760 327.213897680185) (104 -760 327.213897680185) (104 -760 335.2138976801872) 
4 417 420 (104 -760 -64) (104 -760 327.213897680185) (64 -760 327.213897680185) (64 -760 -64) 
4 417 418 (64 -760 -64) (64 -760 327.213897680185) (64 -32 327.213897680185) (64 -32 -64) 
4 418 517 (64 -288 -648) (64 -760 -648) (24 -760 -648) (24 -288 -648) 
4 418 496 (24 -32 -648) (64 -32 -648) (64 -288 -648) (24 -288 -648) 
4 418 422 (24 -760 327.213897680185) (24 -760 -648) (64 -760 -648) (64 -760 327.213897680185) 
4 419 424 (24 -1784 335.2138976801872) (24 -1784 327.213897680185) (128 -1784 327.213897680185) (128 -1784 335.2138976801872) 
4 419 423 (24 -760 335.2138976801872) (24 -760 327.213897680185) (24 -1784 327.213897680185) (24 -1784 335.2138976801872) 
4 420 422 (64 -824 327.213897680185) (64 -760 327.213897680185) (64 -760 -64) (64 -824 -64) 
4 420 421 (64 -824 327.213897680185) (64 -824 -64) (128 -824 -64) (128 -824 327.213897680185) 
4 421 520 (128 -824 -648) (128 -1784 -648) (64 -1784 -648) (64 -824 -648) 
4 421 422 (64 -1784 -648) (64 -1784 327.213897680185) (64 -824 327.213897680185) (64 -824 -648) 
4 422 521 (64 -1784 -648) (24 -1784 -648) (24 -760 -648) (64 -760 -648) 
4 423 522 (24 -760 -648) (24 -1784 -648) (-232 -1784 -648) (-232 -760 -648) 
4 423 518 (24 -288 -648) (24 -760 -648) (-232 -760 -648) (-232 -288 -648) 
4 423 497 (-232 -32 -648) (24 -32 -648) (24 -288 -648) (-232 -288 -648) 
4 423 424 (8 -1784 -648) (24 -1784 -648) (24 -1784 335.2138976801872) (8 -1784 335.2138976801872) 
4 424 523 (8 -2040 -648) (8 -1784 -648) (128 -1784 -648) (128 -2040 -648) 
4 425 524 (2736 -1784 -776) (2608 -1784 -776) (2608 -32 -776) (2736 -32 -776) 
4 425 429 (2608 -1784 -776) (2736 -1784 -776) (2736 -1784 -648) (2608 -1784 -648) 
4 425 426 (2608 -32 -776) (2608 -1784 -776) (2608 -1784 -648) (2608 -32 -648) 
4 426 525 (2608 -1784 -776) (2480 -1784 -776) (2480 -32 -776) (2608 -32 -776) 
4 426 430 (2480 -1784 -776) (2608 -1784 -776) (2608 -1784 -648) (2480 -1784 -648) 
4 426 427 (2480 -32 -776) (2480 -1784 -776) (2480 -1784 -648) (2480 -32 -648) 
4 427 526 (2480 -1784 -776) (2352 -1784 -776) (2352 -32 -776) (2480 -32 -776) 
4 427 434 (2352 -1784 -776) (2480 -1784 -776) (2480 -1784 -648) (2352 -1784 -648) 
4 428 527 (2352 -1784 -776) (1832 -1784 -776) (1832 -32 -776) (2352 -32 -776) 
4 428 438 (1832 -1032 -776) (1832 -1784 -776) (1832 -1784 -648) (1832 -1032 -648) 
4 428 437 (1832 -32 -776) (1832 -136 -776) (1832 -136 -648) (1832 -32 -648) 
4 429 529 (2608 -1784 -776) (2736 -1784 -776) (2736 -1792 -776) (2608 -1792 -776) 
4 429 431 (2608 -1792 -776) (2736 -1792 -776) (2736 -1792 -648) (2608 -1792 -648) 
4 429 430 (2608 -1784 -648) (2608 -1784 -776) (2608 -1792 -776) (2608 -1792 -648) 
4 430 530 (2480 -1792 -776) (2480 -1784 -776) (2608 -1784 -776) (2608 -1792 -776) 
4 430 434 (2480 -1784 -648) (2480 -1784 -776) (2480 -1792 -776) (2480 -1792 -648) 
4 430 432 (2480 -1792 -648) (2480 -1792 -776) (2608 -1792 -776) (2608 -1792 -648) 
4 431 531 (2608 -2040 -776) (2608 -1792 -776) (2736 -1792 -776) (2736 -2040 -776) 
4 431 433 (2608 -2032 -776) (2608 -2040 -776) (2608 -2040 -648) (2608 -2032 -648) 
4 431 432 (2608 -1792 -648) (2608 -1792 -776) (2608 -2032 -776) (2608 -2032 -648) 
4 432 532 (2480 -2032 -776) (2480 -1792 -776) (2608 -1792 -776) (2608 -2032 -776) 
4 432 434 (2480 -1792 -776) (2480 -2032 -776) (2480 -2032 -648) (2480 -1792 -648) 
4 432 433 (2480 -2032 -648) (2480 -2032 -776) (2608 -2032 -776) (2608 -2032 -648) 
4 433 533 (2480 -2040 -776) (2480 -2032 -776) (2608 -2032 -776) (2608 -2040 -776) 
4 433 435 (2480 -2032 -776) (2480 -2040 -776) (2480 -2040 -648) (2480 -2032 -648) 
4 434 534 (2352 -2032 -776) (2352 -1784 -776) (2480 -1784 -776) (2480 -2032 -776) 
4 434 436 (2352 -1784 -648) (2352 -1784 -776) (2352 -2032 -776) (2352 -2032 -648) 
4 434 435 (2352 -2032 -648) (2352 -2032 -776) (2480 -2032 -776) (2480 -2032 -648) 
4 435 535 (2352 -2040 -776) (2352 -2032 -776) (2480 -2032 -776) (2480 -2040 -776) 
4 435 436 (2352 -2032 -776) (2352 -2040 -776) (2352 -2040 -648) (2352 -2032 -648) 
4 436 536 (1832 -2040 -776) (1832 -1784 -776) (2352 -1784 -776) (2352 -2040 -776) 
4 436 439 (1832 -1784 -776) (1832 -2040 -776) (1832 -2040 -648) (1832 -1784 -648) 
4 437 527 (1808 -136 -776) (1808 -32 -776) (1832 -32 -776) (1832 -136 -776) 
4 437 440 (1808 -32 -776) (1808 -136 -776) (1808 -136 -648) (1808 -32 -648) 
4 438 527 (1808 -1784 -776) (1808 -1032 -776) (1832 -1032 -776) (1832 -1784 -776) 
4 438 459 (1808 -1032 -776) (1808 -1784 -776) (1808 -1784 -728) (1808 -1032 -728) 
4 438 457 (1808 -1784 -728) (1808 -1784 -712) (1808 -1032 -712) (1808 -1032 -728) 
4 438 456 (1808 -1784 -712) (1808 -1784 -648) (1808 -1032 -648) (1808 -1032 -712) 
4 439 536 (1808 -2040 -776) (1808 -1784 -776) (1832 -1784 -776) (1832 -2040 -776) 
4 439 460 (1808 -1784 -776) (1808 -2040 -776) (1808 -2040 -648) (1808 -1784 -648) 
4 440 527 (1664 -240 -776) (1664 -32 -776) (1808 -32 -776) (1808 -240 -776) 
4 440 468 (1664 -136 -776) (1664 -240 -776) (1664 -240 -736) (1664 -136 -736) 
4 440 467 (1664 -240 -736) (1664 -240 -680) (1664 -136 -680) (1664 -136 -736) 
4 440 462 (1664 -240 -680) (1664 -240 -648) (1664 -136 -648) (1664 -136 -680) 
4 440 461 (1664 -32 -776) (1664 -136 -776) (1664 -136 -648) (1664 -32 -648) 
4 441 443 (1664 -776 -648) (1664 -776 -656) (1808 -776 -656) (1808 -776 -648) 
4 442 527 (1664 -776 -776) (1664 -744 -776) (1808 -744 -776) (1808 -776 -776) 
4 442 444 (1664 -776 -680) (1664 -776 -776) (1808 -776 -776) (1808 -776 -680) 
4 443 445 (1664 -808 -648) (1664 -808 -664) (1808 -808 -664) (1808 -808 -648) 
4 444 527 (1664 -808 -776) (1664 -776 -776) (1808 -776 -776) (1808 -808 -776) 
4 444 446 (1664 -808 -688) (1664 -808 -776) (1808 -808 -776) (1808 -808 -688) 
4 445 447 (1664 -840 -648) (1664 -840 -672) (1808 -840 -672) (1808 -840 -648) 
4 446 527 (1664 -840 -776) (1664 -808 -776) (1808 -808 -776) (1808 -840 -776) 
4 446 448 (1664 -840 -696) (1664 -840 -776) (1808 -840 -776) (1808 -840 -696) 
4 447 449 (1664 -872 -648) (1664 -872 -680) (1808 -872 -680) (1808 -872 -648) 
4 448 527 (1664 -872 -776) (1664 -840 -776) (1808 -840 -776) (1808 -872 -776) 
4 448 450 (1664 -872 -704) (1664 -872 -776) (1808 -872 -776) (1808 -872 -704) 
4 449 451 (1664 -904 -648) (1664 -904 -688) (1808 -904 -688) (1808 -904 -648) 
4 450 527 (1664 -904 -776) (1664 -872 -776) (1808 -872 -776) (1808 -904 -776) 
4 450 452 (1664 -904 -712) (1664 -904 -776) (1808 -904 -776) (1808 -904 -712) 
4 451 453 (1664 -936 -648) (1664 -936 -696) (1808 -936 -696) (1808 -936 -648) 
4 452 527 (1664 -936 -776) (1664 -904 -776) (1808 -904 -776) (1808 -936 -776) 
4 452 454 (1664 -936 -720) (1664 -936 -776) (1808 -936 -776) (1808 -936 -720) 
4 453 455 (1664 -968 -648) (1664 -968 -704) (1808 -968 -704) (1808 -968 -648) 
4 454 527 (1664 -968 -776) (1664 -936 -776) (1808 -936 -776) (1808 -968 -776) 
4 454 458 (1664 -968 -728) (1664 -968 -776) (1808 -968 -776) (1808 -968 -728) 
4 456 475 (1664 -1784 -712) (1664 -1784 -648) (1664 -1032 -648) (1664 -1032 -712) 
4 456 457 (1808 -1784 -712) (1664 -1784 -712) (1664 -1032 -712) (1808 -1032 -712) 
4 457 475 (1664 -1784 -728) (1664 -1784 -712) (1664 -1032 -712) (1664 -1032 -728) 
4 457 459 (1808 -1784 -728) (1664 -1784 -728) (1664 -1032 -728) (1808 -1032 -728) 
4 458 527 (1664 -1000 -776) (1664 -968 -776) (1808 -968 -776) (1808 -1000 -776) 
4 459 527 (1664 -1784 -776) (1664 -1032 -776) (1808 -1032 -776) (1808 -1784 -776) 
4 459 475 (1664 -1032 -776) (1664 -1784 -776) (1664 -1784 -728) (1664 -1032 -728) 
4 460 536 (1664 -2040 -776) (1664 -1784 -776) (1808 -1784 -776) (1808 -2040 -776) 
4 460 477 (1664 -1784 -776) (1664 -2040 -776) (1664 -2040 -648) (1664 -1784 -648) 
4 461 527 (1608 -32 -776) (1664 -32 -776) (1664 -136 -776) (1608 -136 -776) 
4 461 468 (1608 -136 -776) (1664 -136 -776) (1664 -136 -736) (1608 -136 -736) 
4 461 467 (1664 -136 -736) (1664 -136 -680) (1608 -136 -680) (1608 -136 -736) 
4 461 462 (1664 -136 -680) (1664 -136 -648) (1608 -136 -648) (1608 -136 -680) 
4 462 467 (1664 -240 -680) (1608 -240 -680) (1608 -136 -680) (1664 -136 -680) 
4 463 464 (1240 -136 -648) (1240 -136 -656) (1240 -240 -656) (1240 -240 -648) 
4 464 465 (1224 -136 -648) (1224 -136 -664) (1224 -240 -664) (1224 -240 -648) 
4 465 466 (1208 -136 -648) (1208 -136 -672) (1208 -240 -672) (1208 -240 -648) 
4 466 480 (1104 -240 -680) (1104 -240 -664) (1104 -152 -664) (1104 -152 -680) 
4 466 479 (1104 -144 -664) (1104 -136 -664) (1104 -136 -680) (1104 -144 -680) 
4 466 478 (1104 -240 -656) (1104 -240 -648) (1104 -136 -648) (1104 -136 -656) 
4 466 469 (1104 -240 -648) (1104 -240 -680) (1192 -240 -680) (1192 -240 -648) 
4 467 468 (1664 -240 -736) (1608 -240 -736) (1608 -136 -736) (1664 -136 -736) 
4 468 527 (1608 -136 -776) (1664 -136 -776) (1664 -240 -776) (1608 -240 -776) 
4 469 480 (1104 -240 -664) (1104 -240 -680) (1104 -256 -680) (1104 -256 -664) 
4 469 478 (1104 -256 -648) (1104 -240 -648) (1104 -240 -656) (1104 -256 -656) 
4 469 470 (1104 -256 -648) (1104 -256 -680) (1192 -256 -680) (1192 -256 -648) 
4 470 480 (1104 -256 -664) (1104 -256 -680) (1104 -272 -680) (1104 -272 -664) 
4 470 478 (1104 -272 -648) (1104 -256 -648) (1104 -256 -656) (1104 -272 -656) 
4 470 471 (1104 -272 -648) (1104 -272 -688) (1192 -272 -688) (1192 -272 -648) 
4 471 485 (1104 -744 -696) (1104 -744 -648) (1104 -496 -648) (1104 -496 -696) 
4 471 481 (1104 -304 -680) (1104 -488 -680) (1104 -488 -664) (1104 -304 -664) 
4 471 480 (1104 -272 -664) (1104 -272 -680) (1104 -296 -680) (1104 -296 -664) 
4 471 478 (1104 -496 -648) (1104 -272 -648) (1104 -272 -656) (1104 -496 -656) 
4 471 472 (1192 -288 -696) (1192 -744 -696) (1104 -744 -696) (1104 -288 -696) 
4 472 485 (1104 -744 -704) (1104 -744 -696) (1104 -496 -696) (1104 -496 -704) 
4 473 527 (1480 -744 -776) (1648 -744 -776) (1648 -760 -776) (1480 -760 -776) 
4 473 474 (1480 -760 -776) (1648 -760 -776) (1648 -760 -768) (1480 -760 -768) 
4 474 527 (1104 -824 -776) (1104 -760 -776) (1648 -760 -776) (1648 -824 -776) 
4 474 491 (1104 -760 -776) (1104 -824 -776) (1104 -824 -768) (1104 -760 -768) 
4 474 476 (1104 -824 -768) (1104 -824 -776) (1648 -824 -776) (1648 -824 -768) 
4 475 527 (1664 -1032 -776) (1664 -1784 -776) (1648 -1784 -776) (1648 -1032 -776) 
4 475 476 (1648 -1032 -776) (1648 -1784 -776) (1648 -1784 -648) (1648 -1032 -648) 
4 476 527 (1104 -1784 -776) (1104 -824 -776) (1648 -824 -776) (1648 -1784 -776) 
4 476 492 (1104 -824 -776) (1104 -1784 -776) (1104 -1784 -648) (1104 -824 -648) 
4 477 536 (1104 -2040 -776) (1104 -1784 -776) (1664 -1784 -776) (1664 -2040 -776) 
4 477 493 (1104 -1784 -776) (1104 -2040 -776) (1104 -2040 -648) (1104 -1784 -648) 
4 478 485 (1104 -496 -656) (1104 -496 -648) (1096 -496 -648) (1096 -496 -656) 
4 478 483 (1096 -496 -656) (1096 -496 -648) (1096 -248 -648) (1096 -248 -656) 
4 478 482 (1096 -144 -648) (1096 -136 -648) (1096 -136 -656) (1096 -144 -656) 
4 479 482 (1096 -144 -664) (1096 -136 -664) (1096 -136 -680) (1096 -144 -680) 
4 480 483 (1096 -296 -664) (1096 -248 -664) (1096 -248 -680) (1096 -296 -680) 
4 481 483 (1096 -488 -664) (1096 -304 -664) (1096 -304 -680) (1096 -488 -680) 
4 482 484 (968 -136 -648) (968 -136 -736) (968 -144 -736) (968 -144 -648) 
4 483 488 (968 -496 -736) (1056 -496 -736) (1056 -496 -648) (968 -496 -648) 
4 483 487 (1072 -496 -728) (1072 -496 -648) (1056 -496 -648) (1056 -496 -728) 
4 483 486 (1088 -496 -720) (1088 -496 -648) (1072 -496 -648) (1072 -496 -720) 
4 483 485 (1096 -496 -712) (1096 -496 -648) (1088 -496 -648) (1088 -496 -712) 
4 483 484 (968 -248 -736) (968 -496 -736) (968 -496 -648) (968 -248 -648) 
4 484 488 (960 -496 -648) (960 -496 -736) (968 -496 -736) (968 -496 -648) 
4 485 486 (1088 -496 -648) (1088 -496 -712) (1088 -744 -712) (1088 -744 -648) 
4 486 487 (1072 -496 -648) (1072 -496 -720) (1072 -744 -720) (1072 -744 -648) 
4 487 488 (1056 -496 -648) (1056 -496 -728) (1056 -744 -728) (1056 -744 -648) 
4 489 511 (392 -536 -648) (392 -432 -648) (392 -432 -696) (392 -536 -696) 
4 489 498 (392 -344 -648) (392 -288 -648) (392 -288 -696) (392 -344 -696) 
4 490 527 (392 -720 -776) (392 -608 -776) (760 -608 -776) (760 -720 -776) 
4 490 514 (392 -608 -776) (392 -720 -776) (392 -720 -744) (392 -608 -744) 
4 490 512 (392 -720 -744) (392 -720 -672) (392 -616 -672) (392 -616 -744) 
4 491 527 (392 -824 -776) (392 -760 -776) (1104 -760 -776) (1104 -824 -776) 
4 491 519 (392 -760 -776) (392 -824 -776) (392 -824 -768) (392 -760 -768) 
4 491 492 (392 -824 -768) (392 -824 -776) (1104 -824 -776) (1104 -824 -768) 
4 492 527 (392 -1784 -776) (392 -824 -776) (1104 -824 -776) (1104 -1784 -776) 
4 492 520 (392 -824 -776) (392 -1784 -776) (392 -1784 -648) (392 -824 -648) 
4 493 536 (392 -2040 -776) (392 -1784 -776) (1104 -1784 -776) (1104 -2040 -776) 
4 493 523 (392 -1784 -776) (392 -2040 -776) (392 -2040 -648) (392 -1784 -648) 
4 494 527 (104 -32 -776) (128 -32 -776) (128 -288 -776) (104 -288 -776) 
4 494 515 (104 -288 -776) (128 -288 -776) (128 -288 -672) (104 -288 -672) 
4 494 495 (104 -32 -776) (104 -288 -776) (104 -288 -768) (104 -32 -768) 
4 495 527 (64 -32 -776) (104 -32 -776) (104 -288 -776) (64 -288 -776) 
4 495 516 (64 -288 -776) (104 -288 -776) (104 -288 -768) (64 -288 -768) 
4 495 496 (64 -32 -776) (64 -288 -776) (64 -288 -768) (64 -32 -768) 
4 496 527 (24 -32 -776) (64 -32 -776) (64 -288 -776) (24 -288 -776) 
4 496 517 (24 -288 -776) (64 -288 -776) (64 -288 -648) (24 -288 -648) 
4 497 528 (-232 -32 -776) (24 -32 -776) (24 -288 -776) (-232 -288 -776) 
4 497 518 (-232 -288 -776) (24 -288 -776) (24 -288 -648) (-232 -288 -648) 
4 498 500 (368 -288 -648) (368 -288 -688) (368 -344 -688) (368 -344 -648) 
4 499 527 (368 -288 -776) (392 -288 -776) (392 -344 -776) (368 -344 -776) 
4 499 501 (368 -288 -712) (368 -288 -776) (368 -344 -776) (368 -344 -712) 
4 500 502 (344 -288 -648) (344 -288 -680) (344 -344 -680) (344 -344 -648) 
4 501 527 (344 -288 -776) (368 -288 -776) (368 -344 -776) (344 -344 -776) 
4 501 503 (344 -288 -704) (344 -288 -776) (344 -344 -776) (344 -344 -704) 
4 502 504 (320 -288 -648) (320 -288 -672) (320 -344 -672) (320 -344 -648) 
4 503 527 (320 -288 -776) (344 -288 -776) (344 -344 -776) (320 -344 -776) 
4 503 505 (320 -288 -696) (320 -288 -776) (320 -344 -776) (320 -344 -696) 
4 504 506 (296 -288 -648) (296 -288 -664) (296 -344 -664) (296 -344 -648) 
4 505 527 (296 -288 -776) (320 -288 -776) (320 -344 -776) (296 -344 -776) 
4 505 507 (296 -288 -688) (296 -288 -776) (296 -344 -776) (296 -344 -688) 
4 506 508 (272 -288 -648) (272 -288 -656) (272 -344 -656) (272 -344 -648) 
4 507 527 (272 -288 -776) (296 -288 -776) (296 -344 -776) (272 -344 -776) 
4 507 509 (272 -288 -680) (272 -288 -776) (272 -344 -776) (272 -344 -680) 
4 509 527 (248 -288 -776) (272 -288 -776) (272 -344 -776) (248 -344 -776) 
4 509 510 (248 -288 -672) (248 -288 -776) (248 -344 -776) (248 -344 -672) 
4 510 527 (224 -288 -776) (248 -288 -776) (248 -344 -776) (224 -344 -776) 
4 512 514 (392 -720 -744) (376 -720 -744) (376 -616 -744) (392 -616 -744) 
4 513 527 (392 -432 -776) (392 -480 -776) (224 -480 -776) (224 -432 -776) 
4 513 514 (392 -480 -776) (392 -480 -744) (376 -480 -744) (376 -480 -776) 
4 514 527 (392 -480 -776) (392 -720 -776) (376 -720 -776) (376 -480 -776) 
4 515 527 (104 -288 -776) (128 -288 -776) (128 -760 -776) (104 -760 -776) 
4 515 519 (104 -760 -776) (128 -760 -776) (128 -760 -768) (104 -760 -768) 
4 515 516 (104 -288 -768) (104 -288 -776) (104 -760 -776) (104 -760 -768) 
4 516 527 (64 -288 -776) (104 -288 -776) (104 -760 -776) (64 -760 -776) 
4 516 519 (64 -760 -776) (104 -760 -776) (104 -760 -768) (64 -760 -768) 
4 516 517 (64 -288 -768) (64 -288 -776) (64 -760 -776) (64 -760 -768) 
4 517 527 (24 -288 -776) (64 -288 -776) (64 -760 -776) (24 -760 -776) 
4 517 521 (24 -760 -776) (64 -760 -776) (64 -760 -648) (24 -760 -648) 
4 518 528 (-232 -288 -776) (24 -288 -776) (24 -760 -776) (-232 -760 -776) 
4 518 522 (-232 -760 -776) (24 -760 -776) (24 -760 -648) (-232 -760 -648) 
4 519 527 (64 -760 -776) (392 -760 -776) (392 -824 -776) (64 -824 -776) 
4 519 521 (64 -760 -768) (64 -760 -776) (64 -824 -776) (64 -824 -768) 
4 519 520 (64 -824 -768) (64 -824 -776) (392 -824 -776) (392 -824 -768) 
4 520 527 (392 -824 -776) (392 -1784 -776) (64 -1784 -776) (64 -824 -776) 
4 520 521 (64 -824 -776) (64 -1784 -776) (64 -1784 -648) (64 -824 -648) 
4 521 527 (24 -760 -776) (64 -760 -776) (64 -1784 -776) (24 -1784 -776) 
4 522 528 (-232 -760 -776) (24 -760 -776) (24 -1784 -776) (-232 -1784 -776) 
4 522 523 (8 -1784 -776) (24 -1784 -776) (24 -1784 -648) (8 -1784 -648) 
4 523 536 (8 -2040 -776) (8 -1784 -776) (392 -1784 -776) (392 -2040 -776) 
4 524 537 (2736 -1784 -1136) (2608 -1784 -1136) (2608 -32 -1136) (2736 -32 -1136) 
4 524 529 (2608 -1784 -1136) (2736 -1784 -1136) (2736 -1784 -776) (2608 -1784 -776) 
4 524 525 (2608 -32 -1136) (2608 -1784 -1136) (2608 -1784 -776) (2608 -32 -776) 
4 525 538 (2608 -1784 -1136) (2480 -1784 -1136) (2480 -32 -1136) (2608 -32 -1136) 
4 525 530 (2480 -1784 -1136) (2608 -1784 -1136) (2608 -1784 -776) (2480 -1784 -776) 
4 525 526 (2480 -32 -1136) (2480 -1784 -1136) (2480 -1784 -776) (2480 -32 -776) 
4 526 538 (2480 -1784 -1136) (2352 -1784 -1136) (2352 -32 -1136) (2480 -32 -1136) 
4 526 534 (2352 -1784 -1136) (2480 -1784 -1136) (2480 -1784 -776) (2352 -1784 -776) 
4 528 538 (24 -1784 -1136) (-232 -1784 -1136) (-232 -32 -1136) (24 -32 -1136) 
4 528 536 (8 -1784 -1136) (24 -1784 -1136) (24 -1784 -776) (8 -1784 -776) 
4 529 531 (2608 -1792 -1136) (2736 -1792 -1136) (2736 -1792 -776) (2608 -1792 -776) 
4 529 530 (2608 -1784 -776) (2608 -1784 -1136) (2608 -1792 -1136) (2608 -1792 -776) 
4 530 539 (2480 -1792 -1136) (2480 -1784 -1136) (2608 -1784 -1136) (2608 -1792 -1136) 
4 530 534 (2480 -1784 -776) (2480 -1784 -1136) (2480 -1792 -1136) (2480 -1792 -776) 
4 530 532 (2480 -1792 -776) (2480 -1792 -1136) (2608 -1792 -1136) (2608 -1792 -776) 
4 531 533 (2608 -2032 -1136) (2608 -2040 -1136) (2608 -2040 -776) (2608 -2032 -776) 
4 531 532 (2608 -1792 -776) (2608 -1792 -1136) (2608 -2032 -1136) (2608 -2032 -776) 
4 532 539 (2480 -2024 -1136) (2480 -1792 -1136) (2608 -1792 -1136) (2608 -2024 -1136) 
4 532 534 (2480 -1792 -1136) (2480 -2032 -1136) (2480 -2032 -776) (2480 -1792 -776) 
4 532 533 (2480 -2032 -776) (2480 -2032 -1136) (2608 -2032 -1136) (2608 -2032 -776) 
4 533 535 (2480 -2032 -1136) (2480 -2040 -1136) (2480 -2040 -776) (2480 -2032 -776) 
4 534 539 (2352 -2024 -1136) (2352 -1784 -1136) (2480 -1784 -1136) (2480 -2024 -1136) 
4 534 536 (2352 -1784 -776) (2352 -1784 -1136) (2352 -2032 -1136) (2352 -2032 -776) 
4 534 535 (2352 -2032 -776) (2352 -2032 -1136) (2480 -2032 -1136) (2480 -2032 -776) 
4 535 536 (2352 -2032 -1136) (2352 -2040 -1136) (2352 -2040 -776) (2352 -2032 -776) 
4 536 539 (8 -2024 -1136) (8 -1784 -1136) (2352 -1784 -1136) (2352 -2024 -1136) 
4 537 538 (2608 -32 -1144) (2608 -1784 -1144) (2608 -1784 -1136) (2608 -32 -1136) 
4 538 540 (-232 -32 -1144) (-232 -1784 -1144) (-232 -1784 -1136) (-232 -32 -1136) 
4 538 539 (-232 -1784 -1136) (-232 -1784 -1144) (2608 -1784 -1144) (2608 -1784 -1136) 
4 539 540 (-232 -1784 -1144) (-232 -2024 -1144) (-232 -2024 -1136) (-232 -1784 -1136) 
0 -1
1 -1
2 -1
3 -1
4 -1
5 -1
6 -1
7 -1
8 -1
9 -1
10 -1
11 -1
12 -1
13 -1
14 -1
15 -1
16 -1
17 -1
18 -1
19 -1
20 -1
21 -1
22 -1
23 -1
24 -1
25 -1
26 -1
27 -1
28 -1
29 -1
30 -1
31 -1
32 -1
33 -1
34 -1
35 -1
36 -1
37 -1
38 -1
39 -1
40 -1
41 -1
42 -1
43 -1
44 -1
45 -1
46 -1
47 -1
48 -1
49 -1
50 -1
51 -1
52 -1
53 -1
54 -1
55 -1
56 -1
57 -1
58 -1
59 -1
60 -1
61 -1
62 -1
63 -1
64 -1
65 -1
66 -1
67 -1
68 -1
69 -1
70 -1
71 -1
72 -1
73 -1
74 -1
75 -1
76 -1
77 -1
78 -1
79 -1
80 -1
81 -1
82 -1
83 -1
84 -1
85 -1
86 -1
87 -1
88 -1
89 90 -1
91 -1
92 -1
93 -1
94 -1
95 -1
96 -1
97 -1
98 -1
99 -1
100 -1
101 -1
102 -1
103 -1
104 -1
105 -1
106 -1
107 -1
108 -1
109 -1
110 -1
111 -1
112 -1
113 -1
114 -1
115 -1
116 -1
117 -1
118 -1
119 -1
120 -1
121 -1
122 -1
123 -1
124 -1
125 -1
126 -1
127 -1
128 -1
129 -1
130 -1
131 -1
132 -1
133 -1
134 -1
135 -1
136 -1
137 -1
138 -1
139 -1
140 -1
141 -1
142 -1
143 -1
144 -1
145 -1
146 -1
147 -1
148 -1
149 -1
150 -1
151 -1
152 -1
153 -1
154 -1
155 -1
156 157 -1
158 -1
159 -1
160 -1
161 -1
162 -1
163 -1
164 -1
165 -1
166 -1
167 -1
168 -1
169 -1
170 -1
171 -1
172 -1
173 -1
174 -1
175 -1
176 -1
177 -1
178 -1
179 -1
180 -1
181 -1
182 -1
183 -1
184 -1
185 -1
186 -1
187 -1
188 189 190 -1
191 192 193 -1
194 -1
195 -1
196 -1
197 -1
198 -1
199 -1
200 -1
201 -1
202 -1
203 -1
204 -1
205 -1
206 -1
207 -1
208 -1
209 -1
210 -1
211 -1
212 -1
213 -1
214 -1
215 -1
216 -1
217 -1
218 -1
219 -1
220 -1
221 -1
222 -1
223 -1
224 -1
225 -1
226 -1
227 -1
228 -1
229 -1
230 -1
231 -1
232 -1
233 -1
234 -1
235 -1
236 -1
237 -1
238 -1
239 -1
240 -1
241 -1
242 -1
243 -1
244 -1
245 -1
246 -1
247 -1
248 -1
249 -1
250 -1
251 -1
252 -1
253 -1
254 -1
255 256 257 258 259 260 261 -1
262 -1
263 -1
264 -1
265 -1
266 -1
267 -1
268 -1
269 -1
270 -1
271 -1
272 273 274 275 276 -1
277 -1
278 -1
279 -1
280 -1
281 -1
282 -1
283 -1
284 -1
285 -1
286 -1
287 -1
288 -1
289 -1
290 -1
291 -1
292 -1
293 -1
294 -1
295 -1
296 -1
297 -1
298 -1
299 -1
300 -1
301 -1
302 -1
303 -1
304 -1
305 -1
306 -1
307 -1
308 -1
309 -1
310 -1
311 -1
312 -1
313 -1
314 -1
315 -1
316 -1
317 -1
318 -1
319 -1
320 -1
321 -1
322 -1
323 -1
324 -1
325 -1
326 -1
327 -1
328 -1
329 -1
330 -1
331 -1
332 -1
333 -1
334 -1
335 -1
336 -1
337 -1
338 -1
339 -1
340 -1
341 -1
342 -1
343 -1
344 -1
345 346 347 348 349 -1
350 -1
351 -1
352 -1
353 -1
354 -1
355 -1
356 -1
357 -1
358 -1
359 -1
360 -1
361 -1
362 -1
363 -1
364 365 -1
366 -1
367 -1
368 -1
369 -1
370 -1
371 -1
372 -1
373 -1
374 -1
375 -1
376 -1
377 -1
378 -1
379 -1
380 -1
381 -1
382 -1
383 -1
384 -1
385 -1
386 -1
387 -1
388 -1
389 -1
390 -1
391 -1
392 -1
393 -1
394 -1
395 -1
396 -1
397 -1
398 -1
399 -1
400 -1
401 -1
402 -1
403 404 405 406 -1
407 -1
408 -1
409 -1
410 -1
411 -1
412 -1
413 -1
414 -1
415 -1
416 -1
417 -1
418 -1
419 -1
420 -1
421 -1
422 -1
423 -1
424 -1
425 -1
426 -1
427 -1
428 -1
429 -1
430 -1
431 -1
432 -1
433 -1
434 -1
435 -1
436 -1
437 -1
438 -1
439 -1
440 -1
441 -1
442 -1
443 -1
444 -1
445 -1
446 -1
447 -1
448 -1
449 -1
450 -1
451 -1
452 -1
453 -1
454 -1
455 -1
456 -1
457 -1
458 -1
459 -1
460 -1
461 -1
462 -1
463 -1
464 -1
465 -1
466 -1
467 -1
468 -1
469 -1
470 -1
471 -1
472 -1
473 -1
474 -1
475 -1
476 -1
477 -1
478 -1
479 -1
480 -1
481 -1
482 -1
483 -1
484 -1
485 -1
486 -1
487 -1
488 -1
489 -1
490 -1
491 -1
492 -1
493 -1
494 -1
495 -1
496 -1
497 -1
498 -1
499 -1
500 -1
501 -1
502 -1
503 -1
504 -1
505 -1
506 -1
507 -1
508 -1
509 -1
510 -1
511 -1
512 -1
513 514 515 516 -1
517 -1
518 -1
519 -1
520 -1
521 -1
522 -1
523 -1
524 -1
525 -1
526 -1
527 -1
528 -1
529 -1
530 -1
531 -1
532 -1
533 -1
534 -1
535 -1
536 -1
537 -1
538 -1
539 -1
540 -1
541 -1
542 -1
543 -1
544 -1
545 -1
546 -1
547 -1
548 -1
549 -1
550 -1
551 -1
552 -1
553 -1
554 -1
555 -1
556 -1
557 -1
558 -1
559 -1
560 -1
561 -1
562 -1
563 -1
564 -1
565 -1
566 -1
567 -1
