PRT2
626
622
1664
4 0 10 (2480 784 336) (2480 784 335.2138976801872) (2480 528 335.2138976801872) (2480 528 336) 
4 0 4 (2488 528 335.2138976801872) (2480 528 335.2138976801872) (2480 776 335.2138976801872) (2488 776 335.2138976801872) 
4 0 3 (2736 528 335.2138976801872) (2488 528 335.2138976801872) (2488 776 335.2138976801872) (2736 776 335.2138976801872) 
4 0 2 (2480 776 335.2138976801872) (2480 784 335.2138976801872) (2488 784 335.2138976801872) (2488 776 335.2138976801872) 
4 0 1 (2488 784 335.2138976801872) (2736 784 335.2138976801872) (2736 776 335.2138976801872) (2488 776 335.2138976801872) 
4 1 7 (2488 784 327.213897680185) (2736 784 327.213897680185) (2736 776 327.213897680185) (2488 776 327.213897680185) 
4 1 3 (2488 776 327.213897680185) (2736 776 327.213897680185) (2736 776 335.2138976801872) (2488 776 335.2138976801872) 
4 1 2 (2488 784 335.2138976801872) (2488 784 327.213897680185) (2488 776 327.213897680185) (2488 776 335.2138976801872) 
4 2 11 (2480 784 327.213897680185) (2480 776 327.213897680185) (2480 776 335.2138976801872) (2480 784 335.2138976801872) 
4 2 7 (2480 776 327.213897680185) (2480 784 327.213897680185) (2488 784 327.213897680185) (2488 776 327.213897680185) 
4 2 4 (2480 776 327.213897680185) (2488 776 327.213897680185) (2488 776 335.2138976801872) (2480 776 335.2138976801872) 
4 3 8 (2736 528 327.213897680185) (2488 528 327.213897680185) (2488 776 327.213897680185) (2736 776 327.213897680185) 
4 3 5 (2488 528 327.213897680185) (2736 528 327.213897680185) (2736 528 335.2138976801872) (2488 528 335.2138976801872) 
4 3 4 (2488 776 335.2138976801872) (2488 776 327.213897680185) (2488 528 327.213897680185) (2488 528 335.2138976801872) 
4 4 11 (2480 776 327.213897680185) (2480 528 327.213897680185) (2480 528 335.2138976801872) (2480 776 335.2138976801872) 
4 4 8 (2488 528 327.213897680185) (2480 528 327.213897680185) (2480 776 327.213897680185) (2488 776 327.213897680185) 
4 4 6 (2480 528 335.2138976801872) (2480 528 327.213897680185) (2488 528 327.213897680185) (2488 528 335.2138976801872) 
4 5 34 (2488 368 327.213897680185) (2736 368 327.213897680185) (2736 368 335.2138976801872) (2488 368 335.2138976801872) 
4 5 9 (2736 368 327.213897680185) (2488 368 327.213897680185) (2488 528 327.213897680185) (2736 528 327.213897680185) 
4 5 6 (2488 368 335.2138976801872) (2488 528 335.2138976801872) (2488 528 327.213897680185) (2488 368 327.213897680185) 
4 6 35 (2480 368 335.2138976801872) (2480 368 327.213897680185) (2488 368 327.213897680185) (2488 368 335.2138976801872) 
4 6 12 (2480 528 335.2138976801872) (2480 528 327.213897680185) (2480 368 327.213897680185) (2480 368 335.2138976801872) 
4 6 9 (2488 368 327.213897680185) (2480 368 327.213897680185) (2480 528 327.213897680185) (2488 528 327.213897680185) 
4 7 24 (2480 776 -120) (2480 784 -120) (2736 784 -120) (2736 776 -120) 
4 7 13 (2480 784 -120) (2480 776 -120) (2480 776 327.213897680185) (2480 784 327.213897680185) 
4 7 8 (2736 776 -120) (2736 776 327.213897680185) (2480 776 327.213897680185) (2480 776 -120) 
4 8 25 (2736 528 -120) (2480 528 -120) (2480 776 -120) (2736 776 -120) 
4 8 13 (2480 776 -120) (2480 528 -120) (2480 528 327.213897680185) (2480 776 327.213897680185) 
4 8 9 (2736 528 327.213897680185) (2480 528 327.213897680185) (2480 528 -120) (2736 528 -120) 
4 9 36 (2480 368 327.213897680185) (2480 368 -120) (2736 368 -120) (2736 368 327.213897680185) 
4 9 26 (2736 368 -120) (2480 368 -120) (2480 528 -120) (2736 528 -120) 
4 10 15 (2192 784 336) (2192 784 335.2138976801872) (2192 528 335.2138976801872) (2192 528 336) 
4 10 11 (2480 528 335.2138976801872) (2192 528 335.2138976801872) (2192 784 335.2138976801872) (2480 784 335.2138976801872) 
4 11 16 (2192 784 335.2138976801872) (2192 784 327.213897680185) (2192 528 327.213897680185) (2192 528 335.2138976801872) 
4 11 13 (2192 528 327.213897680185) (2192 784 327.213897680185) (2480 784 327.213897680185) (2480 528 327.213897680185) 
4 11 12 (2192 528 335.2138976801872) (2192 528 327.213897680185) (2480 528 327.213897680185) (2480 528 335.2138976801872) 
4 12 37 (2192 368 335.2138976801872) (2192 368 327.213897680185) (2480 368 327.213897680185) (2480 368 335.2138976801872) 
4 12 17 (2192 528 335.2138976801872) (2192 528 327.213897680185) (2192 368 327.213897680185) (2192 368 335.2138976801872) 
4 13 27 (2192 528 -120) (2192 784 -120) (2480 784 -120) (2480 528 -120) 
4 13 22 (2192 784 -120) (2192 544 -120) (2192 544 112) (2192 784 112) 
4 13 21 (2192 544 207.9999999999999) (2192 784 207.9999999999999) (2192 784 112) (2192 544 112) 
4 13 20 (2192 528 207.9999999999999) (2192 528 280) (2192 784 280) (2192 784 207.9999999999999) 
4 13 18 (2192 528 280) (2192 528 327.213897680185) (2192 784 327.213897680185) (2192 784 280) 
4 14 38 (2192 368 327.213897680185) (2192 368 -120) (2480 368 -120) (2480 368 327.213897680185) 
4 14 29 (2480 368 -120) (2192 368 -120) (2192 528 -120) (2480 528 -120) 
4 14 23 (2192 368 207.9999999999999) (2192 368 280) (2192 528 280) (2192 528 207.9999999999999) 
4 14 19 (2192 368 280) (2192 368 327.213897680185) (2192 528 327.213897680185) (2192 528 280) 
4 15 333 (1936 784 336) (1936 784 335.2138976801872) (1936 528 335.2138976801872) (1936 528 336) 
4 15 16 (2192 528 335.2138976801872) (1936 528 335.2138976801872) (1936 784 335.2138976801872) (2192 784 335.2138976801872) 
4 16 334 (1936 784 335.2138976801872) (1936 784 327.213897680185) (1936 528 327.213897680185) (1936 528 335.2138976801872) 
4 16 18 (2192 784 327.213897680185) (2192 528 327.213897680185) (1936 528 327.213897680185) (1936 784 327.213897680185) 
4 16 17 (1936 528 335.2138976801872) (1936 528 327.213897680185) (2192 528 327.213897680185) (2192 528 335.2138976801872) 
4 17 335 (1936 528 335.2138976801872) (1936 528 327.213897680185) (1936 368 327.213897680185) (1936 368 335.2138976801872) 
4 17 39 (1936 368 335.2138976801872) (1936 368 327.213897680185) (2192 368 327.213897680185) (2192 368 335.2138976801872) 
4 18 336 (1936 784 280) (1936 528 280) (1936 528 327.213897680185) (1936 784 327.213897680185) 
4 18 21 (1936 544 280) (1936 784 280) (2039.9999999999998 784 280) (2039.9999999999998 544 280) 
4 18 20 (2192 784 280) (2192 528 280) (2039.9999999999998 528 280) (2039.9999999999998 784 280) 
4 19 339 (1936 528 280) (1936 368 280) (1936 368 327.213897680185) (1936 528 327.213897680185) 
4 19 40 (1936 368 327.213897680185) (1936 368 280) (2192 368 280) (2192 368 327.213897680185) 
4 19 23 (2192 528 280) (2192 368 280) (2039.9999999999998 368 280) (2039.9999999999998 528 280) 
4 20 21 (2040.000000000001 544 280) (2040.000000000001 784 280) (2192 784 208.00000000000043) (2192 544 208.00000000000045) 
4 21 337 (1936 784 112) (1936 544 112) (1936 544 280) (1936 784 280) 
4 21 22 (2192 784 112) (2192 544 112) (1936 544 112) (1936 784 112) 
4 22 338 (1936 784 -120) (1936 544 -120) (1936 544 112) (1936 784 112) 
4 22 30 (1936 544 -120) (1936 784 -120) (2176 784 -120) (2176 544 -120) 
4 22 28 (2176 784 -120) (2192 784 -120) (2192 544 -120) (2176 544 -120) 
3 23 41 (2192 368 207.9999999999999) (2192 368 280) (2039.9999999999998 368 280) 
4 24 125 (2480 776 -192) (2480 784 -192) (2736 784 -192) (2736 776 -192) 
4 24 27 (2480 784 -192) (2480 776 -192) (2480 776 -120) (2480 784 -120) 
4 24 25 (2480 776 -120) (2480 776 -192) (2736 776 -192) (2736 776 -120) 
4 25 126 (2736 528 -192) (2480 528 -192) (2480 776 -192) (2736 776 -192) 
4 25 27 (2480 776 -192) (2480 528 -192) (2480 528 -120) (2480 776 -120) 
4 25 26 (2480 528 -120) (2480 528 -192) (2736 528 -192) (2736 528 -120) 
4 26 127 (2736 368 -192) (2480 368 -192) (2480 528 -192) (2736 528 -192) 
4 26 36 (2480 368 -192) (2736 368 -192) (2736 368 -120) (2480 368 -120) 
4 27 128 (2480 784 -192) (2480 528 -192) (2192 528 -192) (2192 784 -192) 
4 27 28 (2192 784 -192) (2192 544 -192) (2192 544 -120) (2192 784 -120) 
4 28 130 (2176 544 -192) (2176 784 -192) (2192 784 -192) (2192 544 -192) 
4 28 30 (2176 784 -192) (2176 544 -192) (2176 544 -120) (2176 784 -120) 
4 29 129 (2480 368 -192) (2192 368 -192) (2192 528 -192) (2480 528 -192) 
4 29 38 (2192 368 -192) (2480 368 -192) (2480 368 -120) (2192 368 -120) 
4 30 410 (1936 784 -192) (1936 544 -192) (1936 544 -176) (1936 784 -176) 
4 30 342 (1936 544 -176) (1936 544 -120) (1936 784 -120) (1936 784 -176) 
4 30 137 (1936 544 -192) (1936 784 -192) (2176 784 -192) (2176 544 -192) 
4 30 31 (2000 544 -192) (2112 544 -192) (2112 544 -120) (2000 544 -120) 
4 31 138 (2000 544 -192) (2112 544 -192) (2112 536 -192) (2000 536 -192) 
4 31 32 (2000 536 -192) (2112 536 -192) (2112 536 -120) (2000 536 -120) 
4 32 139 (1936 528 -192) (1936 536 -192) (2176 536 -192) (2176 528 -192) 
4 33 140 (2176 368 -192) (1936 368 -192) (1936 528 -192) (2176 528 -192) 
4 34 43 (2488 -96 327.213897680185) (2736 -96 327.213897680185) (2736 -96 335.2138976801872) (2488 -96 335.2138976801872) 
4 34 36 (2736 -96 327.213897680185) (2488 -96 327.213897680185) (2488 368 327.213897680185) (2736 368 327.213897680185) 
4 34 35 (2488 368 327.213897680185) (2488 -96 327.213897680185) (2488 -96 335.2138976801872) (2488 368 335.2138976801872) 
4 35 44 (2480 -96 335.2138976801872) (2480 -96 327.213897680185) (2488 -96 327.213897680185) (2488 -96 335.2138976801872) 
4 35 37 (2480 368 335.2138976801872) (2480 368 327.213897680185) (2480 -96 327.213897680185) (2480 -96 335.2138976801872) 
4 35 36 (2488 -96 327.213897680185) (2480 -96 327.213897680185) (2480 368 327.213897680185) (2488 368 327.213897680185) 
4 36 133 (2736 -96 -192) (2480 -96 -192) (2480 368 -192) (2736 368 -192) 
4 36 45 (2480 -96 327.213897680185) (2480 -96 -192) (2736 -96 -192) (2736 -96 327.213897680185) 
4 37 46 (2192 -96 335.2138976801872) (2192 -96 327.213897680185) (2480 -96 327.213897680185) (2480 -96 335.2138976801872) 
4 37 39 (2192 368 335.2138976801872) (2192 368 327.213897680185) (2192 -96 327.213897680185) (2192 -96 335.2138976801872) 
4 38 134 (2480 -96 -192) (2192 -96 -192) (2192 368 -192) (2480 368 -192) 
4 38 51 (2192 -96 -176) (2192 -96 -192) (2480 -96 -192) (2480 -96 -176) 
4 38 47 (2192 -96 327.213897680185) (2192 -96 -176) (2480 -96 -176) (2480 -96 327.213897680185) 
4 38 42 (2192 136 112) (2192 -96 112) (2192 -96 280) (2192 136 280) 
4 38 41 (2192 368 280) (2192 368 207.99999999999994) (2192 136 207.99999999999991) (2192 136 280) 
4 38 40 (2192 368 327.213897680185) (2192 368 280) (2192 -96 280) (2192 -96 327.213897680185) 
4 39 345 (1936 368 335.2138976801872) (1936 368 327.213897680185) (1936 -96 327.213897680185) (1936 -96 335.2138976801872) 
4 39 46 (1936 -96 335.2138976801872) (1936 -96 327.213897680185) (2192 -96 327.213897680185) (2192 -96 335.2138976801872) 
4 40 346 (1936 368 327.213897680185) (1936 368 280) (1936 -96 280) (1936 -96 327.213897680185) 
4 40 50 (1936 -96 327.213897680185) (1936 -96 280) (1944 -96 280) (1944 -96 327.213897680185) 
4 40 48 (1944 -96 280) (1960 -96 280) (1960 -96 327.213897680185) (1944 -96 327.213897680185) 
4 40 47 (1960 -96 280) (2192 -96 280) (2192 -96 327.213897680185) (1960 -96 327.213897680185) 
4 40 42 (2192 136 280) (2192 -96 280) (1936 -96 280) (1936 136 280) 
4 40 41 (2039.9999999999998 368 280) (2192 368 280) (2192 136 280) (2039.9999999999998 136 280) 
3 41 42 (2192 136 207.99999999999991) (2192 136 280) (2039.9999999999998 136 280) 
4 42 347 (1936 136 112) (1936 -96 112) (1936 -96 280) (1936 136 280) 
4 42 50 (1936 -96 280) (1936 -96 112) (1944 -96 112) (1944 -96 280) 
4 42 48 (1944 -96 112) (1960 -96 112) (1960 -96 280) (1944 -96 280) 
4 42 47 (1960 -96 112) (2192 -96 112) (2192 -96 280) (1960 -96 280) 
4 43 52 (2488 -264 327.213897680185) (2736 -264 327.213897680185) (2736 -264 335.2138976801872) (2488 -264 335.2138976801872) 
4 43 45 (2736 -264 327.213897680185) (2488 -264 327.213897680185) (2488 -96 327.213897680185) (2736 -96 327.213897680185) 
4 43 44 (2488 -96 327.213897680185) (2488 -264 327.213897680185) (2488 -264 335.2138976801872) (2488 -96 335.2138976801872) 
4 44 53 (2480 -264 335.2138976801872) (2480 -264 327.213897680185) (2488 -264 327.213897680185) (2488 -264 335.2138976801872) 
4 44 46 (2480 -96 335.2138976801872) (2480 -96 327.213897680185) (2480 -264 327.213897680185) (2480 -264 335.2138976801872) 
4 44 45 (2488 -264 327.213897680185) (2480 -264 327.213897680185) (2480 -96 327.213897680185) (2488 -96 327.213897680185) 
4 45 177 (2736 -264 -192) (2480 -264 -192) (2480 -152 -192) (2736 -152 -192) 
4 45 148 (2480 -152 -192) (2480 -96 -192) (2736 -96 -192) (2736 -152 -192) 
4 45 65 (2480 -264 -176) (2480 -264 -192) (2736 -264 -192) (2736 -264 -176) 
4 45 54 (2480 -264 327.213897680185) (2480 -264 -176) (2736 -264 -176) (2736 -264 327.213897680185) 
4 46 345 (1936 -96 335.2138976801872) (1936 -96 327.213897680185) (1936 -264 327.213897680185) (1936 -264 335.2138976801872) 
4 46 57 (1936 -264 335.2138976801872) (1936 -264 327.213897680185) (1960 -264 327.213897680185) (1960 -264 335.2138976801872) 
4 46 55 (1960 -264 327.213897680185) (2480 -264 327.213897680185) (2480 -264 335.2138976801872) (1960 -264 335.2138976801872) 
4 47 56 (1960 -264 -176) (2480 -264 -176) (2480 -264 327.213897680185) (1960 -264 327.213897680185) 
4 47 51 (2176 -96 -176) (2480 -96 -176) (2480 -264 -176) (2176 -264 -176) 
4 47 49 (1960 -96 -176) (1960 -264 -176) (1960 -264 -160) (1960 -96 -160) 
4 47 48 (1960 -264 -144) (1960 -264 327.213897680185) (1960 -96 327.213897680185) (1960 -96 -144) 
4 48 58 (1960 -264 -144) (1960 -264 327.213897680185) (1944 -264 327.213897680185) (1944 -264 -144) 
4 48 50 (1944 -264 -144) (1944 -264 327.213897680185) (1944 -96 327.213897680185) (1944 -96 -144) 
4 49 59 (1944 -264 -176) (1960 -264 -176) (1960 -264 -160) (1944 -264 -160) 
4 49 50 (1944 -96 -176) (1944 -264 -176) (1944 -264 -160) (1944 -96 -160) 
4 50 349 (1936 -96 112) (1936 -96 -176) (1936 -264 -176) (1936 -264 112) 
4 50 347 (1936 -96 280) (1936 -96 112) (1936 -264 112) (1936 -264 280) 
4 50 346 (1936 -96 327.213897680185) (1936 -96 280) (1936 -264 280) (1936 -264 327.213897680185) 
4 50 60 (1936 -264 327.213897680185) (1936 -264 -176) (1944 -264 -176) (1944 -264 327.213897680185) 
4 51 178 (2480 -264 -192) (2184 -264 -192) (2184 -152 -192) (2480 -152 -192) 
4 51 149 (2184 -96 -192) (2480 -96 -192) (2480 -152 -192) (2184 -152 -192) 
4 51 66 (2184 -264 -192) (2480 -264 -192) (2480 -264 -176) (2184 -264 -176) 
4 52 78 (2488 -656 327.213897680185) (2736 -656 327.213897680185) (2736 -656 335.2138976801872) (2488 -656 335.2138976801872) 
4 52 54 (2736 -656 327.213897680185) (2488 -656 327.213897680185) (2488 -264 327.213897680185) (2736 -264 327.213897680185) 
4 52 53 (2488 -264 327.213897680185) (2488 -656 327.213897680185) (2488 -656 335.2138976801872) (2488 -264 335.2138976801872) 
4 53 79 (2480 -656 335.2138976801872) (2480 -656 327.213897680185) (2488 -656 327.213897680185) (2488 -656 335.2138976801872) 
4 53 55 (2480 -264 335.2138976801872) (2480 -264 327.213897680185) (2480 -656 327.213897680185) (2480 -656 335.2138976801872) 
4 53 54 (2488 -656 327.213897680185) (2480 -656 327.213897680185) (2480 -264 327.213897680185) (2488 -264 327.213897680185) 
4 54 80 (2480 -656 327.213897680185) (2480 -656 -176) (2736 -656 -176) (2736 -656 327.213897680185) 
4 54 65 (2736 -656 -176) (2480 -656 -176) (2480 -264 -176) (2736 -264 -176) 
4 55 81 (1960 -656 335.2138976801872) (1960 -656 327.213897680185) (2480 -656 327.213897680185) (2480 -656 335.2138976801872) 
4 55 61 (1960 -272 327.213897680185) (1960 -656 327.213897680185) (1960 -656 335.2138976801872) (1960 -272 335.2138976801872) 
4 55 57 (1960 -264 335.2138976801872) (1960 -264 327.213897680185) (1960 -272 327.213897680185) (1960 -272 335.2138976801872) 
4 56 83 (1960 -656 327.213897680185) (1960 -656 152) (2176 -656 152) (2176 -656 327.213897680185) 
4 56 82 (2176 -656 -176) (2480 -656 -176) (2480 -656 327.213897680185) (2176 -656 327.213897680185) 
4 56 75 (1984 -656 -176) (1968 -656 -176) (1968 -264 -176) (1984 -264 -176) 
4 56 74 (2008 -656 -176) (1992 -656 -176) (1992 -264 -176) (2008 -264 -176) 
4 56 73 (2032 -656 -176) (2016 -656 -176) (2016 -264 -176) (2032 -264 -176) 
4 56 72 (2056 -656 -176) (2040 -656 -176) (2040 -264 -176) (2056 -264 -176) 
4 56 71 (2080 -656 -176) (2064 -656 -176) (2064 -264 -176) (2080 -264 -176) 
4 56 70 (2104 -656 -176) (2088 -656 -176) (2088 -264 -176) (2104 -264 -176) 
4 56 69 (2128 -656 -176) (2112 -656 -176) (2112 -264 -176) (2128 -264 -176) 
4 56 68 (2152 -656 -176) (2136 -656 -176) (2136 -264 -176) (2152 -264 -176) 
4 56 67 (2176 -656 -176) (2160 -656 -176) (2160 -264 -176) (2176 -264 -176) 
4 56 66 (2480 -656 -176) (2184 -656 -176) (2184 -264 -176) (2480 -264 -176) 
4 56 63 (1960 -288 -176) (1960 -656 -176) (1960 -656 327.213897680185) (1960 -288 327.213897680185) 
4 56 62 (1960 -288 -160.00000000000003) (1960 -288 327.213897680185) (1960 -272 327.213897680185) (1960 -272 -144) 
4 56 59 (1960 -264 -160) (1960 -264 -176) (1960 -272 -176) (1960 -272 -160) 
4 56 58 (1960 -264 327.213897680185) (1960 -264 -144) (1960 -272 -144) (1960 -272 327.213897680185) 
4 57 345 (1936 -264 335.2138976801872) (1936 -264 327.213897680185) (1936 -272 327.213897680185) (1936 -272 335.2138976801872) 
4 57 61 (1936 -272 335.2138976801872) (1936 -272 327.213897680185) (1960 -272 327.213897680185) (1960 -272 335.2138976801872) 
4 58 62 (1960 -272 -144) (1960 -272 327.213897680185) (1944 -272 327.213897680185) (1944 -272 -144) 
4 58 60 (1944 -272 -144) (1944 -272 327.213897680185) (1944 -264 327.213897680185) (1944 -264 -144) 
4 59 76 (1944 -264 -176) (1960 -264 -176) (1960 -272 -176) (1944 -272 -176) 
4 59 60 (1944 -264 -176) (1944 -272 -176) (1944 -272 -160) (1944 -264 -160) 
4 60 349 (1936 -264 112) (1936 -264 -176) (1936 -272 -176) (1936 -272 112) 
4 60 347 (1936 -264 280) (1936 -264 112) (1936 -272 112) (1936 -272 280) 
4 60 346 (1936 -264 327.213897680185) (1936 -264 280) (1936 -272 280) (1936 -272 327.213897680185) 
4 60 64 (1936 -272 327.213897680185) (1936 -272 -176) (1944 -272 -176) (1944 -272 327.213897680185) 
4 61 345 (1936 -272 335.2138976801872) (1936 -272 327.213897680185) (1936 -656 327.213897680185) (1936 -656 335.2138976801872) 
4 61 81 (1936 -656 335.2138976801872) (1936 -656 327.213897680185) (1960 -656 327.213897680185) (1960 -656 335.2138976801872) 
4 62 64 (1944 -288 327.213897680185) (1944 -272 327.213897680185) (1944 -272 -144) (1944 -288 -160.00000000000003) 
4 62 63 (1944 -288 327.213897680185) (1944 -288 -160.00000000000006) (1960 -288 -160.00000000000003) (1960 -288 327.213897680185) 
4 63 83 (1960 -656 152) (1960 -656 327.213897680185) (1944 -656 327.213897680185) (1944 -656 152) 
4 63 77 (1960 -656 -176) (1944 -656 -176) (1944 -288 -176) (1960 -288 -176) 
4 63 64 (1944 -656 327.213897680185) (1944 -288 327.213897680185) (1944 -288 -176) (1944 -656 -176) 
4 64 349 (1936 -272 112) (1936 -272 -176) (1936 -656 -176) (1936 -656 112) 
4 64 347 (1936 -272 280) (1936 -272 112) (1936 -656 112) (1936 -656 280) 
4 64 346 (1936 -272 327.213897680185) (1936 -272 280) (1936 -656 280) (1936 -656 327.213897680185) 
4 64 83 (1936 -656 327.213897680185) (1936 -656 152) (1944 -656 152) (1944 -656 327.213897680185) 
4 65 226 (2736 -656 -192) (2480 -656 -192) (2480 -480 -192) (2736 -480 -192) 
4 65 185 (2480 -480 -192) (2480 -264 -192) (2736 -264 -192) (2736 -480 -192) 
4 65 80 (2480 -656 -192) (2736 -656 -192) (2736 -656 -176) (2480 -656 -176) 
4 66 227 (2480 -656 -192) (2184 -656 -192) (2184 -480 -192) (2480 -480 -192) 
4 66 186 (2184 -480 -192) (2184 -264 -192) (2480 -264 -192) (2480 -480 -192) 
4 66 82 (2184 -656 -192) (2480 -656 -192) (2480 -656 -176) (2184 -656 -176) 
4 67 247 (2176 -656 -192) (2160 -656 -192) (2160 -504 -192) (2176 -504 -192) 
4 67 245 (2160 -504 -192) (2160 -488 -192) (2176 -488 -192) (2176 -504 -192) 
4 67 230 (2160 -488 -192) (2160 -480 -192) (2176 -480 -192) (2176 -488 -192) 
4 67 189 (2160 -480 -192) (2160 -264 -192) (2176 -264 -192) (2176 -480 -192) 
4 68 247 (2152 -656 -192) (2136 -656 -192) (2136 -504 -192) (2152 -504 -192) 
4 68 245 (2136 -504 -192) (2136 -488 -192) (2152 -488 -192) (2152 -504 -192) 
4 68 230 (2136 -488 -192) (2136 -480 -192) (2152 -480 -192) (2152 -488 -192) 
4 68 189 (2136 -480 -192) (2136 -264 -192) (2152 -264 -192) (2152 -480 -192) 
4 69 247 (2128 -656 -192) (2112 -656 -192) (2112 -504 -192) (2128 -504 -192) 
4 69 245 (2112 -504 -192) (2112 -488 -192) (2128 -488 -192) (2128 -504 -192) 
4 69 230 (2112 -488 -192) (2112 -480 -192) (2128 -480 -192) (2128 -488 -192) 
4 69 190 (2112 -480 -192) (2112 -424 -192) (2120 -424 -192) (2120 -480 -192) 
4 69 189 (2120 -264 -192) (2128 -264 -192) (2128 -480 -192) (2120 -480 -192) 
4 70 247 (2104 -656 -192) (2088 -656 -192) (2088 -504 -192) (2104 -504 -192) 
4 70 245 (2088 -504 -192) (2088 -488 -192) (2104 -488 -192) (2104 -504 -192) 
4 70 234 (2088 -488 -192) (2088 -480 -192) (2104 -480 -192) (2104 -488 -192) 
4 70 204 (2088 -480 -192) (2088 -424 -192) (2104 -424 -192) (2104 -480 -192) 
4 70 200 (2088 -424 -192) (2088 -416 -192) (2104 -416 -192) (2104 -424 -192) 
4 70 197 (2088 -416 -192) (2088 -272 -192) (2104 -272 -192) (2104 -416 -192) 
4 70 196 (2088 -272 -192) (2088 -264 -192) (2104 -264 -192) (2104 -272 -192) 
4 71 247 (2080 -656 -192) (2064 -656 -192) (2064 -504 -192) (2080 -504 -192) 
4 71 245 (2064 -504 -192) (2064 -488 -192) (2080 -488 -192) (2080 -504 -192) 
4 71 234 (2064 -488 -192) (2064 -480 -192) (2080 -480 -192) (2080 -488 -192) 
4 71 205 (2064 -480 -192) (2064 -424 -192) (2080 -424 -192) (2080 -480 -192) 
4 71 200 (2064 -424 -192) (2064 -416 -192) (2080 -416 -192) (2080 -424 -192) 
4 71 197 (2064 -416 -192) (2064 -272 -192) (2080 -272 -192) (2080 -416 -192) 
4 71 196 (2064 -272 -192) (2064 -264 -192) (2080 -264 -192) (2080 -272 -192) 
4 72 247 (2056 -656 -192) (2040 -656 -192) (2040 -504 -192) (2056 -504 -192) 
4 72 245 (2040 -504 -192) (2040 -488 -192) (2056 -488 -192) (2056 -504 -192) 
4 72 234 (2040 -488 -192) (2040 -480 -192) (2056 -480 -192) (2056 -488 -192) 
4 72 206 (2040 -480 -192) (2040 -424 -192) (2056 -424 -192) (2056 -480 -192) 
4 72 200 (2040 -424 -192) (2040 -416 -192) (2056 -416 -192) (2056 -424 -192) 
4 72 197 (2040 -416 -192) (2040 -272 -192) (2056 -272 -192) (2056 -416 -192) 
4 72 196 (2040 -272 -192) (2040 -264 -192) (2056 -264 -192) (2056 -272 -192) 
4 73 247 (2032 -656 -192) (2016 -656 -192) (2016 -504 -192) (2032 -504 -192) 
4 73 245 (2016 -504 -192) (2016 -488 -192) (2032 -488 -192) (2032 -504 -192) 
4 73 236 (2016 -488 -192) (2016 -480 -192) (2024 -480 -192) (2024 -488 -192) 
4 73 234 (2024 -480 -192) (2032 -480 -192) (2032 -488 -192) (2024 -488 -192) 
4 73 207 (2016 -480 -192) (2016 -424 -192) (2032 -424 -192) (2032 -480 -192) 
4 73 202 (2016 -424 -192) (2016 -416 -192) (2024 -416 -192) (2024 -424 -192) 
4 73 200 (2024 -416 -192) (2032 -416 -192) (2032 -424 -192) (2024 -424 -192) 
4 73 197 (2016 -416 -192) (2016 -272 -192) (2032 -272 -192) (2032 -416 -192) 
4 73 196 (2016 -272 -192) (2016 -264 -192) (2032 -264 -192) (2032 -272 -192) 
4 74 250 (2000 -656 -192) (1992 -656 -192) (1992 -488 -192) (2000 -488 -192) 
4 74 249 (2008 -656 -192) (2000 -656 -192) (2000 -504 -192) (2008 -504 -192) 
4 74 248 (2000 -504 -192) (2000 -488 -192) (2008 -488 -192) (2008 -504 -192) 
4 74 239 (1992 -488 -192) (1992 -480 -192) (2000 -480 -192) (2000 -488 -192) 
4 74 237 (2000 -480 -192) (2008 -480 -192) (2008 -488 -192) (2000 -488 -192) 
4 74 207 (1992 -480 -192) (1992 -424 -192) (2008 -424 -192) (2008 -480 -192) 
4 74 203 (1992 -424 -192) (1992 -416 -192) (2008 -416 -192) (2008 -424 -192) 
4 74 197 (1992 -416 -192) (1992 -272 -192) (2008 -272 -192) (2008 -416 -192) 
4 74 196 (1992 -272 -192) (1992 -264 -192) (2008 -264 -192) (2008 -272 -192) 
4 75 260 (1984 -656 -192) (1968 -656 -192) (1968 -648 -192) (1984 -648 -192) 
4 75 259 (1968 -648 -192) (1968 -624 -192) (1984 -624 -192) (1984 -648 -192) 
4 75 258 (1968 -624 -192) (1968 -600 -192) (1984 -600 -192) (1984 -624 -192) 
4 75 257 (1968 -600 -192) (1968 -576 -192) (1984 -576 -192) (1984 -600 -192) 
4 75 256 (1968 -576 -192) (1968 -552 -192) (1984 -552 -192) (1984 -576 -192) 
4 75 255 (1968 -552 -192) (1968 -528 -192) (1984 -528 -192) (1984 -552 -192) 
4 75 254 (1968 -528 -192) (1968 -504 -192) (1984 -504 -192) (1984 -528 -192) 
4 75 253 (1968 -504 -192) (1968 -488 -192) (1984 -488 -192) (1984 -504 -192) 
4 75 240 (1968 -488 -192) (1968 -480 -192) (1984 -480 -192) (1984 -488 -192) 
4 75 207 (1968 -480 -192) (1968 -424 -192) (1984 -424 -192) (1984 -480 -192) 
4 75 203 (1968 -424 -192) (1968 -416 -192) (1984 -416 -192) (1984 -424 -192) 
4 75 197 (1968 -416 -192) (1968 -272 -192) (1984 -272 -192) (1984 -416 -192) 
4 75 196 (1968 -272 -192) (1968 -264 -192) (1984 -264 -192) (1984 -272 -192) 
4 76 196 (1944 -272 -192) (1944 -264 -192) (1960 -264 -192) (1960 -272 -192) 
4 77 260 (1960 -656 -192) (1944 -656 -192) (1944 -648 -192) (1960 -648 -192) 
4 77 259 (1944 -648 -192) (1944 -624 -192) (1960 -624 -192) (1960 -648 -192) 
4 77 258 (1944 -624 -192) (1944 -600 -192) (1960 -600 -192) (1960 -624 -192) 
4 77 257 (1944 -600 -192) (1944 -576 -192) (1960 -576 -192) (1960 -600 -192) 
4 77 256 (1944 -576 -192) (1944 -552 -192) (1960 -552 -192) (1960 -576 -192) 
4 77 255 (1944 -552 -192) (1944 -528 -192) (1960 -528 -192) (1960 -552 -192) 
4 77 254 (1944 -528 -192) (1944 -504 -192) (1960 -504 -192) (1960 -528 -192) 
4 77 253 (1944 -504 -192) (1944 -488 -192) (1960 -488 -192) (1960 -504 -192) 
4 77 240 (1944 -488 -192) (1944 -480 -192) (1960 -480 -192) (1960 -488 -192) 
4 77 207 (1944 -480 -192) (1944 -424 -192) (1960 -424 -192) (1960 -480 -192) 
4 77 203 (1944 -424 -192) (1944 -416 -192) (1960 -416 -192) (1960 -424 -192) 
4 77 198 (1944 -416 -192) (1944 -288 -192) (1960 -288 -192) (1960 -416 -192) 
4 78 84 (2488 -936 327.213897680185) (2736 -936 327.213897680185) (2736 -936 335.2138976801872) (2488 -936 335.2138976801872) 
4 78 80 (2736 -936 327.213897680185) (2488 -936 327.213897680185) (2488 -656 327.213897680185) (2736 -656 327.213897680185) 
4 78 79 (2488 -656 327.213897680185) (2488 -936 327.213897680185) (2488 -936 335.2138976801872) (2488 -656 335.2138976801872) 
4 79 85 (2480 -936 335.2138976801872) (2480 -936 327.213897680185) (2488 -936 327.213897680185) (2488 -936 335.2138976801872) 
4 79 81 (2480 -656 335.2138976801872) (2480 -656 327.213897680185) (2480 -936 327.213897680185) (2480 -936 335.2138976801872) 
4 79 80 (2488 -936 327.213897680185) (2480 -936 327.213897680185) (2480 -656 327.213897680185) (2488 -656 327.213897680185) 
4 80 277 (2736 -936 -192) (2480 -936 -192) (2480 -744 -192) (2736 -744 -192) 
4 80 226 (2480 -744 -192) (2480 -656 -192) (2736 -656 -192) (2736 -744 -192) 
4 80 89 (2480 -936 -176) (2480 -936 -192) (2736 -936 -192) (2736 -936 -176) 
4 80 86 (2480 -936 327.213897680185) (2480 -936 -176) (2736 -936 -176) (2736 -936 327.213897680185) 
4 81 345 (1936 -656 335.2138976801872) (1936 -656 327.213897680185) (1936 -936 327.213897680185) (1936 -936 335.2138976801872) 
4 81 87 (1936 -936 335.2138976801872) (1936 -936 327.213897680185) (2480 -936 327.213897680185) (2480 -936 335.2138976801872) 
4 82 278 (2480 -936 -192) (2184 -936 -192) (2184 -744 -192) (2480 -744 -192) 
4 82 227 (2184 -656 -192) (2480 -656 -192) (2480 -744 -192) (2184 -744 -192) 
4 82 90 (2184 -936 -192) (2480 -936 -192) (2480 -936 -176) (2184 -936 -176) 
4 82 88 (2480 -936 -176) (2480 -936 327.213897680185) (2176 -936 327.213897680185) (2176 -936 -176) 
4 82 83 (2176 -936 152) (2176 -936 327.213897680185) (2176 -656 327.213897680185) (2176 -656 152) 
4 83 347 (1936 -656 280) (1936 -656 152) (1936 -936 152) (1936 -936 280) 
4 83 346 (1936 -656 327.213897680185) (1936 -656 280) (1936 -936 280) (1936 -936 327.213897680185) 
4 83 88 (1936 -936 327.213897680185) (1936 -936 152) (2176 -936 152) (2176 -936 327.213897680185) 
4 84 101 (2488 -1136 327.213897680185) (2736 -1136 327.213897680185) (2736 -1136 335.2138976801872) (2488 -1136 335.2138976801872) 
4 84 86 (2736 -1136 327.213897680185) (2488 -1136 327.213897680185) (2488 -936 327.213897680185) (2736 -936 327.213897680185) 
4 84 85 (2488 -936 327.213897680185) (2488 -1136 327.213897680185) (2488 -1136 335.2138976801872) (2488 -936 335.2138976801872) 
4 85 102 (2480 -1136 335.2138976801872) (2480 -1136 327.213897680185) (2488 -1136 327.213897680185) (2488 -1136 335.2138976801872) 
4 85 87 (2480 -936 335.2138976801872) (2480 -936 327.213897680185) (2480 -1136 327.213897680185) (2480 -1136 335.2138976801872) 
4 85 86 (2488 -1136 327.213897680185) (2480 -1136 327.213897680185) (2480 -936 327.213897680185) (2488 -936 327.213897680185) 
4 86 103 (2480 -1136 327.213897680185) (2480 -1136 -176) (2736 -1136 -176) (2736 -1136 327.213897680185) 
4 86 89 (2736 -1136 -176) (2480 -1136 -176) (2480 -936 -176) (2736 -936 -176) 
4 87 345 (1936 -936 335.2138976801872) (1936 -936 327.213897680185) (1936 -1136 327.213897680185) (1936 -1136 335.2138976801872) 
4 87 104 (1936 -1136 335.2138976801872) (1936 -1136 327.213897680185) (2480 -1136 327.213897680185) (2480 -1136 335.2138976801872) 
4 88 349 (1936 -936 112) (1936 -936 -176) (1936 -1136 -176) (1936 -1136 112) 
4 88 347 (1936 -936 280) (1936 -936 112) (1936 -1136 112) (1936 -1136 280) 
4 88 346 (1936 -936 327.213897680185) (1936 -936 280) (1936 -1136 280) (1936 -1136 327.213897680185) 
4 88 106 (1936 -1136 327.213897680185) (1936 -1136 152) (2176 -1136 152) (2176 -1136 327.213897680185) 
4 88 105 (2176 -1136 -176) (2480 -1136 -176) (2480 -1136 327.213897680185) (2176 -1136 327.213897680185) 
4 88 100 (1960 -1136 -176) (1944 -1136 -176) (1944 -936 -176) (1960 -936 -176) 
4 88 99 (1984 -1136 -176) (1968 -1136 -176) (1968 -936 -176) (1984 -936 -176) 
4 88 98 (2008 -1136 -176) (1992 -1136 -176) (1992 -936 -176) (2008 -936 -176) 
4 88 97 (2032 -1136 -176) (2016 -1136 -176) (2016 -936 -176) (2032 -936 -176) 
4 88 96 (2056 -1136 -176) (2040 -1136 -176) (2040 -936 -176) (2056 -936 -176) 
4 88 95 (2080 -1136 -176) (2064 -1136 -176) (2064 -936 -176) (2080 -936 -176) 
4 88 94 (2104 -1136 -176) (2088 -1136 -176) (2088 -936 -176) (2104 -936 -176) 
4 88 93 (2128 -1136 -176) (2112 -1136 -176) (2112 -936 -176) (2128 -936 -176) 
4 88 92 (2152 -1136 -176) (2136 -1136 -176) (2136 -936 -176) (2152 -936 -176) 
4 88 91 (2176 -1136 -176) (2160 -1136 -176) (2160 -936 -176) (2176 -936 -176) 
4 88 90 (2480 -1136 -176) (2184 -1136 -176) (2184 -936 -176) (2480 -936 -176) 
4 89 277 (2736 -1136 -192) (2480 -1136 -192) (2480 -936 -192) (2736 -936 -192) 
4 89 103 (2480 -1136 -192) (2736 -1136 -192) (2736 -1136 -176) (2480 -1136 -176) 
4 90 278 (2480 -1136 -192) (2184 -1136 -192) (2184 -936 -192) (2480 -936 -192) 
4 90 105 (2184 -1136 -192) (2480 -1136 -192) (2480 -1136 -176) (2184 -1136 -176) 
4 91 281 (2176 -1136 -192) (2160 -1136 -192) (2160 -936 -192) (2176 -936 -192) 
4 92 281 (2152 -1136 -192) (2136 -1136 -192) (2136 -936 -192) (2152 -936 -192) 
4 93 281 (2128 -1136 -192) (2112 -1136 -192) (2112 -936 -192) (2128 -936 -192) 
4 94 283 (2104 -1136 -192) (2088 -1136 -192) (2088 -936 -192) (2104 -936 -192) 
4 95 283 (2080 -1136 -192) (2064 -1136 -192) (2064 -936 -192) (2080 -936 -192) 
4 96 283 (2056 -1136 -192) (2040 -1136 -192) (2040 -936 -192) (2056 -936 -192) 
4 97 283 (2032 -1136 -192) (2016 -1136 -192) (2016 -936 -192) (2032 -936 -192) 
4 98 283 (2008 -1136 -192) (1992 -1136 -192) (1992 -936 -192) (2008 -936 -192) 
4 99 283 (1984 -1136 -192) (1968 -1136 -192) (1968 -936 -192) (1984 -936 -192) 
4 100 290 (1952 -1136 -192) (1944 -1136 -192) (1944 -936 -192) (1952 -936 -192) 
4 100 283 (1960 -1136 -192) (1952 -1136 -192) (1952 -936 -192) (1960 -936 -192) 
4 101 107 (2488 -1232 327.213897680185) (2736 -1232 327.213897680185) (2736 -1232 335.2138976801872) (2488 -1232 335.2138976801872) 
4 101 103 (2736 -1232 327.213897680185) (2488 -1232 327.213897680185) (2488 -1136 327.213897680185) (2736 -1136 327.213897680185) 
4 101 102 (2488 -1136 327.213897680185) (2488 -1232 327.213897680185) (2488 -1232 335.2138976801872) (2488 -1136 335.2138976801872) 
4 102 108 (2480 -1232 335.2138976801872) (2480 -1232 327.213897680185) (2488 -1232 327.213897680185) (2488 -1232 335.2138976801872) 
4 102 104 (2480 -1136 335.2138976801872) (2480 -1136 327.213897680185) (2480 -1232 327.213897680185) (2480 -1232 335.2138976801872) 
4 102 103 (2488 -1232 327.213897680185) (2480 -1232 327.213897680185) (2480 -1136 327.213897680185) (2488 -1136 327.213897680185) 
4 103 277 (2736 -1232 -192) (2480 -1232 -192) (2480 -1136 -192) (2736 -1136 -192) 
4 103 109 (2480 -1232 327.213897680185) (2480 -1232 -192) (2736 -1232 -192) (2736 -1232 327.213897680185) 
4 104 345 (1936 -1136 335.2138976801872) (1936 -1136 327.213897680185) (1936 -1232 327.213897680185) (1936 -1232 335.2138976801872) 
4 104 110 (1936 -1232 335.2138976801872) (1936 -1232 327.213897680185) (2480 -1232 327.213897680185) (2480 -1232 335.2138976801872) 
4 105 278 (2480 -1232 -192) (2184 -1232 -192) (2184 -1136 -192) (2480 -1136 -192) 
4 105 112 (2184 -1232 -176) (2184 -1232 327.213897680185) (2176 -1232 327.213897680185) (2176 -1232 -176) 
4 105 111 (2184 -1232 -192) (2480 -1232 -192) (2480 -1232 327.213897680185) (2184 -1232 327.213897680185) 
4 105 106 (2176 -1232 152) (2176 -1232 327.213897680185) (2176 -1136 327.213897680185) (2176 -1136 152) 
4 106 347 (1936 -1136 280) (1936 -1136 152) (1936 -1232 152) (1936 -1232 280) 
4 106 346 (1936 -1136 327.213897680185) (1936 -1136 280) (1936 -1232 280) (1936 -1232 327.213897680185) 
4 106 112 (1936 -1232 327.213897680185) (1936 -1232 152) (2176 -1232 152) (2176 -1232 327.213897680185) 
4 107 113 (2488 -1280 327.213897680185) (2736 -1280 327.213897680185) (2736 -1280 335.2138976801872) (2488 -1280 335.2138976801872) 
4 107 109 (2736 -1280 327.213897680185) (2488 -1280 327.213897680185) (2488 -1232 327.213897680185) (2736 -1232 327.213897680185) 
4 107 108 (2488 -1232 327.213897680185) (2488 -1280 327.213897680185) (2488 -1280 335.2138976801872) (2488 -1232 335.2138976801872) 
4 108 114 (2480 -1280 335.2138976801872) (2480 -1280 327.213897680185) (2488 -1280 327.213897680185) (2488 -1280 335.2138976801872) 
4 108 110 (2480 -1232 335.2138976801872) (2480 -1232 327.213897680185) (2480 -1280 327.213897680185) (2480 -1280 335.2138976801872) 
4 108 109 (2488 -1280 327.213897680185) (2480 -1280 327.213897680185) (2480 -1232 327.213897680185) (2488 -1232 327.213897680185) 
4 109 317 (2736 -1280 -192) (2480 -1280 -192) (2480 -1232 -192) (2736 -1232 -192) 
4 109 118 (2480 -1280 -176) (2480 -1280 -192) (2736 -1280 -192) (2736 -1280 -176) 
4 109 115 (2480 -1280 327.213897680185) (2480 -1280 -176) (2736 -1280 -176) (2736 -1280 327.213897680185) 
4 110 345 (1936 -1232 335.2138976801872) (1936 -1232 327.213897680185) (1936 -1280 327.213897680185) (1936 -1280 335.2138976801872) 
4 110 116 (1936 -1280 335.2138976801872) (1936 -1280 327.213897680185) (2480 -1280 327.213897680185) (2480 -1280 335.2138976801872) 
4 111 319 (2232 -1280 -192) (2184 -1280 -192) (2184 -1232 -192) (2232 -1232 -192) 
4 111 318 (2480 -1280 -192) (2232 -1280 -192) (2232 -1232 -192) (2480 -1232 -192) 
4 111 119 (2184 -1280 -192) (2480 -1280 -192) (2480 -1280 -176) (2184 -1280 -176) 
4 111 117 (2480 -1280 -176) (2480 -1280 327.213897680185) (2184 -1280 327.213897680185) (2184 -1280 -176) 
4 111 112 (2184 -1280 -176) (2184 -1280 327.213897680185) (2184 -1232 327.213897680185) (2184 -1232 -176) 
4 112 349 (1936 -1232 112) (1936 -1232 -176) (1936 -1280 -176) (1936 -1280 112) 
4 112 347 (1936 -1232 280) (1936 -1232 112) (1936 -1280 112) (1936 -1280 280) 
4 112 346 (1936 -1232 327.213897680185) (1936 -1232 280) (1936 -1280 280) (1936 -1280 327.213897680185) 
4 112 117 (1936 -1280 327.213897680185) (1936 -1280 -176) (2184 -1280 -176) (2184 -1280 327.213897680185) 
4 113 122 (2488 -1784 327.213897680185) (2736 -1784 327.213897680185) (2736 -1784 335.2138976801872) (2488 -1784 335.2138976801872) 
4 113 115 (2736 -1784 327.213897680185) (2488 -1784 327.213897680185) (2488 -1280 327.213897680185) (2736 -1280 327.213897680185) 
4 113 114 (2488 -1280 327.213897680185) (2488 -1784 327.213897680185) (2488 -1784 335.2138976801872) (2488 -1280 335.2138976801872) 
4 114 122 (2480 -1784 335.2138976801872) (2480 -1784 327.213897680185) (2488 -1784 327.213897680185) (2488 -1784 335.2138976801872) 
4 114 116 (2480 -1280 335.2138976801872) (2480 -1280 327.213897680185) (2480 -1784 327.213897680185) (2480 -1784 335.2138976801872) 
4 114 115 (2488 -1784 327.213897680185) (2480 -1784 327.213897680185) (2480 -1280 327.213897680185) (2488 -1280 327.213897680185) 
4 115 122 (2480 -1784 327.213897680185) (2480 -1784 -176) (2736 -1784 -176) (2736 -1784 327.213897680185) 
4 115 118 (2736 -1784 -176) (2480 -1784 -176) (2480 -1280 -176) (2736 -1280 -176) 
4 116 345 (1936 -1280 335.2138976801872) (1936 -1280 327.213897680185) (1936 -1784 327.213897680185) (1936 -1784 335.2138976801872) 
4 116 124 (1936 -1784 335.2138976801872) (1936 -1784 327.213897680185) (2480 -1784 327.213897680185) (2480 -1784 335.2138976801872) 
4 117 349 (1936 -1280 112) (1936 -1280 -176) (1936 -1784 -176) (1936 -1784 112) 
4 117 347 (1936 -1280 280) (1936 -1280 112) (1936 -1784 112) (1936 -1784 280) 
4 117 346 (1936 -1280 327.213897680185) (1936 -1280 280) (1936 -1784 280) (1936 -1784 327.213897680185) 
4 117 121 (1936 -1752 -176) (1936 -1336 -176) (2232 -1336 -176) (2232 -1752 -176) 
4 117 120 (2480 -1784 -176) (2232 -1784 -176) (2232 -1336 -176) (2480 -1336 -176) 
4 117 119 (2184 -1280 -176) (2480 -1280 -176) (2480 -1336 -176) (2184 -1336 -176) 
4 118 317 (2736 -1784 -192) (2480 -1784 -192) (2480 -1280 -192) (2736 -1280 -192) 
4 118 122 (2480 -1784 -192) (2736 -1784 -192) (2736 -1784 -176) (2480 -1784 -176) 
4 119 321 (2184 -1280 -192) (2232 -1280 -192) (2232 -1336 -192) (2184 -1336 -192) 
4 119 318 (2232 -1280 -192) (2480 -1280 -192) (2480 -1336 -192) (2232 -1336 -192) 
4 119 121 (2184 -1336 -192) (2232 -1336 -192) (2232 -1336 -176) (2184 -1336 -176) 
4 119 120 (2232 -1336 -192) (2480 -1336 -192) (2480 -1336 -176) (2232 -1336 -176) 
4 120 318 (2480 -1784 -192) (2232 -1784 -192) (2232 -1336 -192) (2480 -1336 -192) 
4 120 121 (2232 -1336 -176) (2232 -1336 -192) (2232 -1752 -192) (2232 -1752 -176) 
4 121 437 (1936 -1336 -192) (1936 -1752 -192) (1936 -1752 -176) (1936 -1336 -176) 
4 121 323 (1936 -1752 -192) (1936 -1336 -192) (2232 -1336 -192) (2232 -1752 -192) 
4 122 326 (2480 -1792 -192) (2480 -1784 -192) (2736 -1784 -192) (2736 -1792 -192) 
4 122 124 (2480 -1784 335.2138976801872) (2480 -1784 -192) (2480 -1792 -192) (2480 -1792 335.2138976801872) 
4 122 123 (2736 -1792 -192) (2736 -1792 335.2138976801872) (2480 -1792 335.2138976801872) (2480 -1792 -192) 
4 123 327 (2480 -2040 -192) (2480 -1792 -192) (2736 -1792 -192) (2736 -2040 -192) 
4 123 124 (2480 -1792 -192) (2480 -2040 -192) (2480 -2040 335.2138976801872) (2480 -1792 335.2138976801872) 
4 124 440 (1936 -1784 -176) (1936 -1784 -192) (1936 -2040 -192) (1936 -2040 -176) 
4 124 353 (1936 -1784 335.2138976801872) (1936 -1784 -176) (1936 -2040 -176) (1936 -2040 335.2138976801872) 
4 124 332 (1936 -2040 -192) (1936 -1904 -192) (2088 -1904 -192) (2088 -2040 -192) 
4 124 330 (1936 -1904 -192) (1936 -1888 -192) (2088 -1888 -192) (2088 -1904 -192) 
4 124 329 (1936 -1888 -192) (1936 -1784 -192) (2088 -1784 -192) (2088 -1888 -192) 
4 124 328 (2088 -1784 -192) (2480 -1784 -192) (2480 -2040 -192) (2088 -2040 -192) 
4 125 147 (2480 776 -1136) (2480 784 -1136) (2736 784 -1136) (2736 776 -1136) 
4 125 128 (2480 784 -1136) (2480 776 -1136) (2480 776 -192) (2480 784 -192) 
4 125 126 (2480 776 -192) (2480 776 -1136) (2736 776 -1136) (2736 776 -192) 
4 126 147 (2736 528 -1136) (2480 528 -1136) (2480 776 -1136) (2736 776 -1136) 
4 126 128 (2480 776 -1136) (2480 528 -1136) (2480 528 -192) (2480 776 -192) 
4 126 127 (2480 528 -192) (2480 528 -1136) (2736 528 -1136) (2736 528 -192) 
4 127 147 (2736 368 -1136) (2480 368 -1136) (2480 528 -1136) (2736 528 -1136) 
4 127 133 (2480 368 -1136) (2736 368 -1136) (2736 368 -192) (2480 368 -192) 
4 128 147 (2192 528 -1136) (2192 784 -1136) (2480 784 -1136) (2480 528 -1136) 
4 128 131 (2192 784 -1136) (2192 528 -1136) (2192 528 -304) (2192 784 -304) 
4 128 130 (2192 544 -192) (2192 784 -192) (2192 784 -304) (2192 544 -304) 
4 129 134 (2192 368 -1136) (2480 368 -1136) (2480 368 -192) (2192 368 -192) 
4 129 132 (2192 528 -1136) (2192 368 -1136) (2192 368 -304) (2192 528 -304) 
4 130 137 (2176 784 -304) (2176 544 -304) (2176 544 -192) (2176 784 -192) 
4 130 131 (2176 544 -304) (2176 784 -304) (2192 784 -304) (2192 544 -304) 
4 131 147 (2176 528 -1136) (2176 784 -1136) (2192 784 -1136) (2192 528 -1136) 
4 131 144 (2176 784 -1136) (2176 528 -1136) (2176 528 -320) (2176 784 -320) 
4 131 143 (2176 544 -304) (2176 784 -304) (2176 784 -320) (2176 544 -320) 
4 132 145 (2176 528 -1136) (2176 368 -1136) (2176 368 -320) (2176 528 -320) 
4 132 135 (2176 368 -320) (2176 368 -1136) (2184 368 -1136) (2184 368 -320) 
4 132 134 (2184 368 -1136) (2192 368 -1136) (2192 368 -304) (2184 368 -304) 
4 133 168 (2480 -96 -312) (2480 -96 -1136) (2736 -96 -1136) (2736 -96 -312) 
4 133 151 (2480 -96 -304) (2480 -96 -312) (2736 -96 -312) (2736 -96 -304) 
4 133 148 (2736 -96 -192) (2480 -96 -192) (2480 -96 -304) (2736 -96 -304) 
4 133 147 (2736 -96 -1136) (2480 -96 -1136) (2480 368 -1136) (2736 368 -1136) 
4 134 169 (2184 -96 -312) (2184 -96 -1136) (2480 -96 -1136) (2480 -96 -312) 
4 134 152 (2184 -96 -304) (2184 -96 -312) (2480 -96 -312) (2480 -96 -304) 
4 134 149 (2480 -96 -192) (2184 -96 -192) (2184 -96 -304) (2480 -96 -304) 
4 134 136 (2184 48 -1136) (2184 -96 -1136) (2184 -96 -1040) (2184 48 -1040) 
4 134 135 (2184 368 -320) (2184 368 -1136) (2184 48 -1136) (2184 48 -320) 
4 135 145 (2176 368 -1136) (2176 48 -1136) (2176 48 -320) (2176 368 -320) 
4 135 136 (2184 48 -1136) (2184 48 -1040) (2176 48 -1040) (2176 48 -1136) 
4 136 170 (2176 -96 -1040) (2176 -96 -1136) (2184 -96 -1136) (2184 -96 -1040) 
4 136 146 (2176 48 -1136) (2176 -96 -1136) (2176 -96 -1040) (2176 48 -1040) 
4 137 415 (1936 784 -304) (1936 544 -304) (1936 544 -192) (1936 784 -192) 
4 137 143 (2176 784 -304) (2176 544 -304) (1936 544 -304) (1936 784 -304) 
4 137 138 (2000 544 -304) (2112 544 -304) (2112 544 -192) (2000 544 -192) 
4 138 139 (2000 536 -304) (2112 536 -304) (2112 536 -192) (2000 536 -192) 
4 140 141 (2056 32 -304) (2136 32 -304) (2136 32 -192) (2056 32 -192) 
4 141 142 (2056 24 -304) (2136 24 -304) (2136 24 -192) (2056 24 -192) 
4 142 150 (2176 -96 -192) (1936 -96 -192) (1936 -96 -304) (2176 -96 -304) 
4 143 416 (1936 784 -320) (1936 544 -320) (1936 544 -304) (1936 784 -304) 
4 143 144 (2176 784 -320) (2176 544 -320) (1936 544 -320) (1936 784 -320) 
4 144 416 (1936 784 -1136) (1936 528 -1136) (1936 528 -320) (1936 784 -320) 
4 144 147 (1936 528 -1136) (1936 784 -1136) (2176 784 -1136) (2176 528 -1136) 
4 145 417 (1936 528 -1136) (1936 48 -1136) (1936 48 -320) (1936 528 -320) 
4 145 146 (1936 48 -1136) (2176 48 -1136) (2176 48 -1040) (1936 48 -1040) 
4 146 417 (1936 48 -1136) (1936 -96 -1136) (1936 -96 -1040) (1936 48 -1040) 
4 146 175 (1936 -96 -1040) (1936 -96 -1136) (1944 -96 -1136) (1944 -96 -1040) 
4 146 173 (1944 -96 -1136) (2176 -96 -1136) (2176 -96 -1040) (1944 -96 -1040) 
4 147 421 (1936 -96 -1144) (1936 -96 -1136) (1936 784 -1136) (1936 784 -1144) 
4 147 176 (1944 -96 -1136) (1936 -96 -1136) (1936 -96 -1144) (1944 -96 -1144) 
4 147 174 (2176 -96 -1136) (1944 -96 -1136) (1944 -96 -1144) (2176 -96 -1144) 
4 147 171 (2736 -96 -1144) (2736 -96 -1136) (2176 -96 -1136) (2176 -96 -1144) 
4 148 177 (2736 -152 -192) (2480 -152 -192) (2480 -152 -304) (2736 -152 -304) 
4 148 151 (2736 -152 -304) (2480 -152 -304) (2480 -96 -304) (2736 -96 -304) 
4 149 178 (2480 -152 -192) (2184 -152 -192) (2184 -152 -304) (2480 -152 -304) 
4 149 152 (2480 -152 -304) (2184 -152 -304) (2184 -96 -304) (2480 -96 -304) 
4 150 194 (1944 -152 -192) (1936 -152 -192) (1936 -152 -304) (1944 -152 -304) 
4 150 193 (2112 -152 -192) (1944 -152 -192) (1944 -152 -304) (2112 -152 -304) 
4 150 180 (2120 -152 -192) (2112 -152 -192) (2112 -152 -304) (2120 -152 -304) 
4 150 179 (2176 -152 -192) (2120 -152 -192) (2120 -152 -304) (2176 -152 -304) 
4 150 167 (1952 -152 -304) (1944 -152 -304) (1944 -96 -304) (1952 -96 -304) 
4 150 166 (1968 -152 -304) (1960 -152 -304) (1960 -96 -304) (1968 -96 -304) 
4 150 165 (1984 -152 -304) (1976 -152 -304) (1976 -96 -304) (1984 -96 -304) 
4 150 164 (2000 -152 -304) (1992 -152 -304) (1992 -96 -304) (2000 -96 -304) 
4 150 163 (2016 -152 -304) (2008 -152 -304) (2008 -96 -304) (2016 -96 -304) 
4 150 162 (2032 -152 -304) (2024 -152 -304) (2024 -96 -304) (2032 -96 -304) 
4 150 161 (2048 -152 -304) (2040 -152 -304) (2040 -96 -304) (2048 -96 -304) 
4 150 160 (2064 -152 -304) (2056 -152 -304) (2056 -96 -304) (2064 -96 -304) 
4 150 159 (2080 -152 -304) (2072 -152 -304) (2072 -96 -304) (2080 -96 -304) 
4 150 158 (2096 -152 -304) (2088 -152 -304) (2088 -96 -304) (2096 -96 -304) 
4 150 157 (2112 -152 -304) (2104 -152 -304) (2104 -96 -304) (2112 -96 -304) 
4 150 156 (2128 -152 -304) (2120 -152 -304) (2120 -96 -304) (2128 -96 -304) 
4 150 155 (2144 -152 -304) (2136 -152 -304) (2136 -96 -304) (2144 -96 -304) 
4 150 154 (2160 -152 -304) (2152 -152 -304) (2152 -96 -304) (2160 -96 -304) 
4 150 153 (2176 -152 -304) (2168 -152 -304) (2168 -96 -304) (2176 -96 -304) 
4 151 177 (2736 -152 -304) (2480 -152 -304) (2480 -152 -312) (2736 -152 -312) 
4 151 168 (2736 -152 -312) (2480 -152 -312) (2480 -96 -312) (2736 -96 -312) 
4 152 178 (2480 -152 -304) (2184 -152 -304) (2184 -152 -312) (2480 -152 -312) 
4 152 169 (2480 -152 -312) (2184 -152 -312) (2184 -96 -312) (2480 -96 -312) 
4 153 172 (2176 -152 -312) (2168 -152 -312) (2168 -96 -312) (2176 -96 -312) 
4 154 172 (2160 -152 -312) (2152 -152 -312) (2152 -96 -312) (2160 -96 -312) 
4 155 172 (2144 -152 -312) (2136 -152 -312) (2136 -96 -312) (2144 -96 -312) 
4 156 172 (2128 -152 -312) (2120 -152 -312) (2120 -96 -312) (2128 -96 -312) 
4 157 172 (2112 -152 -312) (2104 -152 -312) (2104 -96 -312) (2112 -96 -312) 
4 158 172 (2096 -152 -312) (2088 -152 -312) (2088 -96 -312) (2096 -96 -312) 
4 159 172 (2080 -152 -312) (2072 -152 -312) (2072 -96 -312) (2080 -96 -312) 
4 160 172 (2064 -152 -312) (2056 -152 -312) (2056 -96 -312) (2064 -96 -312) 
4 161 172 (2048 -152 -312) (2040 -152 -312) (2040 -96 -312) (2048 -96 -312) 
4 162 172 (2032 -152 -312) (2024 -152 -312) (2024 -96 -312) (2032 -96 -312) 
4 163 172 (2016 -152 -312) (2008 -152 -312) (2008 -96 -312) (2016 -96 -312) 
4 164 172 (2000 -152 -312) (1992 -152 -312) (1992 -96 -312) (2000 -96 -312) 
4 165 172 (1984 -152 -312) (1976 -152 -312) (1976 -96 -312) (1984 -96 -312) 
4 166 172 (1968 -152 -312) (1960 -152 -312) (1960 -96 -312) (1968 -96 -312) 
4 167 172 (1952 -152 -312) (1944 -152 -312) (1944 -96 -312) (1952 -96 -312) 
4 168 181 (2480 -152 -320) (2480 -152 -1136) (2736 -152 -1136) (2736 -152 -320) 
4 168 177 (2736 -152 -312) (2480 -152 -312) (2480 -152 -320) (2736 -152 -320) 
4 168 171 (2736 -152 -1136) (2480 -152 -1136) (2480 -96 -1136) (2736 -96 -1136) 
4 169 182 (2184 -152 -320) (2184 -152 -1136) (2480 -152 -1136) (2480 -152 -320) 
4 169 178 (2480 -152 -312) (2184 -152 -312) (2184 -152 -320) (2480 -152 -320) 
4 169 170 (2184 -96 -1136) (2184 -152 -1136) (2184 -152 -1040) (2184 -96 -1040) 
4 170 183 (2176 -152 -1040) (2176 -152 -1136) (2184 -152 -1136) (2184 -152 -1040) 
4 170 173 (2176 -152 -1136) (2176 -152 -1040) (2176 -96 -1040) (2176 -96 -1136) 
4 171 184 (2736 -152 -1144) (2736 -152 -1136) (2176 -152 -1136) (2176 -152 -1144) 
4 171 174 (2176 -152 -1144) (2176 -152 -1136) (2176 -96 -1136) (2176 -96 -1144) 
4 173 224 (2112 -152 -1040) (1944 -152 -1040) (1944 -152 -1136) (2112 -152 -1136) 
4 173 183 (2176 -152 -1136) (2176 -152 -1040) (2112 -152 -1040) (2112 -152 -1136) 
4 173 175 (1944 -152 -1136) (1944 -152 -1040) (1944 -96 -1040) (1944 -96 -1136) 
4 174 225 (2112 -152 -1136) (1944 -152 -1136) (1944 -152 -1144) (2112 -152 -1144) 
4 174 184 (2176 -152 -1144) (2176 -152 -1136) (2112 -152 -1136) (2112 -152 -1144) 
4 174 176 (1944 -152 -1144) (1944 -152 -1136) (1944 -96 -1136) (1944 -96 -1144) 
4 175 417 (1936 -152 -1136) (1936 -152 -1040) (1936 -96 -1040) (1936 -96 -1136) 
4 175 224 (1944 -152 -1136) (1944 -152 -1040) (1936 -152 -1040) (1936 -152 -1136) 
4 176 421 (1936 -152 -1144) (1936 -152 -1136) (1936 -96 -1136) (1936 -96 -1144) 
4 176 225 (1944 -152 -1144) (1944 -152 -1136) (1936 -152 -1136) (1936 -152 -1144) 
4 177 185 (2480 -264 -320) (2736 -264 -320) (2736 -264 -192) (2480 -264 -192) 
4 177 181 (2736 -264 -320) (2480 -264 -320) (2480 -152 -320) (2736 -152 -320) 
4 178 186 (2184 -264 -320) (2480 -264 -320) (2480 -264 -192) (2184 -264 -192) 
4 178 182 (2480 -264 -320) (2184 -264 -320) (2184 -152 -320) (2480 -152 -320) 
4 179 189 (2120 -264 -304) (2176 -264 -304) (2176 -264 -192) (2120 -264 -192) 
4 179 180 (2120 -152 -192) (2120 -152 -304) (2120 -256 -304) (2120 -256 -192) 
4 180 193 (2112 -152 -192) (2112 -152 -304) (2112 -256 -304) (2112 -256 -192) 
4 181 185 (2480 -264 -1136) (2736 -264 -1136) (2736 -264 -320) (2480 -264 -320) 
4 181 184 (2736 -264 -1136) (2480 -264 -1136) (2480 -152 -1136) (2736 -152 -1136) 
4 182 186 (2184 -264 -1136) (2480 -264 -1136) (2480 -264 -320) (2184 -264 -320) 
4 182 183 (2184 -152 -1136) (2184 -264 -1136) (2184 -264 -1040) (2184 -152 -1040) 
4 183 224 (2112 -152 -1040) (2112 -152 -1136) (2112 -264 -1136) (2112 -264 -1040) 
4 183 191 (2112 -264 -1040) (2112 -264 -1136) (2176 -264 -1136) (2176 -264 -1040) 
4 183 187 (2176 -264 -1136) (2184 -264 -1136) (2184 -264 -1040) (2176 -264 -1040) 
4 184 225 (2112 -152 -1136) (2112 -152 -1144) (2112 -264 -1144) (2112 -264 -1136) 
4 184 192 (2112 -264 -1136) (2112 -264 -1144) (2176 -264 -1144) (2176 -264 -1136) 
4 184 188 (2176 -264 -1144) (2736 -264 -1144) (2736 -264 -1136) (2176 -264 -1136) 
4 185 226 (2736 -480 -192) (2480 -480 -192) (2480 -480 -1136) (2736 -480 -1136) 
4 185 188 (2736 -480 -1136) (2480 -480 -1136) (2480 -264 -1136) (2736 -264 -1136) 
4 186 227 (2480 -480 -192) (2184 -480 -192) (2184 -480 -1136) (2480 -480 -1136) 
4 186 187 (2184 -264 -1040) (2184 -264 -1136) (2184 -480 -1136) (2184 -480 -1040) 
4 187 228 (2176 -480 -1040) (2176 -480 -1136) (2184 -480 -1136) (2184 -480 -1040) 
4 187 191 (2176 -264 -1040) (2176 -264 -1136) (2176 -480 -1136) (2176 -480 -1040) 
4 188 229 (2736 -480 -1144) (2736 -480 -1136) (2176 -480 -1136) (2176 -480 -1144) 
4 188 192 (2176 -264 -1136) (2176 -264 -1144) (2176 -480 -1144) (2176 -480 -1136) 
4 189 231 (2176 -480 -304) (2176 -480 -288) (2120 -480 -288) (2120 -480 -304) 
4 189 230 (2176 -480 -280) (2176 -480 -192) (2120 -480 -192) (2120 -480 -280) 
4 189 190 (2120 -424 -304) (2120 -480 -304) (2120 -480 -192) (2120 -424 -192) 
4 190 230 (2120 -480 -192) (2112 -480 -192) (2112 -480 -280) (2120 -480 -280) 
4 190 204 (2112 -480 -304) (2112 -480 -192) (2112 -424 -192) (2112 -424 -304) 
4 191 232 (2176 -480 -1136) (2176 -480 -1040) (2112 -480 -1040) (2112 -480 -1136) 
4 191 224 (2112 -480 -1136) (2112 -480 -1040) (2112 -264 -1040) (2112 -264 -1136) 
4 192 233 (2176 -480 -1144) (2176 -480 -1136) (2112 -480 -1136) (2112 -480 -1144) 
4 192 225 (2112 -480 -1144) (2112 -480 -1136) (2112 -264 -1136) (2112 -264 -1144) 
4 193 196 (2112 -264 -304) (2112 -264 -192) (1944 -264 -192) (1944 -264 -304) 
4 193 194 (1944 -152 -192) (1944 -152 -304) (1944 -256 -304) (1944 -256 -192) 
4 195 199 (1936 -272 -336) (1944 -272 -336) (1944 -272 -328) (1936 -272 -328) 
4 195 197 (1960 -272 -336) (2112 -272 -336) (2112 -272 -328) (1960 -272 -328) 
4 196 199 (1944 -272 -192) (1936 -272 -192) (1936 -272 -312) (1944 -272 -312) 
4 196 197 (2112 -272 -312) (2112 -272 -192) (1960 -272 -192) (1960 -272 -312) 
4 197 217 (2112 -400 -336) (2112 -408 -336) (1960 -408 -336) (1960 -400 -336) 
4 197 216 (2112 -384 -336) (2112 -392 -336) (1960 -392 -336) (1960 -384 -336) 
4 197 215 (2112 -368 -336) (2112 -376 -336) (1960 -376 -336) (1960 -368 -336) 
4 197 214 (2112 -352 -336) (2112 -360 -336) (1960 -360 -336) (1960 -352 -336) 
4 197 213 (2112 -336 -336) (2112 -344 -336) (1960 -344 -336) (1960 -336 -336) 
4 197 212 (2112 -320 -336) (2112 -328 -336) (1960 -328 -336) (1960 -320 -336) 
4 197 211 (2112 -304 -336) (2112 -312 -336) (1960 -312 -336) (1960 -304 -336) 
4 197 210 (2112 -288 -336) (2112 -296 -336) (1960 -296 -336) (1960 -288 -336) 
4 197 208 (2112 -272 -336) (2112 -280 -336) (1960 -280 -336) (1960 -272 -336) 
4 197 203 (1960 -416 -336) (2016 -416 -336) (2016 -416 -192) (1960 -416 -192) 
4 197 202 (2024 -416 -312) (2024 -416 -192) (2016 -416 -192) (2016 -416 -312) 
5 197 201 (2024 -416 -336) (2039.9999999999995 -416 -336) (2112 -416 -311.99999999999994) (2112 -416 -287.9999999999999) (2024 -416 -319.99999999999994) 
4 197 200 (2112 -416 -280) (2112 -416 -192) (2024 -416 -192) (2024 -416 -312.00000000000006) 
4 197 198 (1960 -288 -336) (1960 -416 -336) (1960 -416 -192) (1960 -288 -192) 
4 198 217 (1944 -408 -336) (1944 -400 -336) (1960 -400 -336) (1960 -408 -336) 
4 198 216 (1944 -392 -336) (1944 -384 -336) (1960 -384 -336) (1960 -392 -336) 
4 198 215 (1944 -376 -336) (1944 -368 -336) (1960 -368 -336) (1960 -376 -336) 
4 198 214 (1944 -360 -336) (1944 -352 -336) (1960 -352 -336) (1960 -360 -336) 
4 198 213 (1944 -344 -336) (1944 -336 -336) (1960 -336 -336) (1960 -344 -336) 
4 198 212 (1944 -328 -336) (1944 -320 -336) (1960 -320 -336) (1960 -328 -336) 
4 198 211 (1944 -312 -336) (1944 -304 -336) (1960 -304 -336) (1960 -312 -336) 
4 198 210 (1944 -296 -336) (1944 -288 -336) (1960 -288 -336) (1960 -296 -336) 
4 198 203 (1944 -416 -336) (1960 -416 -336) (1960 -416 -192) (1944 -416 -192) 
4 198 199 (1944 -288 -336) (1944 -416 -336) (1944 -416 -192) (1944 -288 -192) 
4 199 217 (1936 -408 -336) (1936 -400 -336) (1944 -400 -336) (1944 -408 -336) 
4 199 216 (1936 -392 -336) (1936 -384 -336) (1944 -384 -336) (1944 -392 -336) 
4 199 215 (1936 -376 -336) (1936 -368 -336) (1944 -368 -336) (1944 -376 -336) 
4 199 214 (1936 -360 -336) (1936 -352 -336) (1944 -352 -336) (1944 -360 -336) 
4 199 213 (1936 -344 -336) (1936 -336 -336) (1944 -336 -336) (1944 -344 -336) 
4 199 212 (1936 -328 -336) (1936 -320 -336) (1944 -320 -336) (1944 -328 -336) 
4 199 211 (1936 -312 -336) (1936 -304 -336) (1944 -304 -336) (1944 -312 -336) 
4 199 210 (1936 -296 -336) (1936 -288 -336) (1944 -288 -336) (1944 -296 -336) 
4 199 209 (1936 -288 -336) (1936 -272 -336) (1944 -272 -336) (1944 -288 -336) 
4 199 203 (1936 -416 -336) (1944 -416 -336) (1944 -416 -192) (1936 -416 -192) 
4 200 207 (2040 -424 -192) (2024 -424 -192) (2024 -424 -312.00000000000006) (2040 -424 -306.18181818181824) 
4 200 206 (2064 -424 -192) (2040 -424 -192) (2040 -424 -306.18181818181824) (2064 -424 -297.4545454545455) 
4 200 205 (2088 -424 -192) (2064 -424 -192) (2064 -424 -297.4545454545455) (2088 -424 -288.72727272727275) 
4 200 204 (2112 -424 -280) (2112 -424 -192) (2088 -424 -192) (2088 -424 -288.72727272727275) 
4 200 202 (2024 -416 -192) (2024 -416 -312.00000000000006) (2024 -424 -312.00000000000006) (2024 -424 -192) 
4 201 207 (2024 -424 -336) (2039.9999999999995 -424 -336) (2040 -424 -314.18181818181813) (2024 -424 -319.99999999999994) 
4 201 206 (2064 -424 -327.9999999999999) (2064 -424 -305.4545454545454) (2040 -424 -314.18181818181813) (2039.9999999999998 -424 -328) 
4 201 205 (2088 -424 -319.9999999999999) (2088 -424 -296.72727272727263) (2064 -424 -305.4545454545454) (2064 -424 -320) 
4 201 204 (2112 -424 -311.99999999999994) (2112 -424 -287.9999999999999) (2088 -424 -296.72727272727263) (2088 -424 -312) 
4 202 207 (2024 -424 -312) (2024 -424 -192) (2016 -424 -192) (2016 -424 -312) 
4 202 203 (2016 -416 -192) (2016 -416 -312) (2016 -424 -312) (2016 -424 -192) 
4 203 207 (1936 -424 -336) (2016 -424 -336) (2016 -424 -192) (1936 -424 -192) 
4 204 235 (2112 -480 -312) (2112 -480 -287.99999999999983) (2088 -480 -296.7272727272726) (2088 -480 -312) 
4 204 234 (2112 -480 -279.99999999999994) (2112 -480 -192) (2088 -480 -192) (2088 -480 -288.7272727272727) 
4 204 205 (2088 -424 -192) (2088 -424 -312) (2088 -480 -312) (2088 -480 -192) 
4 205 235 (2064 -480 -305.45454545454544) (2064 -480 -320) (2088 -480 -320) (2088 -480 -296.7272727272726) 
4 205 234 (2088 -480 -192) (2064 -480 -192) (2064 -480 -297.45454545454555) (2088 -480 -288.7272727272727) 
4 205 206 (2064 -424 -192) (2064 -424 -320) (2064 -480 -320) (2064 -480 -192) 
4 206 235 (2040 -480 -314.1818181818182) (2040 -480 -328) (2064 -480 -328) (2064 -480 -305.4545454545453) 
4 206 234 (2064 -480 -192) (2040 -480 -192) (2040 -480 -306.1818181818183) (2064 -480 -297.45454545454544) 
4 206 207 (2040 -424 -192) (2040 -424 -328) (2040 -480 -328) (2040 -480 -192) 
4 207 240 (1992 -480 -192) (1936 -480 -192) (1936 -480 -336) (1992 -480 -336) 
4 207 239 (2000 -480 -192) (1992 -480 -192) (1992 -480 -312) (2000 -480 -312) 
4 207 238 (2000 -480 -320) (2000 -480 -336) (2016 -480 -336) (2016 -480 -320) 
4 207 237 (2016 -480 -192) (2000 -480 -192) (2000 -480 -312) (2016 -480 -312) 
4 207 236 (2024 -480 -192) (2016 -480 -192) (2016 -480 -312) (2024 -480 -312) 
4 207 235 (2024 -480 -319.99999999999994) (2024 -480 -336) (2040 -480 -336) (2040 -480 -314.1818181818181) 
4 207 234 (2040 -480 -192) (2024 -480 -192) (2024 -480 -312.00000000000006) (2040 -480 -306.1818181818182) 
4 208 218 (2112 -272 -344) (2112 -280 -344) (1960 -280 -344) (1960 -272 -344) 
4 209 220 (1944 -288 -344) (1936 -288 -344) (1936 -272 -344) (1944 -272 -344) 
4 209 210 (1936 -288 -344) (1944 -288 -344) (1944 -288 -336) (1936 -288 -336) 
4 210 221 (2112 -288 -344) (2112 -296 -344) (1936 -296 -344) (1936 -288 -344) 
4 211 221 (2112 -304 -344) (2112 -312 -344) (1936 -312 -344) (1936 -304 -344) 
4 212 221 (2112 -320 -344) (2112 -328 -344) (1936 -328 -344) (1936 -320 -344) 
4 213 221 (2112 -336 -344) (2112 -344 -344) (1936 -344 -344) (1936 -336 -344) 
4 214 221 (2112 -352 -344) (2112 -360 -344) (1936 -360 -344) (1936 -352 -344) 
4 215 221 (2112 -368 -344) (2112 -376 -344) (1936 -376 -344) (1936 -368 -344) 
4 216 221 (2112 -384 -344) (2112 -392 -344) (1936 -392 -344) (1936 -384 -344) 
4 217 221 (2112 -400 -344) (2112 -408 -344) (1936 -408 -344) (1936 -400 -344) 
4 218 221 (1960 -288 -464) (2112 -288 -464) (2112 -288 -344) (1960 -288 -344) 
4 218 219 (1960 -264 -344) (1960 -264 -464) (1960 -272 -464) (1960 -272 -344) 
4 219 220 (1944 -264 -344) (1944 -264 -464) (1944 -272 -464) (1944 -272 -344) 
4 220 221 (1936 -288 -464) (1944 -288 -464) (1944 -288 -344) (1936 -288 -344) 
4 221 222 (1936 -416 -464) (2112 -416 -464) (2112 -416 -376) (1936 -416 -376) 
4 222 223 (2016 -424 -464) (2112 -424 -464) (2112 -424 -376) (2016 -424 -376) 
4 223 241 (2112 -480 -464) (2112 -480 -376) (2016 -480 -376) (2016 -480 -464) 
4 224 420 (1936 -480 -1136) (1936 -480 -1040) (1936 -264 -1040) (1936 -264 -1136) 
4 224 417 (1936 -264 -1040) (1936 -152 -1040) (1936 -152 -1136) (1936 -264 -1136) 
4 224 243 (2112 -480 -1136) (2112 -480 -1040) (1936 -480 -1040) (1936 -480 -1136) 
4 225 421 (1936 -480 -1144) (1936 -480 -1136) (1936 -152 -1136) (1936 -152 -1144) 
4 225 244 (2112 -480 -1144) (2112 -480 -1136) (1936 -480 -1136) (1936 -480 -1144) 
4 226 277 (2736 -744 -192) (2480 -744 -192) (2480 -744 -1136) (2736 -744 -1136) 
4 226 229 (2736 -744 -1136) (2480 -744 -1136) (2480 -480 -1136) (2736 -480 -1136) 
4 227 278 (2480 -744 -192) (2184 -744 -192) (2184 -744 -1136) (2480 -744 -1136) 
4 227 228 (2184 -480 -1040) (2184 -480 -1136) (2184 -744 -1136) (2184 -744 -1040) 
4 228 279 (2176 -744 -1040) (2176 -744 -1136) (2184 -744 -1136) (2184 -744 -1040) 
4 228 275 (2176 -672 -1136) (2176 -744 -1136) (2176 -744 -1040) (2176 -672 -1040) 
4 228 251 (2176 -488 -1136) (2176 -672 -1136) (2176 -672 -1040) (2176 -488 -1040) 
4 228 232 (2176 -480 -1040) (2176 -480 -1136) (2176 -488 -1136) (2176 -488 -1040) 
4 229 280 (2736 -744 -1144) (2736 -744 -1136) (2176 -744 -1136) (2176 -744 -1144) 
4 229 276 (2176 -672 -1144) (2176 -744 -1144) (2176 -744 -1136) (2176 -672 -1136) 
4 229 252 (2176 -488 -1144) (2176 -672 -1144) (2176 -672 -1136) (2176 -488 -1136) 
4 229 233 (2176 -480 -1136) (2176 -480 -1144) (2176 -488 -1144) (2176 -488 -1136) 
4 230 246 (2176 -488 -280) (2176 -488 -224) (2112 -488 -224) (2112 -488 -280) 
4 230 245 (2176 -488 -208) (2176 -488 -192) (2112 -488 -192) (2112 -488 -208) 
4 230 234 (2112 -480 -192) (2112 -480 -280) (2112 -488 -280) (2112 -488 -192) 
4 231 246 (2176 -488 -304) (2176 -488 -288) (2120 -488 -288) (2120 -488 -304) 
4 232 251 (2176 -488 -1136) (2176 -488 -1040) (2112 -488 -1040) (2112 -488 -1136) 
4 232 243 (2112 -480 -1040) (2112 -480 -1136) (2112 -488 -1136) (2112 -488 -1040) 
4 233 252 (2176 -488 -1144) (2176 -488 -1136) (2112 -488 -1136) (2112 -488 -1144) 
4 233 244 (2112 -480 -1136) (2112 -480 -1144) (2112 -488 -1144) (2112 -488 -1136) 
4 234 246 (2112 -488 -280) (2112 -488 -224) (2024 -488 -224) (2024 -488 -312.00000000000006) 
4 234 245 (2112 -488 -208) (2112 -488 -192) (2024 -488 -192) (2024 -488 -208) 
4 234 236 (2024 -480 -192) (2024 -480 -312.00000000000006) (2024 -488 -312.00000000000006) (2024 -488 -192) 
5 235 246 (2112 -488 -311.99999999999994) (2112 -488 -287.9999999999999) (2024 -488 -319.99999999999994) (2024 -488 -336) (2039.9999999999995 -488 -336) 
4 236 246 (2016 -488 -224) (2016 -488 -312) (2024 -488 -312) (2024 -488 -224) 
4 236 245 (2024 -488 -192) (2016 -488 -192) (2016 -488 -208) (2024 -488 -208) 
4 236 237 (2016 -480 -192) (2016 -480 -312) (2016 -488 -312) (2016 -488 -192) 
4 237 248 (2016 -488 -192) (2000 -488 -192) (2000 -488 -223.99999999999994) (2016 -488 -207.99999999999983) 
4 237 239 (2000 -480 -192) (2000 -480 -312) (2000 -488 -312) (2000 -488 -192) 
4 239 250 (2000 -488 -192) (1992 -488 -192) (1992 -488 -312) (2000 -488 -312) 
4 239 240 (1992 -480 -192) (1992 -480 -312) (1992 -488 -312) (1992 -488 -192) 
4 240 253 (1992 -488 -192) (1936 -488 -192) (1936 -488 -336) (1992 -488 -336) 
4 241 250 (2000 -488 -376) (1992 -488 -376) (1992 -488 -464) (2000 -488 -464) 
4 241 246 (2112 -488 -464) (2112 -488 -376) (2016 -488 -376) (2016 -488 -464) 
4 241 242 (1992 -480 -464) (1992 -488 -464) (1992 -488 -376) (1992 -480 -376) 
4 242 261 (1936 -488 -346.6666666666667) (1936 -488 -464) (1992 -488 -464) (1992 -488 -346.6666666666667) 
4 243 420 (1936 -488 -1136) (1936 -488 -1040) (1936 -480 -1040) (1936 -480 -1136) 
4 243 262 (1992 -488 -1040) (1936 -488 -1040) (1936 -488 -1136) (1992 -488 -1136) 
4 243 251 (2112 -488 -1136) (2112 -488 -1040) (1992 -488 -1040) (1992 -488 -1136) 
4 244 421 (1936 -488 -1144) (1936 -488 -1136) (1936 -480 -1136) (1936 -480 -1144) 
4 244 263 (1992 -488 -1136) (1936 -488 -1136) (1936 -488 -1144) (1992 -488 -1144) 
4 244 252 (2112 -488 -1144) (2112 -488 -1136) (1992 -488 -1136) (1992 -488 -1144) 
4 245 248 (2016 -488 -192) (2016 -488 -208) (2016 -504 -208) (2016 -504 -192) 
4 245 247 (2016 -504 -192) (2016 -504 -208) (2176 -504 -208) (2176 -504 -192) 
4 246 247 (2016 -504 -224) (2016 -504 -464) (2176 -504 -464) (2176 -504 -224) 
4 247 271 (2048 -672 -408) (2016 -672 -408) (2016 -672 -464) (2048 -672 -464) 
4 247 270 (2160 -672 -408) (2064 -672 -408) (2064 -672 -464) (2160 -672 -464) 
4 247 265 (2016 -672 -376) (2016 -672 -392) (2168 -672 -392) (2168 -672 -376) 
4 247 264 (2176 -672 -368) (2176 -672 -192) (2016 -672 -192) (2016 -672 -368) 
4 247 249 (2016 -504 -464) (2016 -672 -464) (2016 -672 -192) (2016 -504 -192) 
4 248 250 (2000 -488 -192) (2000 -488 -223.99999999999994) (2000 -504 -223.99999999999994) (2000 -504 -192) 
4 248 249 (2000 -504 -192) (2000 -504 -223.99999999999994) (2016 -504 -207.99999999999983) (2016 -504 -192) 
4 249 271 (2000 -672 -408) (2000 -672 -464) (2016 -672 -464) (2016 -672 -408) 
4 249 265 (2000 -672 -376) (2000 -672 -392) (2016 -672 -392) (2016 -672 -376) 
4 249 264 (2016 -672 -192) (2000 -672 -192) (2000 -672 -368) (2016 -672 -368) 
4 249 250 (2000 -504 -464) (2000 -672 -464) (2000 -672 -192) (2000 -504 -192) 
4 250 271 (1992 -672 -408) (1992 -672 -464) (2000 -672 -464) (2000 -672 -408) 
4 250 264 (2000 -672 -192) (1992 -672 -192) (1992 -672 -368) (2000 -672 -368) 
4 250 261 (1992 -488 -346.6666666666667) (1992 -488 -464) (1992 -672 -464) (1992 -672 -408) 
4 250 260 (1992 -672 -392) (1992 -672 -192) (1992 -648 -192) (1992 -648 -392) 
4 250 259 (1992 -648 -384) (1992 -648 -192) (1992 -624 -192) (1992 -624 -384) 
4 250 258 (1992 -624 -376) (1992 -624 -192) (1992 -600 -192) (1992 -600 -376) 
4 250 257 (1992 -600 -368) (1992 -600 -192) (1992 -576 -192) (1992 -576 -368) 
4 250 256 (1992 -576 -360) (1992 -576 -192) (1992 -552 -192) (1992 -552 -360) 
4 250 255 (1992 -552 -352) (1992 -552 -192) (1992 -528 -192) (1992 -528 -352) 
4 250 254 (1992 -528 -344) (1992 -528 -192) (1992 -504 -192) (1992 -504 -344) 
4 250 253 (1992 -488 -192) (1992 -488 -336) (1992 -504 -336) (1992 -504 -192) 
4 251 275 (2176 -672 -1136) (2176 -672 -1040) (1992 -672 -1040) (1992 -672 -1136) 
4 251 262 (1992 -488 -1040) (1992 -488 -1136) (1992 -672 -1136) (1992 -672 -1040) 
4 252 276 (2176 -672 -1144) (2176 -672 -1136) (1992 -672 -1136) (1992 -672 -1144) 
4 252 263 (1992 -488 -1136) (1992 -488 -1144) (1992 -672 -1144) (1992 -672 -1136) 
4 253 254 (1992 -504 -336) (1992 -504 -192) (1936 -504 -192) (1936 -504 -336) 
4 254 255 (1992 -528 -344) (1992 -528 -192) (1936 -528 -192) (1936 -528 -344) 
4 255 256 (1992 -552 -352) (1992 -552 -192) (1936 -552 -192) (1936 -552 -352) 
4 256 257 (1992 -576 -360) (1992 -576 -192) (1936 -576 -192) (1936 -576 -360) 
4 257 258 (1992 -600 -368) (1992 -600 -192) (1936 -600 -192) (1936 -600 -368) 
4 258 259 (1992 -624 -376) (1992 -624 -192) (1936 -624 -192) (1936 -624 -376) 
4 259 260 (1992 -648 -384) (1992 -648 -192) (1936 -648 -192) (1936 -648 -384) 
4 260 266 (1992 -672 -392) (1992 -672 -368) (1936 -672 -368) (1936 -672 -392) 
4 260 264 (1992 -672 -368) (1992 -672 -192) (1936 -672 -192) (1936 -672 -368) 
4 261 271 (1992 -672 -464) (1992 -672 -408) (1952 -672 -408) (1952 -672 -464) 
4 262 420 (1936 -672 -1136) (1936 -672 -1040) (1936 -488 -1040) (1936 -488 -1136) 
4 262 275 (1992 -672 -1136) (1992 -672 -1040) (1936 -672 -1040) (1936 -672 -1136) 
4 263 421 (1936 -672 -1144) (1936 -672 -1136) (1936 -488 -1136) (1936 -488 -1144) 
4 263 276 (1992 -672 -1144) (1992 -672 -1136) (1936 -672 -1136) (1936 -672 -1144) 
4 264 305 (1944 -744 -296) (1936 -744 -296) (1936 -744 -368) (1944 -744 -368) 
4 264 304 (2112 -744 -296) (1944 -744 -296) (1944 -744 -368) (2112 -744 -368) 
4 264 303 (2120 -744 -296) (2112 -744 -296) (2112 -744 -368) (2120 -744 -368) 
4 264 291 (2176 -744 -368) (2176 -744 -296) (2120 -744 -296) (2120 -744 -368) 
4 264 284 (1952 -744 -192) (1936 -744 -192) (1936 -744 -296) (1952 -744 -296) 
4 264 283 (2112 -744 -192) (1952 -744 -192) (1952 -744 -296) (2112 -744 -296) 
4 264 281 (2176 -744 -296) (2176 -744 -192) (2112 -744 -192) (2112 -744 -296) 
4 264 268 (2176 -736 -368) (2176 -744 -368) (2120 -744 -368) (2120 -736 -368) 
4 264 267 (2176 -680 -368) (2176 -736 -368) (1936 -736 -368) (1936 -680 -368) 
4 264 266 (1936 -672 -368) (1992 -672 -368) (1992 -680 -368) (1936 -680 -368) 
4 265 267 (2000 -680 -392) (2168 -680 -392) (2168 -680 -376) (2000 -680 -376) 
4 266 267 (1936 -680 -392) (1992 -680 -392) (1992 -680 -368) (1936 -680 -368) 
4 267 269 (1944 -736 -392) (2112 -736 -392) (2112 -736 -376) (1944 -736 -376) 
4 267 268 (2120 -736 -392) (2176 -736 -392) (2176 -736 -368) (2120 -736 -368) 
4 268 291 (2176 -744 -392) (2176 -744 -368) (2120 -744 -368) (2120 -744 -392) 
4 269 304 (1944 -744 -376) (1944 -744 -392) (2112 -744 -392) (2112 -744 -376) 
4 270 272 (2064 -688 -464) (2160 -688 -464) (2160 -688 -408) (2064 -688 -408) 
4 271 272 (1952 -688 -464) (2048 -688 -464) (2048 -688 -408) (1952 -688 -408) 
4 272 274 (1952 -728 -464) (2048 -728 -464) (2048 -728 -408) (1952 -728 -408) 
4 272 273 (2064 -728 -464) (2160 -728 -464) (2160 -728 -408) (2064 -728 -408) 
4 273 304 (2112 -744 -408) (2064 -744 -408) (2064 -744 -464) (2112 -744 -464) 
4 273 303 (2120 -744 -408) (2112 -744 -408) (2112 -744 -464) (2120 -744 -464) 
4 273 302 (2160 -744 -408) (2120 -744 -408) (2120 -744 -464) (2160 -744 -464) 
4 274 304 (2048 -744 -408) (1952 -744 -408) (1952 -744 -464) (2048 -744 -464) 
4 275 420 (1936 -744 -1136) (1936 -744 -1040) (1936 -672 -1040) (1936 -672 -1136) 
4 275 315 (2176 -744 -1136) (2176 -744 -1040) (1936 -744 -1040) (1936 -744 -1136) 
4 276 421 (1936 -744 -1144) (1936 -744 -1136) (1936 -672 -1136) (1936 -672 -1144) 
4 276 316 (2176 -744 -1144) (2176 -744 -1136) (1936 -744 -1136) (1936 -744 -1144) 
4 277 317 (2736 -1232 -192) (2480 -1232 -192) (2480 -1232 -1136) (2736 -1232 -1136) 
4 277 280 (2736 -1232 -1136) (2480 -1232 -1136) (2480 -744 -1136) (2736 -744 -1136) 
4 278 319 (2232 -1232 -192) (2184 -1232 -192) (2184 -1232 -1136) (2232 -1232 -1136) 
4 278 318 (2480 -1232 -192) (2232 -1232 -192) (2232 -1232 -1136) (2480 -1232 -1136) 
4 278 279 (2184 -744 -1040) (2184 -744 -1136) (2184 -1232 -1136) (2184 -1232 -1040) 
4 279 320 (2176 -1232 -1040) (2176 -1232 -1136) (2184 -1232 -1136) (2184 -1232 -1040) 
4 279 315 (2176 -744 -1040) (2176 -744 -1136) (2176 -1232 -1136) (2176 -1232 -1040) 
4 280 325 (2736 -1232 -1144) (2736 -1232 -1136) (2176 -1232 -1136) (2176 -1232 -1144) 
4 280 316 (2176 -744 -1136) (2176 -744 -1144) (2176 -1232 -1144) (2176 -1232 -1136) 
4 281 303 (2112 -744 -296) (2120 -744 -296) (2120 -1176 -296) (2112 -1176 -296) 
4 281 300 (2176 -960 -296) (2176 -1176 -296) (2120 -1176 -296) (2120 -960 -296) 
4 281 299 (2176 -936 -296) (2176 -960 -296) (2120 -960 -296) (2120 -936 -296) 
4 281 298 (2176 -912 -296) (2176 -936 -296) (2120 -936 -296) (2120 -912 -296) 
4 281 297 (2176 -888 -296) (2176 -912 -296) (2120 -912 -296) (2120 -888 -296) 
4 281 296 (2176 -864 -296) (2176 -888 -296) (2120 -888 -296) (2120 -864 -296) 
4 281 295 (2176 -840 -296) (2176 -864 -296) (2120 -864 -296) (2120 -840 -296) 
4 281 294 (2176 -816 -296) (2176 -840 -296) (2120 -840 -296) (2120 -816 -296) 
4 281 293 (2176 -792 -296) (2176 -816 -296) (2120 -816 -296) (2120 -792 -296) 
4 281 292 (2176 -768 -296) (2176 -792 -296) (2120 -792 -296) (2120 -768 -296) 
4 281 291 (2120 -744 -296) (2176 -744 -296) (2176 -768 -296) (2120 -768 -296) 
4 281 283 (2112 -744 -192) (2112 -744 -296) (2112 -1176 -296) (2112 -1176 -192) 
4 281 282 (2112 -1176 -192) (2112 -1176 -296) (2167.9999999999995 -1176 -296) (2167.9999999999995 -1176 -192) 
4 282 303 (2112 -1223.9999999999995 -296) (2112 -1176 -296) (2120 -1176 -296) (2120 -1217.1428571428567 -296) 
3 282 301 (2120 -1176 -296) (2167.9999999999995 -1176 -296) (2120 -1217.1428571428567 -296) 
4 282 283 (2112 -1176 -296) (2112 -1223.9999999999995 -296) (2112 -1223.9999999999995 -192) (2112 -1176 -192) 
4 283 304 (1952 -744 -296) (2112 -744 -296) (2112 -1232 -296) (1952 -1232 -296) 
4 283 290 (1952 -928.0000000000002 -296) (1952 -1232 -296) (1952 -1232 -192) (1952 -928.0000000000002 -192) 
4 283 289 (1952 -896 -296) (1952 -912.0000000000001 -296) (1952 -912.0000000000001 -192) (1952 -896 -192) 
4 283 288 (1952 -864 -296) (1952 -880.0000000000001 -296) (1952 -880.0000000000001 -192) (1952 -864 -192) 
4 283 287 (1952 -832 -296) (1952 -848.0000000000001 -296) (1952 -848.0000000000001 -192) (1952 -832 -192) 
4 283 286 (1952 -800 -296) (1952 -816 -296) (1952 -816 -192) (1952 -800 -192) 
4 283 285 (1952 -767.9999999999999 -296) (1952 -784 -296) (1952 -784 -192) (1952 -767.9999999999999 -192) 
4 283 284 (1952 -744 -192) (1952 -744 -296) (1952 -752 -296) (1952 -752 -192) 
3 284 305 (1936 -744 -296) (1944 -744 -296) (1944 -748 -296) 
4 284 304 (1944 -744 -296) (1952 -744 -296) (1952 -752 -296) (1944 -748 -296) 
3 285 307 (1944 -780 -296) (1936 -776 -296) (1944 -772 -296) 
4 285 304 (1952 -767.9999999999999 -296) (1952 -784 -296) (1944 -780 -296) (1944 -772 -296) 
3 286 306 (1944 -812 -296) (1936 -808 -296) (1944 -804 -296) 
4 286 304 (1952 -800 -296) (1952 -816 -296) (1944 -812 -296) (1944 -804 -296) 
3 287 308 (1944 -844 -296) (1936 -840 -296) (1944 -836 -296) 
4 287 304 (1952 -832 -296) (1952 -848.0000000000001 -296) (1944 -844 -296) (1944 -836 -296) 
3 288 309 (1944 -876 -296) (1936 -872 -296) (1944 -868 -296) 
4 288 304 (1952 -864 -296) (1952 -880.0000000000001 -296) (1944 -876 -296) (1944 -868 -296) 
3 289 310 (1944 -908 -296) (1936 -904 -296) (1944 -900 -296) 
4 289 304 (1952 -896 -296) (1952 -912.0000000000001 -296) (1944 -908 -296) (1944 -900 -296) 
4 290 424 (1936 -1232 -296) (1936 -1232 -192) (1936 -1152 -192) (1936 -1152 -296) 
4 290 422 (1936 -1152 -192) (1936 -1144 -192) (1936 -1144 -296) (1936 -1152 -296) 
4 290 312 (1944 -1232 -296) (1936 -1232 -296) (1936 -1088 -296) (1944 -1088 -296) 
4 290 311 (1936 -1088 -296) (1936 -936.0000000000001 -296) (1944 -932.0000000000002 -296) (1944 -1088 -296) 
4 290 304 (1952 -928.0000000000002 -296) (1952 -1232 -296) (1944 -1232 -296) (1944 -932.0000000000002 -296) 
4 291 303 (2120 -768 -296) (2120 -744 -296) (2120 -744 -392) (2120 -768 -392) 
4 291 292 (2120 -768 -296) (2120 -768 -392) (2176 -768 -392) (2176 -768 -296) 
4 292 303 (2120 -792 -296) (2120 -768 -296) (2120 -768 -400) (2120 -792 -400) 
4 292 293 (2120 -792 -296) (2120 -792 -400) (2176 -792 -400) (2176 -792 -296) 
4 293 303 (2120 -816 -296) (2120 -792 -296) (2120 -792 -408) (2120 -816 -408) 
4 293 294 (2120 -816 -296) (2120 -816 -408) (2176 -816 -408) (2176 -816 -296) 
4 294 303 (2120 -840 -296) (2120 -816 -296) (2120 -816 -416) (2120 -840 -416) 
4 294 295 (2120 -840 -296) (2120 -840 -416) (2176 -840 -416) (2176 -840 -296) 
4 295 303 (2120 -864 -296) (2120 -840 -296) (2120 -840 -424) (2120 -864 -424) 
4 295 296 (2120 -864 -296) (2120 -864 -424) (2176 -864 -424) (2176 -864 -296) 
4 296 303 (2120 -888 -296) (2120 -864 -296) (2120 -864 -432) (2120 -888 -432) 
4 296 297 (2120 -888 -296) (2120 -888 -432) (2176 -888 -432) (2176 -888 -296) 
4 297 303 (2120 -912 -296) (2120 -888 -296) (2120 -888 -440) (2120 -912 -440) 
4 297 298 (2120 -912 -296) (2120 -912 -440) (2176 -912 -440) (2176 -912 -296) 
4 298 303 (2120 -935.9999999999999 -448) (2120 -936 -296) (2120 -912 -296) (2120 -912 -448) 
4 298 299 (2120 -936 -296) (2120 -936 -448) (2176 -936 -448) (2176 -936 -296) 
4 299 303 (2120 -960 -456) (2120 -960 -296) (2120 -936 -296) (2120 -935.9999999999999 -456) 
4 299 300 (2120 -960 -296) (2120 -960 -456) (2176 -960 -456) (2176 -960 -296) 
4 300 303 (2120 -960 -464) (2120 -1176 -464) (2120 -1176 -296) (2120 -960 -296) 
4 300 301 (2120 -1176 -296) (2120 -1176 -464) (2167.9999999999995 -1176 -464) (2167.9999999999995 -1176 -296) 
4 301 303 (2120 -1176 -464) (2120 -1217.142857142857 -464) (2120 -1217.142857142857 -296) (2120 -1176 -296) 
3 302 303 (2120 -744 -464) (2120 -935.9999999999999 -464) (2120 -744 -400.00000000000006) 
4 303 304 (2112 -744 -464) (2112 -1223.9999999999995 -464) (2112 -1223.9999999999998 -296) (2112 -744 -296) 
4 304 314 (1944 -1096 -464) (1944 -1232 -464) (1944 -1232 -336) (1944 -1096 -336) 
4 304 313 (1944 -1232 -336) (1944 -1232 -328) (1944 -1152 -328) (1944 -1152 -336) 
4 304 312 (1944 -1232 -328) (1944 -1232 -296) (1944 -1088 -296) (1944 -1088 -328) 
4 304 311 (1944 -927.9999999999999 -464) (1944 -1088 -464) (1944 -1088 -296) (1944 -927.9999999999999 -296) 
4 304 310 (1944 -896 -464) (1944 -912.0000000000001 -464) (1944 -912.0000000000001 -296) (1944 -896 -296) 
4 304 309 (1944 -864 -464) (1944 -880 -464) (1944 -880 -296) (1944 -864 -296) 
4 304 308 (1944 -832 -464) (1944 -848 -464) (1944 -848 -296) (1944 -832 -296) 
4 304 307 (1944 -768.0000000000003 -464) (1944 -784 -464) (1944 -784 -296) (1944 -768.0000000000003 -296) 
4 304 306 (1944 -800 -464) (1944 -816.0000000000001 -464) (1944 -816.0000000000001 -296) (1944 -800 -296) 
4 304 305 (1944 -744 -464) (1944 -752.0000000000001 -464) (1944 -752.0000000000001 -296) (1944 -744 -296) 
4 311 312 (1944 -1088 -328) (1944 -1088 -296) (1936 -1088 -296) (1936 -1088 -328) 
4 312 424 (1936 -1232 -328) (1936 -1232 -296) (1936 -1152 -296) (1936 -1152 -328) 
4 312 422 (1936 -1152 -296) (1936 -1144 -296) (1936 -1144 -328) (1936 -1152 -328) 
4 312 313 (1944 -1152 -328) (1944 -1232 -328) (1936 -1232 -328) (1936 -1152 -328) 
4 313 424 (1936 -1232 -336) (1936 -1232 -328) (1936 -1152 -328) (1936 -1152 -336) 
4 313 314 (1944 -1152 -336) (1944 -1232 -336) (1936 -1232 -336) (1936 -1152 -336) 
4 314 424 (1936 -1232 -464) (1936 -1232 -336) (1936 -1152 -336) (1936 -1152 -464) 
4 314 423 (1936 -1152 -336) (1936 -1144 -336) (1936 -1144 -464) (1936 -1152 -464) 
4 315 431 (1936 -1232 -1136) (1936 -1232 -1040) (1936 -1144 -1040) (1936 -1144 -1136) 
4 315 420 (1936 -1144 -1040) (1936 -744 -1040) (1936 -744 -1136) (1936 -1144 -1136) 
4 315 320 (2176 -1232 -1136) (2176 -1232 -1040) (1936 -1232 -1040) (1936 -1232 -1136) 
4 316 432 (1936 -1232 -1144) (1936 -1232 -1136) (1936 -1144 -1136) (1936 -1144 -1144) 
4 316 421 (1936 -1144 -1136) (1936 -744 -1136) (1936 -744 -1144) (1936 -1144 -1144) 
4 316 325 (2176 -1232 -1144) (2176 -1232 -1136) (1936 -1232 -1136) (1936 -1232 -1144) 
4 317 326 (2736 -1784 -192) (2480 -1784 -192) (2480 -1784 -1136) (2736 -1784 -1136) 
4 317 325 (2736 -1784 -1136) (2480 -1784 -1136) (2480 -1232 -1136) (2736 -1232 -1136) 
4 318 324 (2232 -1336 -1136) (2232 -1784 -1136) (2232 -1784 -480) (2232 -1336 -480) 
4 318 323 (2232 -1752 -192) (2232 -1336 -192) (2232 -1336 -376) (2232 -1752 -376) 
4 318 321 (2232 -1280 -1136) (2232 -1336 -1136) (2232 -1336 -192) (2232 -1280 -192) 
4 318 319 (2232 -1232 -192) (2232 -1232 -1136) (2232 -1280 -1136) (2232 -1280 -192) 
4 319 321 (2184 -1280 -1136) (2232 -1280 -1136) (2232 -1280 -192) (2184 -1280 -192) 
4 319 320 (2184 -1232 -1040) (2184 -1232 -1136) (2184 -1280 -1136) (2184 -1280 -1040) 
4 320 433 (1936 -1232 -1040) (1936 -1232 -1136) (1936 -1280 -1136) (1936 -1280 -1040) 
4 320 322 (1936 -1280 -1136) (2184 -1280 -1136) (2184 -1280 -1040) (1936 -1280 -1040) 
4 321 324 (2184 -1336 -1136) (2232 -1336 -1136) (2232 -1336 -480) (2184 -1336 -480) 
4 321 323 (2232 -1336 -376) (2232 -1336 -192) (2184 -1336 -192) (2184 -1336 -376) 
4 321 322 (2184 -1280 -480) (2184 -1280 -1136) (2184 -1336 -1136) (2184 -1336 -480) 
4 322 435 (1936 -1280 -480) (1936 -1280 -1136) (1936 -1336 -1136) (1936 -1336 -480) 
4 322 324 (1936 -1336 -1136) (2184 -1336 -1136) (2184 -1336 -480) (1936 -1336 -480) 
4 323 437 (1936 -1752 -192) (1936 -1336 -192) (1936 -1336 -376) (1936 -1752 -376) 
4 324 438 (1936 -1784 -1136) (1936 -1784 -480) (1936 -1336 -480) (1936 -1336 -1136) 
4 325 439 (1936 -1784 -1144) (1936 -1784 -1136) (1936 -1336 -1136) (1936 -1336 -1144) 
4 325 436 (1936 -1336 -1136) (1936 -1280 -1136) (1936 -1280 -1144) (1936 -1336 -1144) 
4 325 434 (1936 -1280 -1136) (1936 -1232 -1136) (1936 -1232 -1144) (1936 -1280 -1144) 
4 326 328 (2480 -1784 -192) (2480 -1784 -1136) (2480 -1792 -1136) (2480 -1792 -192) 
4 326 327 (2480 -1792 -192) (2480 -1792 -1136) (2736 -1792 -1136) (2736 -1792 -192) 
4 327 328 (2480 -1792 -1136) (2480 -2040 -1136) (2480 -2040 -192) (2480 -1792 -192) 
4 328 332 (2088 -1904 -1136) (2088 -2040 -1136) (2088 -2040 -192) (2088 -1904 -192) 
4 328 331 (2088 -1888 -1136) (2088 -1904 -1136) (2088 -1904 -568) (2088 -1888 -568) 
4 328 330 (2088 -1904 -456) (2088 -1904 -192) (2088 -1888 -192) (2088 -1888 -456) 
4 328 329 (2088 -1784 -192) (2088 -1784 -1136) (2088 -1888 -1136) (2088 -1888 -192) 
4 329 440 (1936 -1888 -1136) (1936 -1888 -192) (1936 -1784 -192) (1936 -1784 -1136) 
4 329 331 (2088 -1888 -1136) (2088 -1888 -568) (1936 -1888 -568) (1936 -1888 -1136) 
4 329 330 (2088 -1888 -456) (2088 -1888 -192) (1936 -1888 -192) (1936 -1888 -456) 
4 330 440 (1936 -1904 -456) (1936 -1904 -192) (1936 -1888 -192) (1936 -1888 -456) 
4 330 332 (2088 -1904 -456) (2088 -1904 -192) (1936 -1904 -192) (1936 -1904 -456) 
4 331 440 (1936 -1904 -1136) (1936 -1904 -568) (1936 -1888 -568) (1936 -1888 -1136) 
4 331 332 (2088 -1904 -1136) (2088 -1904 -568) (1936 -1904 -568) (1936 -1904 -1136) 
4 332 440 (1936 -2040 -1136) (1936 -2040 -192) (1936 -1904 -192) (1936 -1904 -1136) 
4 333 354 (1320 784 336) (1320 784 335.2138976801872) (1320 528 335.2138976801872) (1320 528 336) 
4 333 334 (1936 528 335.2138976801872) (1320 528 335.2138976801872) (1320 784 335.2138976801872) (1936 784 335.2138976801872) 
4 334 355 (1320 784 335.2138976801872) (1320 784 327.213897680185) (1320 528 327.213897680185) (1320 528 335.2138976801872) 
4 334 340 (1320 528 327.213897680185) (1320 784 327.213897680185) (1920 784 327.213897680185) (1920 528 327.213897680185) 
4 334 336 (1920 784 327.213897680185) (1936 784 327.213897680185) (1936 528 327.213897680185) (1920 528 327.213897680185) 
4 334 335 (1320 528 335.2138976801872) (1320 528 327.213897680185) (1936 528 327.213897680185) (1936 528 335.2138976801872) 
4 335 356 (1320 528 335.2138976801872) (1320 528 327.213897680185) (1320 368 327.213897680185) (1320 368 335.2138976801872) 
4 335 345 (1320 368 335.2138976801872) (1320 368 327.213897680185) (1936 368 327.213897680185) (1936 368 335.2138976801872) 
4 336 340 (1920 784 280) (1920 528 280) (1920 528 327.213897680185) (1920 784 327.213897680185) 
4 336 337 (1920 544 280) (1920 784 280) (1936 784 280) (1936 544 280) 
4 337 340 (1920 784 112) (1920 544 112) (1920 544 280) (1920 784 280) 
4 337 338 (1920 544 112) (1920 784 112) (1936 784 112) (1936 544 112) 
4 338 342 (1920 544 -120) (1920 784 -120) (1936 784 -120) (1936 544 -120) 
4 338 340 (1920 784 -120) (1920 544 -120) (1920 544 112) (1920 784 112) 
4 339 346 (1936 368 280) (1936 368 327.213897680185) (1920 368 327.213897680185) (1920 368 280) 
4 339 341 (1920 368 280) (1920 368 327.213897680185) (1920 528 327.213897680185) (1920 528 280) 
4 340 357 (1320 784 -120) (1320 528 -120) (1320 528 327.213897680185) (1320 784 327.213897680185) 
4 340 343 (1320 528 -120) (1320 784 -120) (1920 784 -120) (1920 528 -120) 
4 341 358 (1320 528 -120) (1320 368 -120) (1320 368 327.213897680185) (1320 528 327.213897680185) 
4 341 351 (1320 368 112) (1320 368 -120) (1344 368 -120) (1344 368 112) 
4 341 350 (1344 368 -120) (1920 368 -120) (1920 368 112) (1344 368 112) 
4 341 348 (1320 368 280) (1320 368 112) (1920 368 112) (1920 368 280) 
4 341 346 (1320 368 327.213897680185) (1320 368 280) (1920 368 280) (1920 368 327.213897680185) 
4 341 344 (1920 368 -120) (1320 368 -120) (1320 528 -120) (1920 528 -120) 
4 342 410 (1936 784 -176) (1936 544 -176) (1920 544 -176) (1920 784 -176) 
4 342 343 (1920 784 -176) (1920 544 -176) (1920 544 -120) (1920 784 -120) 
4 343 527 (1320 528 -176) (1320 784 -176) (1416 784 -176) (1416 528 -176) 
4 343 441 (1416 784 -176) (1744 784 -176) (1744 528 -176) (1416 528 -176) 
4 343 411 (1744 784 -176) (1920 784 -176) (1920 528 -176) (1744 528 -176) 
4 343 361 (1320 784 -176) (1320 528 -176) (1320 528 -168) (1320 784 -168) 
4 343 357 (1320 528 -168) (1320 528 -120) (1320 784 -120) (1320 784 -168) 
4 344 528 (1320 368 -176) (1320 528 -176) (1416 528 -176) (1416 368 -176) 
4 344 447 (1416 528 -176) (1432 528 -176) (1432 368 -176) (1416 368 -176) 
4 344 443 (1432 528 -176) (1568 528 -176) (1568 368 -176) (1432 368 -176) 
4 344 442 (1568 528 -176) (1744 528 -176) (1744 368 -176) (1568 368 -176) 
4 344 412 (1744 528 -176) (1920 528 -176) (1920 368 -176) (1744 368 -176) 
4 344 362 (1320 528 -176) (1320 368 -176) (1320 368 -168) (1320 528 -168) 
4 344 358 (1320 368 -168) (1320 368 -120) (1320 528 -120) (1320 528 -168) 
4 344 351 (1320 368 -120) (1320 368 -176) (1344 368 -176) (1344 368 -120) 
4 344 350 (1344 368 -176) (1920 368 -176) (1920 368 -120) (1344 368 -120) 
4 345 356 (1320 368 335.2138976801872) (1320 368 327.213897680185) (1320 -1784 327.213897680185) (1320 -1784 335.2138976801872) 
4 345 353 (1320 -1784 335.2138976801872) (1320 -1784 327.213897680185) (1936 -1784 327.213897680185) (1936 -1784 335.2138976801872) 
4 346 359 (1320 -1232 280) (1320 -1784 280) (1320 -1784 327.213897680185) (1320 -1232 327.213897680185) 
4 346 358 (1320 368 327.213897680185) (1320 368 280) (1320 -1232 280) (1320 -1232 327.213897680185) 
4 346 348 (1920 -1784 280) (1320 -1784 280) (1320 368 280) (1920 368 280) 
4 346 347 (1936 -1784 280) (1920 -1784 280) (1920 136 280) (1936 136 280) 
4 347 349 (1936 -1784 112) (1920 -1784 112) (1920 -96 112) (1936 -96 112) 
4 347 348 (1920 136 112) (1920 -1784 112) (1920 -1784 280) (1920 136 280) 
4 348 359 (1320 -1232 112) (1320 -1784 112) (1320 -1784 280) (1320 -1232 280) 
4 348 358 (1320 368 280) (1320 368 112) (1320 -1232 112) (1320 -1232 280) 
4 348 352 (1344 -1784 112) (1320 -1784 112) (1320 -1232 112) (1344 -1232 112) 
4 348 351 (1320 -1232 112) (1320 368 112) (1344 368 112) (1344 -1232 112) 
4 348 350 (1920 -1784 112) (1344 -1784 112) (1344 368 112) (1920 368 112) 
4 349 437 (1936 -1336 -176) (1936 -1752 -176) (1920 -1752 -176) (1920 -1336 -176) 
4 349 414 (1936 -96 -176) (1936 -1136 -176) (1920 -1136 -176) (1920 -96 -176) 
4 349 350 (1920 -1784 -176) (1920 -1784 112) (1920 -96 112) (1920 -96 -176) 
4 350 545 (1416 -1336 -176) (1416 -1752 -176) (1344 -1752 -176) (1344 -1336 -176) 
4 350 528 (1344 368 -176) (1416 368 -176) (1416 -264 -176) (1344 -264 -176) 
4 350 518 (1744 -1336 -176) (1744 -1752 -176) (1416 -1752 -176) (1416 -1336 -176) 
4 350 447 (1416 368 -176) (1432 368 -176) (1432 -264 -176) (1416 -264 -176) 
4 350 444 (1568 -256 -176) (1568 -264 -176) (1432 -264 -176) (1432 -256 -176) 
4 350 443 (1432 368 -176) (1568 368 -176) (1568 -256 -176) (1432 -256 -176) 
4 350 442 (1568 368 -176) (1744 368 -176) (1744 -264 -176) (1568 -264 -176) 
4 350 437 (1920 -1336 -176) (1920 -1752 -176) (1744 -1752 -176) (1744 -1336 -176) 
4 350 414 (1920 -96 -176) (1920 -1136 -176) (1744 -1136 -176) (1744 -96 -176) 
4 350 413 (1744 368 -176) (1920 368 -176) (1920 -96 -176) (1744 -96 -176) 
4 350 352 (1344 -1784 -76) (1344 -1784 112) (1344 -1232 112) (1344 -1232 -76) 
4 350 351 (1344 -1232 112) (1344 368 112) (1344 368 -176) (1344 -1232 -176) 
4 351 528 (1320 -264 -176) (1320 368 -176) (1344 368 -176) (1344 -264 -176) 
4 351 400 (1320 -1208 -176) (1320 -1224 -176) (1320 -1224 -168) (1320 -1208 -168) 
4 351 399 (1320 -1184 -176) (1320 -1200 -176) (1320 -1200 -168) (1320 -1184 -168) 
4 351 398 (1320 -1160 -176) (1320 -1176 -176) (1320 -1176 -168) (1320 -1160 -168) 
4 351 397 (1320 -1136 -176) (1320 -1152 -176) (1320 -1152 -168) (1320 -1136 -168) 
4 351 396 (1320 -1112 -176) (1320 -1128 -176) (1320 -1128 -168) (1320 -1112 -168) 
4 351 395 (1320 -1088 -176) (1320 -1104 -176) (1320 -1104 -168) (1320 -1088 -168) 
4 351 394 (1320 -1064 -176) (1320 -1080 -176) (1320 -1080 -168) (1320 -1064 -168) 
4 351 393 (1320 -1040 -176) (1320 -1056 -176) (1320 -1056 -168) (1320 -1040 -168) 
4 351 392 (1320 -1016 -176) (1320 -1032 -176) (1320 -1032 -168) (1320 -1016 -168) 
4 351 391 (1320 -992 -176) (1320 -1008 -176) (1320 -1008 -168) (1320 -992 -168) 
4 351 390 (1320 -968 -176) (1320 -984 -176) (1320 -984 -168) (1320 -968 -168) 
4 351 389 (1320 -944 -176) (1320 -960 -176) (1320 -960 -168) (1320 -944 -168) 
4 351 388 (1320 -920 -176) (1320 -936 -176) (1320 -936 -168) (1320 -920 -168) 
4 351 387 (1320 -896 -176) (1320 -912 -176) (1320 -912 -168) (1320 -896 -168) 
4 351 386 (1320 -872 -176) (1320 -888 -176) (1320 -888 -168) (1320 -872 -168) 
4 351 385 (1320 -848 -176) (1320 -864 -176) (1320 -864 -168) (1320 -848 -168) 
4 351 384 (1320 -824 -176) (1320 -840 -176) (1320 -840 -168) (1320 -824 -168) 
4 351 383 (1320 -800 -176) (1320 -816 -176) (1320 -816 -168) (1320 -800 -168) 
4 351 382 (1320 -776 -176) (1320 -792 -176) (1320 -792 -168) (1320 -776 -168) 
4 351 381 (1320 -752 -176) (1320 -768 -176) (1320 -768 -168) (1320 -752 -168) 
4 351 380 (1320 -728 -176) (1320 -744 -176) (1320 -744 -168) (1320 -728 -168) 
4 351 379 (1320 -704 -176) (1320 -720 -176) (1320 -720 -168) (1320 -704 -168) 
4 351 378 (1320 -680 -176) (1320 -696 -176) (1320 -696 -168) (1320 -680 -168) 
4 351 377 (1320 -656 -176) (1320 -672 -176) (1320 -672 -168) (1320 -656 -168) 
4 351 376 (1320 -632 -176) (1320 -648 -176) (1320 -648 -168) (1320 -632 -168) 
4 351 375 (1320 -608 -176) (1320 -624 -176) (1320 -624 -168) (1320 -608 -168) 
4 351 374 (1320 -584 -176) (1320 -600 -176) (1320 -600 -168) (1320 -584 -168) 
4 351 373 (1320 -560 -176) (1320 -576 -176) (1320 -576 -168) (1320 -560 -168) 
4 351 372 (1320 -536 -176) (1320 -552 -176) (1320 -552 -168) (1320 -536 -168) 
4 351 371 (1320 -512 -176) (1320 -528 -176) (1320 -528 -168) (1320 -512 -168) 
4 351 370 (1320 -488 -176) (1320 -504 -176) (1320 -504 -168) (1320 -488 -168) 
4 351 369 (1320 -464 -176) (1320 -480 -176) (1320 -480 -168) (1320 -464 -168) 
4 351 368 (1320 -440 -176) (1320 -456 -176) (1320 -456 -168) (1320 -440 -168) 
4 351 367 (1320 -416 -176) (1320 -432 -176) (1320 -432 -168) (1320 -416 -168) 
4 351 366 (1320 -392 -176) (1320 -408 -176) (1320 -408 -168) (1320 -392 -168) 
4 351 365 (1320 -368 -176) (1320 -384 -176) (1320 -384 -168) (1320 -368 -168) 
4 351 364 (1320 -344 -176) (1320 -360 -176) (1320 -360 -168) (1320 -344 -168) 
4 351 363 (1320 -320 -176) (1320 -336 -176) (1320 -336 -168) (1320 -320 -168) 
4 351 362 (1320 368 -168) (1320 368 -176) (1320 -312 -176) (1320 -312 -168) 
4 351 358 (1320 368 112) (1320 368 -168) (1320 -1232 -168) (1320 -1232 112) 
4 351 352 (1344 -1232 -76) (1344 -1232 112) (1320 -1232 112) (1320 -1232 -76) 
4 352 359 (1320 -1784 -76) (1320 -1784 112) (1320 -1232 112) (1320 -1232 -76) 
4 353 621 (1320 -2040 -176) (1320 -1784 -176) (1416 -1784 -176) (1416 -2040 -176) 
4 353 519 (1416 -1784 -176) (1744 -1784 -176) (1744 -2040 -176) (1416 -2040 -176) 
4 353 440 (1744 -1784 -176) (1936 -1784 -176) (1936 -2040 -176) (1744 -2040 -176) 
4 353 401 (1320 -1784 -168) (1320 -1784 -176) (1320 -2040 -176) (1320 -2040 -168) 
4 353 360 (1320 -1784 335.2138976801872) (1320 -1784 -168) (1320 -2040 -168) (1320 -2040 335.2138976801872) 
4 354 402 (1128 784 336) (1128 784 335.2138976801872) (1128 528 335.2138976801872) (1128 528 336) 
4 354 355 (1320 528 335.2138976801872) (1128 528 335.2138976801872) (1128 784 335.2138976801872) (1320 784 335.2138976801872) 
4 355 403 (1128 784 335.2138976801872) (1128 784 327.213897680185) (1128 528 327.213897680185) (1128 528 335.2138976801872) 
4 355 357 (1128 528 327.213897680185) (1128 784 327.213897680185) (1320 784 327.213897680185) (1320 528 327.213897680185) 
4 355 356 (1128 528 335.2138976801872) (1128 528 327.213897680185) (1320 528 327.213897680185) (1320 528 335.2138976801872) 
4 356 404 (1128 528 335.2138976801872) (1128 528 327.213897680185) (1128 -1784 327.213897680185) (1128 -1784 335.2138976801872) 
4 356 360 (1128 -1784 335.2138976801872) (1128 -1784 327.213897680185) (1320 -1784 327.213897680185) (1320 -1784 335.2138976801872) 
4 357 405 (1128 784 -168) (1128 528 -168) (1128 528 327.213897680185) (1128 784 327.213897680185) 
4 357 361 (1128 528 -168) (1128 784 -168) (1320 784 -168) (1320 528 -168) 
4 358 406 (1128 528 -168) (1128 -1232 -168) (1128 -1232 327.213897680185) (1128 528 327.213897680185) 
4 358 400 (1128 -1224 -168) (1128 -1208 -168) (1320 -1208 -168) (1320 -1224 -168) 
4 358 399 (1128 -1200 -168) (1128 -1184 -168) (1320 -1184 -168) (1320 -1200 -168) 
4 358 398 (1128 -1176 -168) (1128 -1160 -168) (1320 -1160 -168) (1320 -1176 -168) 
4 358 397 (1128 -1152 -168) (1128 -1136 -168) (1320 -1136 -168) (1320 -1152 -168) 
4 358 396 (1128 -1128 -168) (1128 -1112 -168) (1320 -1112 -168) (1320 -1128 -168) 
4 358 395 (1128 -1104 -168) (1128 -1088 -168) (1320 -1088 -168) (1320 -1104 -168) 
4 358 394 (1128 -1080 -168) (1128 -1064 -168) (1320 -1064 -168) (1320 -1080 -168) 
4 358 393 (1128 -1056 -168) (1128 -1040 -168) (1320 -1040 -168) (1320 -1056 -168) 
4 358 392 (1128 -1032 -168) (1128 -1016 -168) (1320 -1016 -168) (1320 -1032 -168) 
4 358 391 (1128 -1008 -168) (1128 -992 -168) (1320 -992 -168) (1320 -1008 -168) 
4 358 390 (1128 -984 -168) (1128 -968 -168) (1320 -968 -168) (1320 -984 -168) 
4 358 389 (1128 -960 -168) (1128 -944 -168) (1320 -944 -168) (1320 -960 -168) 
4 358 388 (1128 -936 -168) (1128 -920 -168) (1320 -920 -168) (1320 -936 -168) 
4 358 387 (1128 -912 -168) (1128 -896 -168) (1320 -896 -168) (1320 -912 -168) 
4 358 386 (1128 -888 -168) (1128 -872 -168) (1320 -872 -168) (1320 -888 -168) 
4 358 385 (1128 -864 -168) (1128 -848 -168) (1320 -848 -168) (1320 -864 -168) 
4 358 384 (1128 -840 -168) (1128 -824 -168) (1320 -824 -168) (1320 -840 -168) 
4 358 383 (1128 -816 -168) (1128 -800 -168) (1320 -800 -168) (1320 -816 -168) 
4 358 382 (1128 -792 -168) (1128 -776 -168) (1320 -776 -168) (1320 -792 -168) 
4 358 381 (1128 -768 -168) (1128 -752 -168) (1320 -752 -168) (1320 -768 -168) 
4 358 380 (1128 -744 -168) (1128 -728 -168) (1320 -728 -168) (1320 -744 -168) 
4 358 379 (1128 -720 -168) (1128 -704 -168) (1320 -704 -168) (1320 -720 -168) 
4 358 378 (1128 -696 -168) (1128 -680 -168) (1320 -680 -168) (1320 -696 -168) 
4 358 377 (1128 -672 -168) (1128 -656 -168) (1320 -656 -168) (1320 -672 -168) 
4 358 376 (1128 -648 -168) (1128 -632 -168) (1320 -632 -168) (1320 -648 -168) 
4 358 375 (1128 -624 -168) (1128 -608 -168) (1320 -608 -168) (1320 -624 -168) 
4 358 374 (1128 -600 -168) (1128 -584 -168) (1320 -584 -168) (1320 -600 -168) 
4 358 373 (1128 -576 -168) (1128 -560 -168) (1320 -560 -168) (1320 -576 -168) 
4 358 372 (1128 -552 -168) (1128 -536 -168) (1320 -536 -168) (1320 -552 -168) 
4 358 371 (1128 -528 -168) (1128 -512 -168) (1320 -512 -168) (1320 -528 -168) 
4 358 370 (1128 -504 -168) (1128 -488 -168) (1320 -488 -168) (1320 -504 -168) 
4 358 369 (1128 -480 -168) (1128 -464 -168) (1320 -464 -168) (1320 -480 -168) 
4 358 368 (1128 -456 -168) (1128 -440 -168) (1320 -440 -168) (1320 -456 -168) 
4 358 367 (1128 -432 -168) (1128 -416 -168) (1320 -416 -168) (1320 -432 -168) 
4 358 366 (1128 -408 -168) (1128 -392 -168) (1320 -392 -168) (1320 -408 -168) 
4 358 365 (1128 -384 -168) (1128 -368 -168) (1320 -368 -168) (1320 -384 -168) 
4 358 364 (1128 -360 -168) (1128 -344 -168) (1320 -344 -168) (1320 -360 -168) 
4 358 363 (1128 -336 -168) (1128 -320 -168) (1320 -320 -168) (1320 -336 -168) 
4 358 362 (1128 -312 -168) (1128 528 -168) (1320 528 -168) (1320 -312 -168) 
4 358 359 (1320 -1232 -76) (1320 -1232 327.213897680185) (1128 -1232 327.213897680185) (1128 -1232 -76) 
4 359 406 (1128 -1784 -76) (1128 -1784 327.213897680185) (1128 -1232 327.213897680185) (1128 -1232 -76) 
4 360 409 (1128 -1784 335.2138976801872) (1128 -1784 -168) (1128 -2040 -168) (1128 -2040 335.2138976801872) 
4 360 401 (1128 -2040 -168) (1128 -1784 -168) (1320 -1784 -168) (1320 -2040 -168) 
4 361 527 (1128 528 -176) (1128 784 -176) (1320 784 -176) (1320 528 -176) 
4 361 405 (1128 784 -176) (1128 528 -176) (1128 528 -168) (1128 784 -168) 
4 362 528 (1128 -264 -176) (1128 528 -176) (1320 528 -176) (1320 -264 -176) 
4 362 406 (1128 528 -176) (1128 -312 -176) (1128 -312 -168) (1128 528 -168) 
4 363 533 (1144 -320 -176) (1312 -320 -176) (1312 -336 -176) (1144 -336 -176) 
4 363 406 (1128 -320 -176) (1128 -336 -176) (1128 -336 -168) (1128 -320 -168) 
4 364 533 (1144 -344 -176) (1312 -344 -176) (1312 -360 -176) (1144 -360 -176) 
4 364 406 (1128 -344 -176) (1128 -360 -176) (1128 -360 -168) (1128 -344 -168) 
4 365 533 (1144 -368 -176) (1312 -368 -176) (1312 -384 -176) (1144 -384 -176) 
4 365 406 (1128 -368 -176) (1128 -384 -176) (1128 -384 -168) (1128 -368 -168) 
4 366 533 (1144 -392 -176) (1312 -392 -176) (1312 -408 -176) (1144 -408 -176) 
4 366 406 (1128 -392 -176) (1128 -408 -176) (1128 -408 -168) (1128 -392 -168) 
4 367 533 (1144 -416 -176) (1312 -416 -176) (1312 -432 -176) (1144 -432 -176) 
4 367 406 (1128 -416 -176) (1128 -432 -176) (1128 -432 -168) (1128 -416 -168) 
4 368 533 (1144 -440 -176) (1312 -440 -176) (1312 -456 -176) (1144 -456 -176) 
4 368 406 (1128 -440 -176) (1128 -456 -176) (1128 -456 -168) (1128 -440 -168) 
4 369 533 (1144 -464 -176) (1312 -464 -176) (1312 -480 -176) (1144 -480 -176) 
4 369 406 (1128 -464 -176) (1128 -480 -176) (1128 -480 -168) (1128 -464 -168) 
4 370 533 (1144 -488 -176) (1312 -488 -176) (1312 -504 -176) (1144 -504 -176) 
4 370 406 (1128 -488 -176) (1128 -504 -176) (1128 -504 -168) (1128 -488 -168) 
4 371 533 (1144 -512 -176) (1312 -512 -176) (1312 -528 -176) (1144 -528 -176) 
4 371 406 (1128 -512 -176) (1128 -528 -176) (1128 -528 -168) (1128 -512 -168) 
4 372 533 (1144 -536 -176) (1312 -536 -176) (1312 -552 -176) (1144 -552 -176) 
4 372 406 (1128 -536 -176) (1128 -552 -176) (1128 -552 -168) (1128 -536 -168) 
4 373 533 (1144 -560 -176) (1312 -560 -176) (1312 -576 -176) (1144 -576 -176) 
4 373 406 (1128 -560 -176) (1128 -576 -176) (1128 -576 -168) (1128 -560 -168) 
4 374 533 (1144 -584 -176) (1312 -584 -176) (1312 -600 -176) (1144 -600 -176) 
4 374 406 (1128 -584 -176) (1128 -600 -176) (1128 -600 -168) (1128 -584 -168) 
4 375 533 (1144 -608 -176) (1312 -608 -176) (1312 -624 -176) (1144 -624 -176) 
4 375 406 (1128 -608 -176) (1128 -624 -176) (1128 -624 -168) (1128 -608 -168) 
4 376 533 (1144 -632 -176) (1312 -632 -176) (1312 -648 -176) (1144 -648 -176) 
4 376 406 (1128 -632 -176) (1128 -648 -176) (1128 -648 -168) (1128 -632 -168) 
4 377 533 (1144 -656 -176) (1312 -656 -176) (1312 -672 -176) (1144 -672 -176) 
4 377 406 (1128 -656 -176) (1128 -672 -176) (1128 -672 -168) (1128 -656 -168) 
4 378 533 (1144 -680 -176) (1312 -680 -176) (1312 -696 -176) (1144 -696 -176) 
4 378 406 (1128 -680 -176) (1128 -696 -176) (1128 -696 -168) (1128 -680 -168) 
4 379 533 (1144 -704 -176) (1312 -704 -176) (1312 -720 -176) (1144 -720 -176) 
4 379 406 (1128 -704 -176) (1128 -720 -176) (1128 -720 -168) (1128 -704 -168) 
4 380 533 (1144 -728 -176) (1312 -728 -176) (1312 -744 -176) (1144 -744 -176) 
4 380 406 (1128 -728 -176) (1128 -744 -176) (1128 -744 -168) (1128 -728 -168) 
4 381 533 (1144 -752 -176) (1312 -752 -176) (1312 -768 -176) (1144 -768 -176) 
4 381 406 (1128 -752 -176) (1128 -768 -176) (1128 -768 -168) (1128 -752 -168) 
4 382 533 (1144 -776 -176) (1312 -776 -176) (1312 -792 -176) (1144 -792 -176) 
4 382 406 (1128 -776 -176) (1128 -792 -176) (1128 -792 -168) (1128 -776 -168) 
4 383 533 (1144 -800 -176) (1312 -800 -176) (1312 -816 -176) (1144 -816 -176) 
4 383 406 (1128 -800 -176) (1128 -816 -176) (1128 -816 -168) (1128 -800 -168) 
4 384 533 (1144 -824 -176) (1312 -824 -176) (1312 -840 -176) (1144 -840 -176) 
4 384 406 (1128 -824 -176) (1128 -840 -176) (1128 -840 -168) (1128 -824 -168) 
4 385 533 (1144 -848 -176) (1312 -848 -176) (1312 -864 -176) (1144 -864 -176) 
4 385 406 (1128 -848 -176) (1128 -864 -176) (1128 -864 -168) (1128 -848 -168) 
4 386 533 (1144 -872 -176) (1312 -872 -176) (1312 -888 -176) (1144 -888 -176) 
4 386 406 (1128 -872 -176) (1128 -888 -176) (1128 -888 -168) (1128 -872 -168) 
4 387 533 (1144 -896 -176) (1312 -896 -176) (1312 -912 -176) (1144 -912 -176) 
4 387 406 (1128 -896 -176) (1128 -912 -176) (1128 -912 -168) (1128 -896 -168) 
4 388 533 (1144 -920 -176) (1312 -920 -176) (1312 -936 -176) (1144 -936 -176) 
4 388 406 (1128 -920 -176) (1128 -936 -176) (1128 -936 -168) (1128 -920 -168) 
4 389 533 (1144 -944 -176) (1312 -944 -176) (1312 -960 -176) (1144 -960 -176) 
4 389 406 (1128 -944 -176) (1128 -960 -176) (1128 -960 -168) (1128 -944 -168) 
4 390 533 (1144 -968 -176) (1312 -968 -176) (1312 -984 -176) (1144 -984 -176) 
4 390 406 (1128 -968 -176) (1128 -984 -176) (1128 -984 -168) (1128 -968 -168) 
4 391 533 (1144 -992 -176) (1312 -992 -176) (1312 -1008 -176) (1144 -1008 -176) 
4 391 406 (1128 -992 -176) (1128 -1008 -176) (1128 -1008 -168) (1128 -992 -168) 
4 392 533 (1144 -1016 -176) (1312 -1016 -176) (1312 -1032 -176) (1144 -1032 -176) 
4 392 406 (1128 -1016 -176) (1128 -1032 -176) (1128 -1032 -168) (1128 -1016 -168) 
4 393 533 (1144 -1040 -176) (1312 -1040 -176) (1312 -1056 -176) (1144 -1056 -176) 
4 393 406 (1128 -1040 -176) (1128 -1056 -176) (1128 -1056 -168) (1128 -1040 -168) 
4 394 533 (1144 -1064 -176) (1312 -1064 -176) (1312 -1080 -176) (1144 -1080 -176) 
4 394 406 (1128 -1064 -176) (1128 -1080 -176) (1128 -1080 -168) (1128 -1064 -168) 
4 395 533 (1144 -1088 -176) (1312 -1088 -176) (1312 -1104 -176) (1144 -1104 -176) 
4 395 406 (1128 -1088 -176) (1128 -1104 -176) (1128 -1104 -168) (1128 -1088 -168) 
4 396 533 (1144 -1112 -176) (1312 -1112 -176) (1312 -1128 -176) (1144 -1128 -176) 
4 396 406 (1128 -1112 -176) (1128 -1128 -176) (1128 -1128 -168) (1128 -1112 -168) 
4 397 533 (1144 -1136 -176) (1312 -1136 -176) (1312 -1152 -176) (1144 -1152 -176) 
4 397 406 (1128 -1136 -176) (1128 -1152 -176) (1128 -1152 -168) (1128 -1136 -168) 
4 398 533 (1144 -1160 -176) (1312 -1160 -176) (1312 -1176 -176) (1144 -1176 -176) 
4 398 406 (1128 -1160 -176) (1128 -1176 -176) (1128 -1176 -168) (1128 -1160 -168) 
4 399 533 (1144 -1184 -176) (1312 -1184 -176) (1312 -1200 -176) (1144 -1200 -176) 
4 399 406 (1128 -1184 -176) (1128 -1200 -176) (1128 -1200 -168) (1128 -1184 -168) 
4 400 533 (1144 -1208 -176) (1312 -1208 -176) (1312 -1224 -176) (1144 -1224 -176) 
4 400 406 (1128 -1208 -176) (1128 -1224 -176) (1128 -1224 -168) (1128 -1208 -168) 
4 401 621 (1128 -2040 -176) (1128 -1784 -176) (1320 -1784 -176) (1320 -2040 -176) 
4 401 409 (1128 -1784 -176) (1128 -2040 -176) (1128 -2040 -168) (1128 -1784 -168) 
4 402 407 (24 784 336) (24 784 335.2138976801872) (24 528 335.2138976801872) (24 528 336) 
4 402 403 (1128 528 335.2138976801872) (24 528 335.2138976801872) (24 784 335.2138976801872) (1128 784 335.2138976801872) 
4 403 407 (24 784 335.2138976801872) (24 784 327.213897680185) (24 528 327.213897680185) (24 528 335.2138976801872) 
4 403 405 (24 528 327.213897680185) (24 784 327.213897680185) (1128 784 327.213897680185) (1128 528 327.213897680185) 
4 403 404 (24 528 335.2138976801872) (24 528 327.213897680185) (1128 528 327.213897680185) (1128 528 335.2138976801872) 
4 404 409 (24 -1784 335.2138976801872) (24 -1784 327.213897680185) (1128 -1784 327.213897680185) (1128 -1784 335.2138976801872) 
4 404 408 (24 528 335.2138976801872) (24 528 327.213897680185) (24 -1784 327.213897680185) (24 -1784 335.2138976801872) 
4 405 527 (1128 784 -176) (1128 528 -176) (24 528 -176) (24 784 -176) 
4 405 407 (24 784 -176) (24 528 -176) (24 528 327.213897680185) (24 784 327.213897680185) 
4 406 547 (1128 -1232 -176) (1128 -1784 -176) (24 -1784 -176) (24 -1232 -176) 
4 406 534 (1128 -320 -176) (1128 -1232 -176) (24 -1232 -176) (24 -320 -176) 
4 406 531 (1128 -264 -176) (1128 -320 -176) (24 -320 -176) (24 -264 -176) 
4 406 528 (1128 528 -176) (1128 -264 -176) (24 -264 -176) (24 528 -176) 
4 407 529 (24 784 -176) (24 528 -176) (-232 528 -176) (-232 784 -176) 
4 407 408 (-232 528 336) (-232 528 -176) (24 528 -176) (24 528 336) 
4 408 548 (24 -1232 -176) (24 -1784 -176) (-232 -1784 -176) (-232 -1232 -176) 
4 408 535 (24 -320 -176) (24 -1232 -176) (-232 -1232 -176) (-232 -320 -176) 
4 408 532 (24 -264 -176) (24 -320 -176) (-232 -320 -176) (-232 -264 -176) 
4 408 530 (-232 528 -176) (24 528 -176) (24 -264 -176) (-232 -264 -176) 
4 408 409 (8 -1784 -176) (24 -1784 -176) (24 -1784 335.2138976801872) (8 -1784 335.2138976801872) 
4 409 621 (8 -2040 -176) (8 -1784 -176) (1128 -1784 -176) (1128 -2040 -176) 
4 410 415 (1936 784 -192) (1936 544 -192) (1920 544 -192) (1920 784 -192) 
4 410 411 (1920 784 -192) (1920 544 -192) (1920 544 -176) (1920 784 -176) 
4 411 441 (1744 784 -192) (1744 528 -192) (1744 528 -176) (1744 784 -176) 
4 411 418 (1744 528 -192) (1744 784 -192) (1920 784 -192) (1920 528 -192) 
4 412 442 (1744 528 -192) (1744 368 -192) (1744 368 -176) (1744 528 -176) 
4 412 419 (1744 368 -192) (1744 528 -192) (1920 528 -192) (1920 368 -192) 
4 412 413 (1744 368 -176) (1744 368 -192) (1920 368 -192) (1920 368 -176) 
4 413 442 (1744 368 -192) (1744 -96 -192) (1744 -96 -176) (1744 368 -176) 
4 413 419 (1744 -96 -192) (1744 368 -192) (1920 368 -192) (1920 -96 -192) 
4 413 414 (1744 -96 -176) (1744 -96 -192) (1920 -96 -192) (1920 -96 -176) 
4 414 442 (1744 -96 -192) (1744 -264 -192) (1744 -264 -176) (1744 -96 -176) 
4 414 419 (1744 -264 -192) (1744 -96 -192) (1920 -96 -192) (1920 -264 -192) 
4 415 418 (1920 784 -304) (1920 544 -304) (1920 544 -192) (1920 784 -192) 
4 415 416 (1920 544 -304) (1920 784 -304) (1936 784 -304) (1936 544 -304) 
4 416 421 (1936 784 -1136) (1936 528 -1136) (1920 528 -1136) (1920 784 -1136) 
4 416 418 (1920 784 -1136) (1920 528 -1136) (1920 528 -304) (1920 784 -304) 
4 417 420 (1920 -264 -1136) (1936 -264 -1136) (1936 -264 -1040) (1920 -264 -1040) 
4 417 419 (1920 528 -1136) (1920 -264 -1136) (1920 -264 -304) (1920 528 -304) 
4 418 441 (1744 784 -1136) (1744 528 -1136) (1744 528 -192) (1744 784 -192) 
4 418 421 (1744 528 -1136) (1744 784 -1136) (1920 784 -1136) (1920 528 -1136) 
4 419 442 (1744 528 -1136) (1744 -264 -1136) (1744 -264 -192) (1744 528 -192) 
4 419 420 (1744 -264 -1136) (1920 -264 -1136) (1920 -264 -1040) (1744 -264 -1040) 
4 420 521 (1744 -648 -1136) (1744 -1144 -1136) (1744 -1144 -1040) (1744 -648 -1040) 
4 420 493 (1744 -336 -1136) (1744 -648 -1136) (1744 -648 -1040) (1744 -336 -1040) 
4 420 450 (1744 -264 -1136) (1744 -336 -1136) (1744 -336 -1040) (1744 -264 -1040) 
4 420 431 (1744 -1144 -1040) (1744 -1144 -1136) (1936 -1144 -1136) (1936 -1144 -1040) 
4 421 525 (1744 -1144 -1144) (1744 -1144 -1136) (1744 -648 -1136) (1744 -648 -1144) 
4 421 494 (1744 -648 -1136) (1744 -336 -1136) (1744 -336 -1144) (1744 -648 -1144) 
4 421 451 (1744 -336 -1136) (1744 -264 -1136) (1744 -264 -1144) (1744 -336 -1144) 
4 421 448 (1744 -264 -1136) (1744 784 -1136) (1744 784 -1144) (1744 -264 -1144) 
4 421 432 (1744 -1144 -1136) (1744 -1144 -1144) (1936 -1144 -1144) (1936 -1144 -1136) 
4 422 508 (1744 -1152 -192) (1744 -1144 -192) (1744 -1144 -328) (1744 -1152 -328) 
4 422 424 (1936 -1152 -328) (1936 -1152 -192) (1744 -1152 -192) (1744 -1152 -328) 
4 423 510 (1744 -1144 -336) (1744 -1144 -464) (1744 -1152 -464) (1744 -1152 -336) 
4 423 425 (1752 -1144 -464) (1928 -1144 -464) (1928 -1152 -464) (1752 -1152 -464) 
4 423 424 (1744 -1152 -464) (1936 -1152 -464) (1936 -1152 -336) (1744 -1152 -336) 
4 424 511 (1744 -1232 -464) (1744 -1232 -328) (1744 -1152 -328) (1744 -1152 -464) 
4 424 508 (1744 -1232 -328) (1744 -1232 -192) (1744 -1152 -192) (1744 -1152 -328) 
4 424 425 (1928 -1232 -464) (1752 -1232 -464) (1752 -1152 -464) (1928 -1152 -464) 
4 425 426 (1928 -1232 -472) (1752 -1232 -472) (1752 -1144 -472) (1928 -1144 -472) 
4 426 427 (1928 -1232 -560) (1752 -1232 -560) (1752 -1144 -560) (1928 -1144 -560) 
4 427 428 (1928 -1232 -568) (1752 -1232 -568) (1752 -1144 -568) (1928 -1144 -568) 
4 428 429 (1928 -1232 -576) (1752 -1232 -576) (1752 -1144 -576) (1928 -1144 -576) 
4 429 430 (1928 -1232 -584) (1752 -1232 -584) (1752 -1144 -584) (1928 -1144 -584) 
4 431 522 (1744 -1232 -1136) (1744 -1232 -1040) (1744 -1144 -1040) (1744 -1144 -1136) 
4 431 433 (1744 -1232 -1040) (1744 -1232 -1136) (1936 -1232 -1136) (1936 -1232 -1040) 
4 432 525 (1744 -1232 -1144) (1744 -1232 -1136) (1744 -1144 -1136) (1744 -1144 -1144) 
4 432 434 (1744 -1232 -1136) (1744 -1232 -1144) (1936 -1232 -1144) (1936 -1232 -1136) 
4 433 523 (1744 -1280 -1136) (1744 -1280 -1040) (1744 -1232 -1040) (1744 -1232 -1136) 
4 433 435 (1744 -1280 -1040) (1744 -1280 -1136) (1936 -1280 -1136) (1936 -1280 -1040) 
4 434 525 (1744 -1280 -1144) (1744 -1280 -1136) (1744 -1232 -1136) (1744 -1232 -1144) 
4 434 436 (1744 -1280 -1136) (1744 -1280 -1144) (1936 -1280 -1144) (1936 -1280 -1136) 
4 435 523 (1744 -1336 -1136) (1744 -1336 -568) (1744 -1280 -568) (1744 -1280 -1136) 
4 435 520 (1744 -1336 -568) (1744 -1336 -480) (1744 -1280 -480) (1744 -1280 -568) 
4 435 438 (1744 -1336 -480) (1744 -1336 -1136) (1936 -1336 -1136) (1936 -1336 -480) 
4 436 525 (1744 -1336 -1144) (1744 -1336 -1136) (1744 -1280 -1136) (1744 -1280 -1144) 
4 436 439 (1744 -1336 -1136) (1744 -1336 -1144) (1936 -1336 -1144) (1936 -1336 -1136) 
4 437 518 (1744 -1752 -176) (1744 -1336 -176) (1744 -1336 -376) (1744 -1752 -376) 
4 438 523 (1744 -1784 -1136) (1744 -1784 -568) (1744 -1336 -568) (1744 -1336 -1136) 
4 438 520 (1744 -1784 -568) (1744 -1784 -480) (1744 -1336 -480) (1744 -1336 -568) 
4 439 525 (1744 -1784 -1144) (1744 -1784 -1136) (1744 -1336 -1136) (1744 -1336 -1144) 
4 440 526 (1744 -2040 -1136) (1744 -2040 -480) (1744 -1784 -480) (1744 -1784 -1136) 
4 440 519 (1744 -2040 -480) (1744 -2040 -176) (1744 -1784 -176) (1744 -1784 -480) 
4 441 613 (1416 784 -1136) (1416 528 -1136) (1416 528 -480) (1416 784 -480) 
4 441 598 (1416 528 -480) (1416 528 -376) (1416 784 -376) (1416 784 -480) 
4 441 549 (1416 528 -376) (1416 528 -192) (1416 784 -192) (1416 784 -376) 
4 441 527 (1416 528 -192) (1416 528 -176) (1416 784 -176) (1416 784 -192) 
4 441 448 (1416 528 -1136) (1416 784 -1136) (1744 784 -1136) (1744 528 -1136) 
4 442 450 (1568 -264 -1136) (1744 -264 -1136) (1744 -264 -568) (1568 -264 -568) 
4 442 446 (1568 -256 -1136) (1568 -264 -1136) (1568 -264 -384) (1568 -256 -384) 
4 442 444 (1568 -264 -296) (1568 -264 -176) (1568 -256 -176) (1568 -256 -296) 
4 442 443 (1568 528 -176) (1568 528 -1136) (1568 -256 -1136) (1568 -256 -176) 
4 443 447 (1432 528 -176) (1432 528 -1136) (1432 -256 -1136) (1432 -256 -176) 
4 443 446 (1432 -256 -384) (1432 -256 -1136) (1568 -256 -1136) (1568 -256 -384) 
4 443 444 (1432 -256 -176) (1432 -256 -296) (1568 -256 -296) (1568 -256 -176) 
4 444 447 (1432 -264 -296) (1432 -264 -176) (1432 -256 -176) (1432 -256 -296) 
4 446 450 (1432 -264 -1136) (1568 -264 -1136) (1568 -264 -568) (1432 -264 -568) 
4 446 447 (1432 -256 -1136) (1432 -264 -1136) (1432 -264 -384) (1432 -256 -384) 
4 447 614 (1416 528 -1136) (1416 -264 -1136) (1416 -264 -480) (1416 528 -480) 
4 447 599 (1416 -264 -480) (1416 -264 -376) (1416 528 -376) (1416 528 -480) 
4 447 550 (1416 -264 -376) (1416 -264 -192) (1416 528 -192) (1416 528 -376) 
4 447 528 (1416 -264 -192) (1416 -264 -176) (1416 528 -176) (1416 528 -192) 
4 447 450 (1416 -264 -568) (1416 -264 -1136) (1432 -264 -1136) (1432 -264 -568) 
4 448 620 (1416 -264 -1144) (1416 -264 -1136) (1416 784 -1136) (1416 784 -1144) 
4 448 451 (1416 -264 -1136) (1416 -264 -1144) (1744 -264 -1144) (1744 -264 -1136) 
4 449 455 (1448 -336 -360) (1552 -336 -360) (1552 -336 -312) (1448 -336 -312) 
4 450 615 (1416 -336 -1136) (1416 -336 -568) (1416 -264 -568) (1416 -264 -1136) 
4 450 493 (1416 -336 -568) (1416 -336 -1136) (1744 -336 -1136) (1744 -336 -568) 
4 451 620 (1416 -336 -1144) (1416 -336 -1136) (1416 -264 -1136) (1416 -264 -1144) 
4 451 494 (1416 -336 -1136) (1416 -336 -1144) (1744 -336 -1144) (1744 -336 -1136) 
4 452 552 (1416 -344 -264) (1416 -568 -264) (1416 -568 -192) (1416 -344 -192) 
4 452 551 (1416 -336 -192) (1416 -336 -264) (1416 -344 -264) (1416 -344 -192) 
4 452 457 (1416 -568 -192) (1416 -568 -264) (1744 -568 -264) (1744 -568 -192) 
4 452 456 (1728 -568 -264) (1416 -568 -264) (1416 -344 -264) (1728 -344 -264) 
4 452 454 (1736 -568 -264) (1728 -568 -264) (1728 -344 -264) (1736 -344 -264) 
4 452 453 (1744 -568 -264) (1736 -568 -264) (1736 -336 -264) (1744 -336 -264) 
4 453 458 (1744 -568 -352) (1744 -568 -272) (1736 -568 -272) (1736 -568 -352) 
4 453 457 (1744 -568 -272) (1744 -568 -264) (1736 -568 -264) (1736 -568 -272) 
4 453 454 (1736 -568 -352) (1736 -568 -264) (1736 -344 -264) (1736 -344 -352) 
4 454 477 (1736 -392 -360) (1736 -568 -360) (1728 -568 -360) (1728 -392 -360) 
4 454 466 (1736 -344 -360) (1736 -392 -360) (1728 -392 -360) (1728 -344 -360) 
4 454 458 (1736 -568 -352) (1736 -568 -272) (1728 -568 -272) (1728 -568 -352) 
4 454 457 (1736 -568 -272) (1736 -568 -264) (1728 -568 -264) (1728 -568 -272) 
4 454 456 (1728 -344 -360) (1728 -568 -360) (1728 -568 -264) (1728 -344 -264) 
4 455 554 (1416 -336 -272) (1416 -336 -360) (1416 -344 -360) (1416 -344 -272) 
4 455 476 (1416 -344 -360) (1416 -336 -360) (1520 -336 -360) (1520 -344 -360) 
4 455 474 (1520 -336 -360) (1544 -336 -360) (1544 -344 -360) (1520 -344 -360) 
4 455 472 (1544 -336 -360) (1568 -336 -360) (1568 -344 -360) (1544 -344 -360) 
4 455 470 (1568 -336 -360) (1592 -336 -360) (1592 -344 -360) (1568 -344 -360) 
4 455 468 (1592 -336 -360) (1616 -336 -360) (1616 -344 -360) (1592 -344 -360) 
4 455 467 (1616 -336 -360) (1640 -336 -360) (1640 -344 -360) (1616 -344 -360) 
4 455 466 (1640 -336 -360) (1728 -336 -360) (1728 -344 -360) (1640 -344 -360) 
4 455 456 (1416 -344 -360) (1728 -344 -360) (1728 -344 -272) (1416 -344 -272) 
4 456 554 (1416 -344 -360) (1416 -568 -360) (1416 -568 -272) (1416 -344 -272) 
4 456 552 (1416 -568 -272) (1416 -568 -264) (1416 -344 -264) (1416 -344 -272) 
4 456 490 (1416 -568 -360) (1416 -512 -360) (1472 -512 -360) (1472 -568 -360) 
4 456 488 (1416 -512 -360) (1416 -488 -360) (1472 -488 -360) (1472 -512 -360) 
4 456 486 (1416 -488 -360) (1416 -464 -360) (1472 -464 -360) (1472 -488 -360) 
4 456 484 (1416 -464 -360) (1416 -440 -360) (1472 -440 -360) (1472 -464 -360) 
4 456 482 (1416 -440 -360) (1416 -416 -360) (1472 -416 -360) (1472 -440 -360) 
4 456 480 (1416 -416 -360) (1416 -392 -360) (1472 -392 -360) (1472 -416 -360) 
4 456 479 (1480 -512 -360) (1480 -568 -360) (1472 -568 -360) (1472 -512 -360) 
4 456 478 (1472 -392 -360) (1480 -392 -360) (1480 -512 -360) (1472 -512 -360) 
4 456 477 (1480 -392 -360) (1728 -392 -360) (1728 -568 -360) (1480 -568 -360) 
4 456 476 (1416 -392 -360) (1416 -344 -360) (1520 -344 -360) (1520 -392 -360) 
4 456 474 (1520 -344 -360) (1544 -344 -360) (1544 -392 -360) (1520 -392 -360) 
4 456 472 (1544 -344 -360) (1568 -344 -360) (1568 -392 -360) (1544 -392 -360) 
4 456 470 (1568 -344 -360) (1592 -344 -360) (1592 -392 -360) (1568 -392 -360) 
4 456 468 (1592 -344 -360) (1616 -344 -360) (1616 -392 -360) (1592 -392 -360) 
4 456 467 (1616 -344 -360) (1640 -344 -360) (1640 -392 -360) (1616 -392 -360) 
4 456 466 (1640 -344 -360) (1728 -344 -360) (1728 -392 -360) (1640 -392 -360) 
4 456 460 (1416 -568 -272) (1416 -568 -360) (1680 -568 -360) (1680 -568 -272) 
4 456 459 (1680 -568 -360) (1688 -568 -360) (1688 -568 -280) (1680 -568 -280) 
4 456 458 (1728 -568 -352) (1728 -568 -272) (1696 -568 -272) (1696 -568 -352) 
4 456 457 (1416 -568 -264) (1416 -568 -272) (1728 -568 -272) (1728 -568 -264) 
4 457 552 (1416 -568 -192) (1416 -568 -272) (1416 -576 -272) (1416 -576 -192) 
4 457 464 (1584 -576 -272) (1592 -576 -272) (1592 -576 -192) (1584 -576 -192) 
4 457 463 (1592 -576 -272) (1680 -576 -272) (1680 -576 -192) (1592 -576 -192) 
4 457 461 (1680 -576 -272) (1688 -576 -272) (1688 -576 -192) (1680 -576 -192) 
4 457 460 (1680 -576 -272) (1416 -576 -272) (1416 -568 -272) (1680 -568 -272) 
4 457 458 (1744 -576 -272) (1696 -576 -272) (1696 -568 -272) (1744 -568 -272) 
4 459 477 (1680 -568 -360) (1688 -568 -360) (1688 -576 -360) (1680 -576 -360) 
4 459 462 (1680 -576 -360) (1688 -576 -360) (1688 -576 -280) (1680 -576 -280) 
4 459 460 (1680 -576 -360) (1680 -576 -280) (1680 -568 -280) (1680 -568 -360) 
4 460 554 (1416 -568 -272) (1416 -568 -360) (1416 -576 -360) (1416 -576 -272) 
4 460 490 (1416 -576 -360) (1416 -568 -360) (1472 -568 -360) (1472 -576 -360) 
4 460 479 (1472 -568 -360) (1480 -568 -360) (1480 -576 -360) (1472 -576 -360) 
4 460 477 (1480 -568 -360) (1680 -568 -360) (1680 -576 -360) (1480 -576 -360) 
4 460 465 (1448 -576 -360) (1552 -576 -360) (1552 -576 -312) (1448 -576 -312) 
4 460 464 (1584 -576 -360) (1592 -576 -360) (1592 -576 -272) (1584 -576 -272) 
4 460 463 (1592 -576 -360) (1680 -576 -360) (1680 -576 -272) (1592 -576 -272) 
4 461 498 (1688 -648 -272) (1688 -648 -200) (1680 -648 -200) (1680 -648 -272) 
4 461 495 (1688 -648 -200) (1688 -648 -192) (1680 -648 -192) (1680 -648 -200) 
4 461 463 (1680 -648 -192) (1680 -576 -192) (1680 -576 -272) (1680 -648 -272) 
4 462 499 (1680 -648 -360) (1688 -648 -360) (1688 -648 -280) (1680 -648 -280) 
4 462 491 (1688 -648 -360) (1680 -648 -360) (1680 -576 -360) (1688 -576 -360) 
4 462 463 (1680 -576 -280) (1680 -576 -360) (1680 -648 -360) (1680 -648 -280) 
4 463 500 (1592 -648 -360) (1680 -648 -360) (1680 -648 -200) (1592 -648 -200) 
4 463 495 (1680 -648 -200) (1680 -648 -192) (1592 -648 -192) (1592 -648 -200) 
4 463 491 (1680 -648 -360) (1592 -648 -360) (1592 -576 -360) (1680 -576 -360) 
4 463 464 (1592 -640 -192) (1592 -576 -192) (1592 -576 -360) (1592 -640 -360) 
4 464 492 (1584 -640 -360) (1584 -576 -360) (1592 -576 -360) (1592 -640 -360) 
4 465 503 (1448 -648 -360) (1464 -648 -360) (1464 -648 -312) (1448 -648 -312) 
4 465 500 (1472 -648 -360) (1552 -648 -360) (1552 -648 -312) (1472 -648 -312) 
4 466 477 (1640 -392 -480) (1744 -392 -480) (1744 -392 -360) (1640 -392 -360) 
4 466 467 (1640 -392 -472) (1640 -392 -360) (1640 -336 -360) (1640 -336 -472) 
4 467 477 (1640 -392 -472) (1640 -392 -360) (1616 -392 -360) (1616 -392 -472) 
4 467 468 (1616 -392 -464) (1616 -392 -360) (1616 -336 -360) (1616 -336 -464) 
4 468 477 (1616 -392 -464) (1616 -392 -360) (1592 -392 -360) (1592 -392 -464) 
4 468 470 (1592 -392 -456) (1592 -392 -360) (1592 -336 -360) (1592 -336 -456) 
3 469 477 (1592 -392 -480) (1616 -392 -480) (1592 -392 -471.99999999999994) 
4 469 471 (1592 -336 -480) (1592 -392 -480) (1592 -392 -471.99999999999994) (1592 -336 -471.99999999999994) 
4 470 477 (1592 -392 -456) (1592 -392 -360) (1568 -392 -360) (1568 -392 -456) 
4 470 472 (1568 -392 -448) (1568 -392 -360) (1568 -336 -360) (1568 -336 -448) 
4 471 477 (1568 -392 -480) (1592 -392 -480) (1592 -392 -471.99999999999994) (1568 -392 -464) 
4 471 473 (1568 -336 -480) (1568 -392 -480) (1568 -392 -464) (1568 -336 -464) 
4 472 477 (1568 -392 -448) (1568 -392 -360) (1544 -392 -360) (1544 -392 -448) 
4 472 474 (1544 -392 -440) (1544 -392 -360) (1544 -336 -360) (1544 -336 -440) 
4 473 477 (1544 -392 -480) (1568 -392 -480) (1568 -392 -464) (1544 -392 -456.00000000000006) 
4 473 475 (1544 -336 -480) (1544 -392 -480) (1544 -392 -456) (1544 -336 -456.00000000000006) 
4 474 477 (1544 -392 -440) (1544 -392 -360) (1520 -392 -360) (1520 -392 -440) 
4 474 476 (1520 -392 -440) (1520 -392 -360) (1520 -336 -360) (1520 -336 -440) 
4 475 477 (1520 -392 -480) (1544 -392 -480) (1544 -392 -456) (1520 -392 -448) 
4 476 600 (1416 -336 -376) (1416 -336 -408) (1416 -392 -408) (1416 -392 -376) 
4 476 554 (1416 -392 -360) (1416 -336 -360) (1416 -336 -376) (1416 -392 -376) 
4 476 480 (1472 -392 -360) (1416 -392 -360) (1416 -392 -440) (1472 -392 -440) 
4 476 478 (1480 -392 -360) (1472 -392 -360) (1472 -392 -440) (1480 -392 -440) 
4 476 477 (1520 -392 -440) (1520 -392 -360) (1480 -392 -360) (1480 -392 -440) 
4 477 492 (1584 -576 -480) (1592 -576 -480) (1592 -576 -360) (1584 -576 -360) 
4 477 491 (1592 -576 -480) (1688 -576 -480) (1688 -576 -360) (1592 -576 -360) 
4 477 479 (1480 -576 -408) (1480 -576 -360) (1480 -512 -360) (1480 -512 -408) 
4 477 478 (1480 -392 -360) (1480 -392 -480) (1480 -512 -480) (1480 -512 -360) 
4 478 489 (1472 -488 -480) (1472 -512 -480) (1472 -512 -416) (1472 -488 -424.00000000000006) 
4 478 488 (1472 -512 -408) (1472 -512 -360) (1472 -488 -360) (1472 -488 -408) 
4 478 487 (1472 -464 -480) (1472 -488 -480) (1472 -488 -424) (1472 -464 -432.00000000000006) 
4 478 486 (1472 -488 -416) (1472 -488 -360) (1472 -464 -360) (1472 -464 -416) 
4 478 485 (1472 -440 -480) (1472 -464 -480) (1472 -464 -432) (1472 -440 -440.00000000000006) 
4 478 484 (1472 -464 -424) (1472 -464 -360) (1472 -440 -360) (1472 -440 -424) 
4 478 483 (1472 -416 -480) (1472 -440 -480) (1472 -440 -440) (1472 -416 -448.00000000000006) 
4 478 482 (1472 -440 -432) (1472 -440 -360) (1472 -416 -360) (1472 -416 -432) 
4 478 481 (1472 -392 -456.00000000000006) (1472 -392 -480) (1472 -416 -480) (1472 -416 -448) 
4 478 480 (1472 -392 -360) (1472 -392 -440) (1472 -416 -440) (1472 -416 -360) 
4 478 479 (1472 -512 -360) (1472 -512 -408) (1480 -512 -408) (1480 -512 -360) 
4 479 490 (1472 -576 -408) (1472 -576 -360) (1472 -512 -360) (1472 -512 -408) 
4 480 600 (1416 -392 -376) (1416 -392 -408) (1416 -416 -408) (1416 -416 -376) 
4 480 554 (1416 -416 -360) (1416 -392 -360) (1416 -392 -376) (1416 -416 -376) 
4 480 482 (1472 -416 -432) (1472 -416 -360) (1416 -416 -360) (1416 -416 -432) 
4 481 483 (1416 -416 -480) (1472 -416 -480) (1472 -416 -448) (1416 -416 -448) 
4 482 600 (1416 -416 -376) (1416 -416 -408) (1416 -440 -408) (1416 -440 -376) 
4 482 554 (1416 -440 -360) (1416 -416 -360) (1416 -416 -376) (1416 -440 -376) 
4 482 484 (1472 -440 -424) (1472 -440 -360) (1416 -440 -360) (1416 -440 -424) 
4 483 485 (1416 -440 -480) (1472 -440 -480) (1472 -440 -440) (1416 -440 -440) 
4 484 600 (1416 -440 -376) (1416 -440 -408) (1416 -464 -408) (1416 -464 -376) 
4 484 554 (1416 -464 -360) (1416 -440 -360) (1416 -440 -376) (1416 -464 -376) 
4 484 486 (1472 -464 -416) (1472 -464 -360) (1416 -464 -360) (1416 -464 -416) 
4 485 487 (1416 -464 -480) (1472 -464 -480) (1472 -464 -432) (1416 -464 -432) 
4 486 600 (1416 -464 -376) (1416 -464 -408) (1416 -488 -408) (1416 -488 -376) 
4 486 554 (1416 -488 -360) (1416 -464 -360) (1416 -464 -376) (1416 -488 -376) 
4 486 488 (1472 -488 -408) (1472 -488 -360) (1416 -488 -360) (1416 -488 -408) 
4 487 489 (1416 -488 -480) (1472 -488 -480) (1472 -488 -424) (1416 -488 -424) 
4 488 600 (1416 -488 -376) (1416 -488 -408) (1416 -512 -408) (1416 -512 -376) 
4 488 554 (1416 -512 -360) (1416 -488 -360) (1416 -488 -376) (1416 -512 -376) 
4 488 490 (1472 -512 -408) (1472 -512 -360) (1416 -512 -360) (1416 -512 -408) 
4 490 602 (1416 -576 -400) (1416 -576 -376) (1416 -520 -376) (1416 -520 -400) 
4 490 600 (1416 -512 -376) (1416 -512 -408) (1416 -520 -408) (1416 -520 -376) 
4 490 554 (1416 -576 -360) (1416 -512 -360) (1416 -512 -376) (1416 -576 -376) 
4 491 501 (1592 -648 -480) (1688 -648 -480) (1688 -648 -360) (1592 -648 -360) 
4 491 492 (1592 -576 -360) (1592 -576 -480) (1592 -640 -480) (1592 -640 -360) 
4 493 615 (1416 -648 -1136) (1416 -648 -568) (1416 -336 -568) (1416 -336 -1136) 
4 493 524 (1416 -648 -568) (1416 -648 -1136) (1736 -648 -1136) (1736 -648 -568) 
4 493 521 (1736 -648 -1136) (1744 -648 -1136) (1744 -648 -568) (1736 -648 -568) 
4 494 620 (1416 -648 -1144) (1416 -648 -1136) (1416 -336 -1136) (1416 -336 -1144) 
4 494 525 (1416 -648 -1136) (1416 -648 -1144) (1744 -648 -1144) (1744 -648 -1136) 
4 495 505 (1736 -656 -192) (1584 -656 -192) (1584 -656 -200) (1736 -656 -200) 
4 495 500 (1680 -656 -200) (1584 -656 -200) (1592 -648 -200) (1680 -648 -200) 
4 495 498 (1736 -656 -200) (1680 -656 -200) (1680 -648 -200) (1736 -648 -200) 
4 496 505 (1464 -656 -192) (1431.9999999999998 -656 -192) (1431.9999999999998 -656 -200) (1464 -656 -200) 
4 496 503 (1464 -656 -200) (1431.9999999999998 -656 -200) (1424 -648 -200) (1464 -648 -200) 
4 497 504 (1736 -656 -480) (1744 -656 -480) (1744 -656 -280) (1736 -656 -280) 
4 497 501 (1736 -648 -480) (1736 -656 -480) (1736 -656 -360) (1736 -648 -360) 
4 497 499 (1736 -656 -360) (1736 -656 -280) (1736 -648 -280) (1736 -648 -360) 
4 498 505 (1736 -656 -272) (1736 -656 -200) (1680 -656 -200) (1680 -656 -272) 
4 498 500 (1680 -656 -272) (1680 -656 -200) (1680 -648 -200) (1680 -648 -272) 
4 499 505 (1736 -656 -360) (1736 -656 -280) (1680 -656 -280) (1680 -656 -360) 
4 499 501 (1680 -648 -360) (1736 -648 -360) (1736 -656 -360) (1680 -656 -360) 
4 499 500 (1680 -648 -360) (1680 -656 -360) (1680 -656 -280) (1680 -648 -280) 
4 500 505 (1680 -656 -200) (1472 -656 -200) (1472 -656 -360) (1680 -656 -360) 
4 500 501 (1496 -648 -360) (1680 -648 -360) (1680 -656 -360) (1496 -656 -360) 
4 501 505 (1496 -656 -480) (1736 -656 -480) (1736 -656 -360) (1496 -656 -360) 
4 501 502 (1496 -648 -480) (1496 -656 -480) (1496 -656 -368) (1496 -648 -368) 
4 502 505 (1464 -656 -480) (1496 -656 -480) (1496 -656 -368) (1464 -656 -368) 
4 502 503 (1464 -648 -480) (1464 -656 -480) (1464 -656 -368) (1464 -648 -368) 
4 503 505 (1431.9999999999998 -656 -480) (1464 -656 -480) (1464 -656 -200) (1431.9999999999998 -656 -200) 
4 504 513 (1736 -1056 -480) (1744 -1056 -480) (1744 -1056 -472) (1736 -1056 -472) 
4 504 510 (1744 -1056 -472) (1744 -1056 -336) (1736 -1056 -336) (1736 -1056 -472) 
4 504 505 (1736 -656 -200) (1736 -656 -480) (1736 -1056 -480) (1736 -1056 -200) 
4 505 514 (1432 -1056 -480) (1720 -1056 -480) (1720 -1056 -472) (1432 -1056 -472) 
4 505 513 (1720 -1056 -480) (1736 -1056 -480) (1736 -1056 -472) (1720 -1056 -472) 
4 505 512 (1736 -1056 -472) (1736 -1056 -328) (1432 -1056 -328) (1432 -1056 -472) 
4 505 509 (1736 -1056 -328) (1736 -1056 -192) (1432 -1056 -192) (1432 -1056 -328) 
4 505 507 (1432 -680 -480) (1432 -1056 -480) (1432 -1056 -192) (1432 -680 -192) 
4 505 506 (1432 -672.0000000000002 -480) (1432 -680 -480) (1432 -680 -192) (1432 -672.0000000000002 -192) 
4 506 507 (1424 -680 -192) (1424 -680 -480) (1432 -680 -480) (1432 -680 -192) 
4 507 517 (1424 -1056 -200.00000000000006) (1424 -1056 -192) (1424 -680 -192) (1424 -680 -200.00000000000006) 
4 507 516 (1424 -680 -480) (1424 -1056 -480) (1424 -1056 -368.00000000000006) (1424 -680 -368.00000000000006) 
4 507 515 (1424 -1056 -351.99999999999994) (1424 -1056 -215.99999999999983) (1424 -680 -215.99999999999986) (1424 -680 -351.99999999999994) 
4 507 514 (1424 -1056 -472) (1424 -1056 -480) (1432 -1056 -480) (1432 -1056 -472) 
4 507 512 (1424 -1056 -328) (1424 -1056 -472) (1432 -1056 -472) (1432 -1056 -328) 
4 507 509 (1424 -1056 -192) (1424 -1056 -328) (1432 -1056 -328) (1432 -1056 -192) 
4 508 511 (1744 -1232 -328) (1736 -1232 -328) (1736 -1152 -328) (1744 -1152 -328) 
4 508 509 (1736 -1064 -328) (1736 -1232 -328) (1736 -1232 -192) (1736 -1064 -192) 
4 509 517 (1424 -1232 -200.00000000000006) (1424 -1232 -192) (1424 -1056 -192) (1424 -1056 -200.00000000000006) 
4 509 515 (1424 -1232 -328) (1424 -1232 -215.99999999999986) (1424 -1056 -215.99999999999986) (1424 -1056 -328) 
4 509 512 (1736 -1232 -328) (1424 -1232 -328) (1424 -1056 -328) (1736 -1056 -328) 
4 510 513 (1736 -1144 -472) (1736 -1056 -472) (1744 -1056 -472) (1744 -1144 -472) 
4 510 512 (1736 -1056 -472) (1736 -1152 -472) (1736 -1152 -336) (1736 -1056 -336) 
4 510 511 (1736 -1152 -336) (1736 -1152 -472) (1744 -1152 -472) (1744 -1152 -336) 
4 511 512 (1736 -1152 -472) (1736 -1232 -472) (1736 -1232 -328) (1736 -1152 -328) 
4 512 516 (1424 -1232 -472) (1424 -1232 -368.0000000000001) (1424 -1056 -368.0000000000001) (1424 -1056 -472) 
4 512 515 (1424 -1232 -352) (1424 -1232 -328) (1424 -1056 -328) (1424 -1056 -352) 
4 512 514 (1720 -1232 -472) (1424 -1232 -472) (1424 -1056 -472) (1720 -1056 -472) 
4 512 513 (1720 -1144 -472) (1720 -1056 -472) (1736 -1056 -472) (1736 -1144 -472) 
4 513 514 (1720 -1144 -472) (1720 -1056 -472) (1720 -1056 -480) (1720 -1144 -480) 
4 514 516 (1424 -1056 -480) (1424 -1232 -480) (1424 -1232 -472) (1424 -1056 -472) 
4 515 556 (1416 -1232 -343.9999999999999) (1416 -1232 -223.99999999999994) (1416 -680 -223.99999999999994) (1416 -680 -343.9999999999999) 
4 518 557 (1416 -1336 -192) (1416 -1336 -376) (1416 -1752 -376) (1416 -1752 -192) 
4 518 545 (1416 -1752 -176) (1416 -1336 -176) (1416 -1336 -192) (1416 -1752 -192) 
4 519 621 (1416 -2040 -176) (1416 -1784 -176) (1416 -1784 -480) (1416 -2040 -480) 
4 519 526 (1416 -2040 -480) (1416 -1784 -480) (1744 -1784 -480) (1744 -2040 -480) 
4 520 616 (1416 -1784 -568) (1416 -1784 -480) (1416 -1280 -480) (1416 -1280 -568) 
4 520 524 (1736 -1784 -568) (1416 -1784 -568) (1416 -1280 -568) (1736 -1280 -568) 
4 520 523 (1744 -1784 -568) (1736 -1784 -568) (1736 -1280 -568) (1744 -1280 -568) 
4 521 524 (1736 -648 -1136) (1736 -1144 -1136) (1736 -1144 -568) (1736 -648 -568) 
4 521 522 (1736 -1144 -1040) (1736 -1144 -1136) (1744 -1144 -1136) (1744 -1144 -1040) 
4 522 524 (1736 -1144 -1136) (1736 -1232 -1136) (1736 -1232 -1040) (1736 -1144 -1040) 
4 522 523 (1736 -1232 -1040) (1736 -1232 -1136) (1744 -1232 -1136) (1744 -1232 -1040) 
4 523 524 (1736 -1232 -1136) (1736 -1784 -1136) (1736 -1784 -568) (1736 -1232 -568) 
4 524 616 (1416 -1784 -1136) (1416 -1784 -568) (1416 -1280 -568) (1416 -1280 -1136) 
4 524 615 (1416 -1280 -568) (1416 -648 -568) (1416 -648 -1136) (1416 -1280 -1136) 
4 525 620 (1416 -1784 -1144) (1416 -1784 -1136) (1416 -648 -1136) (1416 -648 -1144) 
4 526 621 (1416 -2040 -1136) (1416 -2040 -480) (1416 -1784 -480) (1416 -1784 -1136) 
4 527 591 (1128 528 -192) (24 528 -192) (24 784 -192) (1128 784 -192) 
4 527 582 (1144 528 -192) (1128 528 -192) (1128 784 -192) (1144 784 -192) 
4 527 562 (1400 528 -192) (1144 528 -192) (1144 784 -192) (1400 784 -192) 
4 527 549 (1416 784 -192) (1416 528 -192) (1400 528 -192) (1400 784 -192) 
4 527 529 (24 784 -192) (24 528 -192) (24 528 -176) (24 784 -176) 
4 528 595 (1112 -264 -192) (24 -264 -192) (24 528 -192) (1112 528 -192) 
4 528 592 (1128 -264 -192) (1112 -264 -192) (1112 528 -192) (1128 528 -192) 
4 528 583 (1144 -264 -192) (1128 -264 -192) (1128 528 -192) (1144 528 -192) 
4 528 563 (1400 -264 -192) (1144 -264 -192) (1144 528 -192) (1400 528 -192) 
4 528 550 (1416 528 -192) (1416 -264 -192) (1400 -264 -192) (1400 528 -192) 
4 528 531 (24 -264 -192) (1128 -264 -192) (1128 -264 -176) (24 -264 -176) 
4 529 596 (24 784 -192) (24 528 -192) (-232 528 -192) (-232 784 -192) 
4 529 530 (-232 528 -192) (24 528 -192) (24 528 -176) (-232 528 -176) 
4 530 597 (-232 528 -192) (24 528 -192) (24 -264 -192) (-232 -264 -192) 
4 530 532 (-232 -264 -192) (24 -264 -192) (24 -264 -176) (-232 -264 -176) 
4 531 595 (24 -264 -192) (1112 -264 -192) (1112 -320 -192) (24 -320 -192) 
4 531 593 (1112 -264 -192) (1128 -264 -192) (1128 -320 -192) (1112 -320 -192) 
4 531 543 (24 -320 -192) (1128 -320 -192) (1128 -320 -184) (24 -320 -184) 
4 531 534 (1128 -320 -184) (1128 -320 -176) (24 -320 -176) (24 -320 -184) 
4 532 597 (-232 -264 -192) (24 -264 -192) (24 -320 -192) (-232 -320 -192) 
4 532 544 (-232 -320 -192) (24 -320 -192) (24 -320 -184) (-232 -320 -184) 
4 532 535 (24 -320 -184) (24 -320 -176) (-232 -320 -176) (-232 -320 -184) 
4 533 542 (1168 -1232 -184) (1152 -1232 -184) (1152 -320 -184) (1168 -320 -184) 
4 533 541 (1192 -1232 -184) (1176 -1232 -184) (1176 -320 -184) (1192 -320 -184) 
4 533 540 (1216 -1232 -184) (1200 -1232 -184) (1200 -320 -184) (1216 -320 -184) 
4 533 539 (1240 -1232 -184) (1224 -1232 -184) (1224 -320 -184) (1240 -320 -184) 
4 533 538 (1264 -1232 -184) (1248 -1232 -184) (1248 -320 -184) (1264 -320 -184) 
4 533 537 (1288 -1232 -184) (1272 -1232 -184) (1272 -320 -184) (1288 -320 -184) 
4 533 536 (1312 -1232 -184) (1296 -1232 -184) (1296 -320 -184) (1312 -320 -184) 
4 534 547 (24 -1232 -184) (1128 -1232 -184) (1128 -1232 -176) (24 -1232 -176) 
4 534 543 (1128 -1232 -184) (24 -1232 -184) (24 -320 -184) (1128 -320 -184) 
4 535 548 (-232 -1232 -184) (24 -1232 -184) (24 -1232 -176) (-232 -1232 -176) 
4 535 544 (24 -1232 -184) (-232 -1232 -184) (-232 -320 -184) (24 -320 -184) 
4 536 571 (1312 -1216 -192) (1312 -1232 -192) (1296 -1232 -192) (1296 -1216 -192) 
4 536 564 (1296 -320 -192) (1312 -320 -192) (1312 -1216 -192) (1296 -1216 -192) 
4 537 571 (1288 -1216 -192) (1288 -1232 -192) (1272 -1232 -192) (1272 -1216 -192) 
4 537 564 (1272 -320 -192) (1288 -320 -192) (1288 -1216 -192) (1272 -1216 -192) 
4 538 571 (1264 -1216 -192) (1264 -1232 -192) (1248 -1232 -192) (1248 -1216 -192) 
4 538 564 (1248 -320 -192) (1264 -320 -192) (1264 -1216 -192) (1248 -1216 -192) 
4 539 571 (1240 -1216 -192) (1240 -1232 -192) (1224 -1232 -192) (1224 -1216 -192) 
4 539 564 (1224 -320 -192) (1240 -320 -192) (1240 -1216 -192) (1224 -1216 -192) 
4 540 571 (1216 -1216 -192) (1216 -1232 -192) (1200 -1232 -192) (1200 -1216 -192) 
4 540 564 (1200 -320 -192) (1216 -320 -192) (1216 -1216 -192) (1200 -1216 -192) 
4 541 571 (1192 -1216 -192) (1192 -1232 -192) (1176 -1232 -192) (1176 -1216 -192) 
4 541 564 (1176 -320 -192) (1192 -320 -192) (1192 -1216 -192) (1176 -1216 -192) 
4 542 571 (1168 -1216 -192) (1168 -1232 -192) (1152 -1232 -192) (1152 -1216 -192) 
4 542 564 (1152 -320 -192) (1168 -320 -192) (1168 -1216 -192) (1152 -1216 -192) 
4 543 595 (24 -320 -192) (1112 -320 -192) (1112 -1232 -192) (24 -1232 -192) 
4 543 593 (1112 -320 -192) (1128 -320 -192) (1128 -1232 -192) (1112 -1232 -192) 
4 543 547 (24 -1232 -192) (1128 -1232 -192) (1128 -1232 -184) (24 -1232 -184) 
4 544 597 (-232 -320 -192) (24 -320 -192) (24 -1232 -192) (-232 -1232 -192) 
4 544 548 (-232 -1232 -192) (24 -1232 -192) (24 -1232 -184) (-232 -1232 -184) 
4 545 572 (1344 -1336 -192) (1400 -1336 -192) (1400 -1752 -192) (1344 -1752 -192) 
4 545 561 (1400 -1336 -192) (1408 -1336 -192) (1408 -1752 -192) (1400 -1752 -192) 
4 545 557 (1408 -1336 -192) (1416 -1336 -192) (1416 -1752 -192) (1408 -1752 -192) 
4 546 576 (1144 -1752 -192) (1144 -1336 -192) (1312 -1336 -192) (1312 -1752 -192) 
4 547 595 (1112 -1784 -192) (24 -1784 -192) (24 -1232 -192) (1112 -1232 -192) 
4 547 593 (1128 -1784 -192) (1112 -1784 -192) (1112 -1232 -192) (1128 -1232 -192) 
4 548 621 (8 -1784 -192) (24 -1784 -192) (24 -1784 -176) (8 -1784 -176) 
4 548 597 (24 -1784 -192) (-232 -1784 -192) (-232 -1232 -192) (24 -1232 -192) 
4 549 598 (1400 528 -376) (1400 784 -376) (1416 784 -376) (1416 528 -376) 
4 549 562 (1400 784 -376) (1400 528 -376) (1400 528 -192) (1400 784 -192) 
4 550 599 (1400 -264 -376) (1400 528 -376) (1416 528 -376) (1416 -264 -376) 
4 550 563 (1400 528 -376) (1400 -264 -376) (1400 -264 -192) (1400 528 -192) 
4 551 553 (1408 -320 -192) (1408 -320 -264) (1408 -344 -264) (1408 -344 -192) 
4 551 552 (1408 -344 -192) (1408 -344 -264) (1416 -344 -264) (1416 -344 -192) 
4 552 554 (1416 -344 -272) (1416 -648 -272) (1408 -648 -272) (1408 -344 -272) 
4 552 553 (1408 -344 -272) (1408 -648 -272) (1408 -648 -192) (1408 -344 -192) 
4 553 564 (1400 -648 -192) (1400 -320 -192) (1400 -320 -272) (1400 -648 -272) 
4 553 555 (1400 -648 -272) (1400 -320 -272) (1408 -320 -272) (1408 -648 -272) 
4 554 602 (1416 -520 -376) (1416 -576 -376) (1408 -576 -376) (1408 -520 -376) 
4 554 600 (1416 -328 -376) (1416 -520 -376) (1408 -520 -376) (1408 -328 -376) 
4 554 555 (1408 -648 -376) (1408 -648 -272) (1408 -328 -272) (1408 -328 -376) 
4 555 602 (1400 -576 -376) (1400 -520 -376) (1408 -520 -376) (1408 -576 -376) 
4 555 601 (1400 -520 -376) (1400 -320 -376) (1408 -320 -376) (1408 -520 -376) 
4 555 564 (1400 -320 -376) (1400 -648 -376) (1400 -648 -272) (1400 -320 -272) 
4 556 559 (1408 -688 -344) (1408 -1224 -344) (1408 -1224 -224) (1408 -688 -224) 
4 557 561 (1408 -1336 -376) (1408 -1752 -376) (1408 -1752 -192) (1408 -1336 -192) 
4 558 565 (1400 -1224 -216) (1400 -1224 -200) (1400 -1216 -200) (1400 -1216 -216) 
4 558 564 (1400 -1216 -200) (1400 -688 -200) (1400 -688 -216) (1400 -1216 -216) 
4 559 565 (1400 -1224 -344) (1400 -1224 -224) (1400 -1216 -224) (1400 -1216 -344) 
4 559 564 (1400 -1216 -224) (1400 -688 -224) (1400 -688 -344) (1400 -1216 -344) 
4 560 565 (1400 -1224 -368) (1400 -1224 -352) (1400 -1216 -352) (1400 -1216 -368) 
4 560 564 (1400 -1216 -352) (1400 -688 -352) (1400 -688 -368) (1400 -1216 -368) 
4 561 572 (1400 -1336 -376) (1400 -1752 -376) (1400 -1752 -192) (1400 -1336 -192) 
4 562 598 (1144 528 -376) (1144 784 -376) (1400 784 -376) (1400 528 -376) 
4 562 589 (1144 784 -376) (1144 528 -376) (1144 528 -232) (1144 784 -232) 
4 562 584 (1144 528 -232) (1144 528 -200) (1144 784 -200) (1144 784 -232) 
4 562 582 (1144 528 -200) (1144 528 -192) (1144 784 -192) (1144 784 -200) 
4 563 599 (1144 -264 -376) (1144 528 -376) (1400 528 -376) (1400 -264 -376) 
4 563 590 (1144 528 -376) (1144 -264 -376) (1144 -264 -232) (1144 528 -232) 
4 563 585 (1144 -264 -232) (1144 -264 -200) (1144 528 -200) (1144 528 -232) 
4 563 583 (1144 -264 -200) (1144 -264 -192) (1144 528 -192) (1144 528 -200) 
4 564 605 (1344 -520 -376) (1368 -520 -376) (1368 -576 -376) (1344 -576 -376) 
4 564 603 (1368 -520 -376) (1392 -520 -376) (1392 -576 -376) (1368 -576 -376) 
4 564 602 (1392 -520 -376) (1400 -520 -376) (1400 -576 -376) (1392 -576 -376) 
4 564 601 (1320 -320 -376) (1400 -320 -376) (1400 -520 -376) (1320 -520 -376) 
4 564 586 (1144 -1216 -232) (1144 -1216 -200) (1144 -320 -200) (1144 -320 -232) 
4 564 571 (1144 -1216 -192) (1144 -1216 -376) (1320 -1216 -376) (1320 -1216 -192) 
4 564 570 (1320 -1216 -376) (1328 -1216 -376) (1328 -1216 -192) (1320 -1216 -192) 
4 564 569 (1344 -1216 -376) (1352 -1216 -376) (1352 -1216 -192) (1344 -1216 -192) 
4 564 568 (1352 -1216 -376) (1360 -1216 -376) (1360 -1216 -192) (1352 -1216 -192) 
4 564 567 (1360 -1216 -376) (1368 -1216 -376) (1368 -1216 -192) (1360 -1216 -192) 
4 564 566 (1384 -1216 -376) (1392 -1216 -376) (1392 -1216 -192) (1384 -1216 -192) 
4 564 565 (1392 -1216 -376) (1400 -1216 -376) (1400 -1216 -192) (1392 -1216 -192) 
4 565 566 (1392 -1216 -192) (1392 -1216 -376) (1392 -1224 -376) (1392 -1224 -192) 
4 567 568 (1360 -1216 -192) (1360 -1216 -376) (1360 -1224 -376) (1360 -1224 -192) 
4 568 569 (1352 -1216 -192) (1352 -1216 -376) (1352 -1224 -376) (1352 -1224 -192) 
4 570 571 (1320 -1216 -192) (1320 -1216 -376) (1320 -1224.0000000000002 -376) (1320 -1224.0000000000002 -192) 
4 571 586 (1144 -1232 -232) (1144 -1232 -200) (1144 -1216 -200) (1144 -1216 -232) 
4 571 574 (1144 -1232 -192) (1144 -1232 -376) (1312 -1232 -376) (1312 -1232 -192) 
4 572 573 (1344 -1336 -256) (1344 -1336 -376) (1344 -1752 -376) (1344 -1752 -256) 
4 573 576 (1312 -1336 -376) (1312 -1752 -376) (1312 -1752 -256) (1312 -1336 -256) 
4 574 586 (1144 -1272 -232) (1144 -1272 -200) (1144 -1232 -200) (1144 -1232 -232) 
4 574 575 (1144 -1272 -280) (1144 -1272 -376) (1312 -1272 -376) (1312 -1272 -280) 
4 575 576 (1144 -1296 -280) (1144 -1296 -376) (1312 -1296 -376) (1312 -1296 -280) 
4 576 586 (1144 -1752 -232) (1144 -1752 -200) (1144 -1296 -200) (1144 -1296 -232) 
4 576 580 (1264 -1752 -376) (1296 -1752 -376) (1296 -1752 -232) (1264 -1752 -232) 
4 576 577 (1144 -1752 -200) (1144 -1752 -232) (1296 -1752 -232) (1296 -1752 -200) 
4 577 586 (1144 -1752 -200) (1144 -1752 -232) (1144 -1760 -232) (1144 -1760 -200) 
4 577 580 (1264 -1752 -232) (1296 -1752 -232) (1296 -1760 -232) (1264 -1760 -232) 
4 577 579 (1272 -1760 -224) (1272 -1760 -208) (1144 -1760 -208) (1144 -1760 -224) 
4 577 578 (1272 -1760 -232) (1288 -1760 -232) (1288 -1760 -208) (1272 -1760 -208) 
4 578 581 (1272 -1760 -232) (1288 -1760 -232) (1288 -1768 -232) (1272 -1768 -232) 
4 578 579 (1272 -1768 -224) (1272 -1768 -208) (1272 -1760 -208) (1272 -1760 -224) 
4 579 587 (1144 -1768 -224) (1144 -1768 -208) (1144 -1760 -208) (1144 -1760 -224) 
4 580 581 (1272 -1760 -376) (1288 -1760 -376) (1288 -1760 -232) (1272 -1760 -232) 
4 582 591 (1128 784 -200) (1128 528 -200) (1128 528 -192) (1128 784 -192) 
4 582 584 (1128 528 -200) (1128 784 -200) (1144 784 -200) (1144 528 -200) 
4 583 592 (1128 528 -200) (1128 -264 -200) (1128 -264 -192) (1128 528 -192) 
4 583 585 (1128 -264 -200) (1128 528 -200) (1144 528 -200) (1144 -264 -200) 
4 584 591 (1128 784 -232) (1128 528 -232) (1128 528 -200) (1128 784 -200) 
4 584 589 (1128 528 -232) (1128 784 -232) (1144 784 -232) (1144 528 -232) 
4 585 592 (1128 528 -232) (1128 -264 -232) (1128 -264 -200) (1128 528 -200) 
4 585 590 (1128 -264 -232) (1128 528 -232) (1144 528 -232) (1144 -264 -232) 
4 586 588 (1136 -304 -208) (1136 -304 -224) (1136 -1760 -224) (1136 -1760 -208) 
4 586 587 (1136 -1760 -208) (1136 -1760 -224) (1144 -1760 -224) (1144 -1760 -208) 
4 587 588 (1136 -1768 -224) (1136 -1768 -208) (1136 -1760 -208) (1136 -1760 -224) 
4 589 608 (1128 528 -376) (1128 784 -376) (1144 784 -376) (1144 528 -376) 
4 589 591 (1128 784 -376) (1128 528 -376) (1128 528 -232) (1128 784 -232) 
4 590 609 (1128 -264 -376) (1128 528 -376) (1144 528 -376) (1144 -264 -376) 
4 590 592 (1128 528 -376) (1128 -264 -376) (1128 -264 -232) (1128 528 -232) 
4 591 608 (24 528 -376) (24 784 -376) (1128 784 -376) (1128 528 -376) 
4 591 596 (24 784 -376) (24 528 -376) (24 528 -192) (24 784 -192) 
4 592 610 (1112 -264 -376) (1112 528 -376) (1128 528 -376) (1128 -264 -376) 
4 592 595 (1112 528 -192) (1112 528 -376) (1112 -264 -376) (1112 -264 -192) 
4 592 594 (1112 -264 -232) (1112 -264 -376) (1128 -264 -376) (1128 -264 -232) 
4 592 593 (1112 -264 -192) (1112 -264 -200) (1128 -264 -200) (1128 -264 -192) 
4 593 595 (1112 -1784 -200) (1112 -1784 -192) (1112 -264 -192) (1112 -264 -200) 
4 594 610 (1128 -1784 -376) (1112 -1784 -376) (1112 -264 -376) (1128 -264 -376) 
4 594 595 (1112 -264 -376) (1112 -1784 -376) (1112 -1784 -232) (1112 -264 -232) 
4 595 610 (1112 -1784 -376) (24 -1784 -376) (24 528 -376) (1112 528 -376) 
4 596 611 (24 784 -376) (24 528 -376) (-232 528 -376) (-232 784 -376) 
4 596 597 (-232 528 -376) (24 528 -376) (24 528 -192) (-232 528 -192) 
4 597 621 (8 -1784 -376) (24 -1784 -376) (24 -1784 -192) (8 -1784 -192) 
4 597 612 (24 -1784 -376) (-232 -1784 -376) (-232 528 -376) (24 528 -376) 
4 598 613 (1144 528 -480) (1144 784 -480) (1416 784 -480) (1416 528 -480) 
4 598 608 (1144 784 -480) (1144 528 -480) (1144 528 -376) (1144 784 -376) 
4 599 614 (1144 -264 -480) (1144 528 -480) (1416 528 -480) (1416 -264 -480) 
4 599 609 (1144 528 -480) (1144 -264 -480) (1144 -264 -376) (1144 528 -376) 
4 600 602 (1416 -520 -400) (1416 -520 -376) (1408 -520 -376) (1408 -520 -400) 
4 600 601 (1408 -328 -408) (1408 -520 -408) (1408 -520 -376) (1408 -328 -376) 
4 601 607 (1320 -520 -408) (1344 -520 -408) (1344 -520 -392) (1320 -520 -383.99999999999994) 
4 601 606 (1344 -520 -408) (1368 -520 -408) (1368 -520 -400) (1344 -520 -392) 
4 601 605 (1368 -520 -384) (1368 -520 -376) (1344 -520 -376) (1344 -520 -384) 
3 601 604 (1368 -520 -408) (1392 -520 -408) (1368 -520 -399.99999999999994) 
4 601 603 (1392 -520 -392) (1392 -520 -376) (1368 -520 -376) (1368 -520 -392) 
4 601 602 (1408 -520 -400) (1408 -520 -376) (1392 -520 -376) (1392 -520 -400) 
4 602 603 (1392 -520 -376) (1392 -520 -392) (1392 -576 -392) (1392 -576 -376) 
4 603 605 (1368 -520 -376) (1368 -520 -384) (1368 -576 -384) (1368 -576 -376) 
4 604 606 (1368 -520 -399.99999999999994) (1368 -520 -408) (1368 -576 -408) (1368 -576 -399.99999999999994) 
4 606 607 (1344 -520 -392) (1344 -520 -408) (1344 -576 -408) (1344 -576 -392) 
4 608 613 (24 528 -480) (24 784 -480) (1144 784 -480) (1144 528 -480) 
4 608 611 (24 784 -480) (24 528 -480) (24 528 -376) (24 784 -376) 
4 609 614 (1128 -264 -480) (1128 528 -480) (1144 528 -480) (1144 -264 -480) 
4 609 610 (1128 528 -376) (1128 528 -480) (1128 -264 -480) (1128 -264 -376) 
4 610 617 (1128 -1784 -480) (24 -1784 -480) (24 528 -480) (1128 528 -480) 
4 611 618 (24 784 -480) (24 528 -480) (-232 528 -480) (-232 784 -480) 
4 611 612 (-232 528 -480) (24 528 -480) (24 528 -376) (-232 528 -376) 
4 612 621 (8 -1784 -480) (24 -1784 -480) (24 -1784 -376) (8 -1784 -376) 
4 612 619 (24 -1784 -480) (-232 -1784 -480) (-232 528 -480) (24 528 -480) 
4 613 620 (24 528 -1136) (24 784 -1136) (1416 784 -1136) (1416 528 -1136) 
4 613 618 (24 784 -1136) (24 528 -1136) (24 528 -480) (24 784 -480) 
4 614 617 (1128 528 -480) (1128 528 -1136) (1128 -264 -1136) (1128 -264 -480) 
4 614 615 (1128 -264 -568) (1128 -264 -1136) (1416 -264 -1136) (1416 -264 -568) 
4 615 617 (1128 -264 -1136) (1128 -1280 -1136) (1128 -1280 -568) (1128 -264 -568) 
4 615 616 (1128 -1280 -568) (1128 -1280 -1136) (1416 -1280 -1136) (1416 -1280 -568) 
4 616 617 (1128 -1280 -1136) (1128 -1784 -1136) (1128 -1784 -480) (1128 -1280 -480) 
4 618 620 (24 784 -1136) (24 528 -1136) (-232 528 -1136) (-232 784 -1136) 
4 618 619 (-232 528 -1136) (24 528 -1136) (24 528 -480) (-232 528 -480) 
4 619 621 (8 -1784 -1136) (24 -1784 -1136) (24 -1784 -480) (8 -1784 -480) 
4 619 620 (24 -1784 -1136) (-232 -1784 -1136) (-232 528 -1136) (24 528 -1136) 
0 -1
1 -1
2 -1
3 -1
4 -1
5 -1
6 -1
7 -1
8 -1
9 -1
10 -1
11 -1
12 -1
13 -1
14 -1
15 -1
16 -1
17 -1
18 -1
19 -1
20 -1
21 -1
22 -1
23 -1
24 -1
25 -1
26 -1
27 -1
28 -1
29 -1
30 -1
31 -1
32 -1
33 -1
34 -1
35 -1
36 -1
37 -1
38 -1
39 -1
40 -1
41 -1
42 -1
43 -1
44 -1
45 -1
46 -1
47 -1
48 -1
49 -1
50 -1
51 -1
52 -1
53 -1
54 -1
55 -1
56 -1
57 -1
58 -1
59 -1
60 -1
61 -1
62 -1
63 -1
64 -1
65 -1
66 -1
67 -1
68 -1
69 -1
70 -1
71 -1
72 -1
73 -1
74 -1
75 -1
76 -1
77 -1
78 -1
79 -1
80 -1
81 -1
82 -1
83 -1
84 -1
85 -1
86 -1
87 -1
88 -1
89 -1
90 -1
91 -1
92 -1
93 -1
94 -1
95 -1
96 -1
97 -1
98 -1
99 -1
100 -1
101 -1
102 -1
103 -1
104 -1
105 -1
106 -1
107 -1
108 -1
109 -1
110 -1
111 -1
112 -1
113 -1
114 -1
115 -1
116 -1
117 -1
118 -1
119 -1
120 -1
121 -1
122 -1
123 -1
124 -1
125 -1
126 -1
127 -1
128 -1
129 -1
130 -1
131 -1
132 -1
133 -1
134 -1
135 -1
136 -1
137 -1
138 -1
139 -1
140 -1
141 -1
142 -1
143 -1
144 -1
145 -1
146 -1
147 -1
148 -1
149 -1
150 -1
151 -1
152 -1
153 -1
154 -1
155 -1
156 -1
157 -1
158 -1
159 -1
160 -1
161 -1
162 -1
163 -1
164 -1
165 -1
166 -1
167 -1
168 -1
169 -1
170 -1
171 -1
172 173 -1
174 -1
175 -1
176 -1
177 -1
178 -1
179 -1
180 -1
181 -1
182 -1
183 -1
184 -1
185 -1
186 -1
187 -1
188 -1
189 -1
190 -1
191 -1
192 -1
193 -1
194 195 -1
196 -1
197 -1
198 -1
199 -1
200 -1
201 -1
202 -1
203 -1
204 -1
205 -1
206 -1
207 -1
208 -1
209 -1
210 -1
211 -1
212 -1
213 -1
214 -1
215 -1
216 -1
217 -1
218 -1
219 -1
220 -1
221 -1
222 -1
223 -1
224 -1
225 -1
226 -1
227 -1
228 -1
229 -1
230 -1
231 -1
232 -1
233 -1
234 -1
235 -1
236 -1
237 -1
238 -1
239 -1
240 -1
241 -1
242 -1
243 -1
244 -1
245 -1
246 -1
247 -1
248 -1
249 -1
250 -1
251 -1
252 -1
253 -1
254 -1
255 -1
256 -1
257 -1
258 -1
259 -1
260 -1
261 -1
262 -1
263 -1
264 -1
265 -1
266 -1
267 -1
268 -1
269 -1
270 -1
271 -1
272 -1
273 -1
274 -1
275 -1
276 -1
277 -1
278 -1
279 -1
280 -1
281 -1
282 -1
283 -1
284 -1
285 -1
286 -1
287 -1
288 -1
289 -1
290 -1
291 -1
292 -1
293 -1
294 -1
295 -1
296 -1
297 -1
298 -1
299 -1
300 -1
301 -1
302 -1
303 -1
304 -1
305 -1
306 -1
307 -1
308 -1
309 -1
310 -1
311 -1
312 -1
313 -1
314 -1
315 -1
316 -1
317 -1
318 -1
319 -1
320 -1
321 -1
322 -1
323 -1
324 -1
325 -1
326 -1
327 -1
328 -1
329 -1
330 -1
331 -1
332 -1
333 -1
334 -1
335 -1
336 -1
337 -1
338 -1
339 -1
340 -1
341 -1
342 -1
343 -1
344 -1
345 -1
346 -1
347 -1
348 -1
349 -1
350 -1
351 -1
352 -1
353 -1
354 -1
355 -1
356 -1
357 -1
358 -1
359 -1
360 -1
361 -1
362 -1
363 -1
364 -1
365 -1
366 -1
367 -1
368 -1
369 -1
370 -1
371 -1
372 -1
373 -1
374 -1
375 -1
376 -1
377 -1
378 -1
379 -1
380 -1
381 -1
382 -1
383 -1
384 -1
385 -1
386 -1
387 -1
388 -1
389 -1
390 -1
391 -1
392 -1
393 -1
394 -1
395 -1
396 -1
397 -1
398 -1
399 -1
400 -1
401 -1
402 -1
403 -1
404 -1
405 -1
406 -1
407 -1
408 -1
409 -1
410 -1
411 -1
412 -1
413 -1
414 -1
415 -1
416 -1
417 -1
418 -1
419 -1
420 -1
421 -1
422 -1
423 -1
424 -1
425 -1
426 -1
427 -1
428 -1
429 -1
430 -1
431 -1
432 -1
433 -1
434 -1
435 -1
436 -1
437 -1
438 -1
439 -1
440 -1
441 -1
442 -1
443 -1
444 -1
445 -1
446 -1
447 -1
448 -1
449 -1
450 -1
451 -1
452 -1
453 -1
454 -1
455 -1
456 -1
457 -1
458 -1
459 -1
460 -1
461 -1
462 -1
463 -1
464 -1
465 -1
466 -1
467 468 469 -1
470 -1
471 -1
472 -1
473 -1
474 -1
475 -1
476 -1
477 -1
478 -1
479 -1
480 -1
481 -1
482 -1
483 -1
484 -1
485 -1
486 -1
487 -1
488 -1
489 -1
490 -1
491 -1
492 -1
493 -1
494 -1
495 -1
496 -1
497 -1
498 -1
499 -1
500 -1
501 -1
502 -1
503 -1
504 -1
505 -1
506 -1
507 -1
508 -1
509 -1
510 -1
511 -1
512 -1
513 -1
514 -1
515 -1
516 -1
517 -1
518 -1
519 -1
520 -1
521 -1
522 -1
523 -1
524 -1
525 -1
526 -1
527 -1
528 -1
529 -1
530 -1
531 -1
532 -1
533 -1
534 -1
535 -1
536 -1
537 -1
538 -1
539 -1
540 -1
541 -1
542 -1
543 -1
544 -1
545 -1
546 -1
547 -1
548 -1
549 -1
550 -1
551 -1
552 -1
553 -1
554 -1
555 -1
556 -1
557 -1
558 -1
559 -1
560 -1
561 -1
562 -1
563 -1
564 -1
565 -1
566 -1
567 -1
568 -1
569 -1
570 -1
571 -1
572 -1
573 -1
574 -1
575 -1
576 -1
577 -1
578 -1
579 -1
580 -1
581 -1
582 -1
583 -1
584 -1
585 -1
586 -1
587 -1
588 -1
589 -1
590 -1
591 -1
592 -1
593 -1
594 -1
595 -1
596 -1
597 -1
598 -1
599 -1
600 -1
601 -1
602 -1
603 -1
604 -1
605 -1
606 -1
607 -1
608 -1
609 -1
610 -1
611 -1
612 -1
613 -1
614 -1
615 -1
616 -1
617 -1
618 -1
619 -1
620 -1
621 -1
622 -1
623 -1
624 -1
625 -1
