PRT2
1536
1524
4093
4 0 5 (3328 528 1159.2138976801866) (2736 528 1159.2138976801866) (2736 784 1159.2138976801866) (3328 784 1159.2138976801866) 
4 0 2 (2736 784 1159.2138976801866) (2736 528 1159.2138976801866) (2736 528 1168) (2736 784 1168) 
4 1 7 (2480 784 1159.2138976801866) (2480 2560 1159.2138976801866) (2736 2560 1159.2138976801866) (2736 784 1159.2138976801866) 
4 1 2 (2480 784 1159.2138976801866) (2736 784 1159.2138976801866) (2736 784 1168) (2480 784 1168) 
4 2 12 (2480 784 1159.2138976801866) (2480 528 1159.2138976801866) (2480 528 1168) (2480 784 1168) 
4 2 9 (2480 528 1168) (2480 528 1159.2138976801866) (2736 528 1159.2138976801866) (2736 528 1168) 
4 2 8 (2736 528 1159.2138976801866) (2480 528 1159.2138976801866) (2480 784 1159.2138976801866) (2736 784 1159.2138976801866) 
4 3 10 (3328 528 1151.2138976801866) (3648 528 1151.2138976801866) (3648 528 1159.2138976801866) (3328 528 1159.2138976801866) 
4 3 5 (3328 784 1151.2138976801866) (3328 528 1151.2138976801866) (3328 528 1159.2138976801866) (3328 784 1159.2138976801866) 
4 3 4 (3328 2567.03247312972 1151.2138976801866) (3328 784 1151.2138976801866) (3328 784 1159.2138976801866) (3328 2567.03247312972 1159.2138976801866) 
4 4 7 (2736 2560 1151.2138976801866) (2736 784 1151.2138976801866) (2736 784 1159.2138976801866) (2736 2560 1159.2138976801866) 
4 4 6 (2736 2567.03247312972 1151.2138976801866) (2736 2560 1151.2138976801866) (2736 2560 1159.2138976801866) (2736 2567.03247312972 1159.2138976801866) 
4 4 5 (2736 784 1159.2138976801866) (2736 784 1151.2138976801866) (3328 784 1151.2138976801866) (3328 784 1159.2138976801866) 
4 5 16 (3328 528 1151.2138976801866) (2736 528 1151.2138976801866) (2736 784 1151.2138976801866) (3328 784 1151.2138976801866) 
4 5 10 (2736 528 1151.2138976801866) (3328 528 1151.2138976801866) (3328 528 1159.2138976801866) (2736 528 1159.2138976801866) 
4 5 8 (2736 784 1151.2138976801866) (2736 528 1151.2138976801866) (2736 528 1159.2138976801866) (2736 784 1159.2138976801866) 
4 6 13 (2480 2567.03247312972 1151.2138976801866) (2480 2560 1151.2138976801866) (2480 2560 1159.2138976801866) (2480 2567.03247312972 1159.2138976801866) 
4 6 7 (2736 2560 1151.2138976801866) (2736 2560 1159.2138976801866) (2480 2560 1159.2138976801866) (2480 2560 1151.2138976801866) 
4 7 17 (2480 784 1151.2138976801866) (2480 2560 1151.2138976801866) (2736 2560 1151.2138976801866) (2736 784 1151.2138976801866) 
4 7 13 (2480 2560 1151.2138976801866) (2480 784 1151.2138976801866) (2480 784 1159.2138976801866) (2480 2560 1159.2138976801866) 
4 7 8 (2736 784 1151.2138976801866) (2736 784 1159.2138976801866) (2480 784 1159.2138976801866) (2480 784 1151.2138976801866) 
4 8 18 (2736 528 1151.2138976801866) (2480 528 1151.2138976801866) (2480 784 1151.2138976801866) (2736 784 1151.2138976801866) 
4 8 14 (2480 784 1151.2138976801866) (2480 528 1151.2138976801866) (2480 528 1159.2138976801866) (2480 784 1159.2138976801866) 
4 8 11 (2480 528 1159.2138976801866) (2480 528 1151.2138976801866) (2736 528 1151.2138976801866) (2736 528 1159.2138976801866) 
4 9 24 (2480 432 1168) (2480 432 1159.2138976801866) (2736 432 1159.2138976801866) (2736 432 1168) 
4 9 11 (2736 432 1159.2138976801866) (2480 432 1159.2138976801866) (2480 528 1159.2138976801866) (2736 528 1159.2138976801866) 
4 10 25 (2736 432 1151.2138976801866) (3648 432 1151.2138976801866) (3648 432 1159.2138976801866) (2736 432 1159.2138976801866) 
4 10 11 (2736 432 1159.2138976801866) (2736 528 1159.2138976801866) (2736 528 1151.2138976801866) (2736 432 1151.2138976801866) 
4 11 26 (2480 432 1159.2138976801866) (2480 432 1151.2138976801866) (2736 432 1151.2138976801866) (2736 432 1159.2138976801866) 
4 11 19 (2736 432 1151.2138976801866) (2480 432 1151.2138976801866) (2480 528 1151.2138976801866) (2736 528 1151.2138976801866) 
4 11 15 (2480 528 1159.2138976801866) (2480 528 1151.2138976801866) (2480 432 1151.2138976801866) (2480 432 1159.2138976801866) 
4 12 45 (1432 784 1168) (1432 784 1159.2138976801866) (1432 528 1159.2138976801866) (1432 528 1168) 
4 12 14 (2480 528 1159.2138976801866) (1432 528 1159.2138976801866) (1432 784 1159.2138976801866) (2480 784 1159.2138976801866) 
4 13 46 (1432 2567.03247312972 1151.2138976801866) (1432 784 1151.2138976801866) (1432 784 1159.2138976801866) (1432 2567.03247312972 1159.2138976801866) 
4 13 14 (1432 784 1151.2138976801866) (2480 784 1151.2138976801866) (2480 784 1159.2138976801866) (1432 784 1159.2138976801866) 
4 14 47 (1432 784 1151.2138976801866) (1432 528 1151.2138976801866) (1432 528 1159.2138976801866) (1432 784 1159.2138976801866) 
4 14 20 (1432 528 1151.2138976801866) (1432 784 1151.2138976801866) (2480 784 1151.2138976801866) (2480 528 1151.2138976801866) 
4 14 15 (1432 528 1159.2138976801866) (1432 528 1151.2138976801866) (2480 528 1151.2138976801866) (2480 528 1159.2138976801866) 
4 15 48 (1432 528 1159.2138976801866) (1432 528 1151.2138976801866) (1432 432 1151.2138976801866) (1432 432 1159.2138976801866) 
4 15 27 (1432 432 1159.2138976801866) (1432 432 1151.2138976801866) (2480 432 1151.2138976801866) (2480 432 1159.2138976801866) 
4 16 288 (3328 528 -144) (2736 528 -144) (2736 784 -144) (3328 784 -144) 
4 16 18 (2736 784 -144) (2736 528 -144) (2736 528 1151.2138976801866) (2736 784 1151.2138976801866) 
4 17 289 (2480 784 -144) (2480 2560 -144) (2736 2560 -144) (2736 784 -144) 
4 17 18 (2480 784 1151.2138976801866) (2480 784 -144) (2736 784 -144) (2736 784 1151.2138976801866) 
4 18 290 (2736 528 -144) (2480 528 -144) (2480 784 -144) (2736 784 -144) 
4 18 20 (2480 784 -144) (2480 528 -144) (2480 528 1151.2138976801866) (2480 784 1151.2138976801866) 
4 18 19 (2480 528 1151.2138976801866) (2480 528 -144) (2736 528 -144) (2736 528 1151.2138976801866) 
4 19 294 (2736 432 -144) (2480 432 -144) (2480 472 -144) (2736 472 -144) 
4 19 291 (2480 472 -144) (2480 528 -144) (2736 528 -144) (2736 472 -144) 
4 19 28 (2480 432 -144) (2736 432 -144) (2736 432 1151.2138976801866) (2480 432 1151.2138976801866) 
4 20 292 (1432 528 -144) (1432 784 -144) (2480 784 -144) (2480 528 -144) 
4 20 70 (1432 784 -144) (1432 528 -144) (1432 528 -16) (1432 784 -16) 
4 20 53 (1432 528 -16) (1432 528 160) (1432 784 160) (1432 784 -16) 
4 20 51 (1432 528 160) (1432 528 168) (1432 784 168) (1432 784 160) 
4 20 49 (1432 528 168) (1432 528 1151.2138976801866) (1432 784 1151.2138976801866) (1432 784 168) 
4 21 296 (2480 432 -144) (1456 432 -144) (1456 448 -144) (2480 448 -144) 
4 21 295 (1448 448 -144) (1448 472 -144) (2480 472 -144) (2480 448 -144) 
4 21 293 (1448 472 -144) (1448 528 -144) (2480 528 -144) (2480 472 -144) 
4 21 30 (1456 432 168) (1456 432 1151.2138976801866) (1448 432 1151.2138976801866) (1448 432 168) 
4 21 29 (1456 432 -144) (2480 432 -144) (2480 432 1151.2138976801866) (1456 432 1151.2138976801866) 
4 21 23 (1448 432 168) (1448 432 1151.2138976801866) (1448 448 1151.2138976801866) (1448 448 168) 
4 21 22 (1448 528 1151.2138976801866) (1448 528 -144) (1448 448 -144) (1448 448 1151.2138976801866) 
4 22 295 (1432 448 -144) (1432 472 -144) (1448 472 -144) (1448 448 -144) 
4 22 293 (1432 472 -144) (1432 528 -144) (1448 528 -144) (1448 472 -144) 
4 22 71 (1432 528 -144) (1432 448 -144) (1432 448 -16) (1432 528 -16) 
4 22 54 (1432 448 -16) (1432 448 160) (1432 528 160) (1432 528 -16) 
4 22 52 (1432 448 160) (1432 448 168) (1432 528 168) (1432 528 160) 
4 22 50 (1432 448 168) (1432 448 1151.2138976801866) (1432 528 1151.2138976801866) (1432 528 168) 
4 22 23 (1448 448 168) (1448 448 1151.2138976801866) (1432 448 1151.2138976801866) (1432 448 168) 
4 23 50 (1432 432 168) (1432 432 1151.2138976801866) (1432 448 1151.2138976801866) (1432 448 168) 
4 23 30 (1432 432 1151.2138976801866) (1432 432 168) (1448 432 168) (1448 432 1151.2138976801866) 
4 24 31 (2480 264 1168) (2480 264 1159.2138976801866) (2736 264 1159.2138976801866) (2736 264 1168) 
4 24 26 (2736 264 1159.2138976801866) (2480 264 1159.2138976801866) (2480 432 1159.2138976801866) (2736 432 1159.2138976801866) 
4 25 32 (2736 264 1151.2138976801866) (3648 264 1151.2138976801866) (3648 264 1159.2138976801866) (2736 264 1159.2138976801866) 
4 25 26 (2736 432 1151.2138976801866) (2736 264 1151.2138976801866) (2736 264 1159.2138976801866) (2736 432 1159.2138976801866) 
4 26 33 (2480 264 1159.2138976801866) (2480 264 1151.2138976801866) (2736 264 1151.2138976801866) (2736 264 1159.2138976801866) 
4 26 28 (2736 264 1151.2138976801866) (2480 264 1151.2138976801866) (2480 432 1151.2138976801866) (2736 432 1151.2138976801866) 
4 26 27 (2480 432 1159.2138976801866) (2480 432 1151.2138976801866) (2480 264 1151.2138976801866) (2480 264 1159.2138976801866) 
4 27 48 (1432 432 1159.2138976801866) (1432 432 1151.2138976801866) (1432 264 1151.2138976801866) (1432 264 1159.2138976801866) 
4 27 34 (1432 264 1159.2138976801866) (1432 264 1151.2138976801866) (2480 264 1151.2138976801866) (2480 264 1159.2138976801866) 
4 28 301 (2736 264 -144) (2480 264 -144) (2480 432 -144) (2736 432 -144) 
4 28 42 (2480 264 -144) (2736 264 -144) (2736 264 72) (2480 264 72) 
4 28 39 (2736 264 72) (2736 264 136) (2480 264 136) (2480 264 72) 
4 28 37 (2736 264 136) (2736 264 168) (2480 264 168) (2480 264 136) 
4 28 35 (2736 264 168) (2736 264 1151.2138976801866) (2480 264 1151.2138976801866) (2480 264 168) 
4 29 302 (2480 264 -144) (1456 264 -144) (1456 432 -144) (2480 432 -144) 
4 29 44 (1456 264 -144) (2256 264 -144) (2256 264 16) (1456 264 16) 
4 29 43 (2256 264 -144) (2480 264 -144) (2480 264 72) (2256 264 72) 
4 29 41 (2208 264 136) (1488 264 136) (1488 264 72) (2208 264 72) 
4 29 40 (2480 264 72) (2480 264 136) (2256 264 136) (2256 264 72) 
4 29 38 (2480 264 136) (2480 264 168) (2256 264 168) (2256 264 136) 
4 29 36 (2480 264 168) (2480 264 1151.2138976801866) (1456 264 1151.2138976801866) (1456 264 168) 
4 29 30 (1456 264 168) (1456 264 1151.2138976801866) (1456 432 1151.2138976801866) (1456 432 168) 
4 30 50 (1432 432 1151.2138976801866) (1432 432 168) (1432 264 168) (1432 264 1151.2138976801866) 
4 30 36 (1432 264 1151.2138976801866) (1432 264 168) (1456 264 168) (1456 264 1151.2138976801866) 
4 31 113 (2480 256 1168) (2480 256 1159.2138976801866) (2736 256 1159.2138976801866) (2736 256 1168) 
4 31 33 (2736 256 1159.2138976801866) (2480 256 1159.2138976801866) (2480 264 1159.2138976801866) (2736 264 1159.2138976801866) 
4 32 114 (2736 256 1151.2138976801866) (3648 256 1151.2138976801866) (3648 256 1159.2138976801866) (2736 256 1159.2138976801866) 
4 32 33 (2736 264 1151.2138976801866) (2736 256 1151.2138976801866) (2736 256 1159.2138976801866) (2736 264 1159.2138976801866) 
4 33 115 (2480 256 1159.2138976801866) (2480 256 1151.2138976801866) (2736 256 1151.2138976801866) (2736 256 1159.2138976801866) 
4 33 35 (2736 256 1151.2138976801866) (2480 256 1151.2138976801866) (2480 264 1151.2138976801866) (2736 264 1151.2138976801866) 
4 33 34 (2480 264 1159.2138976801866) (2480 264 1151.2138976801866) (2480 256 1151.2138976801866) (2480 256 1159.2138976801866) 
4 34 155 (1432 256 1159.2138976801866) (1432 256 1151.2138976801866) (1440 256 1151.2138976801866) (1440 256 1159.2138976801866) 
4 34 116 (1440 256 1151.2138976801866) (2480 256 1151.2138976801866) (2480 256 1159.2138976801866) (1440 256 1159.2138976801866) 
4 34 48 (1432 264 1159.2138976801866) (1432 264 1151.2138976801866) (1432 256 1151.2138976801866) (1432 256 1159.2138976801866) 
4 35 117 (2480 256 168) (2736 256 168) (2736 256 1151.2138976801866) (2480 256 1151.2138976801866) 
4 35 37 (2736 256 168) (2480 256 168) (2480 264 168) (2736 264 168) 
4 36 156 (1432 256 1151.2138976801866) (1432 256 168) (1440 256 168) (1440 256 1151.2138976801866) 
4 36 118 (1440 256 168) (2480 256 168) (2480 256 1151.2138976801866) (1440 256 1151.2138976801866) 
4 36 50 (1432 264 1151.2138976801866) (1432 264 168) (1432 256 168) (1432 256 1151.2138976801866) 
4 36 38 (2480 256 168) (2256 256 168) (2256 264 168) (2480 264 168) 
4 37 122 (2480 256 136) (2736 256 136) (2736 256 160) (2480 256 160) 
4 37 119 (2736 256 160) (2736 256 168) (2480 256 168) (2480 256 160) 
4 37 39 (2736 256 136) (2480 256 136) (2480 264 136) (2736 264 136) 
4 38 123 (2256 256 136) (2480 256 136) (2480 256 160) (2256 256 160) 
4 38 120 (2480 256 160) (2480 256 168) (2256 256 168) (2256 256 160) 
4 38 40 (2480 256 136) (2256 256 136) (2256 264 136) (2480 264 136) 
4 39 122 (2480 256 72) (2736 256 72) (2736 256 136) (2480 256 136) 
4 39 42 (2736 256 72) (2480 256 72) (2480 264 72) (2736 264 72) 
4 40 123 (2256 256 72) (2480 256 72) (2480 256 136) (2256 256 136) 
4 40 43 (2480 256 72) (2256 256 72) (2256 264 72) (2480 264 72) 
4 41 135 (1488 256 72) (2152 256 72) (2152 256 136) (1488 256 136) 
4 41 125 (2152 256 72) (2160 256 72) (2160 256 136) (2152 256 136) 
4 41 124 (2160 256 72) (2208 256 72) (2208 256 136) (2160 256 136) 
4 42 301 (2736 256 -144) (2480 256 -144) (2480 264 -144) (2736 264 -144) 
4 42 132 (2480 256 -144) (2736 256 -144) (2736 256 56) (2480 256 56) 
4 42 122 (2736 256 56) (2736 256 72) (2480 256 72) (2480 256 56) 
4 43 302 (2480 256 -144) (2256 256 -144) (2256 264 -144) (2480 264 -144) 
4 43 133 (2256 256 -144) (2480 256 -144) (2480 256 56) (2256 256 56) 
4 43 123 (2480 256 56) (2480 256 72) (2256 256 72) (2256 256 56) 
4 43 44 (2256 256 -144) (2256 256 16) (2256 264 16) (2256 264 -144) 
4 44 302 (2256 256 -144) (1456 256 -144) (1456 264 -144) (2256 264 -144) 
4 45 92 (1296 784 1168) (1296 784 1159.2138976801866) (1296 528 1159.2138976801866) (1296 528 1168) 
4 45 47 (1432 528 1159.2138976801866) (1296 528 1159.2138976801866) (1296 784 1159.2138976801866) (1432 784 1159.2138976801866) 
4 46 93 (1296 2567.03247312972 1151.2138976801866) (1296 784 1151.2138976801866) (1296 784 1159.2138976801866) (1296 2567.03247312972 1159.2138976801866) 
4 46 47 (1296 784 1151.2138976801866) (1432 784 1151.2138976801866) (1432 784 1159.2138976801866) (1296 784 1159.2138976801866) 
4 47 94 (1296 784 1151.2138976801866) (1296 528 1151.2138976801866) (1296 528 1159.2138976801866) (1296 784 1159.2138976801866) 
4 47 49 (1296 528 1151.2138976801866) (1296 784 1151.2138976801866) (1432 784 1151.2138976801866) (1432 528 1151.2138976801866) 
4 47 48 (1296 528 1159.2138976801866) (1296 528 1151.2138976801866) (1432 528 1151.2138976801866) (1432 528 1159.2138976801866) 
4 48 155 (1296 256 1159.2138976801866) (1296 256 1151.2138976801866) (1432 256 1151.2138976801866) (1432 256 1159.2138976801866) 
4 48 98 (1296 480 1151.2138976801866) (1296 256 1151.2138976801866) (1296 256 1159.2138976801866) (1296 480 1159.2138976801866) 
4 48 95 (1296 528 1159.2138976801866) (1296 528 1151.2138976801866) (1296 480 1151.2138976801866) (1296 480 1159.2138976801866) 
4 49 96 (1296 784 168) (1296 528 168) (1296 528 1151.2138976801866) (1296 784 1151.2138976801866) 
4 49 51 (1296 528 168) (1296 784 168) (1432 784 168) (1432 528 168) 
4 50 156 (1296 256 1151.2138976801866) (1296 256 168) (1432 256 168) (1432 256 1151.2138976801866) 
4 50 99 (1296 480 168) (1296 256 168) (1296 256 1151.2138976801866) (1296 480 1151.2138976801866) 
4 50 97 (1296 528 168) (1296 480 168) (1296 480 1151.2138976801866) (1296 528 1151.2138976801866) 
4 50 52 (1296 448 168) (1296 528 168) (1432 528 168) (1432 448 168) 
4 51 96 (1296 784 160) (1296 528 160) (1296 528 168) (1296 784 168) 
4 51 53 (1296 528 160) (1296 784 160) (1432 784 160) (1432 528 160) 
4 52 100 (1296 480 160) (1296 448 160) (1296 448 168) (1296 480 168) 
4 52 97 (1296 528 160) (1296 480 160) (1296 480 168) (1296 528 168) 
4 52 54 (1296 448 160) (1296 528 160) (1432 528 160) (1432 448 160) 
4 53 96 (1296 784 -16) (1296 528 -16) (1296 528 160) (1296 784 160) 
4 53 70 (1296 528 -16) (1296 784 -16) (1432 784 -16) (1432 528 -16) 
4 54 104 (1296 480 -16) (1296 448 -16) (1296 448 8) (1296 480 8) 
4 54 100 (1296 448 8) (1296 448 160) (1296 480 160) (1296 480 8) 
4 54 97 (1296 528 -16) (1296 480 -16) (1296 480 160) (1296 528 160) 
4 54 71 (1296 448 -16) (1296 528 -16) (1432 528 -16) (1432 448 -16) 
4 54 57 (1296 448 -16) (1432 448 -16) (1432 448 -8) (1296 448 -8) 
4 54 56 (1432 448 -0) (1432 448 144) (1296 448 144) (1296 448 -0) 
4 54 55 (1432 448 152) (1432 448 160) (1296 448 160) (1296 448 152) 
4 55 61 (1344 440 160) (1296 440 160) (1296 440 152) (1344 440 152) 
4 55 60 (1384 440 160) (1344 440 160) (1344 440 152) (1384 440 152) 
4 55 58 (1432 440 152) (1432 440 160) (1384 440 160) (1384 440 152) 
4 56 61 (1344 440 144) (1296 440 144) (1296 440 -0) (1344 440 0) 
4 56 60 (1384 440 144) (1344 440 144) (1344 440 0) (1384 440 0) 
4 56 58 (1432 440 -0) (1432 440 144) (1384 440 144) (1384 440 0) 
4 57 61 (1296 440 -16) (1344 440 -16) (1344 440 -8) (1296 440 -8) 
4 57 60 (1344 440 -16) (1384 440 -16) (1384 440 -8) (1344 440 -8) 
4 57 58 (1384 440 -16) (1432 440 -16) (1432 440 -8) (1384 440 -8) 
4 58 83 (1432 288 -16) (1432 264 -16) (1384 264 -16) (1384 288 -16) 
4 58 82 (1432 304 -16) (1432 288 -16) (1384 288 -16) (1384 304 -16) 
4 58 80 (1432 320 -16) (1432 304 -16) (1384 304 -16) (1384 320 -16) 
4 58 78 (1432 336 -16) (1432 320 -16) (1384 320 -16) (1384 336 -16) 
4 58 76 (1432 352 -16) (1432 336 -16) (1384 336 -16) (1384 352 -16) 
4 58 74 (1432 368 -16) (1432 352 -16) (1384 352 -16) (1384 368 -16) 
4 58 72 (1432 384 -16) (1432 368 -16) (1384 368 -16) (1384 384 -16) 
4 58 60 (1384 440 160) (1384 440 -16) (1384 384 -16) (1384 384 160) 
4 58 59 (1384 264 16) (1384 264 -16) (1432 264 -16) (1432 264 16) 
4 59 184 (1384 256 -16) (1432 256 -16) (1432 256 16) (1384 256 16) 
4 59 83 (1432 264 -16) (1432 256 -16) (1384 256 -16) (1384 264 -16) 
4 60 61 (1344 440 160) (1344 440 -16) (1344 384 -16) (1344 384 160) 
4 61 62 (1344 384 -8) (1344 384 160) (1296 384 160) (1296 384 -8) 
4 62 63 (1344 368 -0) (1344 368 160) (1296 368 160) (1296 368 -0) 
4 63 64 (1344 352 8) (1344 352 160) (1296 352 160) (1296 352 8) 
4 64 65 (1344 336 16) (1344 336 160) (1296 336 160) (1296 336 16) 
4 65 66 (1344 320 24) (1344 320 160) (1296 320 160) (1296 320 24) 
4 66 67 (1344 304 32) (1344 304 160) (1296 304 160) (1296 304 32) 
4 67 68 (1344 288 40) (1344 288 160) (1296 288 160) (1296 288 40) 
4 68 69 (1344 272 48) (1344 272 160) (1296 272 160) (1296 272 48) 
4 69 167 (1296 256 144) (1296 256 56) (1344 256 56) (1344 256 144) 
4 69 166 (1296 256 160) (1296 256 152) (1344 256 152) (1344 256 160) 
4 70 292 (1296 528 -144) (1296 784 -144) (1432 784 -144) (1432 528 -144) 
4 70 96 (1296 784 -144) (1296 528 -144) (1296 528 -16) (1296 784 -16) 
4 71 295 (1296 448 -144) (1296 472 -144) (1432 472 -144) (1432 448 -144) 
4 71 293 (1296 472 -144) (1296 528 -144) (1432 528 -144) (1432 472 -144) 
4 71 104 (1296 480 -144) (1296 448 -144) (1296 448 -16) (1296 480 -16) 
4 71 97 (1296 528 -144) (1296 480 -144) (1296 480 -16) (1296 528 -16) 
4 72 74 (1384 368 -16) (1384 368 -24) (1432 368 -24) (1432 368 -16) 
4 73 84 (1384 368 -72) (1384 384 -72) (1432 384 -72) (1432 368 -72) 
4 73 75 (1384 368 -40) (1384 368 -72) (1432 368 -72) (1432 368 -40) 
4 74 76 (1384 352 -16) (1384 352 -32) (1432 352 -32) (1432 352 -16) 
4 75 84 (1384 352 -72) (1384 368 -72) (1432 368 -72) (1432 352 -72) 
4 75 77 (1384 352 -48) (1384 352 -72) (1432 352 -72) (1432 352 -48) 
4 76 78 (1384 336 -16) (1384 336 -40) (1432 336 -40) (1432 336 -16) 
4 77 84 (1384 336 -72) (1384 352 -72) (1432 352 -72) (1432 336 -72) 
4 77 79 (1384 336 -56) (1384 336 -72) (1432 336 -72) (1432 336 -56) 
4 78 80 (1384 320 -16) (1384 320 -48) (1432 320 -48) (1432 320 -16) 
4 79 84 (1384 320 -72) (1384 336 -72) (1432 336 -72) (1432 320 -72) 
4 79 81 (1384 320 -64) (1384 320 -72) (1432 320 -72) (1432 320 -64) 
4 80 82 (1384 304 -16) (1384 304 -56) (1432 304 -56) (1432 304 -16) 
4 81 84 (1384 304 -72) (1384 320 -72) (1432 320 -72) (1432 304 -72) 
4 82 83 (1384 288 -16) (1384 288 -64) (1432 288 -64) (1432 288 -16) 
4 83 184 (1432 256 -72) (1432 256 -16) (1384 256 -16) (1384 256 -72) 
4 84 85 (1384 288 -80) (1384 384 -80) (1432 384 -80) (1432 288 -80) 
4 85 190 (1384 256 -144) (1432 256 -144) (1432 256 -80) (1384 256 -80) 
4 85 91 (1384 384 -104) (1384 384 -144) (1384 256 -144) (1384 256 -104) 
4 85 87 (1384 384 -88) (1384 384 -104) (1384 256 -104) (1384 256 -88) 
4 85 86 (1384 384 -80) (1384 384 -88) (1384 256 -88) (1384 256 -80) 
4 86 190 (1376 256 -88) (1384 256 -88) (1384 256 -80) (1376 256 -80) 
4 86 106 (1296 256 -88) (1296 256 -80) (1296 384 -80) (1296 384 -88) 
4 86 90 (1296 256 -88) (1296 384 -88) (1304 384 -88) (1304 256 -88) 
4 86 89 (1320 384 -88) (1328 384 -88) (1328 256 -88) (1320 256 -88) 
4 86 88 (1344 384 -88) (1352 384 -88) (1352 256 -88) (1344 256 -88) 
4 86 87 (1368 384 -88) (1384 384 -88) (1384 256 -88) (1368 256 -88) 
4 87 190 (1376 256 -104) (1384 256 -104) (1384 256 -88) (1376 256 -88) 
4 87 91 (1368 384 -104) (1384 384 -104) (1384 256 -104) (1368 256 -104) 
4 88 91 (1344 384 -104) (1352 384 -104) (1352 256 -104) (1344 256 -104) 
4 89 91 (1320 384 -104) (1328 384 -104) (1328 256 -104) (1320 256 -104) 
4 90 106 (1296 256 -104) (1296 256 -88) (1296 384 -88) (1296 384 -104) 
4 90 91 (1296 256 -104) (1296 384 -104) (1304 384 -104) (1304 256 -104) 
4 91 190 (1376 256 -144) (1384 256 -144) (1384 256 -104) (1376 256 -104) 
4 91 106 (1296 384 -144) (1296 256 -144) (1296 256 -104) (1296 384 -104) 
4 92 319 (288 784 1168) (288 784 1159.2138976801866) (288 528 1159.2138976801866) (288 528 1168) 
4 92 94 (1296 528 1159.2138976801866) (288 528 1159.2138976801866) (288 784 1159.2138976801866) (1296 784 1159.2138976801866) 
4 93 320 (288 2567.03247312972 1151.2138976801866) (288 784 1151.2138976801866) (288 784 1159.2138976801866) (288 2567.03247312972 1159.2138976801866) 
4 93 94 (288 784 1151.2138976801866) (1296 784 1151.2138976801866) (1296 784 1159.2138976801866) (288 784 1159.2138976801866) 
4 94 321 (288 784 1151.2138976801866) (288 528 1151.2138976801866) (288 528 1159.2138976801866) (288 784 1159.2138976801866) 
4 94 96 (288 528 1151.2138976801866) (288 784 1151.2138976801866) (1296 784 1151.2138976801866) (1296 528 1151.2138976801866) 
4 94 95 (288 528 1159.2138976801866) (288 528 1151.2138976801866) (1296 528 1151.2138976801866) (1296 528 1159.2138976801866) 
4 95 322 (288 528 1159.2138976801866) (288 528 1151.2138976801866) (288 480 1151.2138976801866) (288 480 1159.2138976801866) 
4 95 98 (288 480 1159.2138976801866) (288 480 1151.2138976801866) (1296 480 1151.2138976801866) (1296 480 1159.2138976801866) 
4 96 323 (288 784 -144) (288 528 -144) (288 528 1151.2138976801866) (288 784 1151.2138976801866) 
4 96 292 (288 528 -144) (288 784 -144) (1296 784 -144) (1296 528 -144) 
4 97 324 (288 528 -144) (288 480 -144) (288 480 1151.2138976801866) (288 528 1151.2138976801866) 
4 97 293 (288 480 -144) (288 528 -144) (1296 528 -144) (1296 480 -144) 
4 97 108 (1000 480 -128) (1000 480 -8) (776 480 -8) (776 480 -128) 
4 97 105 (1192 480 -144) (1280 480 -144) (1280 480 8) (1192 480 8) 
4 97 104 (1280 480 -144) (1296 480 -144) (1296 480 8) (1280 480 8) 
4 97 103 (288 480 168) (288 480 16) (1040 480 16) (1040 480 168) 
4 97 101 (1040 480 8) (1280 480 8) (1280 480 168) (1040 480 168) 
4 97 100 (1280 480 8) (1296 480 8) (1296 480 168) (1280 480 168) 
4 97 99 (288 480 1151.2138976801866) (288 480 168) (1296 480 168) (1296 480 1151.2138976801866) 
4 98 322 (288 480 1159.2138976801866) (288 480 1151.2138976801866) (288 256 1151.2138976801866) (288 256 1159.2138976801866) 
4 98 196 (288 256 1159.2138976801866) (288 256 1151.2138976801866) (1280 256 1151.2138976801866) (1280 256 1159.2138976801866) 
4 98 155 (1280 256 1151.2138976801866) (1296 256 1151.2138976801866) (1296 256 1159.2138976801866) (1280 256 1159.2138976801866) 
4 99 324 (288 480 1151.2138976801866) (288 480 168) (288 256 168) (288 256 1151.2138976801866) 
4 99 198 (384 256 168) (1152 256 168) (1152 256 272) (384 256 272) 
4 99 197 (288 256 1151.2138976801866) (288 256 328) (1280 256 328) (1280 256 1151.2138976801866) 
4 99 156 (1280 256 168) (1296 256 168) (1296 256 1151.2138976801866) (1280 256 1151.2138976801866) 
4 99 103 (288 480 168) (1040 480 168) (1040 256 168) (288 256 168) 
4 99 102 (1192 256 168) (1040 256 168) (1040 432 168) (1192 432 168) 
4 99 101 (1040 480 168) (1280 480 168) (1280 432 168) (1040 432 168) 
4 99 100 (1280 480 168) (1296 480 168) (1296 448 168) (1280 448 168) 
4 100 104 (1280 480 8) (1296 480 8) (1296 448 8) (1280 448 8) 
4 100 101 (1280 480 8) (1280 448 8) (1280 448 168) (1280 480 168) 
4 101 105 (1192 480 8) (1280 480 8) (1280 432 8) (1192 432 8) 
4 101 103 (1040 432 16) (1040 432 168) (1040 480 168) (1040 480 16) 
4 101 102 (1040 432 168) (1040 432 8) (1192 432 8) (1192 432 168) 
4 102 199 (1040 256 8) (1192 256 8) (1192 256 16) (1040 256 16) 
4 102 198 (1152 256 168) (1040 256 168) (1040 256 128) (1152 256 128) 
4 102 103 (1040 256 16) (1040 256 168) (1040 432 168) (1040 432 16) 
4 103 324 (288 480 168) (288 480 16) (288 256 16) (288 256 168) 
4 103 198 (384 256 128) (1040 256 128) (1040 256 168) (384 256 168) 
4 104 298 (1296 472 -144) (1296 448 -144) (1280 448 -144) (1280 472 -144) 
4 104 293 (1280 480 -144) (1296 480 -144) (1296 472 -144) (1280 472 -144) 
4 104 105 (1280 448 8) (1280 480 8) (1280 480 -144) (1280 448 -144) 
4 105 300 (1192 432 -144) (1192 472 -144) (1280 472 -144) (1280 432 -144) 
4 105 293 (1192 472 -144) (1192 480 -144) (1280 480 -144) (1280 472 -144) 
4 107 109 (1000 264 8) (1000 456 8) (1000 456 -144) (1000 264 -144) 
4 108 109 (776 472 -8) (776 472 -128) (1000 472 -128) (1000 472 -8) 
4 109 267 (776 256 -144) (1000 256 -144) (1000 256 8) (776 256 8) 
4 109 110 (776 264 8) (776 456 8) (776 456 -144) (776 264 -144) 
4 110 112 (752 264 8) (752 384 8) (752 384 -144) (752 264 -144) 
4 110 111 (752 384 8) (752 456 8) (752 456 -144) (752 384 -144) 
4 111 112 (479.99999999999994 384 -144) (752 384 -144) (752 384 8) (480 384 8) 
4 112 281 (472 256 -144) (736 256 -144) (736 256 8) (472 256 8) 
4 112 280 (736 256 -144) (752 256 -144) (752 256 8) (736 256 8) 
4 113 767 (2480 -336 1168) (2480 -336 1159.2138976801866) (2736 -336 1159.2138976801866) (2736 -336 1168) 
4 113 115 (2736 -336 1159.2138976801866) (2480 -336 1159.2138976801866) (2480 256 1159.2138976801866) (2736 256 1159.2138976801866) 
4 114 768 (2736 -336 1151.2138976801866) (3648 -336 1151.2138976801866) (3648 -336 1159.2138976801866) (2736 -336 1159.2138976801866) 
4 114 115 (2736 256 1151.2138976801866) (2736 -336 1151.2138976801866) (2736 -336 1159.2138976801866) (2736 256 1159.2138976801866) 
4 115 769 (2480 -336 1159.2138976801866) (2480 -336 1151.2138976801866) (2736 -336 1151.2138976801866) (2736 -336 1159.2138976801866) 
4 115 117 (2736 -336 1151.2138976801866) (2480 -336 1151.2138976801866) (2480 256 1151.2138976801866) (2736 256 1151.2138976801866) 
4 115 116 (2480 256 1159.2138976801866) (2480 256 1151.2138976801866) (2480 -336 1151.2138976801866) (2480 -336 1159.2138976801866) 
4 116 781 (1440 -336 1159.2138976801866) (1440 -336 1151.2138976801866) (1680 -336 1151.2138976801866) (1680 -336 1159.2138976801866) 
4 116 770 (1680 -336 1151.2138976801866) (2480 -336 1151.2138976801866) (2480 -336 1159.2138976801866) (1680 -336 1159.2138976801866) 
4 116 155 (1440 256 1159.2138976801866) (1440 256 1151.2138976801866) (1440 -336 1151.2138976801866) (1440 -336 1159.2138976801866) 
4 117 771 (2480 -336 168) (2736 -336 168) (2736 -336 1151.2138976801866) (2480 -336 1151.2138976801866) 
4 117 119 (2736 -336 168) (2480 -336 168) (2480 256 168) (2736 256 168) 
4 118 782 (1440 -336 1151.2138976801866) (1440 -336 168) (1680 -336 168) (1680 -336 1151.2138976801866) 
4 118 773 (1680 -336 168) (2256 -336 168) (2256 -336 1151.2138976801866) (1680 -336 1151.2138976801866) 
4 118 772 (2256 -336 168) (2480 -336 168) (2480 -336 1151.2138976801866) (2256 -336 1151.2138976801866) 
4 118 156 (1440 256 1151.2138976801866) (1440 256 168) (1440 -336 168) (1440 -336 1151.2138976801866) 
4 118 121 (1680 -336 168) (1440 -336 168) (1440 -232 168) (1680 -232 168) 
4 118 120 (2480 -336 168) (2256 -336 168) (2256 256 168) (2480 256 168) 
4 119 771 (2480 -336 160) (2736 -336 160) (2736 -336 168) (2480 -336 168) 
4 119 122 (2736 -336 160) (2480 -336 160) (2480 256 160) (2736 256 160) 
4 120 772 (2256 -336 160) (2480 -336 160) (2480 -336 168) (2256 -336 168) 
4 120 123 (2480 -336 160) (2256 -336 160) (2256 256 160) (2480 256 160) 
4 121 782 (1440 -336 168) (1440 -336 160) (1680 -336 160) (1680 -336 168) 
4 121 157 (1440 -232 160) (1440 -336 160) (1440 -336 168) (1440 -232 168) 
4 121 152 (1680 -336 160) (1440 -336 160) (1440 -232 160) (1680 -232 160) 
4 122 774 (2736 -336 160) (2480 -336 160) (2480 -336 56) (2736 -336 56) 
4 122 132 (2736 -336 56) (2480 -336 56) (2480 256 56) (2736 256 56) 
4 123 775 (2480 -336 160) (2256 -336 160) (2256 -336 56) (2480 -336 56) 
4 123 133 (2480 -336 56) (2256 -336 56) (2256 256 56) (2480 256 56) 
4 124 131 (2160 -104 56) (2160 -216 56) (2160 -216 160) (2160 -104 160) 
4 124 130 (2160 184 56) (2160 -96 56) (2160 -96 64) (2160 184 64) 
4 124 129 (2160 -96 72) (2160 -96 112) (2160 184 112) (2160 184 72) 
4 124 128 (2160 -96 120) (2160 -96 128) (2160 184 128) (2160 184 120) 
4 124 127 (2160 -96 136) (2160 -96 144) (2160 184 144) (2160 184 136) 
4 124 126 (2160 -96 152) (2160 -96 160) (2160 184 160) (2160 184 152) 
4 124 125 (2160 256 56) (2160 192 56) (2160 192 160) (2160 256 160) 
4 125 135 (2152 192 160) (2152 256 160) (2152 256 56) (2152 192 56) 
4 126 141 (2152 -96 160) (2152 184 160) (2152 184 152) (2152 -96 152) 
4 127 141 (2152 184 144) (2152 184 136) (2152 -96 136) (2152 -96 144) 
4 128 141 (2152 184 128) (2152 184 120) (2152 -96 120) (2152 -96 128) 
4 129 141 (2152 184 112) (2152 184 72) (2152 -96 72) (2152 -96 112) 
4 130 141 (2152 184 64) (2152 184 56) (2152 -96 56) (2152 -96 64) 
4 131 150 (2152 -216 160) (2152 -104 160) (2152 -104 56) (2152 -216 56) 
4 132 878 (2480 -336 -144) (2736 -336 -144) (2736 -336 16) (2480 -336 16) 
4 132 778 (2736 -336 16) (2736 -336 56) (2480 -336 56) (2480 -336 16) 
4 132 312 (2736 -336 -144) (2480 -336 -144) (2480 -168 -144) (2736 -168 -144) 
4 132 305 (2480 -168 -144) (2480 256 -144) (2736 256 -144) (2736 -168 -144) 
4 133 879 (2256 -336 -144) (2480 -336 -144) (2480 -336 16) (2256 -336 16) 
4 133 779 (2480 -336 16) (2480 -336 56) (2256 -336 56) (2256 -336 16) 
4 133 313 (2480 -336 -144) (2256 -336 -144) (2256 -168 -144) (2480 -168 -144) 
4 133 306 (2256 -168 -144) (2256 256 -144) (2480 256 -144) (2480 -168 -144) 
4 133 134 (2256 -168 48) (2256 -168 -144) (2256 -336 -144) (2256 -336 48) 
4 134 879 (2152 -336 -144) (2256 -336 -144) (2256 -336 16) (2152 -336 16) 
4 134 780 (2256 -336 16) (2256 -336 48) (2152 -336 48) (2152 -336 16) 
4 134 313 (2256 -336 -144) (2152 -336 -144) (2152 -168 -144) (2256 -168 -144) 
4 134 153 (2152 -168 -144) (2152 -336 -144) (2152 -336 48) (2152 -168 48) 
4 135 158 (1440 248 56) (1440 192 56) (1440 192 160) (1440 248 160) 
4 135 140 (1440 192 56) (2152 192 56) (2152 192 64) (1440 192 64) 
4 135 139 (2152 192 72) (2152 192 112) (1440 192 112) (1440 192 72) 
4 135 138 (2152 192 120) (2152 192 128) (1440 192 128) (1440 192 120) 
4 135 137 (2152 192 136) (2152 192 144) (1440 192 144) (1440 192 136) 
4 135 136 (2152 192 152) (2152 192 160) (1440 192 160) (1440 192 152) 
4 136 142 (1464 184 160) (1440 184 160) (1440 184 152) (1464 184 152) 
4 136 141 (2152 184 152) (2152 184 160) (1464 184 160) (1464 184 152) 
4 137 142 (1464 184 144) (1440 184 144) (1440 184 136) (1464 184 136) 
4 137 141 (2152 184 136) (2152 184 144) (1464 184 144) (1464 184 136) 
4 138 142 (1464 184 128) (1440 184 128) (1440 184 120) (1464 184 120) 
4 138 141 (2152 184 120) (2152 184 128) (1464 184 128) (1464 184 120) 
4 139 142 (1464 184 112) (1440 184 112) (1440 184 72) (1464 184 72) 
4 139 141 (2152 184 72) (2152 184 112) (1464 184 112) (1464 184 72) 
4 140 142 (1464 184 64) (1440 184 64) (1440 184 56) (1464 184 56) 
4 140 141 (2152 184 56) (2152 184 64) (1464 184 64) (1464 184 56) 
4 141 149 (2152 -96 56) (2152 -96 64) (1464 -96 64) (1464 -96 56) 
4 141 148 (2152 -96 72) (2152 -96 112) (1464 -96 112) (1464 -96 72) 
4 141 147 (2152 -96 120) (2152 -96 128) (1464 -96 128) (1464 -96 120) 
4 141 146 (2152 -96 136) (2152 -96 144) (1464 -96 144) (1464 -96 136) 
4 141 145 (2152 -96 152) (2152 -96 160) (1464 -96 160) (1464 -96 152) 
4 141 144 (1464 -88 -144) (1464 -96 -144) (1464 -96 160) (1464 -88 160) 
4 141 143 (1464 152 -144) (1464 -64 -144) (1464 -64 160) (1464 152 160) 
4 141 142 (1464 184 160) (1464 184 -144) (1464 176 -144) (1464 176 160) 
4 142 163 (1440 176 56) (1440 176 64) (1440 184 64) (1440 184 56) 
4 142 162 (1440 176 72) (1440 176 112) (1440 184 112) (1440 184 72) 
4 142 161 (1440 176 120) (1440 176 128) (1440 184 128) (1440 184 120) 
4 142 160 (1440 176 136) (1440 176 144) (1440 184 144) (1440 184 136) 
4 142 159 (1440 176 152) (1440 176 160) (1440 184 160) (1440 184 152) 
4 143 183 (1440 16 -144) (1440 -64 -144) (1440 -64 -80) (1440 16 -80) 
4 143 182 (1440 152 -64) (1440 152 -72) (1440 -56 -72) (1440 -56 -64) 
4 143 181 (1440 152 -0) (1440 152 -56) (1440 -56 -56) (1440 -56 -0) 
4 143 180 (1440 -56 16) (1440 152 16) (1440 152 8) (1440 -56 8) 
4 143 163 (1440 -64 56) (1440 -64 64) (1440 152 64) (1440 152 56) 
4 143 162 (1440 -64 72) (1440 -64 112) (1440 152 112) (1440 152 72) 
4 143 161 (1440 -64 120) (1440 -64 128) (1440 152 128) (1440 152 120) 
4 143 160 (1440 -64 136) (1440 -64 144) (1440 152 144) (1440 152 136) 
4 143 159 (1440 -64 152) (1440 -64 160) (1440 152 160) (1440 152 152) 
4 144 163 (1440 -96 56) (1440 -96 64) (1440 -88 64) (1440 -88 56) 
4 144 162 (1440 -96 72) (1440 -96 112) (1440 -88 112) (1440 -88 72) 
4 144 161 (1440 -96 120) (1440 -96 128) (1440 -88 128) (1440 -88 120) 
4 144 160 (1440 -96 136) (1440 -96 144) (1440 -88 144) (1440 -88 136) 
4 144 159 (1440 -96 152) (1440 -96 160) (1440 -88 160) (1440 -88 152) 
4 144 149 (1440 -96 64) (1440 -96 56) (1464 -96 56) (1464 -96 64) 
4 144 148 (1440 -96 112) (1440 -96 72) (1464 -96 72) (1464 -96 112) 
4 144 147 (1440 -96 128) (1440 -96 120) (1464 -96 120) (1464 -96 128) 
4 144 146 (1440 -96 144) (1440 -96 136) (1464 -96 136) (1464 -96 144) 
4 144 145 (1464 -96 160) (1440 -96 160) (1440 -96 152) (1464 -96 152) 
4 145 150 (2152 -104 152) (2152 -104 160) (1440 -104 160) (1440 -104 152) 
4 146 150 (2152 -104 136) (2152 -104 144) (1440 -104 144) (1440 -104 136) 
4 147 150 (2152 -104 120) (2152 -104 128) (1440 -104 128) (1440 -104 120) 
4 148 150 (2152 -104 72) (2152 -104 112) (1440 -104 112) (1440 -104 72) 
4 149 150 (1440 -104 56) (2152 -104 56) (2152 -104 64) (1440 -104 64) 
4 150 164 (1440 -216 160) (1440 -104 160) (1440 -104 56) (1440 -216 56) 
4 150 151 (1696 -216 56) (1920 -216 56) (1920 -216 160) (1696 -216 160) 
4 151 776 (1696 -336 56) (1920 -336 56) (1920 -336 160) (1696 -336 160) 
4 152 782 (1440 -336 160) (1440 -336 56) (1680 -336 56) (1680 -336 160) 
4 152 165 (1440 -336 56) (1440 -336 160) (1440 -232 160) (1440 -232 56) 
4 153 879 (1680 -336 -144) (2152 -336 -144) (2152 -336 16) (1680 -336 16) 
4 153 780 (2152 -336 16) (2152 -336 48) (1680 -336 48) (1680 -336 16) 
4 153 313 (2152 -336 -144) (1680 -336 -144) (1680 -168 -144) (2152 -168 -144) 
4 153 154 (1680 -168 16) (1680 -168 -144) (1680 -336 -144) (1680 -336 16) 
4 154 879 (1440 -336 16) (1440 -336 -144) (1680 -336 -144) (1680 -336 16) 
4 154 313 (1680 -336 -144) (1440 -336 -144) (1440 -168 -144) (1680 -168 -144) 
4 155 781 (1280 -336 1159.2138976801866) (1280 -336 1151.2138976801866) (1440 -336 1151.2138976801866) (1440 -336 1159.2138976801866) 
4 155 202 (1280 -128 1151.2138976801866) (1280 -336 1151.2138976801866) (1280 -336 1159.2138976801866) (1280 -128 1159.2138976801866) 
4 155 200 (1280 240 1151.2138976801866) (1280 -128 1151.2138976801866) (1280 -128 1159.2138976801866) (1280 240 1159.2138976801866) 
4 155 196 (1280 256 1159.2138976801866) (1280 256 1151.2138976801866) (1280 240 1151.2138976801866) (1280 240 1159.2138976801866) 
4 156 782 (1280 -336 1151.2138976801866) (1280 -336 168) (1440 -336 168) (1440 -336 1151.2138976801866) 
4 156 203 (1280 -336 328) (1280 -336 1151.2138976801866) (1280 -128 1151.2138976801866) (1280 -128 328) 
4 156 201 (1280 -128 328) (1280 -128 1151.2138976801866) (1280 240 1151.2138976801866) (1280 240 328) 
4 156 197 (1280 256 1151.2138976801866) (1280 256 328) (1280 240 328) (1280 240 1151.2138976801866) 
4 156 157 (1280 -336 168) (1280 -232 168) (1440 -232 168) (1440 -336 168) 
4 157 782 (1280 -336 168) (1280 -336 160) (1440 -336 160) (1440 -336 168) 
4 157 179 (1280 -336 160) (1280 -232 160) (1432 -232 160) (1432 -336 160) 
4 157 165 (1432 -232 160) (1440 -232 160) (1440 -336 160) (1432 -336 160) 
4 158 169 (1432 248 56) (1432 192 56) (1432 192 160) (1432 248 160) 
4 159 178 (1432 -96 152) (1432 -96 160) (1432 184 160) (1432 184 152) 
4 160 178 (1432 -96 136) (1432 -96 144) (1432 184 144) (1432 184 136) 
4 161 178 (1432 -96 120) (1432 -96 128) (1432 184 128) (1432 184 120) 
4 162 178 (1432 -96 72) (1432 -96 112) (1432 184 112) (1432 184 72) 
4 163 178 (1432 184 56) (1432 -96 56) (1432 -96 64) (1432 184 64) 
4 164 178 (1432 -104 56) (1432 -216 56) (1432 -216 160) (1432 -104 160) 
4 165 782 (1432 -336 56) (1440 -336 56) (1440 -336 160) (1432 -336 160) 
4 165 179 (1432 -232 56) (1432 -336 56) (1432 -336 160) (1432 -232 160) 
4 166 169 (1432 248 152) (1432 248 160) (1296 248 160) (1296 248 152) 
4 167 169 (1296 248 56) (1432 248 56) (1432 248 144) (1296 248 144) 
4 168 174 (1280 248 56) (1288 248 56) (1288 248 160) (1280 248 160) 
4 169 176 (1296 192 56) (1432 192 56) (1432 192 144) (1296 192 144) 
4 169 175 (1432 192 152) (1432 192 160) (1296 192 160) (1296 192 152) 
4 169 173 (1296 248 64) (1296 248 56) (1296 192 56) (1296 192 64) 
4 169 172 (1296 248 128) (1296 248 72) (1296 192 72) (1296 192 128) 
4 169 171 (1296 248 144) (1296 248 136) (1296 192 136) (1296 192 144) 
4 169 170 (1296 248 160) (1296 248 152) (1296 192 152) (1296 192 160) 
4 170 174 (1288 248 160) (1288 248 152) (1288 192 152) (1288 192 160) 
4 171 174 (1288 248 144) (1288 248 136) (1288 192 136) (1288 192 144) 
4 172 174 (1288 248 128) (1288 248 72) (1288 192 72) (1288 192 128) 
4 173 174 (1288 248 64) (1288 248 56) (1288 192 56) (1288 192 64) 
4 174 177 (1280 192 56) (1288 192 56) (1288 192 160) (1280 192 160) 
4 175 178 (1432 184 152) (1432 184 160) (1296 184 160) (1296 184 152) 
4 176 178 (1296 184 56) (1432 184 56) (1432 184 144) (1296 184 144) 
4 177 178 (1280 184 56) (1288 184 56) (1288 184 160) (1280 184 160) 
4 179 782 (1280 -336 160) (1280 -336 56) (1432 -336 56) (1432 -336 160) 
4 180 184 (1432 -56 16) (1432 176 16) (1432 176 8) (1432 -56 8) 
4 181 184 (1432 176 -0) (1432 176 -56) (1432 -56 -56) (1432 -56 -0) 
4 182 184 (1432 176 -64) (1432 176 -72) (1432 -56 -72) (1432 -56 -64) 
4 183 190 (1432 16 -144) (1432 -64 -144) (1432 -64 -80) (1432 16 -80) 
4 184 880 (1432 -336 -72) (1432 -336 16) (1376 -336 16) (1376 -336 -72) 
4 184 189 (1376 -64 -72) (1376 -336 -72) (1376 -336 16) (1376 -64 16) 
4 184 188 (1376 176 -72) (1376 -56 -72) (1376 -56 -64) (1376 176 -64) 
4 184 187 (1376 -56 -56) (1376 -56 -0) (1376 176 -0) (1376 176 -56) 
4 184 186 (1376 -56 8) (1376 -56 16) (1376 176 16) (1376 176 8) 
4 184 185 (1376 256 -72) (1376 184 -72) (1376 184 16) (1376 256 16) 
4 185 192 (1368 184 16) (1368 256 16) (1368 256 -72) (1368 184 -72) 
4 186 192 (1368 -56 16) (1368 176 16) (1368 176 8) (1368 -56 8) 
4 187 192 (1368 176 -0) (1368 176 -56) (1368 -56 -56) (1368 -56 -0) 
4 188 192 (1368 176 -64) (1368 176 -72) (1368 -56 -72) (1368 -56 -64) 
4 189 880 (1376 -336 16) (1368 -336 16) (1368 -336 -72) (1376 -336 -72) 
4 190 191 (1376 -64 -144) (1376 -64 -80) (1376 16 -80) (1376 16 -144) 
4 191 193 (1368 16 -144) (1368 -64 -144) (1368 -64 -80) (1368 16 -80) 
4 192 199 (1280 256 16) (1280 256 8) (1280 240 8) (1280 240 16) 
4 192 195 (1344 -64 16) (1280 -64 16) (1280 -64 -72) (1344 -64 -72) 
4 192 194 (1360 -64 16) (1344 -64 16) (1344 -64 -72) (1360 -64 -72) 
4 192 193 (1368 -64 -72) (1280 -64 -72) (1280 184.00000000000006 -72) (1368 184.00000000000006 -72) 
4 193 195 (1344 -64 -72) (1280 -64 -72) (1280 -64 -144) (1344 -64 -144) 
4 193 194 (1360 -64 -72) (1344 -64 -72) (1344 -64 -144) (1360 -64 -144) 
4 194 195 (1344 -64 16) (1344 -64 -144) (1344 -79.99999999999996 -144) (1344 -80 16) 
4 195 881 (1280 -336 16) (1280 -336 -144) (1344 -336 -144) (1344 -336 16) 
4 195 278 (1280 -320 -144) (1280 -336 -144) (1280 -336 8) (1280 -320 8) 
4 195 275 (1280 -296 -144) (1280 -320 -144) (1280 -320 8) (1280 -296 8) 
4 195 272 (1280 -208 -144) (1280 -296 -144) (1280 -296 8) (1280 -208 8) 
4 195 269 (1280 -184 -144) (1280 -208 -144) (1280 -208 8) (1280 -184 8) 
4 195 265 (1280 -104 -144) (1280 -184 -144) (1280 -184 8) (1280 -104 8) 
4 196 329 (288 248 1151.2138976801866) (288 240 1151.2138976801866) (288 240 1159.2138976801866) (288 248 1159.2138976801866) 
4 196 322 (288 256 1159.2138976801866) (288 256 1151.2138976801866) (288 248 1151.2138976801866) (288 248 1159.2138976801866) 
4 196 228 (288 240 1159.2138976801866) (288 240 1151.2138976801866) (1152 240 1151.2138976801866) (1152 240 1159.2138976801866) 
4 196 220 (1152 240 1151.2138976801866) (1168 240 1151.2138976801866) (1168 240 1159.2138976801866) (1152 240 1159.2138976801866) 
4 196 204 (1168 240 1151.2138976801866) (1264 240 1151.2138976801866) (1264 240 1159.2138976801866) (1168 240 1159.2138976801866) 
4 196 200 (1264 240 1151.2138976801866) (1280 240 1151.2138976801866) (1280 240 1159.2138976801866) (1264 240 1159.2138976801866) 
4 197 330 (288 248 328) (288 240 328) (288 240 1151.2138976801866) (288 248 1151.2138976801866) 
4 197 324 (288 256 1151.2138976801866) (288 256 328) (288 248 328) (288 248 1151.2138976801866) 
4 197 229 (288 240 1151.2138976801866) (288 240 328) (1152 240 328) (1152 240 1151.2138976801866) 
4 197 221 (1152 240 328) (1168 240 328) (1168 240 1151.2138976801866) (1152 240 1151.2138976801866) 
4 197 205 (1168 240 328) (1264 240 328) (1264 240 1151.2138976801866) (1168 240 1151.2138976801866) 
4 197 201 (1264 240 328) (1280 240 328) (1280 240 1151.2138976801866) (1264 240 1151.2138976801866) 
4 198 230 (384 240 128) (1152 240 128) (1152 240 272) (384 240 272) 
4 200 204 (1264 240 1159.2138976801866) (1264 240 1151.2138976801866) (1264 -128 1151.2138976801866) (1264 -128 1159.2138976801866) 
4 200 202 (1264 -128 1159.2138976801866) (1264 -128 1151.2138976801866) (1280 -128 1151.2138976801866) (1280 -128 1159.2138976801866) 
4 201 205 (1264 240 1151.2138976801866) (1264 240 328) (1264 -128 328) (1264 -128 1151.2138976801866) 
4 201 203 (1264 -128 1151.2138976801866) (1264 -128 328) (1280 -128 328) (1280 -128 1151.2138976801866) 
4 202 786 (1264 -336 1159.2138976801866) (1264 -336 1151.2138976801866) (1280 -336 1151.2138976801866) (1280 -336 1159.2138976801866) 
4 202 204 (1264 -128 1159.2138976801866) (1264 -128 1151.2138976801866) (1264 -336 1151.2138976801866) (1264 -336 1159.2138976801866) 
4 203 787 (1264 -336 1151.2138976801866) (1264 -336 328) (1280 -336 328) (1280 -336 1151.2138976801866) 
4 203 205 (1264 -128 1151.2138976801866) (1264 -128 328) (1264 -336 328) (1264 -336 1151.2138976801866) 
4 204 786 (1168 -336 1159.2138976801866) (1168 -336 1151.2138976801866) (1264 -336 1151.2138976801866) (1264 -336 1159.2138976801866) 
4 204 220 (1168 240 1159.2138976801866) (1168 240 1151.2138976801866) (1168 -336 1151.2138976801866) (1168 -336 1159.2138976801866) 
4 205 787 (1168 -336 1151.2138976801866) (1168 -336 328) (1264 -336 328) (1264 -336 1151.2138976801866) 
4 205 221 (1168 240 1151.2138976801866) (1168 240 328) (1168 -336 328) (1168 -336 1151.2138976801866) 
4 206 789 (1168 -336 160) (1168 -336 128) (1264 -336 128) (1264 -336 160) 
4 206 788 (1168 -336 273.3333333333333) (1168 -336 160) (1264 -336 160) (1264 -336 233.33333333333331) 
4 206 223 (1168 240 160) (1168 240 128) (1168 -37.33333333333343 128) (1168 -128.00000000000003 160) 
4 206 222 (1168 240 273.3333333333333) (1168 240 160) (1168 -336 160) (1168 -336 273.3333333333333) 
4 206 215 (1168 -112 128) (1168 -64 128) (1264 -64 128) (1264 -112 128) 
4 206 209 (1168 -64 128) (1168 -56 128) (1264 -56 128) (1264 -64 128) 
4 206 208 (1168 -56 128) (1168 -40 128) (1264 -40 128) (1264 -56 128) 
4 206 207 (1168 -40 128) (1168 240 128) (1264 240 128) (1264 -40 128) 
4 207 227 (1168 -37.33333333333338 128) (1168 128 128) (1168 128 112) (1168 7.999999999999943 112) 
4 207 226 (1168 144 96) (1168 136 96) (1168 136 112) (1168 144 112) 
4 207 225 (1168 128 112) (1168 128 128) (1168 144 128) (1168 144 112) 
4 207 224 (1168 240 128) (1168 240 96) (1168 144 96) (1168 144 128) 
4 207 211 (1168 -40 96) (1168 -32 96) (1264 -32 96) (1264 -40 96) 
4 207 210 (1168 -16 96) (1168 240 96) (1264 240 96) (1264 -16 96) 
4 207 208 (1264 -40 104) (1264 -40 128) (1168 -40 128) (1168 -40 104) 
4 208 209 (1264 -56 104) (1264 -56 128) (1168 -56 128) (1168 -56 104) 
4 209 218 (1264 -64 96) (1264 -64 104) (1168 -64 104) (1168 -64 96) 
4 209 216 (1264 -64 112) (1264 -64 120) (1168 -64 120) (1168 -64 112) 
4 209 215 (1264 -64 120) (1264 -64 128) (1168 -64 128) (1168 -64 120) 
4 209 211 (1264 -64 96) (1168 -64 96) (1168 -56 96) (1264 -56 96) 
4 210 226 (1168 144 88) (1168 136 88) (1168 136 96) (1168 144 96) 
4 210 224 (1168 240 96) (1168 240 88) (1168 144 88) (1168 144 96) 
4 210 214 (1168 -16 88) (1168 -8 88) (1264 -8 88) (1264 -16 88) 
4 210 212 (1168 8 88) (1168 240 88) (1264 240 88) (1264 8 88) 
4 211 218 (1264 -64 88) (1264 -64 96) (1168 -64 96) (1168 -64 88) 
4 211 214 (1264 -64 88) (1168 -64 88) (1168 -32 88) (1264 -32 88) 
4 212 226 (1168 144 80) (1168 136 80) (1168 136 88) (1168 144 88) 
4 212 224 (1168 240 88) (1168 240 80) (1168 144 80) (1168 144 88) 
4 213 214 (1264 -8 16) (1264 -8 80) (1168 -8 80) (1168 -8 16) 
4 214 218 (1264 -64 16) (1264 -64 88) (1168 -64 88) (1168 -64 16) 
4 215 217 (1168 -112 120) (1168 -104 120) (1264 -104 120) (1264 -112 120) 
4 215 216 (1168 -88 120) (1168 -64 120) (1264 -64 120) (1264 -88 120) 
4 216 219 (1168 -88 112) (1168 -80 112) (1264 -80 112) (1264 -88 112) 
4 217 219 (1264 -128 112) (1168 -128 112) (1168 -104 112) (1264 -104 112) 
4 218 219 (1264 -80 16) (1264 -80 104) (1168 -80 104) (1168 -80 16) 
4 220 786 (1152 -336 1159.2138976801866) (1152 -336 1151.2138976801866) (1168 -336 1151.2138976801866) (1168 -336 1159.2138976801866) 
4 220 248 (1152 144 1151.2138976801866) (1152 -336 1151.2138976801866) (1152 -336 1159.2138976801866) (1152 144 1159.2138976801866) 
4 220 228 (1152 240 1159.2138976801866) (1152 240 1151.2138976801866) (1152 144 1151.2138976801866) (1152 144 1159.2138976801866) 
4 221 787 (1152 -336 1151.2138976801866) (1152 -336 328) (1168 -336 328) (1168 -336 1151.2138976801866) 
4 221 249 (1152 144 328) (1152 -336 328) (1152 -336 1151.2138976801866) (1152 144 1151.2138976801866) 
4 221 229 (1152 240 1151.2138976801866) (1152 240 328) (1152 144 328) (1152 144 1151.2138976801866) 
4 222 788 (1152 -336 280) (1152 -336 160) (1168 -336 160) (1168 -336 273.3333333333333) 
4 222 262 (1152 -256 160) (1152 -336 160) (1152 -336 280) (1152 -256 280) 
4 222 261 (1152 -80 160) (1152 -232 160) (1152 -232 280) (1152 -80 280) 
4 222 260 (1152 96 160) (1152 -56 160) (1152 -56 280) (1152 96 280) 
4 222 255 (1152 128 160) (1152 120 160) (1152 120 280) (1152 128 280) 
4 222 250 (1152 144 160) (1152 128 160) (1152 128 280) (1152 144 280) 
4 222 230 (1152 240 280) (1152 240 160) (1152 144 160) (1152 144 280) 
4 222 223 (1152 -128.00000000000003 160) (1152 240 160) (1168 240 160) (1168 -128.0000000000001 160) 
3 223 261 (1152 -80 143.05882352941174) (1152 -128.00000000000003 160) (1152 -80 160) 
5 223 260 (1152 96 128) (1152 -37.33333333333343 128) (1152 -56 134.58823529411762) (1152 -56 160) (1152 96 160) 
4 223 255 (1152 128 128) (1152 120 128) (1152 120 160) (1152 128 160) 
4 223 250 (1152 144 128) (1152 128 128) (1152 128 160) (1152 144 160) 
4 223 230 (1152 240 160) (1152 240 128) (1152 144 128) (1152 144 160) 
4 223 227 (1152 -37.33333333333343 128) (1152 128 128) (1168 128 128) (1168 -37.33333333333343 128) 
4 223 225 (1152 128 128) (1152 144 128) (1168 144 128) (1168 128 128) 
4 223 224 (1152 144 128) (1152 240 128) (1168 240 128) (1168 144 128) 
4 224 230 (1152 240 128) (1152 240 80) (1152 144 80) (1152 144 128) 
4 224 226 (1160 144 80) (1168 144 80) (1168 144 112) (1160 144 112) 
4 224 225 (1168 144 112) (1168 144 128) (1152 144 128) (1152 144 112) 
4 225 250 (1152 128 112) (1152 128 128) (1152 144 128) (1152 144 112) 
4 225 227 (1168 128 112) (1168 128 128) (1152 128 128) (1152 128 112) 
3 225 226 (1160 144 112) (1168 144 112) (1168 136 112) 
4 227 260 (1152 -37.33333333333337 128) (1152 96 128) (1152 96 112) (1152 7.999999999999943 112) 
4 227 255 (1152 120 128) (1152 128 128) (1152 128 112) (1152 120 112) 
4 228 329 (288 240 1159.2138976801866) (288 240 1151.2138976801866) (288 144 1151.2138976801866) (288 144 1159.2138976801866) 
4 228 248 (288 144 1159.2138976801866) (288 144 1151.2138976801866) (1152 144 1151.2138976801866) (1152 144 1159.2138976801866) 
4 229 330 (288 240 1151.2138976801866) (288 240 328) (288 144 328) (288 144 1151.2138976801866) 
4 229 249 (288 144 1151.2138976801866) (288 144 328) (1152 144 328) (1152 144 1151.2138976801866) 
4 230 254 (656 144 280) (384 144 280) (384 144 80) (656 144 80) 
5 230 253 (768 144 280) (656 144 280) (656 144 80) (745.6 144 80) (768 144 87.99999999999999) 
4 230 252 (968 144 280) (768 144 280) (768 144 88) (968 144 88) 
4 230 251 (1056 144 280) (968 144 280) (968 144 87.99999999999997) (1056 144 111.99999999999997) 
4 230 250 (1152 144 112) (1152 144 280) (1056 144 280) (1056 144 112) 
4 230 231 (1040 144 80) (384 144 80) (384 240 80) (1040 240 80) 
4 231 254 (656 144 80) (384 144 80) (384 144 72) (656 144 72) 
4 231 253 (745.6 144 80) (656 144 80) (656 144 72) (723.2 144 72) 
4 231 233 (384 144 72) (384 240 72) (1016 240 72) (1016 144 72) 
4 231 232 (1032 240 72) (1040 240 72) (1040 144 72) (1032 144 72) 
4 232 234 (1032 240 64) (1056 240 64) (1056 144 64) (1032 144 64) 
4 233 254 (656 144 72) (384 144 72) (384 144 64) (656 144 64) 
4 233 253 (723.2 144 72) (656 144 72) (656 144 64) (700.8 144 64) 
4 233 235 (384 144 64) (384 240 64) (992 240 64) (992 144 64) 
4 233 234 (1008 240 64) (1016 240 64) (1016 144 64) (1008 144 64) 
4 234 236 (1056 144 56) (1008 144 56) (1008 240 56) (1056 240 56) 
4 235 254 (384 144 56) (656 144 56) (656 144 64) (384 144 64) 
4 235 253 (656 144 56) (678.4 144 56) (700.8 144 64) (656 144 64) 
4 235 245 (680 144 56) (384 144 56) (384 240 56) (680 240 56) 
4 235 244 (696 144 56) (680 144 56) (680 240 56) (696 240 56) 
4 235 243 (704 144 56) (696 144 56) (696 240 56) (704 240 56) 
4 235 238 (752 144 56) (704 144 56) (704 240 56) (752 240 56) 
4 235 236 (992 144 56) (984 144 56) (984 240 56) (992 240 56) 
4 236 237 (984 240 16) (984 144 16) (984 144 48) (984 240 48) 
4 238 243 (704 144 48) (704 144 56) (704 240 56) (704 240 48) 
4 238 240 (704 144 48) (704 240 48) (728 240 48) (728 144 48) 
4 238 239 (744 240 48) (752 240 48) (752 144 48) (744 144 48) 
4 239 241 (744 240 40) (768 240 40) (768 144 40) (744 144 40) 
4 240 243 (704 144 40) (704 144 48) (704 240 48) (704 240 40) 
4 240 241 (720 240 40) (728 240 40) (728 144 40) (720 144 40) 
4 241 242 (720 240 16) (720 144 16) (720 144 32) (720 240 32) 
4 242 246 (704 240 16) (704 144 16) (704 144 24) (704 240 24) 
4 242 243 (704 144 24) (704 144 32) (704 240 32) (704 240 24) 
4 243 246 (696 240 24) (704 240 24) (704 144 24) (696 144 24) 
4 243 244 (696 144 32) (696 144 56) (696 240 56) (696 240 32) 
4 244 245 (680 144 32) (680 144 56) (680 240 56) (680 240 32) 
4 245 254 (384 144 24) (656 144 24) (656 144 56) (384 144 56) 
3 245 253 (678.4 144 56) (656 144 56) (656 144 48.000000000000014) 
4 245 247 (384 240 24) (656 240 24) (656 144 24) (384 144 24) 
4 245 246 (672 240 24) (680 240 24) (680 144 24) (672 144 24) 
4 247 254 (384 144 16) (656 144 16) (656 144 24) (384 144 24) 
4 248 791 (288 -336 1159.2138976801866) (288 -336 1151.2138976801866) (1152 -336 1151.2138976801866) (1152 -336 1159.2138976801866) 
4 248 375 (288 48 1151.2138976801866) (288 -336 1151.2138976801866) (288 -336 1159.2138976801866) (288 48 1159.2138976801866) 
4 248 331 (288 64 1151.2138976801866) (288 48 1151.2138976801866) (288 48 1159.2138976801866) (288 64 1159.2138976801866) 
4 248 329 (288 144 1159.2138976801866) (288 144 1151.2138976801866) (288 64 1151.2138976801866) (288 64 1159.2138976801866) 
4 249 793 (288 -336 1151.2138976801866) (288 -336 328) (384 -336 328) (384 -336 1151.2138976801866) 
4 249 792 (384 -336 328) (1152 -336 328) (1152 -336 1151.2138976801866) (384 -336 1151.2138976801866) 
4 249 376 (288 48 328) (288 -336 328) (288 -336 1151.2138976801866) (288 48 1151.2138976801866) 
4 249 332 (288 64 328) (288 48 328) (288 48 1151.2138976801866) (288 64 1151.2138976801866) 
4 249 330 (288 144 1151.2138976801866) (288 144 328) (288 64 328) (288 64 1151.2138976801866) 
4 250 255 (1152 128 112) (1152 128 280) (1056 128 280) (1056 128 112) 
4 250 251 (1056 128 112) (1056 128 280) (1056 144 280) (1056 144 112) 
4 251 255 (1056 128 111.99999999999999) (1056 128 280) (968 128 280) (968 128 88.00000000000003) 
4 251 252 (968 128 88.00000000000001) (968 128 280) (968 144 280) (968 144 88.00000000000003) 
4 252 255 (968 128 88) (968 128 280) (768 128 280) (768 128 88) 
4 252 253 (768 128 88) (768 128 280) (768 144 280) (768 144 88) 
4 253 255 (768 128 88.00000000000001) (768 128 280) (656 128 280) (656 128 48.00000000000003) 
4 253 254 (656 128 48.00000000000002) (656 128 280) (656 144 280) (656 144 48.00000000000003) 
4 254 255 (384 128 16) (656 128 16) (656 128 280) (384 128 280) 
4 255 259 (384 120 16) (600 120 16) (600 120 280) (384 120 280) 
4 255 258 (624 120 16) (776 120 16) (776 120 280) (624 120 280) 
4 255 257 (800 120 16) (952 120 16) (952 120 280) (800 120 280) 
4 255 256 (976 120 16) (1128 120 16) (1128 120 280) (976 120 280) 
4 256 263 (976 96 16) (1128 96 16) (1128 96 280) (976 96 280) 
4 257 263 (800 96 16) (952 96 16) (952 96 280) (800 96 280) 
4 258 263 (624 96 16) (776 96 16) (776 96 280) (624 96 280) 
4 259 263 (384 96 16) (600 96 16) (600 96 280) (384 96 280) 
4 260 263 (1128 96 280) (1128 96 16) (1128 -56 16) (1128 -56 280) 
4 261 263 (1128 -80 16) (1128 -232 16) (1128 -232 280) (1128 -80 280) 
4 262 810 (1128 -336 16) (1152 -336 16) (1152 -336 32) (1128 -336 32) 
4 262 797 (1152 -336 32) (1152 -336 128) (1128 -336 128) (1128 -336 32) 
4 262 794 (1152 -336 128) (1152 -336 280) (1128 -336 280) (1128 -336 128) 
4 262 263 (1128 -256 16) (1128 -336 16) (1128 -336 280) (1128 -256 280) 
4 263 812 (384 -336 16) (1128 -336 16) (1128 -336 32) (384 -336 32) 
4 263 800 (536 -336 128) (384 -336 128) (384 -336 32) (536 -336 32) 
4 263 799 (1128 -336 32) (1128 -336 128) (536 -336 128) (536 -336 32) 
4 263 796 (1128 -336 128) (1128 -336 280) (384 -336 280) (384 -336 128) 
4 263 264 (384 48 16) (384 -336 16) (384 -336 176) (384 48 176) 
4 264 802 (288 -336 128) (288 -336 32) (376 -336 32) (376 -336 128) 
4 264 377 (288 48 16) (288 -336 16) (288 -336 176) (288 48 176) 
4 265 269 (1192 -184 -144) (1280 -184 -144) (1280 -184 8) (1192 -184 8) 
4 265 266 (1192 -184 -144) (1192 -184 8) (1192 -167.99999999999994 8) (1192 -167.99999999999994 -144) 
4 266 269 (1152.0000000000002 -184 -144) (1192 -184 -144) (1192 -184 8) (1152.0000000000002 -184 8) 
4 267 268 (776 240 -144) (1000 240 -144) (1000 240 8) (776 240 8) 
4 268 270 (880 -184 -144) (1024 -184 -144) (1024 -184 8) (880 -184 8) 
4 269 272 (1072 -208 -144) (1280 -208 -144) (1280 -208 8) (1072 -208 8) 
4 270 273 (880 -208 -144) (1048 -208 -144) (1048 -208 8) (880 -208 8) 
4 271 283 (752 -208 8) (752 -184 8) (752 -184 -144) (752 -208 -144) 
4 271 274 (752 -208 8) (752 -208 -144) (856 -208 -144) (856 -208 8) 
4 272 275 (1072 -296 -144) (1280 -296 -144) (1280 -296 8) (1072 -296 8) 
4 273 276 (880 -296 -144) (1048 -296 -144) (1048 -296 8) (880 -296 8) 
4 274 283 (752 -296 8) (752 -208 8) (752 -208 -144) (752 -296 -144) 
4 274 277 (752 -296 8) (752 -296 -144) (856 -296 -144) (856 -296 8) 
4 275 278 (1072 -320 -144) (1280 -320 -144) (1280 -320 8) (1072 -320 8) 
4 276 278 (880 -320 -144) (1048 -320 -144) (1048 -320 8) (880 -320 8) 
4 277 283 (752 -320 8) (752 -296 8) (752 -296 -144) (752 -320 -144) 
4 277 279 (752 -320 8) (752 -320 -144) (856 -320 -144) (856 -320 8) 
4 278 883 (872 -336 -144) (1280 -336 -144) (1280 -336 8) (872 -336 8) 
4 279 884 (752 -336 -144) (864 -336 -144) (864 -336 8) (752 -336 8) 
4 279 284 (752 -336 8) (752 -328 8) (752 -328 -144) (752 -336 -144) 
4 279 283 (752 -328 8) (752 -320 8) (752 -320 -144) (752 -328 -144) 
4 280 281 (736 240 8) (736 256 8) (736 256 -144) (736 240 -144) 
4 281 282 (472 -168 -144) (472 -168 8) (472 223.99999999999994 8) (472 223.99999999999997 -144) 
4 282 287 (296 -168 -144) (472 -168 -144) (472 -168 8) (296 -168 8) 
4 283 286 (584 -328 -136) (584 -328 8) (584 -320 8) (584 -320 -136) 
4 283 285 (584 -184 -144) (584 -320 -144) (584 -320 8) (584 -184 8) 
4 283 284 (592 -328 -144) (752 -328 -144) (752 -328 8) (592 -328 8) 
4 284 884 (592 -336 -144) (752 -336 -144) (752 -336 8) (592 -336 8) 
4 285 286 (584 -320 -136) (584 -320 8) (488 -320 8) (488 -320 -136) 
4 286 916 (584 -336 -136) (584 -336 8) (488 -336 8) (488 -336 -136) 
4 287 919 (296 -336 -144) (472 -336 -144) (472 -336 8) (296 -336 8) 
4 288 311 (3328 528 -1136) (2736 528 -1136) (2736 784 -1136) (3328 784 -1136) 
4 288 290 (2736 784 -1136) (2736 528 -1136) (2736 528 -144) (2736 784 -144) 
4 289 311 (2480 784 -1136) (2480 2560 -1136) (2736 2560 -1136) (2736 784 -1136) 
4 289 290 (2480 784 -144) (2480 784 -1136) (2736 784 -1136) (2736 784 -144) 
4 290 311 (2736 528 -1136) (2480 528 -1136) (2480 784 -1136) (2736 784 -1136) 
4 290 292 (2480 784 -1136) (2480 528 -1136) (2480 528 -144) (2480 784 -144) 
4 290 291 (2480 528 -144) (2480 528 -1136) (2736 528 -1136) (2736 528 -144) 
4 291 311 (2736 472 -1136) (2480 472 -1136) (2480 528 -1136) (2736 528 -1136) 
4 291 294 (2480 472 -1136) (2736 472 -1136) (2736 472 -144) (2480 472 -144) 
4 292 323 (288 784 -1136) (288 528 -1136) (288 528 -144) (288 784 -144) 
4 292 311 (288 528 -1136) (288 784 -1136) (2480 784 -1136) (2480 528 -1136) 
4 293 324 (288 528 -1136) (288 472 -1136) (288 472 -144) (288 528 -144) 
4 293 310 (288 472 -1136) (1160 472 -1136) (1160 472 -184) (288 472 -184) 
4 293 309 (296 472 -144) (288 472 -144) (288 472 -184) (296 472 -184) 
4 293 308 (1160 472 -184) (1160 472 -144) (1024 472 -144) (1024 472 -184) 
4 293 300 (1160 472 -1136) (1280 472 -1136) (1280 472 -144) (1160 472 -144) 
4 293 298 (1280 472 -1136) (1296 472 -1136) (1296 472 -144) (1280 472 -144) 
4 293 295 (1296 472 -1136) (2480 472 -1136) (2480 472 -144) (1296 472 -144) 
4 294 311 (2736 432 -1136) (2480 432 -1136) (2480 472 -1136) (2736 472 -1136) 
4 294 301 (2480 432 -1136) (2736 432 -1136) (2736 432 -144) (2480 432 -144) 
4 295 298 (1296 472 -144) (1296 472 -1136) (1296 448 -1136) (1296 448 -144) 
4 295 297 (1296 448 -152) (1296 448 -1136) (2480 448 -1136) (2480 448 -152) 
4 295 296 (1456 448 -152) (2480 448 -152) (2480 448 -144) (1456 448 -144) 
4 296 302 (2480 432 -152) (2480 432 -144) (1456 432 -144) (1456 432 -152) 
4 296 297 (1456 448 -152) (2480 448 -152) (2480 432 -152) (1456 432 -152) 
4 297 304 (1296 432 -1136) (1432 432 -1136) (1432 432 -464) (1296 432 -464) 
4 297 303 (1432 432 -1136) (1456 432 -1136) (1456 432 -152) (1432 432 -152) 
4 297 302 (1456 432 -1136) (2480 432 -1136) (2480 432 -152) (1456 432 -152) 
4 297 299 (1296 448 -1136) (1296 432 -1136) (1296 432 -152) (1296 448 -152) 
4 298 300 (1280 472 -144) (1280 472 -1136) (1280 448 -1136) (1280 448 -144) 
4 298 299 (1280 448 -152) (1280 448 -1136) (1296 448 -1136) (1296 448 -152) 
4 299 304 (1280 432 -1136) (1296 432 -1136) (1296 432 -464) (1280 432 -464) 
4 299 300 (1280 448 -1136) (1280 432 -1136) (1280 432 -152) (1280 448 -152) 
4 300 310 (1160 472 -184) (1160 472 -1136) (1160 432 -1136) (1160 432 -184) 
4 300 308 (1160 472 -144) (1160 472 -184) (1160 432 -184) (1160 432 -144) 
4 300 304 (1160 432 -464) (1160 432 -1136) (1280 432 -1136) (1280 432 -464) 
4 301 311 (2736 256 -1136) (2480 256 -1136) (2480 432 -1136) (2736 432 -1136) 
4 301 305 (2480 256 -1136) (2736 256 -1136) (2736 256 -144) (2480 256 -144) 
4 302 307 (1456 256 -1136) (2216 256 -1136) (2216 256 -464) (1456 256 -464) 
4 302 306 (2216 256 -1136) (2480 256 -1136) (2480 256 -144) (2216 256 -144) 
4 302 303 (1456 432 -152) (1456 432 -1136) (1456 256 -1136) (1456 256 -152) 
4 303 307 (1432 256 -1136) (1456 256 -1136) (1456 256 -464) (1432 256 -464) 
4 303 304 (1432 432 -464) (1432 432 -1136) (1432 256 -1136) (1432 256 -464) 
4 304 310 (1160 432 -1136) (1160 256 -1136) (1160 256 -464) (1160 432 -464) 
4 304 307 (1160 256 -464) (1160 256 -1136) (1432 256 -1136) (1432 256 -464) 
4 305 312 (2736 -168 -144) (2480 -168 -144) (2480 -168 -1136) (2736 -168 -1136) 
4 305 311 (2736 -168 -1136) (2480 -168 -1136) (2480 256 -1136) (2736 256 -1136) 
4 306 313 (2480 -168 -144) (2216 -168 -144) (2216 -168 -1136) (2480 -168 -1136) 
4 306 307 (2216 256 -464) (2216 256 -1136) (2216 -168 -1136) (2216 -168 -464) 
4 307 315 (1160 -168 -464) (1160 -168 -1136) (1368 -168 -1136) (1368 -168 -464) 
4 307 313 (1368 -168 -1136) (2216 -168 -1136) (2216 -168 -464) (1368 -168 -464) 
4 307 310 (1160 256 -1136) (1160 -168 -1136) (1160 -168 -464) (1160 256 -464) 
4 308 310 (1024 472 -184) (1160 472 -184) (1160 -168 -184) (1024 -168 -184) 
4 309 324 (288 248 -144) (288 472 -144) (288 472 -184) (288 248 -184) 
4 309 317 (296 -168 -144) (288 -168 -144) (288 -168 -184) (296 -168 -184) 
4 309 310 (288 472 -184) (296 472 -184) (296 -168 -184) (288 -168 -184) 
4 310 378 (288 48 -1136) (288 -168 -1136) (288 -168 -696) (288 48 -696) 
4 310 338 (288 248 -1136) (288 48 -1136) (288 48 -696) (288 248 -696) 
4 310 324 (288 472 -1136) (288 248 -1136) (288 248 -184) (288 472 -184) 
4 310 317 (288 -168 -184) (288 -168 -1136) (296 -168 -1136) (296 -168 -184) 
4 310 316 (296 -168 -1136) (472 -168 -1136) (472 -168 -256) (296 -168 -256) 
4 310 315 (472 -168 -1136) (1160 -168 -1136) (1160 -168 -464) (472 -168 -464) 
4 310 314 (472 -168 -304) (472 -168 -464) (480 -168 -464) (480 -168 -304) 
4 311 379 (288 -168 -1144) (288 -168 -1136) (288 48 -1136) (288 48 -1144) 
4 311 339 (288 48 -1136) (288 248 -1136) (288 248 -1144) (288 48 -1144) 
4 311 328 (288 248 -1136) (288 2576 -1136) (288 2576 -1144) (288 248 -1144) 
4 311 318 (3648 -168 -1144) (3648 -168 -1136) (288 -168 -1136) (288 -168 -1144) 
4 312 975 (2480 -336 -1136) (2736 -336 -1136) (2736 -336 -152) (2480 -336 -152) 
4 312 964 (2736 -336 -152) (2736 -336 -144) (2480 -336 -144) (2480 -336 -152) 
4 312 318 (2736 -336 -1136) (2480 -336 -1136) (2480 -168 -1136) (2736 -168 -1136) 
4 313 976 (1368 -336 -1136) (2480 -336 -1136) (2480 -336 -152) (1368 -336 -152) 
4 313 965 (2480 -336 -152) (2480 -336 -144) (1368 -336 -144) (1368 -336 -152) 
4 313 315 (1368 -168 -464) (1368 -168 -1136) (1368 -336 -1136) (1368 -336 -464) 
4 314 316 (472 -168 -304) (472 -168 -464) (472 -336 -464) (472 -336 -304) 
4 314 315 (472 -336 -464) (472 -168 -464) (480 -168 -464) (480 -336 -464) 
4 315 983 (472 -336 -1136) (480 -336 -1136) (480 -336 -544) (472 -336 -544) 
4 315 979 (480 -336 -1136) (1368 -336 -1136) (1368 -336 -464) (480 -336 -464) 
4 315 316 (472 -168 -464) (472 -168 -1136) (472 -336 -1136) (472 -336 -464) 
4 316 986 (296 -336 -1136) (304 -336 -1136) (304 -336 -544) (296 -336 -544) 
4 316 983 (304 -336 -1136) (472 -336 -1136) (472 -336 -544) (304 -336 -544) 
4 316 317 (296 -168 -256) (296 -168 -1136) (296 -336 -1136) (296 -336 -256) 
4 317 986 (288 -336 -544) (288 -336 -1136) (296 -336 -1136) (296 -336 -544) 
4 317 985 (288 -336 -144) (288 -336 -256) (296 -336 -256) (296 -336 -144) 
4 317 378 (288 -336 -1136) (288 -336 -696) (288 -168 -696) (288 -168 -1136) 
4 318 993 (288 -336 -1136) (288 -336 -1144) (304 -336 -1144) (304 -336 -1136) 
4 318 984 (304 -336 -1144) (480 -336 -1144) (480 -336 -1136) (304 -336 -1136) 
4 318 980 (480 -336 -1144) (3648 -336 -1144) (3648 -336 -1136) (480 -336 -1136) 
4 318 379 (288 -336 -1144) (288 -336 -1136) (288 -168 -1136) (288 -168 -1144) 
4 319 419 (-320 784 1168) (-320 784 1159.2138976801866) (-320 528 1159.2138976801866) (-320 528 1168) 
4 319 321 (288 528 1159.2138976801866) (-320 528 1159.2138976801866) (-320 784 1159.2138976801866) (288 784 1159.2138976801866) 
4 320 420 (-320 2567.03247312972 1151.2138976801866) (-320 784 1151.2138976801866) (-320 784 1159.2138976801866) (-320 2567.03247312972 1159.2138976801866) 
4 320 321 (-320 784 1151.2138976801866) (288 784 1151.2138976801866) (288 784 1159.2138976801866) (-320 784 1159.2138976801866) 
4 321 421 (-320 784 1151.2138976801866) (-320 528 1151.2138976801866) (-320 528 1159.2138976801866) (-320 784 1159.2138976801866) 
4 321 323 (-320 528 1151.2138976801866) (-320 784 1151.2138976801866) (288 784 1151.2138976801866) (288 528 1151.2138976801866) 
4 321 322 (-320 528 1159.2138976801866) (-320 528 1151.2138976801866) (288 528 1151.2138976801866) (288 528 1159.2138976801866) 
4 322 422 (-320 528 1159.2138976801866) (-320 528 1151.2138976801866) (-320 248 1151.2138976801866) (-320 248 1159.2138976801866) 
4 322 329 (-320 248 1159.2138976801866) (-320 248 1151.2138976801866) (288 248 1151.2138976801866) (288 248 1159.2138976801866) 
4 323 435 (-320 784 -1136) (-320 528 -1136) (-320 528 192) (-320 784 192) 
4 323 423 (-320 528 192) (-320 528 1151.2138976801866) (-320 784 1151.2138976801866) (-320 784 192) 
4 323 328 (-320 528 -1136) (-320 784 -1136) (288 784 -1136) (288 528 -1136) 
4 324 338 (-128 248 -1136) (288 248 -1136) (288 248 -696) (-128 248 -696) 
4 324 330 (288 248 -0) (288 248 1151.2138976801866) (-128 248 1151.2138976801866) (-128 248 -0) 
4 324 327 (-128 264 -1136) (-128 248 -1136) (-128 248 -696) (-128 264 -696) 
4 324 326 (-128 248 -0) (-128 248 1151.2138976801866) (-128 264 1151.2138976801866) (-128 264 -0) 
4 324 325 (-128 528 1151.2138976801866) (-128 528 -1136) (-128 264 -1136) (-128 264 1151.2138976801866) 
4 325 436 (-320 528 -1136) (-320 264 -1136) (-320 264 192) (-320 528 192) 
4 325 424 (-320 264 192) (-320 264 1151.2138976801866) (-320 528 1151.2138976801866) (-320 528 192) 
4 325 327 (-320 264 -1136) (-128 264 -1136) (-128 264 -696) (-320 264 -696) 
4 325 326 (-128 264 -0) (-128 264 1151.2138976801866) (-320 264 1151.2138976801866) (-320 264 -0) 
4 326 424 (-320 248 192) (-320 248 1151.2138976801866) (-320 264 1151.2138976801866) (-320 264 192) 
4 326 330 (-320 248 1151.2138976801866) (-320 248 -0) (-128 248 -0) (-128 248 1151.2138976801866) 
4 327 437 (-320 264 -1136) (-320 248 -1136) (-320 248 -696) (-320 264 -696) 
4 327 359 (-320 248 -696) (-320 248 -1136) (-144 248 -1136) (-144 248 -696) 
4 327 338 (-144 248 -1136) (-128 248 -1136) (-128 248 -696) (-144 248 -696) 
4 328 441 (-320 248 -1144) (-320 248 -1136) (-320 2576 -1136) (-320 2576 -1144) 
4 328 360 (-320 248 -1136) (-320 248 -1144) (-144 248 -1144) (-144 248 -1136) 
4 328 339 (-144 248 -1144) (288 248 -1144) (288 248 -1136) (-144 248 -1136) 
4 329 442 (-320 248 1159.2138976801866) (-320 248 1151.2138976801866) (-320 64 1151.2138976801866) (-320 64 1159.2138976801866) 
4 329 331 (-320 64 1159.2138976801866) (-320 64 1151.2138976801866) (288 64 1151.2138976801866) (288 64 1159.2138976801866) 
4 330 443 (-320 248 1151.2138976801866) (-320 248 192) (-320 64 192) (-320 64 1151.2138976801866) 
4 330 333 (-320 64 160) (-320 64 64) (288 64 64) (288 64 160) 
4 330 332 (-320 64 1151.2138976801866) (-320 64 192) (288 64 192) (288 64 1151.2138976801866) 
4 331 543 (-320 64 1159.2138976801866) (-320 64 1151.2138976801866) (-320 48 1151.2138976801866) (-320 48 1159.2138976801866) 
4 331 375 (-320 48 1159.2138976801866) (-320 48 1151.2138976801866) (288 48 1151.2138976801866) (288 48 1159.2138976801866) 
4 332 544 (-320 64 1151.2138976801866) (-320 64 192) (-320 48 192) (-320 48 1151.2138976801866) 
4 332 376 (-320 48 1151.2138976801866) (-320 48 192) (288 48 192) (288 48 1151.2138976801866) 
4 333 377 (-320 48 160) (-320 48 64) (288 48 64) (288 48 160) 
4 334 347 (-248 224 -80) (-248 104 -80) (-256 104 -80) (-256 224 -80) 
4 334 344 (-256 248 -80) (-248 248 -80) (-248 224 -80) (-256 224 -80) 
4 334 343 (-248 248 -80) (-192 248 -80) (-192 104 -80) (-248 104 -80) 
4 334 341 (-192 248 -80) (-168 248 -80) (-168 104 -80) (-192 104 -80) 
4 334 340 (-168 248 -80) (-144 248 -80) (-144 104 -80) (-168 104 -80) 
4 334 337 (-256 104 -80) (-144 104 -80) (-144 104 -8) (-256 104 -8) 
4 334 335 (-256 248 -80) (-256 128 -80) (-256 128 -8) (-256 248 -8) 
4 335 348 (-256 224 -80) (-256 128 -80) (-280 128 -80) (-280 224 -80) 
4 335 344 (-280 248 -80) (-256 248 -80) (-256 224 -80) (-280 224 -80) 
4 335 336 (-280 248 -80) (-280 128 -80) (-280 128 -8) (-280 248 -8) 
4 336 358 (-320 104 -80) (-320 112 -80) (-288 112 -80) (-288 104 -80) 
4 336 355 (-320 112 -80) (-320 136 -80) (-288 136 -80) (-288 112 -80) 
4 336 354 (-320 136 -80) (-320 248 -80) (-312 248 -80) (-312 136 -80) 
4 336 351 (-312 248 -80) (-288 248 -80) (-288 136 -80) (-312 136 -80) 
4 336 350 (-280 224 -80) (-280 104 -80) (-288 104 -80) (-288 224 -80) 
4 336 344 (-288 248 -80) (-280 248 -80) (-280 224 -80) (-288 224 -80) 
4 336 337 (-320 104 -80) (-280 104 -80) (-280 104 -8) (-320 104 -8) 
4 337 358 (-320 64 -80) (-320 104 -80) (-288 104 -80) (-288 64 -80) 
4 337 350 (-288 104 -80) (-280 104 -80) (-280 64 -80) (-288 64 -80) 
4 337 349 (-280 104 -80) (-256 104 -80) (-256 64 -80) (-280 64 -80) 
4 337 347 (-256 104 -80) (-248 104 -80) (-248 64 -80) (-256 64 -80) 
4 337 343 (-248 104 -80) (-192 104 -80) (-192 64 -80) (-248 64 -80) 
4 337 341 (-192 104 -80) (-168 104 -80) (-168 64 -80) (-192 64 -80) 
4 337 340 (-168 104 -80) (-144 104 -80) (-144 64 -80) (-168 64 -80) 
4 338 378 (288 48 -1136) (288 48 -696) (-144 48 -696) (-144 48 -1136) 
4 338 373 (-144 48 -1136) (-144 48 -696) (-144 64 -696) (-144 64 -1136) 
4 338 359 (-144 64 -696) (-144 248 -696) (-144 248 -1136) (-144 64 -1136) 
4 339 379 (288 48 -1144) (288 48 -1136) (-144 48 -1136) (-144 48 -1144) 
4 339 374 (-144 48 -1144) (-144 48 -1136) (-144 64 -1136) (-144 64 -1144) 
4 339 360 (-144 64 -1136) (-144 248 -1136) (-144 248 -1144) (-144 64 -1144) 
4 340 372 (-144 64 -688) (-144 64 -272) (-168 64 -272) (-168 64 -688) 
4 340 361 (-152 64 -80) (-168 64 -80) (-168 64 -256) (-152 64 -256) 
4 340 342 (-168 248 -688) (-168 64 -688) (-168 64 -208) (-168 248 -208) 
4 340 341 (-168 64 -184) (-168 64 -80) (-168 248 -80) (-168 248 -184) 
4 341 362 (-168 64 -80) (-192 64 -80) (-192 64 -184) (-168 64 -184) 
4 341 343 (-192 64 -184) (-192 64 -80) (-192 248 -80) (-192 248 -184) 
4 342 372 (-192 64 -272) (-192 64 -688) (-168 64 -688) (-168 64 -272) 
4 342 363 (-192 64 -208) (-192 64 -256) (-168 64 -256) (-168 64 -208) 
4 342 343 (-192 248 -688) (-192 64 -688) (-192 64 -208) (-192 248 -208) 
4 343 372 (-248 64 -272) (-248 64 -688) (-192 64 -688) (-192 64 -272) 
4 343 366 (-232 64 -80) (-240 64 -80) (-240 64 -256) (-232 64 -256) 
4 343 365 (-216 64 -80) (-224 64 -80) (-224 64 -256) (-216 64 -256) 
4 343 364 (-192 64 -80) (-208 64 -80) (-208 64 -256) (-192 64 -256) 
4 343 347 (-248 224 -688) (-248 64 -688) (-248 64 -80) (-248 224 -80) 
4 343 345 (-248 224 -192) (-248 224 -176) (-248 248 -176) (-248 248 -192) 
4 343 344 (-248 224 -176) (-248 224 -80) (-248 248 -80) (-248 248 -176) 
4 344 351 (-288 224 -176) (-288 224 -80) (-288 248 -80) (-288 248 -176) 
4 344 350 (-288 224 -80) (-288 224 -176) (-280 224 -176) (-280 224 -80) 
4 344 348 (-280 224 -176) (-256 224 -176) (-256 224 -80) (-280 224 -80) 
4 344 347 (-256 224 -176) (-248 224 -176) (-248 224 -80) (-256 224 -80) 
4 344 345 (-248 224 -176) (-263.99999999999994 224 -176) (-264 248 -176) (-248 248 -176) 
3 345 348 (-256 224 -176) (-263.99999999999994 224 -176) (-256 224 -183.99999999999997) 
4 345 347 (-248 224 -192) (-248 224 -176) (-256 224 -176) (-256 224 -183.99999999999997) 
4 346 353 (-288 248 -688) (-288 224 -688) (-288 224 -200) (-288 248 -200) 
4 346 350 (-288 224 -200) (-288 224 -688) (-280 224 -688) (-280 224 -200) 
4 346 348 (-280 224 -688) (-272 224 -688) (-272 224 -200) (-280 224 -200) 
4 347 372 (-256 64 -272) (-256 64 -688) (-248 64 -688) (-248 64 -272) 
4 347 367 (-248 64 -80) (-256 64 -80) (-256 64 -256) (-248 64 -256) 
4 347 349 (-256 104 -688) (-256 64 -688) (-256 64 -80) (-256 104 -80) 
4 347 348 (-256 224 -80) (-256 224 -688) (-256 128 -688) (-256 128 -80) 
4 348 350 (-280 224 -80) (-280 224 -688) (-280 128 -688) (-280 128 -80) 
4 349 372 (-280 64 -272) (-280 64 -688) (-256 64 -688) (-256 64 -272) 
4 349 368 (-264 64 -80) (-272 64 -80) (-272 64 -256) (-264 64 -256) 
4 349 350 (-280 104 -688) (-280 64 -688) (-280 64 -80) (-280 104 -80) 
4 350 372 (-288 64 -272) (-288 64 -688) (-280 64 -688) (-280 64 -272) 
4 350 369 (-280 64 -80) (-288 64 -80) (-288 64 -256) (-280 64 -256) 
4 350 358 (-288 112 -688) (-288 64 -688) (-288 64 -80) (-288 112 -80) 
4 350 357 (-288 136 -688) (-288 112 -688) (-288 112 -200) (-288 136 -200) 
4 350 356 (-288 112 -200) (-288 112 -176) (-288 128.00000000000003 -176) (-288 128.00000000000003 -200) 
4 350 355 (-288 112 -176) (-288 112 -80) (-288 136 -80) (-288 136 -176) 
4 350 353 (-288 224 -688) (-288 136 -688) (-288 136 -200) (-288 224 -200) 
4 350 351 (-288 136 -176) (-288 136 -80) (-288 224 -80) (-288 224 -176) 
4 351 355 (-288 136 -176) (-288 136 -80) (-312 136 -80) (-312 136 -176) 
4 351 354 (-312 136 -176) (-312 136 -80) (-312 248 -80) (-312 248 -176) 
3 351 352 (-312 231.99999999999994 -176) (-312 248 -176) (-296 248 -176) 
4 352 354 (-312 231.99999999999994 -176) (-312 248 -176) (-312 248 -200) (-312 231.99999999999994 -200) 
3 352 353 (-312 231.99999999999994 -200) (-312 248 -200) (-296 248 -200) 
4 353 357 (-312 136 -688) (-288 136 -688) (-288 136 -200) (-312 136 -200) 
4 353 354 (-312 248 -688) (-312 136 -688) (-312 136 -200) (-312 248 -200) 
4 354 458 (-320 248 -272) (-320 248 -688) (-320 136 -688) (-320 136 -272) 
4 354 453 (-320 152 -256) (-320 136 -256) (-320 136 -176) (-320 152 -176) 
4 354 452 (-320 136 -176) (-320 136 -112) (-320 152 -112) (-320 152 -176) 
4 354 451 (-320 136 -104) (-320 136 -96) (-320 152 -96) (-320 152 -104) 
4 354 450 (-320 136 -88) (-320 136 -80) (-320 152 -80) (-320 152 -88) 
4 354 449 (-320 168 -256) (-320 160 -256) (-320 160 -80) (-320 168 -80) 
4 354 448 (-320 184 -256) (-320 176 -256) (-320 176 -80) (-320 184 -80) 
4 354 447 (-320 200 -256) (-320 192 -256) (-320 192 -80) (-320 200 -80) 
4 354 446 (-320 216 -256) (-320 208 -256) (-320 208 -80) (-320 216 -80) 
4 354 445 (-320 232 -256) (-320 224 -256) (-320 224 -80) (-320 232 -80) 
4 354 444 (-320 248 -80) (-320 248 -256) (-320 240 -256) (-320 240 -80) 
4 354 357 (-320 136 -688) (-312 136 -688) (-312 136 -200) (-320 136 -200) 
4 354 355 (-312 136 -176) (-312 136 -80) (-320 136 -80) (-320 136 -176) 
4 355 452 (-320 112 -176) (-320 112 -112) (-320 136 -112) (-320 136 -176) 
4 355 451 (-320 112 -104) (-320 112 -96) (-320 136 -96) (-320 136 -104) 
4 355 450 (-320 112 -88) (-320 112 -80) (-320 136 -80) (-320 136 -88) 
4 355 358 (-288 112 -176) (-288 112 -80) (-320 112 -80) (-320 112 -176) 
3 355 356 (-288 112 -176) (-304.00000000000006 112 -176) (-288 128.00000000000003 -176) 
4 356 358 (-288 112 -200) (-288 112 -176) (-304.00000000000006 112 -176) (-304.00000000000006 112 -200) 
3 356 357 (-288 112 -200) (-304.00000000000006 112 -200) (-288 128.00000000000003 -200) 
4 357 458 (-320 136 -688) (-320 112 -688) (-320 112 -272) (-320 136 -272) 
4 357 454 (-320 112 -256) (-320 112 -200) (-320 136 -200) (-320 136 -256) 
4 357 358 (-320 112 -688) (-288 112 -688) (-288 112 -200) (-320 112 -200) 
4 358 458 (-320 112 -688) (-320 64 -688) (-320 64 -272) (-320 112 -272) 
4 358 457 (-320 64 -256) (-320 64 -80) (-320 72 -80) (-320 72 -256) 
4 358 456 (-320 80 -80) (-320 88 -80) (-320 88 -256) (-320 80 -256) 
4 358 455 (-320 112 -176) (-320 112 -256) (-320 96 -256) (-320 96 -176) 
4 358 452 (-320 112 -112) (-320 112 -176) (-320 96 -176) (-320 96 -112) 
4 358 451 (-320 112 -96) (-320 112 -104) (-320 96 -104) (-320 96 -96) 
4 358 450 (-320 96 -80) (-320 112 -80) (-320 112 -88) (-320 96 -88) 
4 358 372 (-320 64 -272) (-320 64 -688) (-288 64 -688) (-288 64 -272) 
4 358 371 (-312 64 -80) (-320 64 -80) (-320 64 -256) (-312 64 -256) 
4 358 370 (-296 64 -80) (-304 64 -80) (-304 64 -256) (-296 64 -256) 
4 359 459 (-320 248 -696) (-320 248 -1136) (-320 64 -1136) (-320 64 -696) 
4 359 373 (-144 64 -1136) (-144 64 -696) (-320 64 -696) (-320 64 -1136) 
4 360 460 (-320 248 -1136) (-320 248 -1144) (-320 64 -1144) (-320 64 -1136) 
4 360 374 (-144 64 -1144) (-144 64 -1136) (-320 64 -1136) (-320 64 -1144) 
4 361 381 (-168 48 -256) (-152 48 -256) (-152 48 -184) (-168 48 -184) 
4 361 380 (-152 48 -184) (-152 48 -80) (-168 48 -80) (-168 48 -184) 
4 361 363 (-168 64 -208) (-168 64 -256) (-168 48 -256) (-168 48 -208) 
4 361 362 (-168 64 -80) (-168 64 -184) (-168 48 -184) (-168 48 -80) 
4 362 380 (-168 48 -184) (-168 48 -80) (-192 48 -80) (-192 48 -184) 
4 362 364 (-192 64 -80) (-192 64 -184) (-192 48 -184) (-192 48 -80) 
4 363 383 (-192 48 -256) (-168 48 -256) (-168 48 -208) (-192 48 -208) 
4 363 364 (-192 64 -208) (-192 64 -256) (-192 48 -256) (-192 48 -208) 
4 364 384 (-208 48 -256) (-192 48 -256) (-192 48 -184) (-208 48 -184) 
4 364 380 (-192 48 -184) (-192 48 -80) (-208 48 -80) (-208 48 -184) 
4 365 384 (-224 48 -256) (-216 48 -256) (-216 48 -184) (-224 48 -184) 
4 365 380 (-216 48 -184) (-216 48 -80) (-224 48 -80) (-224 48 -184) 
4 366 384 (-240 48 -256) (-232 48 -256) (-232 48 -184) (-240 48 -184) 
4 366 380 (-232 48 -184) (-232 48 -80) (-240 48 -80) (-240 48 -184) 
4 367 384 (-256 48 -256) (-248 48 -256) (-248 48 -184) (-256 48 -184) 
4 367 380 (-248 48 -184) (-248 48 -80) (-256 48 -80) (-256 48 -184) 
4 368 384 (-272 48 -256) (-264 48 -256) (-264 48 -184) (-272 48 -184) 
4 368 380 (-264 48 -184) (-264 48 -80) (-272 48 -80) (-272 48 -184) 
4 369 384 (-288 48 -256) (-280 48 -256) (-280 48 -184) (-288 48 -184) 
4 369 380 (-280 48 -184) (-280 48 -80) (-288 48 -80) (-288 48 -184) 
4 370 384 (-304 48 -256) (-296 48 -256) (-296 48 -184) (-304 48 -184) 
4 370 380 (-296 48 -184) (-296 48 -80) (-304 48 -80) (-304 48 -184) 
4 371 384 (-320 48 -184) (-320 48 -256) (-312 48 -256) (-312 48 -184) 
4 371 380 (-320 48 -80) (-320 48 -184) (-312 48 -184) (-312 48 -80) 
4 372 384 (-320 48 -272) (-320 48 -688) (-192 48 -688) (-192 48 -272) 
4 372 383 (-192 48 -688) (-168 48 -688) (-168 48 -272) (-192 48 -272) 
4 372 381 (-168 48 -688) (-144 48 -688) (-144 48 -272) (-168 48 -272) 
4 373 551 (-320 48 -1136) (-320 48 -696) (-320 64 -696) (-320 64 -1136) 
4 373 417 (-320 48 -696) (-320 48 -1136) (-144 48 -1136) (-144 48 -696) 
4 374 552 (-320 48 -1144) (-320 48 -1136) (-320 64 -1136) (-320 64 -1144) 
4 374 418 (-320 48 -1136) (-320 48 -1144) (-144 48 -1144) (-144 48 -1136) 
4 375 837 (-320 -336 1159.2138976801866) (-320 -336 1151.2138976801866) (288 -336 1151.2138976801866) (288 -336 1159.2138976801866) 
4 375 543 (-320 48 1159.2138976801866) (-320 48 1151.2138976801866) (-320 -336 1151.2138976801866) (-320 -336 1159.2138976801866) 
4 376 838 (-320 -336 1151.2138976801866) (-320 -336 216) (288 -336 216) (288 -336 1151.2138976801866) 
4 376 544 (-320 48 1151.2138976801866) (-320 48 192) (-320 -336 192) (-320 -336 1151.2138976801866) 
4 377 548 (-320 -0 16) (-320 -80 16) (-320 -80 128) (-320 0 128) 
4 378 989 (288 -336 -1136) (288 -336 -696) (-144 -336 -696) (-144 -336 -1136) 
4 378 417 (-144 -336 -1136) (-144 -336 -696) (-144 48 -696) (-144 48 -1136) 
4 379 993 (288 -336 -1144) (288 -336 -1136) (-144 -336 -1136) (-144 -336 -1144) 
4 379 418 (-144 -336 -1144) (-144 -336 -1136) (-144 48 -1136) (-144 48 -1144) 
4 380 389 (-296 0 -8) (-320 0 -8) (-320 0 -184) (-296 0 -184) 
4 380 388 (-168 0 -8) (-296 0 -8) (-296 0 -184) (-168 0 -184) 
4 380 387 (-144 0 -184) (-144 0 -8) (-168 0 -8) (-168 0 -184) 
3 380 385 (-320 7.999999999999986 -184) (-320 24 -184) (-304 24 -184) 
4 380 384 (-320 24 -184) (-320 48 -184) (-192 48 -184) (-192 24 -184) 
3 380 382 (-168 0 -184) (-184 0 -184) (-168 16.000000000000014 -184) 
4 380 381 (-144 0 -184) (-168 0 -184) (-168 48 -184) (-144 48 -184) 
4 381 387 (-168 0 -688) (-144 0 -688) (-144 0 -184) (-168 0 -184) 
4 381 383 (-168 48 -688) (-168 0 -688) (-168 0 -208) (-168 48 -208) 
4 381 382 (-168 0 -208) (-168 -0 -184) (-168 16.000000000000014 -184) (-168 16.000000000000014 -208) 
4 382 388 (-168 0 -208) (-168 0 -184) (-184 0 -184) (-184 0 -208) 
3 382 383 (-168 16.000000000000014 -208) (-168 -0 -208) (-184 0 -208) 
4 383 388 (-192 0 -688) (-168 0 -688) (-168 0 -208) (-192 0 -208) 
4 383 386 (-192 24 -688) (-192 0 -688) (-192 0 -208) (-192 24 -208) 
4 383 384 (-192 48 -688) (-192 24 -688) (-192 24 -208) (-192 48 -208) 
4 384 386 (-320 24 -688) (-192 24 -688) (-192 24 -208) (-320 24 -208) 
4 384 385 (-304 24 -184) (-320 24 -184) (-320 24 -208) (-304 24 -208) 
3 385 386 (-320 24 -208) (-304 24 -208) (-320 7.999999999999986 -208) 
4 386 393 (-320 0 -688) (-296 0 -688) (-296 0 -224) (-320 0 -224) 
4 386 391 (-296 0 -224) (-296 0 -208) (-320 0 -208) (-320 0 -224) 
4 386 388 (-296 0 -688) (-192 0 -688) (-192 0 -208) (-296 0 -208) 
4 387 388 (-168 -80 -8) (-168 -0 -8) (-168 0 -688) (-168 -80 -688) 
4 388 408 (-296 -104 -688) (-176 -104 -688) (-176 -104 -232) (-296 -104 -232) 
4 388 404 (-176 -104 -688) (-168 -104 -688) (-168 -104 -248) (-176 -104 -248) 
4 388 402 (-168 -104 -248) (-168 -104 -232) (-176 -104 -232) (-176 -104 -248) 
4 388 397 (-168 -104 -232) (-168 -104 -8) (-296 -104 -8) (-296 -104 -232) 
4 388 394 (-296 -96 -688) (-296 -104 -688) (-296 -104 -224) (-296 -96 -224) 
4 388 393 (-296 0 -224) (-296 0 -688) (-296 -72 -688) (-296 -72 -224) 
4 388 392 (-296 -96 -224) (-296 -104 -224) (-296 -104 -200) (-296 -96 -200) 
3 388 391 (-296 0 -207.99999999999997) (-296 0 -224) (-296 -32.00000000000002 -224) 
3 388 390 (-296 -96 -216) (-296 -96 -200) (-296 -80.00000000000001 -200) 
5 388 389 (-296 0 -8) (-296 0 -184) (-296 -32.00000000000003 -200) (-296 -104 -200) (-296 -104 -8) 
4 389 397 (-296 -104 -200) (-296 -104 -8) (-320 -104 -8) (-320 -104 -200) 
4 389 392 (-296 -96 -200) (-296 -104 -200) (-320 -104 -200) (-320 -96 -200) 
4 389 390 (-296 -80.00000000000001 -200) (-296 -96 -200) (-320 -96 -200) (-320 -80.00000000000001 -200) 
4 390 392 (-296 -96 -216) (-296 -96 -200) (-320 -96 -200) (-320 -96 -216) 
4 391 393 (-320 0 -224) (-296 -0 -224) (-296 -32.00000000000002 -224) (-320 -32.00000000000003 -224) 
4 392 397 (-296 -104 -224) (-296 -104 -200) (-320 -104 -200) (-320 -104 -224) 
4 392 394 (-296 -96 -224) (-296 -104 -224) (-320 -104 -224) (-320 -96 -224) 
4 394 408 (-320 -104 -688) (-296 -104 -688) (-296 -104 -232) (-320 -104 -232) 
4 394 397 (-296 -104 -232) (-296 -104 -224) (-320 -104 -224) (-320 -104 -232) 
4 395 401 (-168 -336 -200) (-168 -336 -8) (-168 -272 -8) (-168 -272 -200) 
4 395 400 (-168 -272 -8) (-168 -192 -8) (-168 -192 -200) (-168 -272 -200) 
4 395 398 (-168 -192 -8) (-168 -168 -8) (-168 -168 -200) (-168 -192 -200) 
4 395 397 (-168 -168 -8) (-168 -104 -8) (-168 -104 -200) (-168 -168 -200) 
4 396 402 (-168 -104 -232) (-144 -104 -232) (-144 -272 -232) (-168 -272 -232) 
4 396 400 (-168 -192 -232) (-168 -272 -232) (-168 -272 -224) (-168 -192 -224) 
4 396 399 (-168 -168 -232) (-168 -192 -232) (-168 -192 -224) (-168 -168 -224) 
4 396 397 (-168 -104 -232) (-168 -168 -232) (-168 -168 -224) (-168 -104 -224) 
4 397 408 (-320 -168 -232) (-320 -104 -232) (-176 -104 -232) (-176 -168 -232) 
4 397 402 (-176 -104 -232) (-168 -104 -232) (-168 -168 -232) (-176 -168 -232) 
3 397 399 (-186.00000000000003 -168 -232) (-168 -168 -232) (-168 -168 -223.99999999999997) 
5 397 398 (-320 -168 -232) (-240.00000000000003 -168 -232) (-168 -168 -199.99999999999997) (-168 -168 -8) (-320 -168 -8) 
5 398 400 (-320 -192 -232) (-240.00000000000003 -192 -232) (-168 -192 -199.99999999999997) (-168 -192 -8) (-320 -192 -8) 
4 399 409 (-186.00000000000003 -168 -232) (-176 -168 -232) (-176 -192 -232) (-186.00000000000006 -192 -232) 
4 399 402 (-176 -168 -232) (-168 -168 -232) (-168 -192 -232) (-176 -192 -232) 
3 399 400 (-186.00000000000003 -192 -232) (-168 -192 -232) (-168 -192 -223.99999999999997) 
4 400 416 (-320 -272 -232) (-320 -192 -232) (-200 -192 -232) (-200 -272 -232) 
4 400 411 (-200 -192 -232) (-176 -192 -232) (-176 -272 -232) (-200 -272 -232) 
4 400 402 (-176 -192 -232) (-168 -192 -232) (-168 -272 -232) (-176 -272 -232) 
5 400 401 (-168 -272 -200) (-168 -272 -8) (-320 -272 -8) (-320 -272 -224) (-200 -272 -224) 
4 401 553 (-320 -336 -224) (-320 -336 -8) (-320 -272 -8) (-320 -272 -224) 
4 402 413 (-176 -312 -232) (-176 -304 -232) (-176 -304 -248) (-176 -312 -248) 
4 402 411 (-176 -280 -232) (-176 -192 -232) (-176 -192 -248) (-176 -280 -248) 
4 402 409 (-176 -192 -232) (-176 -168 -232) (-176 -168 -248) (-176 -192 -248) 
4 402 408 (-176 -168 -232) (-176 -104 -232) (-176 -104 -248) (-176 -168 -248) 
4 402 406 (-176 -312 -248) (-176 -304 -248) (-152 -304 -248) (-152 -312 -248) 
4 402 405 (-168 -280 -248) (-152 -280 -248) (-152 -304 -248) (-168 -304 -248) 
4 402 404 (-176 -280 -248) (-176 -104 -248) (-152 -104 -248) (-152 -280 -248) 
4 402 403 (-152 -104 -248) (-144 -104 -248) (-144 -312 -248) (-152 -312 -248) 
4 403 407 (-152 -312 -272) (-152 -312 -688) (-144 -312 -688) (-144 -312 -272) 
4 403 406 (-152 -312 -688) (-152 -312 -248) (-152 -304 -248) (-152 -304 -688) 
4 403 405 (-152 -304 -248) (-152 -280 -248) (-152 -280 -264) (-152 -304 -263.99999999999994) 
4 403 404 (-152 -280 -248) (-152 -104 -248) (-152 -104 -688) (-152 -280 -688) 
4 404 415 (-176 -192 -688) (-176 -280 -688) (-176 -280 -272) (-176 -192 -272) 
4 404 411 (-176 -280 -272) (-176 -280 -248) (-176 -192 -248) (-176 -192 -272) 
4 404 410 (-176 -168 -688) (-176 -192 -688) (-176 -192 -256) (-176 -168 -256) 
4 404 409 (-176 -192 -256) (-176 -192 -248) (-176 -168 -248) (-176 -168 -256) 
4 404 408 (-176 -104 -248) (-176 -104 -688) (-176 -168 -688) (-176 -168 -248) 
3 404 405 (-152 -280 -263.99999999999994) (-152 -280 -248) (-168 -280 -248) 
3 405 406 (-152 -304 -263.99999999999994) (-152 -304 -248) (-168 -304 -248) 
4 406 415 (-176 -304 -688) (-176 -312 -688) (-176 -312 -272) (-176 -304 -272) 
4 406 413 (-176 -312 -272) (-176 -312 -248) (-176 -304 -248) (-176 -304 -272) 
4 406 407 (-176 -312 -272) (-176 -312 -688) (-152 -312 -688) (-152 -312 -272) 
4 407 415 (-176 -312 -688) (-176 -336 -688) (-176 -336 -272) (-176 -312 -272) 
4 408 410 (-320 -168 -688) (-176 -168 -688) (-176 -168 -256) (-320 -168 -256) 
4 408 409 (-176 -168 -256) (-176 -168 -232) (-186.00000000000003 -168 -232) (-240 -168 -256) 
3 409 416 (-200 -192 -238.2222222222222) (-240 -192 -256) (-200 -192 -256) 
5 409 411 (-176 -192 -256) (-176 -192 -232) (-186.00000000000003 -192 -232) (-200 -192 -238.2222222222222) (-200 -192 -256) 
4 409 410 (-176 -192 -256) (-240 -192 -256) (-240 -168 -256) (-176 -168 -256) 
4 410 416 (-320 -192 -688) (-200 -192 -688) (-200 -192 -256) (-320 -192 -256) 
4 410 415 (-200 -192 -688) (-176 -192 -688) (-176 -192 -272) (-200 -192 -272) 
4 410 411 (-176 -192 -272) (-176 -192 -256) (-200 -192 -256) (-200 -192 -272) 
4 411 416 (-200 -192 -232) (-200 -192 -272) (-200 -280 -272) (-200 -280 -232) 
4 411 415 (-200 -280 -272) (-200 -192 -272) (-176 -192 -272) (-176 -280 -272) 
3 411 412 (-200 -280 -256) (-200 -280 -272) (-184.00000000000006 -280 -272) 
4 412 416 (-200 -280 -272) (-200 -304 -272) (-200 -304 -256.00000000000006) (-200 -280 -256) 
4 412 415 (-200 -304 -272) (-200 -280 -272) (-184.00000000000006 -280 -272) (-184.00000000000006 -304 -272) 
3 412 413 (-200 -304 -256) (-200 -304 -272) (-184.00000000000006 -304 -272) 
4 413 416 (-200 -304 -272) (-200 -312 -272) (-200 -312 -232) (-200 -304 -232) 
4 413 415 (-200 -312 -272) (-200 -304 -272) (-176 -304 -272) (-176 -312 -272) 
3 413 414 (-200 -312 -256) (-200 -312 -272) (-184.00000000000006 -312 -272) 
4 414 416 (-200 -312 -272) (-200 -336 -272) (-200 -336 -256.00000000000006) (-200 -312 -256) 
4 414 415 (-200 -336 -272) (-200 -312 -272) (-184.00000000000006 -312 -272) (-184.00000000000006 -336 -272) 
4 415 416 (-200 -192 -272) (-200 -192 -688) (-200 -336 -688) (-200 -336 -272) 
4 416 554 (-320 -272 -688) (-320 -336 -688) (-320 -336 -232) (-320 -272 -232) 
4 417 989 (-320 -336 -696) (-320 -336 -1136) (-144 -336 -1136) (-144 -336 -696) 
4 417 555 (-320 48 -696) (-320 48 -1136) (-320 -336 -1136) (-320 -336 -696) 
4 418 993 (-320 -336 -1136) (-320 -336 -1144) (-144 -336 -1144) (-144 -336 -1136) 
4 418 556 (-320 48 -1136) (-320 48 -1144) (-320 -336 -1144) (-320 -336 -1136) 
4 419 430 (-2304 784 1168) (-2304 784 1159.2138976801866) (-2304 528 1159.2138976801866) (-2304 528 1168) 
4 419 421 (-320 528 1159.2138976801866) (-2304 528 1159.2138976801866) (-2304 784 1159.2138976801866) (-320 784 1159.2138976801866) 
4 420 432 (-2304 2560 1151.2138976801866) (-2304 784 1151.2138976801866) (-2304 784 1159.2138976801866) (-2304 2560 1159.2138976801866) 
4 420 431 (-2304 2567.03247312972 1151.2138976801866) (-2304 2560 1151.2138976801866) (-2304 2560 1159.2138976801866) (-2304 2567.03247312972 1159.2138976801866) 
4 420 421 (-2304 784 1151.2138976801866) (-320 784 1151.2138976801866) (-320 784 1159.2138976801866) (-2304 784 1159.2138976801866) 
4 421 432 (-2304 784 1151.2138976801866) (-2304 528 1151.2138976801866) (-2304 528 1159.2138976801866) (-2304 784 1159.2138976801866) 
4 421 423 (-2304 528 1151.2138976801866) (-2304 784 1151.2138976801866) (-320 784 1151.2138976801866) (-320 528 1151.2138976801866) 
4 421 422 (-2304 528 1159.2138976801866) (-2304 528 1151.2138976801866) (-320 528 1151.2138976801866) (-320 528 1159.2138976801866) 
4 422 536 (-2304 248 1159.2138976801866) (-2304 248 1151.2138976801866) (-960 248 1151.2138976801866) (-960 248 1159.2138976801866) 
4 422 530 (-960 248 1151.2138976801866) (-928 248 1151.2138976801866) (-928 248 1159.2138976801866) (-960 248 1159.2138976801866) 
4 422 518 (-928 248 1151.2138976801866) (-736 248 1151.2138976801866) (-736 248 1159.2138976801866) (-928 248 1159.2138976801866) 
4 422 466 (-736 248 1151.2138976801866) (-720 248 1151.2138976801866) (-720 248 1159.2138976801866) (-736 248 1159.2138976801866) 
4 422 461 (-720 248 1151.2138976801866) (-336 248 1151.2138976801866) (-336 248 1159.2138976801866) (-720 248 1159.2138976801866) 
4 422 442 (-336 248 1151.2138976801866) (-320 248 1151.2138976801866) (-320 248 1159.2138976801866) (-336 248 1159.2138976801866) 
4 422 432 (-2304 528 1159.2138976801866) (-2304 528 1151.2138976801866) (-2304 248 1151.2138976801866) (-2304 248 1159.2138976801866) 
4 423 435 (-2304 528 192) (-2304 784 192) (-320 784 192) (-320 528 192) 
4 423 434 (-2304 784 192) (-2304 528 192) (-2304 528 1151.2138976801866) (-2304 784 1151.2138976801866) 
4 424 462 (-472 248 192) (-336 248 192) (-336 248 1151.2138976801866) (-472 248 1151.2138976801866) 
4 424 443 (-336 248 192) (-320 248 192) (-320 248 1151.2138976801866) (-336 248 1151.2138976801866) 
4 424 436 (-472 264 192) (-472 528 192) (-320 528 192) (-320 264 192) 
4 424 427 (-472 248 223.99999999999997) (-472 248 232) (-472 264 232) (-472 264 223.99999999999997) 
4 424 426 (-472 248 232) (-472 248 1151.2138976801866) (-472 264 1151.2138976801866) (-472 264 232) 
4 424 425 (-472 528 1151.2138976801866) (-472 528 192) (-472 264 192) (-472 264 1151.2138976801866) 
4 425 436 (-720 264 192) (-720 528 192) (-472 528 192) (-472 264 192) 
4 425 429 (-720 528 1151.2138976801866) (-720 528 192) (-720 264 192) (-720 264 1151.2138976801866) 
3 425 428 (-720 264 232) (-720 264 224.00000000000009) (-712.0000000000001 264 232) 
3 425 427 (-472 264 223.99999999999997) (-472 264 232) (-480 264 232) 
4 425 426 (-720 264 1151.2138976801866) (-720 264 232) (-472 264 232) (-472 264 1151.2138976801866) 
4 426 463 (-472 248 232) (-472 248 1151.2138976801866) (-720 248 1151.2138976801866) (-720 248 232) 
4 426 429 (-720 248 232) (-720 248 1151.2138976801866) (-720 264 1151.2138976801866) (-720 264 232) 
4 426 428 (-720 248 232) (-720 264 232) (-712.0000000000001 264 232) (-712.0000000000001 248 232) 
4 426 427 (-480 264 232) (-472 264 232) (-472 248 232) (-480 248 232) 
3 427 464 (-472 248 223.99999999999997) (-472 248 232) (-480 248 232) 
3 428 465 (-712.0000000000001 248 232) (-720 248 232) (-720 248 224.00000000000009) 
4 428 429 (-720 248 224.00000000000009) (-720 248 232) (-720 264 232) (-720 264 224.00000000000009) 
4 429 540 (-2304 248 1151.2138976801866) (-2304 248 192) (-960 248 192) (-960 248 1151.2138976801866) 
4 429 532 (-960 248 192) (-928 248 192) (-928 248 216) (-960 248 216) 
4 429 531 (-928 248 216) (-928 248 1151.2138976801866) (-960 248 1151.2138976801866) (-960 248 216) 
4 429 520 (-928 248 192) (-736 248 192) (-736 248 216) (-928 248 216) 
4 429 519 (-736 248 216) (-736 248 1151.2138976801866) (-928 248 1151.2138976801866) (-928 248 216) 
4 429 468 (-736 248 192) (-720 248 192) (-720 248 216) (-736 248 216) 
4 429 467 (-720 248 216) (-720 248 1151.2138976801866) (-736 248 1151.2138976801866) (-736 248 216) 
4 429 439 (-928 248 192) (-2304 248 192) (-2304 264 192) (-928 264 192) 
4 429 436 (-2304 264 192) (-2304 528 192) (-720 528 192) (-720 264 192) 
4 430 537 (-2376 248 1168) (-2376 248 1159.2138976801866) (-2304 248 1159.2138976801866) (-2304 248 1168) 
4 430 433 (-2376 2560 1168) (-2376 2560 1159.2138976801866) (-2376 248 1159.2138976801866) (-2376 248 1168) 
4 430 432 (-2376 248 1159.2138976801866) (-2376 2560 1159.2138976801866) (-2304 2560 1159.2138976801866) (-2304 248 1159.2138976801866) 
4 431 432 (-2304 2560 1159.2138976801866) (-2376 2560 1159.2138976801866) (-2376 2560 1151.2138976801866) (-2304 2560 1151.2138976801866) 
4 432 538 (-2376 248 1159.2138976801866) (-2376 248 1151.2138976801866) (-2304 248 1151.2138976801866) (-2304 248 1159.2138976801866) 
4 432 434 (-2304 2560 1151.2138976801866) (-2304 248 1151.2138976801866) (-2376 248 1151.2138976801866) (-2376 2560 1151.2138976801866) 
4 432 433 (-2376 2560 1151.2138976801866) (-2376 248 1151.2138976801866) (-2376 248 1159.2138976801866) (-2376 2560 1159.2138976801866) 
4 433 539 (-2560 248 1168) (-2560 248 1151.2138976801866) (-2376 248 1151.2138976801866) (-2376 248 1168) 
4 433 434 (-2376 2560 1151.2138976801866) (-2376 248 1151.2138976801866) (-2560 248 1151.2138976801866) (-2560 2560 1151.2138976801866) 
4 434 541 (-2560 248 192) (-2304 248 192) (-2304 248 1151.2138976801866) (-2560 248 1151.2138976801866) 
4 434 440 (-2304 248 192) (-2560 248 192) (-2560 2560 192) (-2304 2560 192) 
4 435 441 (-2304 528 -1136) (-2304 784 -1136) (-320 784 -1136) (-320 528 -1136) 
4 435 440 (-2304 784 -1136) (-2304 528 -1136) (-2304 528 192) (-2304 784 192) 
4 436 439 (-2304 264 192) (-2304 264 -1136) (-928 264 -1136) (-928 264 192) 
4 436 438 (-928 264 -1136) (-912 264 -1136) (-912 264 -120) (-928 264 -120) 
4 436 437 (-912 264 -1136) (-320 264 -1136) (-320 264 -696) (-912 264 -696) 
4 437 527 (-912 248 -1136) (-848 248 -1136) (-848 248 -696) (-912 248 -696) 
4 437 526 (-848 248 -1136) (-744 248 -1136) (-744 248 -696) (-848 248 -696) 
4 437 525 (-744 248 -1136) (-736 248 -1136) (-736 248 -696) (-744 248 -696) 
4 437 516 (-736 248 -1136) (-336 248 -1136) (-336 248 -696) (-736 248 -696) 
4 437 459 (-336 248 -1136) (-320 248 -1136) (-320 248 -696) (-336 248 -696) 
4 437 438 (-912 264 -696) (-912 264 -1136) (-912 248 -1136) (-912 248 -696) 
4 438 528 (-928 248 -1136) (-912 248 -1136) (-912 248 -120) (-928 248 -120) 
4 438 439 (-928 264 -120) (-928 264 -1136) (-928 248 -1136) (-928 248 -120) 
4 439 540 (-2304 248 -1136) (-960 248 -1136) (-960 248 192) (-2304 248 192) 
4 439 535 (-960 248 -1136) (-928 248 -1136) (-928 248 128) (-960 248 128) 
4 439 532 (-928 248 128) (-928 248 192) (-960 248 192) (-960 248 128) 
4 440 541 (-2560 248 -1136) (-2304 248 -1136) (-2304 248 192) (-2560 248 192) 
4 440 441 (-2304 248 -1136) (-2376 248 -1136) (-2376 2560 -1136) (-2304 2560 -1136) 
4 441 542 (-928 248 -1136) (-2376 248 -1136) (-2376 248 -1144) (-928 248 -1144) 
4 441 529 (-736 248 -1136) (-928 248 -1136) (-928 248 -1144) (-736 248 -1144) 
4 441 517 (-336 248 -1136) (-736 248 -1136) (-736 248 -1144) (-336 248 -1144) 
4 441 460 (-320 248 -1144) (-320 248 -1136) (-336 248 -1136) (-336 248 -1144) 
4 442 543 (-336 64 1159.2138976801866) (-336 64 1151.2138976801866) (-320 64 1151.2138976801866) (-320 64 1159.2138976801866) 
4 442 461 (-336 248 1159.2138976801866) (-336 248 1151.2138976801866) (-336 64 1151.2138976801866) (-336 64 1159.2138976801866) 
4 443 544 (-336 64 1151.2138976801866) (-336 64 192) (-320 64 192) (-320 64 1151.2138976801866) 
4 443 462 (-336 248 1151.2138976801866) (-336 248 192) (-336 64 192) (-336 64 1151.2138976801866) 
4 444 476 (-336 248 -80) (-336 248 -256) (-336 240 -256) (-336 240 -80) 
4 445 476 (-336 232 -256) (-336 224 -256) (-336 224 -80) (-336 232 -80) 
4 446 476 (-336 216 -256) (-336 208 -256) (-336 208 -80) (-336 216 -80) 
4 447 476 (-336 200 -256) (-336 192 -256) (-336 192 -80) (-336 200 -80) 
4 448 476 (-336 184 -256) (-336 176 -256) (-336 176 -80) (-336 184 -80) 
4 449 476 (-336 168 -256) (-336 160 -256) (-336 160 -80) (-336 168 -80) 
4 450 479 (-336 96 -88) (-336 96 -80) (-336 112 -80) (-336 112 -88) 
4 450 477 (-336 112 -80) (-336 136 -80) (-336 136 -88) (-336 112 -88) 
4 450 476 (-336 136 -80) (-336 152 -80) (-336 152 -88) (-336 136 -88) 
4 451 479 (-336 96 -104) (-336 96 -96) (-336 112 -96) (-336 112 -104) 
4 451 477 (-336 112 -96) (-336 136 -96) (-336 136 -104) (-336 112 -104) 
4 451 476 (-336 136 -96) (-336 152 -96) (-336 152 -104) (-336 136 -104) 
4 452 479 (-336 96 -176) (-336 96 -112) (-336 112 -112) (-336 112 -176) 
4 452 477 (-336 112 -112) (-336 136 -112) (-336 136 -176) (-336 112 -176) 
4 452 476 (-336 136 -112) (-336 152 -112) (-336 152 -176) (-336 136 -176) 
4 452 455 (-320 96 -176) (-336 96 -176) (-336 112 -176) (-320 112 -176) 
4 452 453 (-336 136 -176) (-336 152 -176) (-320 152 -176) (-320 136 -176) 
4 453 476 (-336 152 -256) (-336 136 -256) (-336 136 -176) (-336 152 -176) 
4 453 454 (-336 136 -256) (-320 136 -256) (-320 136 -200) (-336 136 -200) 
4 454 478 (-336 136 -256) (-336 112 -256) (-336 112 -200) (-336 136 -200) 
4 454 455 (-336 112 -256) (-320 112 -256) (-320 112 -200) (-336 112 -200) 
4 455 479 (-336 112 -256) (-336 96 -256) (-336 96 -176) (-336 112 -176) 
4 456 479 (-336 88 -256) (-336 80 -256) (-336 80 -80) (-336 88 -80) 
4 457 482 (-336 72 -256) (-336 64 -256) (-336 64 -80) (-336 72 -80) 
4 458 482 (-336 80 -688) (-336 64 -688) (-336 64 -272) (-336 80 -272) 
4 458 479 (-336 112 -688) (-336 80 -688) (-336 80 -272) (-336 112 -272) 
4 458 478 (-336 136 -688) (-336 112 -688) (-336 112 -272) (-336 136 -272) 
4 458 476 (-336 248 -272) (-336 248 -688) (-336 136 -688) (-336 136 -272) 
4 459 551 (-336 64 -696) (-336 64 -1136) (-320 64 -1136) (-320 64 -696) 
4 459 516 (-336 248 -696) (-336 248 -1136) (-336 64 -1136) (-336 64 -696) 
4 460 552 (-336 64 -1136) (-336 64 -1144) (-320 64 -1144) (-320 64 -1136) 
4 460 517 (-336 248 -1136) (-336 248 -1144) (-336 64 -1144) (-336 64 -1136) 
4 461 543 (-720 64 1159.2138976801866) (-720 64 1151.2138976801866) (-336 64 1151.2138976801866) (-336 64 1159.2138976801866) 
4 461 466 (-720 248 1159.2138976801866) (-720 248 1151.2138976801866) (-720 64 1151.2138976801866) (-720 64 1159.2138976801866) 
4 462 544 (-472 64 192) (-336 64 192) (-336 64 1151.2138976801866) (-472 64 1151.2138976801866) 
4 462 464 (-472 64 223.99999999999997) (-472 64 232) (-472 248 232) (-472 248 223.99999999999997) 
4 462 463 (-472 64 232) (-472 64 1151.2138976801866) (-472 248 1151.2138976801866) (-472 248 232) 
4 463 545 (-720 64 1151.2138976801866) (-720 64 232) (-472 64 232) (-472 64 1151.2138976801866) 
4 463 467 (-720 248 1151.2138976801866) (-720 248 232) (-720 64 232) (-720 64 1151.2138976801866) 
4 463 465 (-720 64 232) (-720 248 232) (-712.0000000000001 248 232) (-712.0000000000001 64 232) 
4 463 464 (-480 248 232) (-472 248 232) (-472 64 232) (-480 64 232) 
3 464 546 (-472 64 223.99999999999997) (-472 64 232) (-480 64 232) 
3 465 547 (-720 64 232) (-720 64 224.00000000000009) (-712.0000000000001 64 232) 
4 465 467 (-720 248 232) (-720 248 224.00000000000009) (-720 64 224.00000000000009) (-720 64 232) 
4 466 714 (-736 64 1159.2138976801866) (-736 64 1151.2138976801866) (-720 64 1151.2138976801866) (-720 64 1159.2138976801866) 
4 466 518 (-736 248 1159.2138976801866) (-736 248 1151.2138976801866) (-736 64 1151.2138976801866) (-736 64 1159.2138976801866) 
4 467 715 (-736 64 1151.2138976801866) (-736 64 216) (-720 64 216) (-720 64 1151.2138976801866) 
4 467 519 (-736 248 1151.2138976801866) (-736 248 216) (-736 64 216) (-736 64 1151.2138976801866) 
4 467 470 (-736 64 216) (-736 120 216) (-720 120 216) (-720 64 216) 
4 467 469 (-736 144 216) (-736 216 216) (-720 216 216) (-720 144 216) 
4 467 468 (-736 240 216) (-736 248 216) (-720 248 216) (-720 240 216) 
4 468 520 (-736 248 216) (-736 248 192) (-736 240 192) (-736 240 216) 
4 469 521 (-736 216 192) (-736 144 192) (-736 144 216) (-736 216 216) 
4 470 716 (-736 64 216) (-736 64 192) (-720 64 192) (-720 64 216) 
4 470 522 (-736 120 192) (-736 64 192) (-736 64 216) (-736 120 216) 
4 471 523 (-736 248 176) (-736 248 168) (-736 64 168) (-736 64 176) 
4 471 475 (-736 64 168) (-736 248 168) (-552 248 168) (-552 64 168) 
4 471 474 (-528 216 168) (-528 64 168) (-552 64 168) (-552 216 168) 
4 471 473 (-528 232 168) (-528 216 168) (-552 216 168) (-552 232 168) 
4 471 472 (-528 248 168) (-336 248 168) (-336 64 168) (-528 64 168) 
4 472 496 (-520 112 144) (-520 64 144) (-528 64 144) (-528 112 144) 
4 472 494 (-520 136 144) (-520 112 144) (-528 112 144) (-528 136 144) 
4 472 490 (-528 248 144) (-520 248 144) (-520 136 144) (-528 136 144) 
4 472 485 (-520 248 144) (-496 248 144) (-496 64 144) (-520 64 144) 
4 472 484 (-496 248 144) (-480 248 144) (-480 64 144) (-496 64 144) 
4 472 482 (-336 80 144) (-336 64 144) (-456 64 144) (-456 80 144) 
4 472 481 (-480 87.99999999999999 144) (-480 104 144) (-456 104 144) (-456 87.99999999999999 144) 
4 472 480 (-480 104 144) (-480 112 144) (-456 112 144) (-456 104 144) 
4 472 479 (-336 112 144) (-336 80 144) (-456 80 144) (-456 112 144) 
4 472 477 (-336 136 144) (-336 112 144) (-480 112 144) (-480 136 144) 
4 472 476 (-480 248 144) (-336 248 144) (-336 136 144) (-480 136 144) 
4 472 474 (-528 216 144) (-528 64 144) (-528 64 168) (-528 216 168) 
3 472 473 (-528 216 152) (-528 216 168) (-528 232 168) 
3 473 475 (-552 216 152) (-552 216 168) (-552 232 168) 
4 473 474 (-552 216 168) (-552 216 152) (-528 216 152) (-528 216 168) 
4 474 496 (-528 112 144) (-528 64 144) (-552 64 144) (-552 112 144) 
4 474 494 (-528 136 144) (-528 112 144) (-552 112 144) (-552 136 144) 
4 474 492 (-528 216 144) (-528 136 144) (-552 136 144) (-552 216 144) 
4 474 475 (-552 216 144) (-552 64 144) (-552 64 168) (-552 216 168) 
4 475 523 (-736 248 168) (-736 248 144) (-736 64 144) (-736 64 168) 
4 475 502 (-736 64 144) (-736 248 144) (-672 248 144) (-672 64 144) 
4 475 497 (-672 248 144) (-664 248 144) (-664 64 144) (-672 64 144) 
4 475 496 (-552 112 144) (-552 64 144) (-664 64 144) (-664 112 144) 
4 475 494 (-552 136 144) (-552 112 144) (-664 112 144) (-664 136 144) 
4 475 493 (-664 248 144) (-552 248 144) (-552 136 144) (-664 136 144) 
4 476 486 (-480 248 -688) (-480 136 -688) (-480 136 -48) (-480 248 -48) 
4 476 484 (-480 136 -48) (-480 136 144) (-480 248 144) (-480 248 -48) 
4 476 478 (-480 136 -200) (-480 136 -688) (-336 136 -688) (-336 136 -200) 
4 476 477 (-480 136 144) (-480 136 -176) (-336 136 -176) (-336 136 144) 
4 477 487 (-480 112 -176) (-480 112 -48) (-480 136 -48) (-480 136 -176) 
4 477 484 (-480 112 -48) (-480 112 144) (-480 136 144) (-480 136 -48) 
4 477 480 (-480 112 144) (-480 112 -176) (-456 112 -176) (-456 112 144) 
4 477 479 (-456 112 -176) (-336 112 -176) (-336 112 144) (-456 112 144) 
4 478 488 (-480 136 -688) (-480 112 -688) (-480 112 -200) (-480 136 -200) 
4 478 480 (-480 112 -200) (-480 112 -688) (-456 112 -688) (-456 112 -200) 
4 478 479 (-456 112 -688) (-336 112 -688) (-336 112 -200) (-456 112 -200) 
4 479 482 (-456 80 -688) (-336 80 -688) (-336 80 144) (-456 80 144) 
3 479 481 (-456 87.99999999999999 144) (-456 104 144) (-456 104 127.99999999999999) 
4 479 480 (-456 112 144) (-456 112 -688) (-456 104 -688) (-456 104 144) 
4 480 489 (-480 112 -688) (-480 104 -688) (-480 104 -48) (-480 112 -48) 
4 480 484 (-480 104 -48) (-480 104 144) (-480 112 144) (-480 112 -48) 
4 480 481 (-480 104 144) (-480 104 127.99999999999999) (-456 104 128) (-456 104 144) 
3 481 484 (-480 87.99999999999999 144) (-480 104 144) (-480 104 127.99999999999999) 
4 482 483 (-456 80 120) (-456 80 -688) (-456 64 -688) (-456 64 120) 
4 483 489 (-480 80 -688) (-480 64 -688) (-480 64 -48) (-480 80 -48) 
4 483 484 (-480 64 -48) (-480 64 120) (-480 80 120) (-480 80 -48) 
4 484 489 (-480 112 -48) (-480 64 -48) (-496 64 -48) (-496 112 -48) 
4 484 487 (-480 136 -48) (-480 112 -48) (-496 112 -48) (-496 136 -48) 
4 484 486 (-496 248 -48) (-480 248 -48) (-480 136 -48) (-496 136 -48) 
4 484 485 (-496 64 -24) (-496 64 144) (-496 248 144) (-496 248 -24) 
4 485 496 (-520 64 -24) (-520 64 144) (-520 112 144) (-520 112 -24) 
4 485 494 (-520 112 144) (-520 136 144) (-520 136 -24) (-520 112 -24) 
4 485 490 (-520 136 144) (-520 248 144) (-520 248 -24) (-520 136 -24) 
4 486 490 (-520 248 -688) (-520 136 -688) (-520 136 -48) (-520 248 -48) 
4 486 488 (-480 136 -688) (-480 136 -200) (-520 136 -200) (-520 136 -688) 
4 486 487 (-480 136 -176) (-480 136 -48) (-520 136 -48) (-520 136 -176) 
4 487 494 (-520 112 -176) (-520 112 -48) (-520 136 -48) (-520 136 -176) 
4 487 489 (-480 112 -176) (-480 112 -48) (-520 112 -48) (-520 112 -176) 
4 488 495 (-520 136 -688) (-520 112 -688) (-520 112 -200) (-520 136 -200) 
4 488 489 (-480 112 -688) (-480 112 -200) (-520 112 -200) (-520 112 -688) 
4 489 496 (-520 112 -688) (-520 64 -688) (-520 64 -48) (-520 112 -48) 
4 490 495 (-528 136 -688) (-520 136 -688) (-520 136 -200) (-528 136 -200) 
4 490 494 (-520 136 -176) (-520 136 144) (-528 136 144) (-528 136 -176) 
4 490 492 (-528 216 -688) (-528 136 -688) (-528 136 144) (-528 216 144) 
4 490 491 (-528 248 -688) (-528 240 -688) (-528 240 144) (-528 248 144) 
4 491 493 (-552 248 -688) (-552 240 -688) (-552 240 144) (-552 248 144) 
4 492 495 (-552 136 -688) (-528 136 -688) (-528 136 -200) (-552 136 -200) 
4 492 494 (-528 136 -176) (-528 136 144) (-552 136 144) (-552 136 -176) 
4 492 493 (-552 216 -688) (-552 136 -688) (-552 136 144) (-552 216 144) 
4 493 499 (-664 248 -688) (-664 136 -688) (-664 136 -176) (-664 248 -176) 
4 493 498 (-664 136 -176) (-664 136 -8) (-664 248 -8) (-664 248 -176) 
4 493 497 (-664 136 88) (-664 136 144) (-664 248 144) (-664 248 88) 
4 493 495 (-664 136 -200) (-664 136 -688) (-552 136 -688) (-552 136 -200) 
4 493 494 (-664 136 144) (-664 136 -176) (-552 136 -176) (-552 136 144) 
4 494 498 (-664 112 -176) (-664 112 -8) (-664 136 -8) (-664 136 -176) 
4 494 497 (-664 112 88) (-664 112 144) (-664 136 144) (-664 136 88) 
4 494 496 (-664 112 144) (-664 112 -176) (-520 112 -176) (-520 112 144) 
4 495 500 (-664 136 -688) (-664 112 -688) (-664 112 -200) (-664 136 -200) 
4 495 496 (-664 112 -200) (-664 112 -688) (-520 112 -688) (-520 112 -200) 
4 496 501 (-664 112 -688) (-664 64 -688) (-664 64 -176) (-664 112 -176) 
4 496 498 (-664 64 -176) (-664 64 -8) (-664 112 -8) (-664 112 -176) 
4 496 497 (-664 64 88) (-664 64 144) (-664 112 144) (-664 112 88) 
4 497 502 (-672 64 88) (-672 64 144) (-672 248 144) (-672 248 88) 
4 498 512 (-672 64 -176) (-672 64 -120) (-672 248 -120) (-672 248 -176) 
4 498 511 (-672 104.00000000000045 -112) (-672 248 -112) (-672 248 -120) (-672 104.00000000000045 -120) 
4 498 509 (-672 104 -8) (-672 232 -8) (-672 232 -112) (-672 104 -112) 
4 498 508 (-672 232 -8) (-672 248 -8) (-672 248 -112) (-672 232 -112) 
4 498 501 (-672 64 -176) (-672 112 -176) (-664 112 -176) (-664 64 -176) 
4 498 499 (-672 136 -176) (-672 248 -176) (-664 248 -176) (-664 136 -176) 
4 499 513 (-672 248 -688) (-672 136 -688) (-672 136 -176) (-672 248 -176) 
4 499 500 (-664 136 -688) (-664 136 -200) (-672 136 -200) (-672 136 -688) 
4 500 514 (-672 136 -688) (-672 112 -688) (-672 112 -200) (-672 136 -200) 
4 500 501 (-664 112 -688) (-664 112 -200) (-672 112 -200) (-672 112 -688) 
4 501 515 (-672 112 -688) (-672 64 -688) (-672 64 -176) (-672 112 -176) 
4 502 523 (-736 248 144) (-736 248 88) (-736 64 88) (-736 64 144) 
4 502 506 (-728 248 88) (-720 248 88) (-720 64 88) (-728 64 88) 
4 502 505 (-712 248 88) (-704 248 88) (-704 64 88) (-712 64 88) 
4 502 504 (-696 248 88) (-688 248 88) (-688 64 88) (-696 64 88) 
4 502 503 (-680 248 88) (-672 248 88) (-672 64 88) (-680 64 88) 
4 503 507 (-680 248 80) (-672 248 80) (-672 64 80) (-680 64 80) 
4 504 507 (-696 248 80) (-688 248 80) (-688 64 80) (-696 64 80) 
4 505 507 (-712 248 80) (-704 248 80) (-704 64 80) (-712 64 80) 
4 506 507 (-728 248 80) (-720 248 80) (-720 64 80) (-728 64 80) 
4 507 524 (-736 232 0) (-736 64 -0) (-736 64 80) (-736 232 80) 
4 508 511 (-735.0000000000001 248 -112) (-672 248 -112) (-672 232 -112) (-728.0000000000001 232 -112) 
4 508 509 (-728.0000000000001 232 -112) (-672 232 -112) (-672 232 -8) (-728.0000000000001 232 -8) 
4 509 524 (-736 232 -112) (-736 104 -112) (-736 104 -8) (-736 232 -8) 
3 509 511 (-728.0000000000001 232 -112) (-672 232 -112) (-672 104 -112) 
4 509 510 (-736 104 -112) (-680 104 -112) (-680 104 -8) (-736 104 -8) 
4 510 735 (-736 64 -8) (-736 64 -112) (-720 64 -112) (-720 64 -8) 
4 510 550 (-720 64 -112) (-680 64 -112) (-680 64 -8) (-720 64 -8) 
4 510 524 (-736 104 -112) (-736 64 -112) (-736 64 -8) (-736 104 -8) 
3 511 512 (-735.0000000000001 248 -120) (-672 248 -120) (-672 104.00000000000045 -120) 
4 512 515 (-736 64 -176) (-736 112 -176) (-672 112 -176) (-672 64 -176) 
4 512 513 (-736 136 -176) (-736 248 -176) (-672 248 -176) (-672 136 -176) 
4 513 514 (-736 136 -688) (-672 136 -688) (-672 136 -200) (-736 136 -200) 
4 514 515 (-736 112 -688) (-672 112 -688) (-672 112 -200) (-736 112 -200) 
4 516 736 (-736 64 -696) (-736 64 -1136) (-720 64 -1136) (-720 64 -696) 
4 516 551 (-720 64 -1136) (-336 64 -1136) (-336 64 -696) (-720 64 -696) 
4 516 525 (-736 248 -696) (-736 248 -1136) (-736 64 -1136) (-736 64 -696) 
4 517 737 (-736 64 -1136) (-736 64 -1144) (-720 64 -1144) (-720 64 -1136) 
4 517 552 (-720 64 -1144) (-336 64 -1144) (-336 64 -1136) (-720 64 -1136) 
4 517 529 (-736 248 -1136) (-736 248 -1144) (-736 64 -1144) (-736 64 -1136) 
4 518 714 (-928 64 1159.2138976801866) (-928 64 1151.2138976801866) (-736 64 1151.2138976801866) (-736 64 1159.2138976801866) 
4 518 530 (-928 248 1159.2138976801866) (-928 248 1151.2138976801866) (-928 64 1151.2138976801866) (-928 64 1159.2138976801866) 
4 519 715 (-928 64 1151.2138976801866) (-928 64 216) (-736 64 216) (-736 64 1151.2138976801866) 
4 519 531 (-928 248 1151.2138976801866) (-928 248 216) (-928 64 216) (-928 64 1151.2138976801866) 
4 519 522 (-928 64 216) (-928 120 216) (-736 120 216) (-736 64 216) 
4 519 521 (-928 144 216) (-928 216 216) (-736 216 216) (-736 144 216) 
4 519 520 (-928 240 216) (-928 248 216) (-736 248 216) (-736 240 216) 
4 520 532 (-928 248 216) (-928 248 192) (-928 240 192) (-928 240 216) 
4 520 523 (-912 248 192) (-736 248 192) (-736 240 192) (-912 240 192) 
4 521 533 (-928 216 192) (-928 144 192) (-928 144 216) (-928 216 216) 
4 521 523 (-912 216 192) (-736 216 192) (-736 144 192) (-912 144 192) 
4 522 716 (-928 64 216) (-928 64 192) (-736 64 192) (-736 64 216) 
4 522 534 (-928 120 192) (-928 64 192) (-928 64 216) (-928 120 216) 
4 522 523 (-912 120 192) (-736 120 192) (-736 64 192) (-912 64 192) 
4 523 721 (-736 64 88) (-736 64 192) (-912 64 192) (-912 64 88) 
4 524 744 (-736 64 -112) (-736 64 24) (-912 64 24) (-912 64 -112) 
4 524 738 (-736 64 24) (-736 64 32) (-912 64 32) (-912 64 24) 
4 524 733 (-736 64 32) (-736 64 40) (-912 64 40) (-912 64 32) 
4 524 731 (-736 64 40) (-736 64 48) (-912 64 48) (-912 64 40) 
4 524 729 (-736 64 48) (-736 64 56) (-912 64 56) (-912 64 48) 
4 524 727 (-736 64 56) (-736 64 64) (-912 64 64) (-912 64 56) 
4 524 725 (-736 64 64) (-736 64 72) (-912 64 72) (-912 64 64) 
4 524 723 (-736 64 72) (-736 64 80) (-912 64 80) (-912 64 72) 
4 525 745 (-744 64 -1136) (-736 64 -1136) (-736 64 -696) (-744 64 -696) 
4 525 526 (-744 248 -1136) (-744 64 -1136) (-744 64 -696) (-744 248 -696) 
4 526 745 (-848 64 -1136) (-744 64 -1136) (-744 64 -120) (-848 64 -120) 
4 526 527 (-848 248 -1136) (-848 64 -1136) (-848 64 -520) (-848 248 -520) 
4 527 747 (-912 64 -1136) (-848 64 -1136) (-848 64 -520) (-912 64 -520) 
4 527 528 (-912 248 -1136) (-912 64 -1136) (-912 64 -520) (-912 248 -520) 
4 528 749 (-928 64 -120) (-928 64 -1136) (-912 64 -1136) (-912 64 -120) 
4 528 535 (-928 248 -120) (-928 248 -1136) (-928 64 -1136) (-928 64 -120) 
4 529 750 (-928 64 -1136) (-928 64 -1144) (-912 64 -1144) (-912 64 -1136) 
4 529 748 (-912 64 -1144) (-848 64 -1144) (-848 64 -1136) (-912 64 -1136) 
4 529 746 (-848 64 -1144) (-736 64 -1144) (-736 64 -1136) (-848 64 -1136) 
4 529 542 (-928 248 -1136) (-928 248 -1144) (-928 64 -1144) (-928 64 -1136) 
4 530 751 (-960 64 1159.2138976801866) (-960 64 1151.2138976801866) (-928 64 1151.2138976801866) (-928 64 1159.2138976801866) 
4 530 536 (-960 248 1159.2138976801866) (-960 248 1151.2138976801866) (-960 64 1151.2138976801866) (-960 64 1159.2138976801866) 
4 531 752 (-960 64 1151.2138976801866) (-960 64 216) (-928 64 216) (-928 64 1151.2138976801866) 
4 531 540 (-960 248 1151.2138976801866) (-960 248 216) (-960 64 216) (-960 64 1151.2138976801866) 
4 531 534 (-960 64 216) (-960 120 216) (-928 120 216) (-928 64 216) 
4 531 533 (-960 144 216) (-960 216 216) (-928 216 216) (-928 144 216) 
4 531 532 (-960 240 216) (-960 248 216) (-928 248 216) (-928 240 216) 
4 532 540 (-960 248 216) (-960 248 128) (-960 240 128) (-960 240 216) 
4 532 535 (-960 240 128) (-960 248 128) (-928 248 128) (-928 240 128) 
4 533 540 (-960 216 128) (-960 144 128) (-960 144 216) (-960 216 216) 
4 533 535 (-960 144 128) (-960 216 128) (-928 216 128) (-928 144 128) 
4 534 753 (-960 64 216) (-960 64 128) (-928 64 128) (-928 64 216) 
4 534 540 (-960 120 128) (-960 64 128) (-960 64 216) (-960 120 216) 
4 534 535 (-960 64 128) (-960 120 128) (-928 120 128) (-928 64 128) 
4 535 764 (-960 64 128) (-960 64 -1136) (-928 64 -1136) (-928 64 128) 
4 535 540 (-960 248 128) (-960 248 -1136) (-960 64 -1136) (-960 64 128) 
4 536 758 (-2304 64 1159.2138976801866) (-2304 64 1151.2138976801866) (-960 64 1151.2138976801866) (-960 64 1159.2138976801866) 
4 536 538 (-2304 248 1159.2138976801866) (-2304 248 1151.2138976801866) (-2304 64 1151.2138976801866) (-2304 64 1159.2138976801866) 
4 537 759 (-2376 64 1168) (-2376 64 1159.2138976801866) (-2304 64 1159.2138976801866) (-2304 64 1168) 
4 537 539 (-2376 248 1168) (-2376 248 1159.2138976801866) (-2376 64 1159.2138976801866) (-2376 64 1168) 
4 537 538 (-2376 64 1159.2138976801866) (-2376 248 1159.2138976801866) (-2304 248 1159.2138976801866) (-2304 64 1159.2138976801866) 
4 538 760 (-2376 64 1159.2138976801866) (-2376 64 1151.2138976801866) (-2304 64 1151.2138976801866) (-2304 64 1159.2138976801866) 
4 538 541 (-2376 248 1151.2138976801866) (-2304 248 1151.2138976801866) (-2304 64 1151.2138976801866) (-2376 64 1151.2138976801866) 
4 538 539 (-2376 248 1159.2138976801866) (-2376 248 1151.2138976801866) (-2376 64 1151.2138976801866) (-2376 64 1159.2138976801866) 
4 539 761 (-2560 64 1168) (-2560 64 1151.2138976801866) (-2376 64 1151.2138976801866) (-2376 64 1168) 
4 539 541 (-2560 248 1151.2138976801866) (-2376 248 1151.2138976801866) (-2376 64 1151.2138976801866) (-2560 64 1151.2138976801866) 
4 540 764 (-2304 64 -1136) (-960 64 -1136) (-960 64 128) (-2304 64 128) 
4 540 762 (-960 64 128) (-960 64 1151.2138976801866) (-2304 64 1151.2138976801866) (-2304 64 128) 
4 541 765 (-2560 64 -1136) (-2304 64 -1136) (-2304 64 128) (-2560 64 128) 
4 541 763 (-2304 64 128) (-2304 64 1151.2138976801866) (-2560 64 1151.2138976801866) (-2560 64 128) 
4 541 542 (-2376 248 -1136) (-2304 248 -1136) (-2304 64 -1136) (-2376 64 -1136) 
4 542 766 (-928 64 -1144) (-928 64 -1136) (-2376 64 -1136) (-2376 64 -1144) 
4 543 841 (-720 -336 1159.2138976801866) (-720 -336 1151.2138976801866) (-472 -336 1151.2138976801866) (-472 -336 1159.2138976801866) 
4 543 837 (-472 -336 1151.2138976801866) (-320 -336 1151.2138976801866) (-320 -336 1159.2138976801866) (-472 -336 1159.2138976801866) 
4 543 714 (-720 64 1159.2138976801866) (-720 64 1151.2138976801866) (-720 -336 1151.2138976801866) (-720 -336 1159.2138976801866) 
4 544 838 (-320 -336 216) (-320 -336 1151.2138976801866) (-472 -336 1151.2138976801866) (-472 -336 216) 
4 544 546 (-472 -336 223.99999999999997) (-472 -336 232) (-472 64 232) (-472 64 223.99999999999997) 
4 544 545 (-472 -336 232) (-472 -336 1151.2138976801866) (-472 64 1151.2138976801866) (-472 64 232) 
4 545 842 (-720 -336 1151.2138976801866) (-720 -336 232) (-472 -336 232) (-472 -336 1151.2138976801866) 
4 545 715 (-720 64 1151.2138976801866) (-720 64 232) (-720 -336 232) (-720 -336 1151.2138976801866) 
4 545 547 (-720 -336 232) (-720 64 232) (-712.0000000000001 64 232) (-712.0000000000001 -336 232) 
4 545 546 (-480 64 232) (-472 64 232) (-472 -336 232) (-480 -336 232) 
3 546 843 (-472 -336 223.99999999999997) (-472 -336 232) (-480 -336 232) 
3 547 844 (-720 -336 232) (-720 -336 224.00000000000009) (-712.0000000000001 -336 232) 
4 547 715 (-720 64 232) (-720 64 224.00000000000009) (-720 -336 224.00000000000009) (-720 -336 232) 
4 548 549 (-336 -0 16) (-336 -80 16) (-336 -80 128) (-336 0 128) 
4 549 857 (-688 -336 32) (-368 -336 32) (-368 -336 160) (-688 -336 160) 
4 550 735 (-720 64 -8) (-720 64 -112) (-720 48 -112) (-720 48 -8) 
4 550 565 (-680 48 -8) (-720 48 -8) (-720 48 -112) (-680 48 -112) 
4 551 736 (-720 64 -696) (-720 64 -1136) (-720 48 -1136) (-720 48 -696) 
4 551 567 (-336 48 -696) (-720 48 -696) (-720 48 -1136) (-336 48 -1136) 
4 551 555 (-320 48 -1136) (-320 48 -696) (-336 48 -696) (-336 48 -1136) 
4 552 737 (-720 64 -1136) (-720 64 -1144) (-720 48 -1144) (-720 48 -1136) 
4 552 568 (-336 48 -1136) (-720 48 -1136) (-720 48 -1144) (-336 48 -1144) 
4 552 556 (-320 48 -1144) (-320 48 -1136) (-336 48 -1136) (-336 48 -1144) 
4 553 585 (-336 -336 -224) (-336 -336 -216) (-336 -272 -216) (-336 -272 -224) 
4 553 583 (-336 -336 -216) (-336 -336 -208) (-336 -272 -208) (-336 -272 -216) 
4 553 581 (-336 -336 -208) (-336 -336 -200) (-336 -272 -200) (-336 -272 -208) 
4 553 579 (-336 -336 -200) (-336 -336 -192) (-336 -272 -192) (-336 -272 -200) 
4 553 577 (-336 -336 -192) (-336 -336 -184) (-336 -272 -184) (-336 -272 -192) 
4 553 575 (-336 -336 -184) (-336 -336 -176) (-336 -272 -176) (-336 -272 -184) 
4 553 573 (-336 -336 -176) (-336 -336 -168) (-336 -272 -168) (-336 -272 -176) 
4 553 571 (-336 -336 -168) (-336 -336 -8) (-336 -272 -8) (-336 -272 -168) 
4 554 589 (-336 -272 -688) (-336 -336 -688) (-336 -336 -232) (-336 -272 -232) 
4 555 989 (-320 -336 -1136) (-320 -336 -696) (-336 -336 -696) (-336 -336 -1136) 
4 555 590 (-336 -0 -1136) (-336 -336 -1136) (-336 -336 -696) (-336 -0 -696) 
4 555 567 (-336 48 -696) (-336 48 -1136) (-336 -0 -1136) (-336 -0 -696) 
4 556 993 (-320 -336 -1144) (-320 -336 -1136) (-336 -336 -1136) (-336 -336 -1144) 
4 556 591 (-336 -0 -1144) (-336 -336 -1144) (-336 -336 -1136) (-336 -0 -1136) 
4 556 568 (-336 48 -1136) (-336 48 -1144) (-336 -0 -1144) (-336 -0 -1136) 
4 557 594 (-608 0 -136) (-608 0 -144) (-432 0 -144) (-432 0 -136) 
4 557 593 (-608 0 -80) (-608 0 -128) (-432 0 -128) (-432 0 -80) 
4 557 592 (-432 0 -8) (-608 0 -8) (-608 0 -72) (-432 0 -72) 
4 557 569 (-336 0 -152) (-336 0 -8) (-416 0 -8) (-416 0 -152) 
4 557 558 (-608 48 -8) (-608 48 -144) (-608 0 -144) (-608 0 -8) 
4 558 594 (-624 0 -136) (-624 0 -144) (-608 0 -144) (-608 0 -136) 
4 558 593 (-624 0 -80) (-624 0 -128) (-608 0 -128) (-608 0 -80) 
4 558 592 (-608 0 -8) (-624 0 -8) (-624 0 -72) (-608 0 -72) 
4 558 559 (-624 48 -8) (-624 48 -136) (-624 0 -136) (-624 0 -8) 
4 559 593 (-640 0 -80) (-640 0 -128) (-624 0 -128) (-624 0 -80) 
4 559 592 (-624 0 -8) (-640 0 -8) (-640 0 -72) (-624 0 -72) 
4 559 561 (-640 48 -8) (-640 48 -128) (-640 0 -128) (-640 0 -8) 
4 560 562 (-640 48 -144) (-640 48 -152) (-640 -0 -152) (-640 0 -144) 
4 561 593 (-656 0 -80) (-656 0 -128) (-640 0 -128) (-640 0 -80) 
4 561 592 (-640 0 -8) (-656 0 -8) (-656 0 -72) (-640 0 -72) 
4 561 563 (-656 48 -8) (-656 48 -120) (-656 0 -120) (-656 0 -8) 
4 562 594 (-656 0 -136) (-656 0 -144) (-640 0 -144) (-640 0 -136) 
4 562 564 (-656 48 -136) (-656 48 -152) (-656 -0 -152) (-656 0 -136) 
4 563 565 (-672 48 -8) (-672 48 -112) (-672 0 -112) (-672 0 -8) 
4 565 597 (-672 0 -8) (-720 0 -8) (-720 0 -112) (-672 0 -112) 
4 566 598 (-672 0 -232) (-720 0 -232) (-720 0 -688) (-672 0 -688) 
4 566 595 (-432 0 -232) (-656 0 -232) (-656 0 -688) (-432 0 -688) 
4 566 587 (-336 0 -688) (-336 0 -232) (-416 0 -232) (-416 0 -688) 
4 567 736 (-720 0 -1136) (-720 0 -696) (-720 48 -696) (-720 48 -1136) 
4 567 599 (-416 0 -696) (-720 0 -696) (-720 0 -1136) (-416 0 -1136) 
4 567 590 (-336 0 -1136) (-336 0 -696) (-416 0 -696) (-416 0 -1136) 
4 568 737 (-720 0 -1144) (-720 0 -1136) (-720 48 -1136) (-720 48 -1144) 
4 568 600 (-416 0 -1136) (-720 0 -1136) (-720 0 -1144) (-416 0 -1144) 
4 568 591 (-336 0 -1144) (-336 0 -1136) (-416 0 -1136) (-416 0 -1144) 
4 569 572 (-416 -8 -168) (-416 -0 -168) (-336 0 -168) (-336 -8 -168) 
4 569 570 (-416 -8 -8) (-416 -8 -160) (-336 -8 -160) (-336 -8 -8) 
4 570 606 (-416 -24 -160) (-416 -24 -154.39999999999998) (-416 -16 -151.99999999999997) (-416 -16 -160) 
4 570 604 (-416 -24 -146.4) (-416 -24 -138.4) (-416 -16 -136.00000000000003) (-416 -16 -144) 
4 570 602 (-416 -24 -130.4) (-416 -24 -82.4) (-416 -16 -80) (-416 -16 -128) 
4 570 601 (-416 -24 -74.4) (-416 -24 -8) (-416 -16 -8) (-416 -16 -72) 
4 570 571 (-416 -24 -8) (-416 -24 -160) (-336 -24 -160) (-336 -24 -8) 
4 571 613 (-416 -272 -168) (-416 -336 -168) (-416 -336 -8) (-416 -272 -8) 
4 571 606 (-416 -42.66666666666673 -168) (-416 -69.33333333333341 -168) (-416 -24 -154.39999999999998) (-416 -24 -162.39999999999998) 
4 571 604 (-416 -96 -168) (-416 -122.66666666666664 -168) (-416 -24 -138.39999999999998) (-416 -24 -146.4) 
5 571 602 (-416 -149.33333333333334 -168) (-416 -256 -168) (-416 -256 -152) (-416 -24 -82.39999999999999) (-416 -24 -130.4) 
4 571 601 (-416 -256 -144.00000000000003) (-416 -256 -8) (-416 -24 -8) (-416 -24 -74.4) 
4 571 573 (-416 -336 -168) (-416 -48 -168) (-336 -48 -168) (-336 -336 -168) 
4 571 572 (-416 -32 -168) (-416 -24 -168) (-336 -24 -168) (-336 -32 -168) 
4 572 608 (-416 -16 -176) (-416 -32 -176) (-416 -32 -172.79999999999998) (-416 -16 -168) 
4 572 574 (-416 -32 -176) (-416 -0 -176) (-336 0 -176) (-336 -32 -176) 
4 573 613 (-416 -272 -176) (-416 -336 -176) (-416 -336 -168) (-416 -272 -168) 
5 573 606 (-416 -69.33333333333331 -176) (-416 -96 -176) (-416 -69.33333333333341 -168) (-416 -48 -168) (-416 -48 -169.6) 
4 573 604 (-416 -122.66666666666657 -176) (-416 -149.33333333333326 -176) (-416 -122.66666666666666 -168) (-416 -96.00000000000001 -168) 
4 573 602 (-416 -175.99999999999991 -176) (-416 -256 -176) (-416 -256 -168) (-416 -149.33333333333334 -168) 
4 573 575 (-416 -336 -176) (-416 -72 -176) (-336 -72 -176) (-336 -336 -176) 
4 573 574 (-416 -56 -176) (-416 -48 -176) (-336 -48 -176) (-336 -56 -176) 
5 574 608 (-416 -16 -184) (-416 -56 -184) (-416 -56 -180) (-416 -42.666666666666636 -176) (-416 -16 -176) 
4 574 576 (-416 -56 -184) (-416 -0 -184) (-336 0 -184) (-336 -56 -184) 
4 575 613 (-416 -272 -184) (-416 -336 -184) (-416 -336 -176) (-416 -272 -176) 
5 575 606 (-416 -96 -184) (-416 -122.66666666666669 -184) (-416 -96 -176) (-416 -72 -176) (-416 -72 -176.8) 
4 575 604 (-416 -149.33333333333326 -184) (-416 -175.99999999999994 -184) (-416 -149.33333333333323 -176) (-416 -122.66666666666659 -176) 
4 575 602 (-416 -202.6666666666666 -184) (-416 -256 -184) (-416 -256 -176) (-416 -175.99999999999991 -176) 
4 575 577 (-416 -336 -184) (-416 -96 -184) (-336 -96 -184) (-336 -336 -184) 
4 575 576 (-416 -80 -184) (-416 -72 -184) (-336 -72 -184) (-336 -80 -184) 
5 576 608 (-416 -16 -192) (-416 -80 -192) (-416 -80 -187.2) (-416 -69.33333333333333 -184) (-416 -16 -184) 
4 576 578 (-416 -80 -192) (-416 -0 -192) (-336 0 -192) (-336 -80 -192) 
4 577 613 (-416 -272 -192) (-416 -336 -192) (-416 -336 -184) (-416 -272 -184) 
4 577 606 (-416 -122.66666666666669 -192) (-416 -149.33333333333337 -192) (-416 -122.66666666666669 -184) (-416 -96 -184) 
4 577 604 (-416 -175.99999999999997 -192) (-416 -202.66666666666663 -192) (-416 -175.99999999999994 -184) (-416 -149.33333333333326 -184) 
4 577 602 (-416 -229.33333333333331 -192) (-416 -256 -192) (-416 -256 -184) (-416 -202.6666666666666 -184) 
4 577 579 (-416 -336 -192) (-416 -120 -192) (-336 -120 -192) (-336 -336 -192) 
4 577 578 (-416 -104 -192) (-416 -96 -192) (-336 -96 -192) (-336 -104 -192) 
5 578 608 (-416 -16 -200) (-416 -104 -200) (-416 -104 -194.39999999999998) (-416 -96.00000000000003 -192) (-416 -16 -192) 
4 578 580 (-416 -104 -200) (-416 -0 -200) (-336 0 -200) (-336 -104 -200) 
4 579 613 (-416 -272 -200) (-416 -336 -200) (-416 -336 -192) (-416 -272 -192) 
3 579 608 (-416 -120 -200) (-416 -122.66666666666669 -200) (-416 -120 -199.2) 
4 579 606 (-416 -149.33333333333337 -200) (-416 -176.00000000000009 -200) (-416 -149.33333333333337 -192) (-416 -122.66666666666669 -192) 
4 579 604 (-416 -202.66666666666669 -200) (-416 -229.33333333333331 -200) (-416 -202.66666666666663 -192) (-416 -175.99999999999997 -192) 
3 579 602 (-416 -256 -200) (-416 -256 -192) (-416 -229.33333333333331 -192) 
4 579 581 (-416 -336 -200) (-416 -144 -200) (-336 -144 -200) (-336 -336 -200) 
4 579 580 (-416 -128 -200) (-416 -120 -200) (-336 -120 -200) (-336 -128 -200) 
5 580 608 (-416 -16 -208) (-416 -128 -208) (-416 -128 -201.6) (-416 -122.66666666666671 -200) (-416 -16 -200) 
4 580 582 (-416 -128 -208) (-416 -0 -208) (-336 0 -208) (-336 -128 -208) 
4 581 613 (-416 -272 -208) (-416 -336 -208) (-416 -336 -200) (-416 -272 -200) 
3 581 608 (-416 -144 -208) (-416 -149.33333333333337 -208) (-416 -144 -206.39999999999998) 
4 581 606 (-416 -176.00000000000006 -208) (-416 -202.66666666666677 -208) (-416 -176.00000000000006 -200) (-416 -149.33333333333337 -200) 
4 581 604 (-416 -229.33333333333337 -208) (-416 -256 -208) (-416 -229.33333333333331 -200) (-416 -202.66666666666666 -200) 
4 581 583 (-416 -336 -208) (-416 -168 -208) (-336 -168 -208) (-336 -336 -208) 
4 581 582 (-416 -152 -208) (-416 -144 -208) (-336 -144 -208) (-336 -152 -208) 
5 582 608 (-416 -16 -216) (-416 -152 -216) (-416 -152 -208.79999999999998) (-416 -149.3333333333334 -208) (-416 -16 -208) 
4 582 584 (-416 -152 -216) (-416 -0 -216) (-336 0 -216) (-336 -152 -216) 
4 583 613 (-416 -272 -216) (-416 -336 -216) (-416 -336 -208) (-416 -272 -208) 
3 583 609 (-416 -168 -216) (-416 -175.99999999999997 -216) (-416 -168 -213.6) 
4 583 606 (-416 -202.66666666666663 -216) (-416 -229.33333333333331 -216) (-416 -202.66666666666677 -208) (-416 -176.00000000000006 -208) 
3 583 604 (-416 -256 -216) (-416 -256 -208) (-416 -229.33333333333337 -208) 
4 583 585 (-416 -336 -216) (-416 -192 -216) (-336 -192 -216) (-336 -336 -216) 
4 583 584 (-416 -176 -216) (-416 -168 -216) (-336 -168 -216) (-336 -176 -216) 
4 584 609 (-416 -168 -224) (-416 -176 -224) (-416 -176 -216) (-416 -168 -216) 
4 584 608 (-416 -16 -224) (-416 -168 -224) (-416 -168 -216) (-416 -16 -216) 
4 584 586 (-416 -176 -224) (-416 -0 -224) (-336 0 -224) (-336 -176 -224) 
4 585 613 (-416 -272 -224) (-416 -336 -224) (-416 -336 -216) (-416 -272 -216) 
3 585 610 (-416 -192 -224) (-416 -202.66666666666666 -224) (-416 -192 -220.8) 
4 585 606 (-416 -229.33333333333331 -224) (-416 -256 -224) (-416 -229.33333333333331 -216) (-416 -202.66666666666666 -216) 
4 585 586 (-416 -200 -224) (-416 -192 -224) (-336 -192 -224) (-336 -200 -224) 
4 586 610 (-416 -192 -232) (-416 -200 -232) (-416 -200 -224) (-416 -192 -224) 
4 586 609 (-416 -168 -232) (-416 -192 -232) (-416 -192 -224) (-416 -168 -224) 
4 586 608 (-416 -16 -232) (-416 -168 -232) (-416 -168 -224) (-416 -16 -224) 
4 586 589 (-416 -200 -232) (-416 -192 -232) (-336 -192 -232) (-336 -200 -232) 
4 586 587 (-416 -168 -232) (-416 -0 -232) (-336 0 -232) (-336 -168 -232) 
4 587 611 (-416 -16 -688) (-416 -168 -688) (-416 -168 -256) (-416 -16 -256) 
4 587 608 (-416 -168 -256) (-416 -168 -232) (-416 -16 -232) (-416 -16 -256) 
4 587 588 (-416 -168 -688) (-336 -168 -688) (-336 -168 -256) (-416 -168 -256) 
4 588 611 (-416 -168 -688) (-416 -192 -688) (-416 -192 -256) (-416 -168 -256) 
4 588 589 (-416 -192 -688) (-336 -192 -688) (-336 -192 -256) (-416 -192 -256) 
4 589 614 (-416 -272 -688) (-416 -336 -688) (-416 -336 -232) (-416 -272 -232) 
4 589 611 (-416 -192 -688) (-416 -256 -688) (-416 -256 -256) (-416 -192 -256) 
5 589 610 (-416 -256 -256) (-416 -256 -240) (-416 -229.33333333333331 -232) (-416 -192 -232) (-416 -192 -256) 
4 590 989 (-336 -336 -1136) (-336 -336 -696) (-416 -336 -696) (-416 -336 -1136) 
4 590 712 (-416 -16 -1136) (-416 -336 -1136) (-416 -336 -704) (-416 -16 -704) 
4 590 615 (-416 -336 -704) (-416 -336 -696) (-416 -256 -696) (-416 -256 -704) 
4 590 612 (-416 -256 -696) (-416 -16 -696) (-416 -16 -704) (-416 -256 -704) 
4 590 599 (-416 0 -696) (-416 0 -1136) (-416 -16 -1136) (-416 -16 -696) 
4 591 993 (-336 -336 -1144) (-336 -336 -1136) (-416 -336 -1136) (-416 -336 -1144) 
4 591 713 (-416 -16 -1144) (-416 -336 -1144) (-416 -336 -1136) (-416 -16 -1136) 
4 591 600 (-416 0 -1136) (-416 0 -1144) (-416 -16 -1144) (-416 -16 -1136) 
4 592 596 (-656 -8 -8) (-656 -8 -72) (-432 -8 -72) (-432 -8 -8) 
4 593 596 (-656 -8 -80) (-656 -8 -128) (-432 -8 -128) (-432 -8 -80) 
4 594 596 (-656 -8 -136) (-656 -8 -144) (-432 -8 -144) (-432 -8 -136) 
4 595 596 (-656 -8 -152) (-656 -8 -688) (-432 -8 -688) (-432 -8 -152) 
4 596 685 (-656 -16 -328) (-656 -16 -688) (-432 -16 -688) (-432 -16 -328) 
4 596 681 (-656 -16 -256) (-656 -16 -328) (-632 -16 -328) (-632 -16 -256) 
4 596 679 (-632 -16 -328) (-616 -16 -328) (-616 -16 -256) (-632 -16 -256) 
4 596 678 (-616 -16 -328) (-432 -16 -328) (-432 -16 -256) (-616 -16 -256) 
4 596 676 (-656 -16 -232) (-656 -16 -256) (-432 -16 -256) (-432 -16 -232) 
4 596 616 (-432 -16 -8) (-656 -16 -8) (-656 -16 -232) (-432 -16 -232) 
4 597 657 (-720 -16 -40) (-720 -16 -112) (-704 -16 -112) (-704 -16 -40) 
4 597 654 (-720 -16 -24) (-720 -16 -40) (-704 -16 -40) (-704 -16 -24) 
4 597 653 (-704 -16 -8) (-720 -16 -8) (-720 -16 -24) (-704 -16 -24) 
4 597 648 (-704 -16 -24) (-704 -16 -112) (-688 -16 -112) (-688 -16 -24) 
4 597 647 (-688 -16 -8) (-704 -16 -8) (-704 -16 -24) (-688 -16 -24) 
4 597 646 (-672 -16 -8) (-688 -16 -8) (-688 -16 -112) (-672 -16 -112) 
4 598 685 (-720 -16 -328) (-720 -16 -688) (-672 -16 -688) (-672 -16 -328) 
4 598 681 (-720 -16 -256) (-720 -16 -328) (-672 -16 -328) (-672 -16 -256) 
4 598 676 (-720 -16 -232) (-720 -16 -256) (-672 -16 -256) (-672 -16 -232) 
4 598 675 (-720 -16 -224) (-720 -16 -232) (-672 -16 -232) (-672 -16 -224) 
4 598 666 (-720 -16 -184) (-720 -16 -224) (-672 -16 -224) (-672 -16 -184) 
4 598 665 (-720 -16 -152) (-720 -16 -184) (-704 -16 -184) (-704 -16 -152) 
4 598 662 (-704 -16 -184) (-688 -16 -184) (-688 -16 -152) (-704 -16 -152) 
4 598 659 (-688 -16 -184) (-672 -16 -184) (-672 -16 -152) (-688 -16 -152) 
4 599 736 (-720 -16 -1136) (-720 -16 -696) (-720 0 -696) (-720 0 -1136) 
4 599 712 (-416 -16 -1136) (-416 -16 -704) (-720 -16 -704) (-720 -16 -1136) 
4 599 686 (-432 -16 -696) (-720 -16 -696) (-720 -16 -704) (-432 -16 -704) 
4 599 612 (-416 -16 -704) (-416 -16 -696) (-432 -16 -696) (-432 -16 -704) 
4 600 737 (-720 -16 -1144) (-720 -16 -1136) (-720 0 -1136) (-720 0 -1144) 
4 600 713 (-416 -16 -1144) (-416 -16 -1136) (-720 -16 -1136) (-720 -16 -1144) 
4 601 603 (-424 -16 -8) (-424 -16 -72) (-424 -256 -144.00000000000003) (-424 -256 -8) 
4 602 603 (-424 -16 -80) (-424 -16 -128) (-424 -256 -200) (-424 -256 -152) 
4 603 638 (-432 -240 -203.20000000000005) (-432 -256 -208.00000000000006) (-432 -256 -8) (-432 -240 -8) 
4 603 637 (-432 -224 -198.40000000000006) (-432 -240 -203.20000000000005) (-432 -240 -40) (-432 -224 -40) 
3 603 636 (-432 -240 -40) (-432 -240 -31.99999999999998) (-432 -231.99999999999997 -40) 
5 603 633 (-432 -240 -31.99999999999998) (-432 -240 -8) (-432 -224 -8) (-432 -224 -40) (-432 -231.99999999999997 -40) 
5 603 630 (-432 -208 -193.60000000000008) (-432 -224 -198.40000000000006) (-432 -224 -24) (-432 -216.00000000000003 -24) (-432 -208 -32.00000000000002) 
3 603 629 (-432 -216.00000000000003 -24) (-432 -208 -24) (-432 -208 -32.00000000000002) 
4 603 628 (-432 -224 -24) (-432 -224 -8) (-432 -208 -8) (-432 -208 -24) 
4 603 617 (-432 -168 -181.60000000000008) (-432 -208 -193.60000000000008) (-432 -208 -8) (-432 -168 -8) 
4 603 616 (-432 -16 -8) (-432 -16 -136.00000000000003) (-432 -168 -181.60000000000008) (-432 -168 -8) 
4 603 605 (-424 -256 -208.00000000000009) (-432 -256 -208.00000000000009) (-432 -16 -136.00000000000009) (-424 -16 -136.00000000000009) 
4 604 605 (-424 -256 -216.00000000000003) (-424 -256 -208.00000000000003) (-424 -16 -136) (-424 -16 -144) 
4 605 638 (-432 -240 -219.2) (-432 -256 -224) (-432 -256 -208.00000000000006) (-432 -240 -203.20000000000005) 
4 605 637 (-432 -224 -214.4) (-432 -240 -219.2) (-432 -240 -203.20000000000005) (-432 -224 -198.40000000000006) 
4 605 630 (-432 -208 -209.60000000000002) (-432 -224 -214.4) (-432 -224 -198.40000000000006) (-432 -208 -193.60000000000005) 
3 605 620 (-432 -202.6666666666666 -208) (-432 -208 -209.60000000000002) (-432 -208 -208) 
5 605 617 (-432 -168 -197.60000000000002) (-432 -202.6666666666666 -208) (-432 -208 -208) (-432 -208 -193.60000000000005) (-432 -168 -181.60000000000005) 
4 605 616 (-432 -16 -136.00000000000003) (-432 -16 -151.99999999999997) (-432 -168 -197.60000000000002) (-432 -168 -181.60000000000005) 
4 605 607 (-424 -256 -224.00000000000006) (-432 -256 -224.00000000000006) (-432 -16 -152.00000000000006) (-424 -16 -152.00000000000006) 
4 606 607 (-424 -256 -232) (-424 -256 -224.00000000000017) (-424 -16 -152.00000000000017) (-424 -16 -160) 
3 607 695 (-432 -229.33333333333331 -232) (-432 -256 -240) (-432 -256 -232) 
4 607 638 (-432 -240 -232) (-432 -256 -232) (-432 -256 -224) (-432 -240 -219.2) 
5 607 637 (-432 -224 -230.4) (-432 -229.33333333333331 -232) (-432 -240 -232) (-432 -240 -219.2) (-432 -224 -214.4) 
4 607 630 (-432 -208 -225.60000000000002) (-432 -224 -230.4) (-432 -224 -214.4) (-432 -208 -209.6) 
5 607 620 (-432 -168 -213.60000000000002) (-432 -208 -225.60000000000002) (-432 -208 -209.6) (-432 -202.66666666666669 -208) (-432 -168 -208) 
3 607 617 (-432 -202.66666666666669 -208) (-432 -168 -197.6) (-432 -168 -208) 
4 607 616 (-432 -16 -151.99999999999997) (-432 -16 -168) (-432 -168 -213.60000000000002) (-432 -168 -197.6) 
4 607 610 (-424 -256 -240.00000000000006) (-432 -256 -240.00000000000006) (-432 -192 -220.80000000000007) (-424 -192 -220.80000000000007) 
4 607 609 (-432 -192 -220.80000000000007) (-432 -168 -213.60000000000008) (-424 -168 -213.60000000000008) (-424 -192 -220.80000000000007) 
4 607 608 (-432 -168 -213.60000000000008) (-432 -16 -168.00000000000006) (-424 -16 -168.00000000000006) (-424 -168 -213.60000000000008) 
4 608 676 (-432 -16 -232) (-432 -16 -256) (-432 -168 -256) (-432 -168 -232) 
4 608 616 (-432 -16 -168) (-432 -16 -232) (-432 -168 -232) (-432 -168 -213.60000000000002) 
4 608 611 (-432 -168 -256) (-432 -16 -256) (-416 -16 -256) (-416 -168 -256) 
4 608 609 (-416 -168 -232) (-416 -168 -213.59999999999945) (-432 -168 -213.59999999999945) (-432 -168 -232) 
4 609 620 (-432 -192 -232) (-432 -192 -220.8) (-432 -168 -213.60000000000002) (-432 -168 -232) 
4 609 610 (-416 -192 -232) (-416 -192 -220.7999999999997) (-432 -192 -220.7999999999997) (-432 -192 -232) 
5 610 695 (-432 -224 -256) (-432 -256 -256) (-432 -256 -240) (-432 -229.33333333333331 -232) (-432 -224 -232) 
4 610 687 (-432 -208 -256) (-432 -224 -256) (-432 -224 -232) (-432 -208 -232) 
4 610 677 (-432 -192 -256) (-432 -208 -256) (-432 -208 -232) (-432 -192 -232) 
3 610 637 (-432 -229.33333333333331 -232) (-432 -224 -230.4) (-432 -224 -232) 
4 610 630 (-432 -224 -230.4) (-432 -208 -225.60000000000002) (-432 -208 -232) (-432 -224 -232) 
4 610 620 (-432 -208 -225.60000000000002) (-432 -192 -220.8) (-432 -192 -232) (-432 -208 -232) 
4 610 611 (-416 -256 -256) (-432 -256 -256) (-432 -192 -256) (-416 -192 -256) 
4 611 710 (-432 -224 -688) (-432 -256 -688) (-432 -256 -352) (-432 -224 -352) 
4 611 704 (-432 -256 -352) (-432 -256 -336) (-432 -224 -336) (-432 -224 -352) 
4 611 695 (-432 -256 -336) (-432 -256 -256) (-432 -224 -256) (-432 -224 -336) 
4 611 687 (-432 -208 -688) (-432 -224 -688) (-432 -224 -256) (-432 -208 -256) 
4 611 685 (-432 -16 -328) (-432 -16 -688) (-432 -208 -688) (-432 -208 -328) 
4 611 682 (-432 -192 -328) (-432 -208 -328) (-432 -208 -256) (-432 -192 -256) 
4 611 678 (-432 -16 -256) (-432 -16 -328) (-432 -192 -328) (-432 -192 -256) 
4 612 712 (-432 -16 -704) (-416 -16 -704) (-416 -256 -704) (-432 -256 -704) 
4 612 711 (-432 -224 -704) (-432 -256 -704) (-432 -256 -696) (-432 -224 -696) 
4 612 688 (-432 -208 -704) (-432 -224 -704) (-432 -224 -696) (-432 -208 -696) 
4 612 686 (-432 -16 -696) (-432 -16 -704) (-432 -208 -704) (-432 -208 -696) 
4 612 615 (-432 -256 -696) (-432 -256 -704) (-416 -256 -704) (-416 -256 -696) 
4 613 642 (-432 -336 -224) (-432 -336 -8) (-432 -272 -8) (-432 -272 -224) 
4 614 710 (-432 -336 -688) (-432 -336 -352) (-432 -272 -352) (-432 -272 -688) 
4 614 704 (-432 -336 -352) (-432 -336 -336) (-432 -272 -336) (-432 -272 -352) 
4 614 700 (-432 -336 -336) (-432 -336 -232) (-432 -296 -232) (-432 -296 -336) 
4 614 698 (-432 -296 -232) (-432 -280 -232) (-432 -280 -336) (-432 -296 -336) 
4 614 697 (-432 -280 -232) (-432 -272 -232) (-432 -272 -336) (-432 -280 -336) 
4 615 989 (-432 -336 -704) (-416 -336 -704) (-416 -336 -696) (-432 -336 -696) 
4 615 712 (-416 -256 -704) (-416 -336 -704) (-432 -336 -704) (-432 -256 -704) 
4 615 711 (-432 -256 -704) (-432 -336 -704) (-432 -336 -696) (-432 -256 -696) 
4 616 676 (-664 -16 -232) (-432 -16 -232) (-432 -168 -232) (-664 -168 -232) 
4 616 675 (-664 -16 -224) (-664 -16 -232) (-664 -168 -232) (-664 -168 -224) 
4 616 666 (-664 -16 -184) (-664 -16 -224) (-664 -168 -224) (-664 -168 -184) 
4 616 659 (-664 -16 -152) (-664 -16 -184) (-664 -168 -184) (-664 -168 -152) 
4 616 658 (-664 -16 -112) (-664 -16 -152) (-664 -168 -152) (-664 -168 -112) 
4 616 645 (-664 -16 -96) (-664 -16 -104) (-664 -168 -104) (-664 -168 -96) 
4 616 644 (-664 -16 -40) (-664 -16 -88) (-664 -168 -88) (-664 -168 -40) 
4 616 643 (-664 -16 -8) (-664 -16 -32) (-664 -168 -32) (-664 -168 -8) 
4 616 624 (-664 -168 -80) (-664 -168 -87.99999999999999) (-648 -168 -88) (-648 -168 -80) 
4 616 623 (-664 -168 -8) (-664 -168 -80) (-648 -168 -80) (-648 -168 -8) 
4 616 622 (-648 -168 -232) (-600 -168 -232) (-600 -168 -8) (-648 -168 -8) 
4 616 620 (-584 -168 -232) (-432 -168 -232) (-432 -168 -208) (-584 -168 -208) 
4 616 619 (-600 -168 -192) (-600 -168 -199.99999999999994) (-584 -168 -199.99999999999994) (-584 -168 -192) 
4 616 618 (-584 -168 -8) (-600 -168 -8) (-600 -168 -192) (-584 -168 -192) 
4 616 617 (-432 -168 -208) (-432 -168 -8) (-584 -168 -8) (-584 -168 -208) 
4 617 630 (-432 -208 -208) (-432 -208 -32.00000000000003) (-584 -208 -32.00000000000003) (-584 -208 -208) 
4 617 629 (-432 -208 -32.00000000000003) (-432 -208 -24) (-584 -208 -24) (-584 -208 -32.00000000000003) 
4 617 628 (-432 -208 -24) (-432 -208 -8) (-584 -208 -8) (-584 -208 -24) 
4 617 620 (-432 -208 -208) (-584 -208 -208) (-584 -168 -208) (-432 -168 -208) 
3 617 619 (-584 -168 -192) (-584 -168 -199.99999999999994) (-584 -175.99999999999994 -192) 
4 617 618 (-584 -168 -8) (-584 -168 -192) (-584 -208 -192) (-584 -208 -8) 
4 618 629 (-600 -208 -24) (-600 -208 -32.00000000000002) (-584 -208 -32.00000000000003) (-584 -208 -24) 
4 618 628 (-584 -208 -8) (-600 -208 -8) (-600 -208 -24) (-584 -208 -24) 
4 618 625 (-600 -184 -192) (-600 -208 -192) (-600 -208 -8) (-600 -184 -8) 
4 618 622 (-600 -168 -8) (-600 -168 -192) (-600 -184 -192) (-600 -184 -8) 
4 618 619 (-600 -175.99999999999994 -192) (-600 -168 -192) (-584 -168 -192) (-584 -175.99999999999994 -192) 
3 619 622 (-600 -168 -192) (-600 -168 -199.99999999999994) (-600 -175.99999999999994 -192) 
4 620 677 (-432 -192 -232) (-432 -208 -232) (-584 -208 -232) (-584 -192 -232) 
4 620 630 (-584 -208 -232) (-432 -208 -232) (-432 -208 -208) (-584 -208 -208) 
4 620 621 (-584 -208 -232) (-584 -208 -208) (-584 -184 -208) (-584 -184 -232) 
4 621 677 (-584 -208 -232) (-600 -208 -232) (-600 -192 -232) (-584 -192 -232) 
4 621 625 (-600 -184 -232) (-600 -208 -232) (-600 -208 -208) (-600 -184 -208) 
4 622 625 (-648 -184 -232) (-600 -184 -232) (-600 -184 -8) (-648 -184 -8) 
3 622 624 (-648 -168 -80) (-648 -168 -87.99999999999999) (-648 -175.99999999999997 -80) 
4 622 623 (-648 -168 -8) (-648 -168 -80) (-648 -184 -80) (-648 -184 -8) 
4 623 644 (-664 -184 -80) (-664 -184 -40) (-664 -168 -40) (-664 -168 -80) 
4 623 643 (-664 -184 -32) (-664 -184 -8) (-664 -168 -8) (-664 -168 -32) 
4 623 626 (-664 -184 -8) (-664 -184 -80) (-648 -184 -80) (-648 -184 -8) 
4 623 624 (-664 -168 -80) (-648 -168 -80) (-648 -175.99999999999997 -80) (-664 -175.99999999999997 -80) 
3 624 644 (-664 -175.99999999999997 -80) (-664 -168 -80) (-664 -168 -87.99999999999999) 
4 625 677 (-600 -208 -232) (-648 -208 -232) (-648 -192 -232) (-600 -192 -232) 
4 625 632 (-648 -208 -232) (-632 -208 -232) (-632 -208 -32.00000000000002) (-648 -208 -32.00000000000002) 
4 625 631 (-616 -208 -232) (-600 -208 -232) (-600 -208 -32.00000000000003) (-616 -208 -32.00000000000003) 
4 625 629 (-600 -208 -32.00000000000003) (-600 -208 -24) (-648 -208 -24) (-648 -208 -32.00000000000002) 
4 625 628 (-600 -208 -24) (-600 -208 -8) (-648 -208 -8) (-648 -208 -24) 
4 625 627 (-648 -184 -96) (-648 -184 -232) (-648 -208 -232) (-648 -208 -96) 
4 625 626 (-648 -184 -8) (-648 -184 -80) (-648 -208 -80) (-648 -208 -8) 
4 626 644 (-664 -208 -80) (-664 -208 -40) (-664 -184 -40) (-664 -184 -80) 
4 626 643 (-664 -208 -32) (-664 -208 -8) (-664 -184 -8) (-664 -184 -32) 
4 626 629 (-664 -208 -24) (-664 -208 -32.00000000000002) (-648 -208 -32.00000000000002) (-648 -208 -24) 
4 626 628 (-664 -208 -8) (-664 -208 -24) (-648 -208 -24) (-648 -208 -8) 
4 627 677 (-648 -208 -232) (-664 -208 -232) (-664 -192 -232) (-648 -192 -232) 
4 627 675 (-664 -184 -232) (-664 -208 -232) (-664 -208 -224) (-664 -184 -224) 
4 627 666 (-664 -208 -224) (-664 -208 -184) (-664 -184 -184) (-664 -184 -224) 
4 627 661 (-664 -208 -184) (-664 -208 -152) (-664 -184 -152) (-664 -184 -184) 
4 627 658 (-664 -208 -152) (-664 -208 -112) (-664 -184 -112) (-664 -184 -152) 
4 627 645 (-664 -208 -104) (-664 -208 -96) (-664 -184 -96) (-664 -184 -104) 
4 628 643 (-664 -224 -24) (-664 -224 -8) (-664 -208 -8) (-664 -208 -24) 
4 628 635 (-648 -224 -24) (-632 -224 -24) (-632 -224 -8) (-648 -224 -8) 
4 628 634 (-616 -224 -24) (-600 -224 -24) (-600 -224 -8) (-616 -224 -8) 
4 628 633 (-584 -224 -24) (-432 -224 -24) (-432 -224 -8) (-584 -224 -8) 
4 628 632 (-632 -224 -24) (-648 -224 -24) (-648 -216.00000000000003 -24) (-632 -216.00000000000003 -24) 
4 628 631 (-600 -224 -24) (-616 -224 -24) (-616 -216.00000000000003 -24) (-600 -216.00000000000003 -24) 
4 628 630 (-432 -224 -24) (-584 -224 -24) (-584 -216.00000000000003 -24) (-432 -216.00000000000003 -24) 
4 628 629 (-664 -216.00000000000003 -24) (-664 -208 -24) (-432 -208 -24) (-432 -216.00000000000003 -24) 
3 629 643 (-664 -216.00000000000003 -24) (-664 -208 -24) (-664 -208 -32.00000000000002) 
4 629 632 (-648 -208 -32) (-632 -208 -32) (-632 -216 -24) (-648 -216 -24) 
4 629 631 (-616 -208 -32) (-600 -208 -32) (-600 -216 -24) (-616 -216 -24) 
4 629 630 (-584 -208 -32) (-432 -208 -32) (-432 -216 -24) (-584 -216 -24) 
4 630 687 (-432 -208 -232) (-432 -224 -232) (-584 -224 -232) (-584 -208 -232) 
4 630 637 (-584 -224 -232) (-432 -224 -232) (-432 -224 -40) (-584 -224 -40) 
4 630 633 (-432 -224 -40) (-432 -224 -24) (-584 -224 -24) (-584 -224 -40) 
4 631 689 (-600 -224 -232) (-616 -224 -232) (-616 -208 -232) (-600 -208 -232) 
4 631 637 (-616 -224 -232) (-600 -224 -232) (-600 -224 -40) (-616 -224 -40) 
4 631 634 (-600 -224 -40) (-600 -224 -24) (-616 -224 -24) (-616 -224 -40) 
4 632 691 (-632 -224 -232) (-648 -224 -232) (-648 -208 -232) (-632 -208 -232) 
4 632 637 (-648 -224 -232) (-632 -224 -232) (-632 -224 -40) (-648 -224 -40) 
4 632 635 (-632 -224 -40) (-632 -224 -24) (-648 -224 -24) (-648 -224 -40) 
4 633 638 (-584 -240 -31.99999999999998) (-432 -240 -31.99999999999998) (-432 -240 -8) (-584 -240 -8) 
4 633 637 (-584 -224 -40) (-432 -224 -40) (-432 -231.99999999999997 -40) (-584 -231.99999999999997 -40) 
4 633 636 (-584 -232 -40) (-432 -232 -40) (-432 -240 -32) (-584 -240 -32) 
4 634 638 (-616 -240 -31.99999999999998) (-600 -240 -31.99999999999998) (-600 -240 -8) (-616 -240 -8) 
4 634 637 (-616 -224 -40) (-600 -224 -40) (-600 -231.99999999999997 -40) (-616 -231.99999999999997 -40) 
4 634 636 (-616 -232 -40) (-600 -232 -40) (-600 -240 -32) (-616 -240 -32) 
4 635 638 (-648 -240 -31.99999999999998) (-632 -240 -31.99999999999998) (-632 -240 -8) (-648 -240 -8) 
4 635 637 (-648 -224 -40) (-632 -224 -40) (-632 -231.99999999999997 -40) (-648 -231.99999999999997 -40) 
4 635 636 (-648 -232 -40) (-632 -232 -40) (-632 -240 -32) (-648 -240 -32) 
4 636 638 (-664 -240 -31.99999999999998) (-664 -240 -40) (-432 -240 -40) (-432 -240 -31.99999999999998) 
4 636 637 (-432 -240 -40) (-664 -240 -40) (-664 -231.99999999999997 -40) (-432 -231.99999999999997 -40) 
4 637 695 (-432 -224 -232) (-432 -240 -232) (-664 -240 -232) (-664 -224 -232) 
4 637 675 (-664 -224 -232) (-664 -240 -232) (-664 -240 -224) (-664 -224 -224) 
4 637 666 (-664 -240 -224) (-664 -240 -184) (-664 -224 -184) (-664 -224 -224) 
4 637 661 (-664 -240 -184) (-664 -240 -152) (-664 -224 -152) (-664 -224 -184) 
4 637 658 (-664 -240 -152) (-664 -240 -112) (-664 -224 -112) (-664 -224 -152) 
4 637 645 (-664 -240 -104) (-664 -240 -96) (-664 -224 -96) (-664 -224 -104) 
4 637 644 (-664 -240 -88) (-664 -240 -40) (-664 -224 -40) (-664 -224 -88) 
4 637 638 (-664 -240 -40) (-664 -240 -232) (-432 -240 -232) (-432 -240 -40) 
4 638 695 (-432 -240 -232) (-432 -264 -232) (-664 -264 -232) (-664 -240 -232) 
4 638 675 (-664 -240 -232) (-664 -264 -232) (-664 -264 -224) (-664 -240 -224) 
4 638 666 (-664 -264 -224) (-664 -264 -184) (-664 -240 -184) (-664 -240 -224) 
4 638 661 (-664 -264 -184) (-664 -264 -152) (-664 -240 -152) (-664 -240 -184) 
4 638 658 (-664 -264 -152) (-664 -264 -112) (-664 -240 -112) (-664 -240 -152) 
4 638 645 (-664 -264 -104) (-664 -264 -96) (-664 -240 -96) (-664 -240 -104) 
4 638 644 (-664 -264 -88) (-664 -264 -40) (-664 -240 -40) (-664 -240 -88) 
4 638 643 (-664 -264 -32) (-664 -264 -8) (-664 -240 -8) (-664 -240 -32) 
4 638 641 (-664 -264 -224) (-664 -264 -232) (-432 -264 -232) (-432 -264 -224) 
4 638 640 (-664 -264 -208) (-664 -264 -216) (-432 -264 -216) (-432 -264 -208) 
4 638 639 (-664 -264 -8) (-664 -264 -200) (-432 -264 -200) (-432 -264 -8) 
4 639 667 (-664 -272 -200) (-664 -272 -184) (-664 -264 -184) (-664 -264 -200) 
4 639 661 (-664 -272 -184) (-664 -272 -152) (-664 -264 -152) (-664 -264 -184) 
4 639 658 (-664 -272 -152) (-664 -272 -112) (-664 -264 -112) (-664 -264 -152) 
4 639 645 (-664 -272 -104) (-664 -272 -96) (-664 -264 -96) (-664 -264 -104) 
4 639 644 (-664 -272 -88) (-664 -272 -40) (-664 -264 -40) (-664 -264 -88) 
4 639 643 (-664 -272 -32) (-664 -272 -8) (-664 -264 -8) (-664 -264 -32) 
4 639 642 (-664 -272 -8) (-664 -272 -200) (-432 -272 -200) (-432 -272 -8) 
4 640 668 (-664 -272 -216) (-664 -272 -208) (-664 -264 -208) (-664 -264 -216) 
4 640 642 (-664 -272 -208) (-664 -272 -216) (-432 -272 -216) (-432 -272 -208) 
4 641 675 (-664 -264 -232) (-664 -272 -232) (-664 -272 -224) (-664 -264 -224) 
4 642 670 (-664 -336 -224) (-664 -336 -152) (-664 -280 -152) (-664 -280 -224) 
4 642 669 (-664 -272 -184) (-664 -272 -224) (-664 -280 -224) (-664 -280 -184) 
4 642 661 (-664 -280 -152) (-664 -272 -152) (-664 -272 -184) (-664 -280 -184) 
4 642 658 (-664 -336 -152) (-664 -336 -112) (-664 -272 -112) (-664 -272 -152) 
4 642 645 (-664 -336 -104) (-664 -336 -96) (-664 -272 -96) (-664 -272 -104) 
4 642 644 (-664 -336 -88) (-664 -336 -40) (-664 -272 -40) (-664 -272 -88) 
4 642 643 (-664 -336 -32) (-664 -336 -8) (-664 -272 -8) (-664 -272 -32) 
4 643 646 (-672 -16 -8) (-672 -16 -32) (-672 -336 -32) (-672 -336 -8) 
4 644 646 (-672 -16 -40) (-672 -16 -88) (-672 -336 -88) (-672 -336 -40) 
4 645 646 (-672 -16 -96) (-672 -16 -104) (-672 -336 -104) (-672 -336 -96) 
4 646 652 (-688 -328 -112) (-688 -336 -112) (-688 -336 -24) (-688 -328 -24) 
4 646 651 (-688 -328 -32) (-688 -328 -24) (-688 -312 -24) (-688 -312 -31.999999999999993) 
4 646 650 (-688 -296 -112) (-688 -312 -112) (-688 -312 -24) (-688 -296 -24) 
4 646 649 (-688 -296 -32) (-688 -296 -24) (-688 -280 -24) (-688 -280 -31.999999999999993) 
4 646 648 (-688 -16 -24) (-688 -16 -112) (-688 -280 -112) (-688 -280 -24) 
4 646 647 (-688 -16 -8) (-688 -16 -24) (-688 -336 -24) (-688 -336 -8) 
4 647 653 (-704 -16 -8) (-704 -16 -24) (-704 -336 -24) (-704 -336 -8) 
4 647 652 (-704 -336 -24) (-704 -328 -24) (-688 -328 -24) (-688 -336 -24) 
4 647 651 (-696 -312 -24) (-688 -312 -24) (-688 -328 -24) (-696 -328 -24) 
4 647 650 (-704 -312 -24) (-704 -296 -24) (-688 -296 -24) (-688 -312 -24) 
4 647 649 (-696 -280 -24) (-688 -280 -24) (-688 -296 -24) (-696 -296 -24) 
4 647 648 (-704 -280 -24) (-704 -16 -24) (-688 -16 -24) (-688 -280 -24) 
4 648 657 (-704 -16 -40) (-704 -16 -112) (-704 -280 -112) (-704 -280 -40) 
4 648 654 (-704 -16 -24) (-704 -16 -40) (-704 -280 -40) (-704 -280 -24) 
3 648 649 (-688 -280 -32) (-688 -280 -24) (-696 -280 -24) 
3 649 650 (-688 -296 -32) (-688 -296 -24) (-696 -296 -24) 
4 650 657 (-704 -296 -112) (-704 -312 -112) (-704 -312 -40) (-704 -296 -40) 
4 650 655 (-704 -312 -40) (-704 -312 -24) (-704 -296 -24) (-704 -296 -40) 
3 650 651 (-688 -312 -32) (-688 -312 -24) (-696 -312 -24) 
3 651 652 (-688 -328 -32) (-688 -328 -24) (-696 -328 -24) 
4 652 657 (-704 -328 -112) (-704 -336 -112) (-704 -336 -40) (-704 -328 -40) 
4 652 656 (-704 -336 -40) (-704 -336 -24) (-704 -328 -24) (-704 -328 -40) 
4 653 656 (-720 -336 -24) (-720 -328 -24) (-704 -328 -24) (-704 -336 -24) 
4 653 655 (-720 -312 -24) (-720 -296 -24) (-704 -296 -24) (-704 -312 -24) 
4 653 654 (-720 -280 -24) (-720 -16 -24) (-704 -16 -24) (-704 -280 -24) 
4 654 657 (-720 -280 -40) (-720 -16 -40) (-704 -16 -40) (-704 -280 -40) 
4 655 657 (-720 -312 -40) (-720 -296 -40) (-704 -296 -40) (-704 -312 -40) 
4 656 657 (-720 -336 -40) (-720 -328 -40) (-704 -328 -40) (-704 -336 -40) 
4 658 670 (-664 -280 -152) (-664 -336 -152) (-672 -336 -152) (-672 -280 -152) 
4 658 661 (-664 -184 -152) (-664 -280 -152) (-672 -280 -152) (-672 -184 -152) 
4 658 660 (-664 -168 -152) (-664 -184 -152) (-672 -184 -152) (-672 -168 -152) 
4 658 659 (-672 -16 -152) (-664 -16 -152) (-664 -168 -152) (-672 -168 -152) 
4 659 666 (-688 -168 -184) (-688 -16 -184) (-664 -16 -184) (-664 -168 -184) 
4 659 662 (-688 -16 -184) (-688 -168 -184) (-688 -168 -152) (-688 -16 -152) 
4 659 660 (-688 -168 -152) (-688 -168 -168) (-664 -168 -168) (-664 -168 -152) 
4 660 663 (-688 -184 -168) (-688 -184 -152) (-688 -168 -152) (-688 -168 -168) 
4 660 661 (-688 -184 -152) (-688 -184 -168) (-664 -184 -168) (-664 -184 -152) 
4 661 670 (-664 -280 -184) (-664 -280 -152) (-688 -280 -152) (-688 -280 -184) 
4 661 669 (-664 -280 -184) (-688 -280 -184) (-688 -272 -184) (-664 -272 -184) 
4 661 667 (-688 -272 -184) (-688 -264 -184) (-664 -264 -184) (-664 -272 -184) 
4 661 666 (-688 -264 -184) (-688 -184 -184) (-664 -184 -184) (-664 -264 -184) 
4 661 663 (-688 -280 -168) (-688 -280 -152) (-688 -184 -152) (-688 -184 -168) 
4 662 666 (-704 -168 -184) (-704 -16 -184) (-688 -16 -184) (-688 -168 -184) 
4 662 665 (-704 -16 -184) (-704 -168 -184) (-704 -168 -152) (-704 -16 -152) 
4 662 664 (-704 -168 -168) (-704 -168 -184) (-696 -168 -184) (-696 -168 -168) 
4 662 663 (-704 -168 -152) (-704 -168 -168) (-688 -168 -168) (-688 -168 -152) 
4 663 665 (-704 -280 -168) (-704 -280 -152) (-704 -168 -152) (-704 -168 -168) 
3 663 664 (-704 -176 -168) (-704 -168 -168) (-696 -168 -168) 
3 664 666 (-704 -176 -184) (-704 -168 -184) (-696 -168 -184) 
4 664 665 (-704 -168 -184) (-704 -175.99999999999997 -184) (-704 -176 -168) (-704 -168 -168) 
4 665 674 (-704 -280 -152) (-720 -280 -152) (-720 -280 -184) (-704 -280 -184) 
4 665 669 (-704 -280 -184) (-720 -280 -184) (-720 -272 -184) (-704 -272 -184) 
4 665 667 (-720 -272 -184) (-720 -264 -184) (-704 -264 -184) (-704 -272 -184) 
4 665 666 (-720 -264 -184) (-720 -16 -184) (-704 -16 -184) (-704 -264 -184) 
4 666 675 (-720 -264 -224) (-720 -16 -224) (-664 -16 -224) (-664 -264 -224) 
4 666 668 (-664 -264 -216) (-664 -264 -208) (-720 -264 -208) (-720 -264 -216) 
4 666 667 (-664 -264 -200) (-664 -264 -184) (-720 -264 -184) (-720 -264 -200) 
4 667 669 (-664 -272 -200) (-664 -272 -184) (-720 -272 -184) (-720 -272 -200) 
4 668 669 (-664 -272 -216) (-664 -272 -208) (-720 -272 -208) (-720 -272 -216) 
4 669 674 (-720 -280 -224) (-704 -280 -224) (-704 -280 -184) (-720 -280 -184) 
4 669 670 (-688 -280 -224) (-664 -280 -224) (-664 -280 -184) (-688 -280 -184) 
4 670 673 (-688 -328 -224) (-688 -336 -224) (-688 -336 -152) (-688 -328 -152) 
4 670 672 (-688 -296 -224) (-688 -312 -224) (-688 -312 -184) (-688 -296 -184) 
4 670 671 (-688 -312 -168) (-688 -312 -152) (-688 -296 -152) (-688 -296 -168) 
4 671 674 (-704 -312 -168) (-704 -312 -152) (-704 -296 -152) (-704 -296 -168) 
4 672 674 (-704 -296 -224) (-704 -312 -224) (-704 -312 -184) (-704 -296 -184) 
4 673 674 (-704 -328 -224) (-704 -336 -224) (-704 -336 -152) (-704 -328 -152) 
4 675 695 (-720 -264 -232) (-720 -224 -232) (-664 -224 -232) (-664 -264 -232) 
4 675 692 (-720 -224 -232) (-720 -208 -232) (-664 -208 -232) (-664 -224 -232) 
4 675 677 (-720 -208 -232) (-720 -192 -232) (-664 -192 -232) (-664 -208 -232) 
4 675 676 (-720 -168 -232) (-720 -16 -232) (-664 -16 -232) (-664 -168 -232) 
4 676 681 (-720 -168 -256) (-720 -16 -256) (-632 -16 -256) (-632 -168 -256) 
4 676 679 (-632 -16 -256) (-616 -16 -256) (-616 -168 -256) (-632 -168 -256) 
4 676 678 (-616 -16 -256) (-432 -16 -256) (-432 -168 -256) (-616 -168 -256) 
4 677 692 (-664 -208 -232) (-720 -208 -232) (-720 -208 -256) (-664 -208 -256) 
4 677 691 (-632 -208 -232) (-648 -208 -232) (-648 -208 -256) (-632 -208 -256) 
4 677 689 (-600 -208 -232) (-616 -208 -232) (-616 -208 -256) (-600 -208 -256) 
4 677 687 (-432 -208 -256) (-432 -208 -232) (-584 -208 -232) (-584 -208 -256) 
4 677 684 (-632 -208 -256) (-720 -208 -256) (-720 -192 -256) (-632 -192 -256) 
4 677 683 (-616 -208 -256) (-632 -208 -256) (-632 -192 -256) (-616 -192 -256) 
4 677 682 (-432 -208 -256) (-616 -208 -256) (-616 -192 -256) (-432 -192 -256) 
4 678 685 (-616 -16 -328) (-432 -16 -328) (-432 -192 -328) (-616 -192 -328) 
4 678 682 (-616 -192 -328) (-432 -192 -328) (-432 -192 -256) (-616 -192 -256) 
3 678 680 (-616 -176 -328) (-616 -184.00000000000003 -328) (-616 -176 -320) 
4 678 679 (-616 -16 -328) (-616 -176 -328) (-616 -176 -256) (-616 -16 -256) 
4 679 685 (-632 -16 -328) (-616 -16 -328) (-616 -176 -328) (-632 -176 -328) 
4 679 681 (-632 -16 -328) (-632 -176 -328) (-632 -176 -256) (-632 -16 -256) 
4 679 680 (-632 -176 -320) (-632 -176 -328) (-616 -176 -328) (-616 -176 -320) 
4 680 685 (-616 -176 -328) (-616 -184.00000000000003 -328) (-632 -184.00000000000003 -328) (-632 -176 -328) 
3 680 681 (-632 -176 -328) (-632 -184.00000000000003 -328) (-632 -176 -320) 
4 681 685 (-720 -192 -328) (-720 -16 -328) (-632 -16 -328) (-632 -192 -328) 
4 681 684 (-720 -192 -328) (-632 -192 -328) (-632 -192 -256) (-720 -192 -256) 
4 682 689 (-600 -208 -256) (-616 -208 -256) (-616 -208 -328) (-600 -208 -328) 
4 682 687 (-432 -208 -328) (-432 -208 -256) (-584 -208 -256) (-584 -208 -328) 
4 682 685 (-432 -208 -328) (-616 -208 -328) (-616 -192 -328) (-432 -192 -328) 
4 682 683 (-616 -192 -256) (-616 -192 -312) (-616 -208 -312) (-616 -208 -256) 
4 683 684 (-632 -192 -256) (-632 -192 -312) (-632 -208 -312) (-632 -208 -256) 
4 684 692 (-664 -208 -256) (-720 -208 -256) (-720 -208 -328) (-664 -208 -328) 
4 684 691 (-632 -208 -256) (-648 -208 -256) (-648 -208 -328) (-632 -208 -328) 
4 684 685 (-632 -208 -328) (-720 -208 -328) (-720 -192 -328) (-632 -192 -328) 
4 685 692 (-664 -208 -328) (-720 -208 -328) (-720 -208 -688) (-664 -208 -688) 
4 685 691 (-632 -208 -328) (-648 -208 -328) (-648 -208 -688) (-632 -208 -688) 
4 685 689 (-600 -208 -328) (-616 -208 -328) (-616 -208 -688) (-600 -208 -688) 
4 685 687 (-432 -208 -688) (-432 -208 -328) (-584 -208 -328) (-584 -208 -688) 
4 686 736 (-720 -16 -696) (-720 -16 -704) (-720 -208 -704) (-720 -208 -696) 
4 686 712 (-720 -208 -704) (-720 -16 -704) (-432 -16 -704) (-432 -208 -704) 
4 686 694 (-720 -208 -704) (-664 -208 -704) (-664 -208 -696) (-720 -208 -696) 
4 686 693 (-648 -208 -704) (-632 -208 -704) (-632 -208 -696) (-648 -208 -696) 
4 686 690 (-616 -208 -704) (-600 -208 -704) (-600 -208 -696) (-616 -208 -696) 
4 686 688 (-584 -208 -704) (-432 -208 -704) (-432 -208 -696) (-584 -208 -696) 
4 687 710 (-432 -224 -688) (-432 -224 -352) (-584 -224 -352) (-584 -224 -688) 
4 687 704 (-432 -224 -352) (-432 -224 -336) (-584 -224 -336) (-584 -224 -352) 
4 687 695 (-432 -224 -336) (-432 -224 -232) (-584 -224 -232) (-584 -224 -336) 
4 688 712 (-584 -208 -704) (-432 -208 -704) (-432 -224 -704) (-584 -224 -704) 
4 688 711 (-584 -224 -704) (-432 -224 -704) (-432 -224 -696) (-584 -224 -696) 
4 689 710 (-600 -224 -688) (-600 -224 -352) (-616 -224 -352) (-616 -224 -688) 
4 689 704 (-600 -224 -352) (-600 -224 -336) (-616 -224 -336) (-616 -224 -352) 
4 689 695 (-600 -224 -336) (-600 -224 -232) (-616 -224 -232) (-616 -224 -336) 
4 690 712 (-616 -208 -704) (-600 -208 -704) (-600 -224 -704) (-616 -224 -704) 
4 690 711 (-616 -224 -704) (-600 -224 -704) (-600 -224 -696) (-616 -224 -696) 
4 691 710 (-632 -224 -688) (-632 -224 -352) (-648 -224 -352) (-648 -224 -688) 
4 691 704 (-632 -224 -352) (-632 -224 -336) (-648 -224 -336) (-648 -224 -352) 
4 691 695 (-632 -224 -336) (-632 -224 -232) (-648 -224 -232) (-648 -224 -336) 
4 692 710 (-720 -224 -352) (-720 -224 -688) (-664 -224 -688) (-664 -224 -352) 
4 692 705 (-720 -224 -336) (-720 -224 -352) (-688 -224 -352) (-688 -224 -336) 
4 692 704 (-688 -224 -352) (-664 -224 -352) (-664 -224 -336) (-688 -224 -336) 
4 692 695 (-664 -224 -232) (-720 -224 -232) (-720 -224 -336) (-664 -224 -336) 
4 693 712 (-648 -208 -704) (-632 -208 -704) (-632 -224 -704) (-648 -224 -704) 
4 693 711 (-648 -224 -704) (-632 -224 -704) (-632 -224 -696) (-648 -224 -696) 
4 694 736 (-720 -208 -696) (-720 -208 -704) (-720 -224 -704) (-720 -224 -696) 
4 694 712 (-720 -224 -704) (-720 -208 -704) (-664 -208 -704) (-664 -224 -704) 
4 694 711 (-720 -224 -704) (-664 -224 -704) (-664 -224 -696) (-720 -224 -696) 
4 695 705 (-720 -264 -336) (-720 -224 -336) (-688 -224 -336) (-688 -264 -336) 
4 695 704 (-688 -224 -336) (-432 -224 -336) (-432 -264 -336) (-688 -264 -336) 
4 695 696 (-720 -264 -336) (-432 -264 -336) (-432 -264 -240) (-720 -264 -240) 
4 696 705 (-720 -272 -336) (-720 -264 -336) (-688 -264 -336) (-688 -272 -336) 
4 696 704 (-688 -264 -336) (-432 -264 -336) (-432 -272 -336) (-688 -272 -336) 
4 696 697 (-720 -272 -336) (-432 -272 -336) (-432 -272 -240) (-720 -272 -240) 
4 697 705 (-720 -280 -336) (-720 -272 -336) (-688 -272 -336) (-688 -280 -336) 
4 697 704 (-688 -272 -336) (-432 -272 -336) (-432 -280 -336) (-688 -280 -336) 
4 697 699 (-720 -280 -336) (-704 -280 -336) (-704 -280 -232) (-720 -280 -232) 
4 697 698 (-688 -280 -336) (-432 -280 -336) (-432 -280 -232) (-688 -280 -232) 
4 698 704 (-688 -280 -336) (-432 -280 -336) (-432 -296 -336) (-688 -296 -336) 
4 698 700 (-688 -296 -336) (-432 -296 -336) (-432 -296 -232) (-688 -296 -232) 
4 699 703 (-720 -296 -336) (-704 -296 -336) (-704 -296 -232) (-720 -296 -232) 
4 700 704 (-688 -296 -336) (-432 -296 -336) (-432 -336 -336) (-688 -336 -336) 
4 700 702 (-688 -328 -336) (-688 -336 -336) (-688 -336 -232) (-688 -328 -232) 
4 700 701 (-688 -296 -232) (-688 -296 -336) (-688 -312 -336) (-688 -312 -232) 
4 701 707 (-704 -296 -336) (-688 -296 -336) (-688 -312 -336) (-704 -312 -336) 
4 701 703 (-704 -296 -232) (-704 -296 -336) (-704 -312 -336) (-704 -312 -232) 
4 702 709 (-688 -328 -336) (-688 -336 -336) (-704 -336 -336) (-704 -328 -336) 
4 702 703 (-704 -328 -336) (-704 -336 -336) (-704 -336 -232) (-704 -328 -232) 
4 703 709 (-720 -336 -336) (-720 -328 -336) (-704 -328 -336) (-704 -336 -336) 
4 703 707 (-720 -312 -336) (-720 -296 -336) (-704 -296 -336) (-704 -312 -336) 
4 704 710 (-688 -224 -352) (-432 -224 -352) (-432 -336 -352) (-688 -336 -352) 
4 704 709 (-688 -328 -352) (-688 -336 -352) (-688 -336 -336) (-688 -328 -336) 
4 704 708 (-688 -312 -352) (-688 -328 -352) (-688 -328 -344) (-688 -312 -344) 
4 704 707 (-688 -296 -352) (-688 -312 -352) (-688 -312 -336) (-688 -296 -336) 
4 704 706 (-688 -280 -352) (-688 -296 -352) (-688 -296 -344) (-688 -280 -344) 
4 704 705 (-688 -224 -352) (-688 -280 -352) (-688 -280 -336) (-688 -224 -336) 
4 705 710 (-720 -280 -352) (-720 -224 -352) (-688 -224 -352) (-688 -280 -352) 
3 705 706 (-696 -280 -352) (-688 -280 -352) (-688 -280 -344) 
4 706 710 (-696 -280 -352) (-688 -280 -352) (-688 -296 -352) (-696 -296 -352) 
3 706 707 (-696 -296 -352) (-688 -296 -352) (-688 -296 -344) 
4 707 710 (-720 -312 -352) (-720 -296 -352) (-688 -296 -352) (-688 -312 -352) 
3 707 708 (-696 -312 -352) (-688 -312 -352) (-688 -312 -344) 
4 708 710 (-696 -312 -352) (-688 -312 -352) (-688 -328 -352) (-696 -328 -352) 
3 708 709 (-696 -328 -352) (-688 -328 -352) (-688 -328 -344) 
4 709 710 (-720 -336 -352) (-720 -328 -352) (-688 -328 -352) (-688 -336 -352) 
4 711 989 (-720 -336 -696) (-720 -336 -704) (-432 -336 -704) (-432 -336 -696) 
4 711 736 (-720 -336 -704) (-720 -336 -696) (-720 -224 -696) (-720 -224 -704) 
4 711 712 (-720 -336 -704) (-720 -224 -704) (-432 -224 -704) (-432 -336 -704) 
4 712 989 (-720 -336 -704) (-720 -336 -1136) (-416 -336 -1136) (-416 -336 -704) 
4 712 736 (-720 -336 -1136) (-720 -336 -704) (-720 -16 -704) (-720 -16 -1136) 
4 713 993 (-720 -336 -1136) (-720 -336 -1144) (-416 -336 -1144) (-416 -336 -1136) 
4 713 737 (-720 -336 -1144) (-720 -336 -1136) (-720 -16 -1136) (-720 -16 -1144) 
4 714 845 (-928 -336 1159.2138976801866) (-928 -336 1151.2138976801866) (-720 -336 1151.2138976801866) (-720 -336 1159.2138976801866) 
4 714 751 (-928 64 1159.2138976801866) (-928 64 1151.2138976801866) (-928 -336 1151.2138976801866) (-928 -336 1159.2138976801866) 
4 715 849 (-928 -336 1151.2138976801866) (-928 -336 216) (-720 -336 216) (-720 -336 1151.2138976801866) 
4 715 752 (-928 64 1151.2138976801866) (-928 64 216) (-928 -336 216) (-928 -336 1151.2138976801866) 
4 715 720 (-928 -336 216) (-928 -264 216) (-720 -264 216) (-720 -336 216) 
4 715 719 (-928 -240 216) (-928 -168 216) (-720 -168 216) (-720 -240 216) 
4 715 718 (-928 -144 216) (-928 -72 216) (-720 -72 216) (-720 -144 216) 
4 715 717 (-928 -48 216) (-928 24 216) (-720 24 216) (-720 -48 216) 
4 715 716 (-928 48 216) (-928 64 216) (-720 64 216) (-720 48 216) 
4 716 753 (-928 64 216) (-928 64 192) (-928 48 192) (-928 48 216) 
4 716 721 (-912 64 192) (-736 64 192) (-736 48 192) (-912 48 192) 
4 717 754 (-928 24 192) (-928 -48 192) (-928 -48 216) (-928 24 216) 
4 717 721 (-912 24 192) (-736 24 192) (-736 -48 192) (-912 -48 192) 
4 718 755 (-928 -72 192) (-928 -144 192) (-928 -144 216) (-928 -72 216) 
4 718 721 (-912 -72 192) (-736 -72 192) (-736 -144 192) (-912 -144 192) 
4 719 756 (-928 -168 192) (-928 -240 192) (-928 -240 216) (-928 -168 216) 
4 719 721 (-912 -168 192) (-736 -168 192) (-736 -240 192) (-912 -240 192) 
4 720 757 (-928 -264 192) (-928 -336 192) (-928 -336 216) (-928 -264 216) 
4 720 721 (-912 -264 192) (-736 -264 192) (-736 -336 192) (-912 -336 192) 
4 721 858 (-736 -336 88) (-736 -336 192) (-912 -336 192) (-912 -336 88) 
4 721 722 (-912 -336 88) (-912 24 88) (-736 24 88) (-736 -336 88) 
4 722 858 (-736 -336 80) (-736 -336 88) (-912 -336 88) (-912 -336 80) 
4 722 724 (-912 -336 80) (-912 -8 80) (-736 -8 80) (-736 -336 80) 
4 722 723 (-912 16 80) (-912 24 80) (-736 24 80) (-736 16 80) 
4 723 725 (-912 16 72) (-912 64 72) (-736 64 72) (-736 16 72) 
4 724 858 (-736 -336 72) (-736 -336 80) (-912 -336 80) (-912 -336 72) 
4 724 726 (-912 -336 72) (-912 -40 72) (-736 -40 72) (-736 -336 72) 
4 724 725 (-912 -16 72) (-912 -8 72) (-736 -8 72) (-736 -16 72) 
4 725 727 (-912 -16 64) (-912 64 64) (-736 64 64) (-736 -16 64) 
4 726 858 (-736 -336 64) (-736 -336 72) (-912 -336 72) (-912 -336 64) 
4 726 728 (-912 -336 64) (-912 -72 64) (-736 -72 64) (-736 -336 64) 
4 726 727 (-912 -48 64) (-912 -40 64) (-736 -40 64) (-736 -48 64) 
4 727 729 (-912 -48 56) (-912 64 56) (-736 64 56) (-736 -48 56) 
4 728 858 (-736 -336 56) (-736 -336 64) (-912 -336 64) (-912 -336 56) 
4 728 730 (-912 -336 56) (-912 -104 56) (-736 -104 56) (-736 -336 56) 
4 728 729 (-912 -80 56) (-912 -72 56) (-736 -72 56) (-736 -80 56) 
4 729 731 (-912 -80 48) (-912 64 48) (-736 64 48) (-736 -80 48) 
4 730 858 (-736 -336 48) (-736 -336 56) (-912 -336 56) (-912 -336 48) 
4 730 732 (-912 -336 48) (-912 -136 48) (-736 -136 48) (-736 -336 48) 
4 730 731 (-912 -112 48) (-912 -104 48) (-736 -104 48) (-736 -112 48) 
4 731 733 (-912 -112 40) (-912 64 40) (-736 64 40) (-736 -112 40) 
4 732 858 (-736 -336 40) (-736 -336 48) (-912 -336 48) (-912 -336 40) 
4 732 734 (-912 -336 40) (-912 -168 40) (-736 -168 40) (-736 -336 40) 
4 732 733 (-912 -144 40) (-912 -136 40) (-736 -136 40) (-736 -144 40) 
4 733 738 (-912 64 32) (-736 64 32) (-736 -144 32) (-912 -144 32) 
4 734 858 (-912 -336 32) (-736 -336 32) (-736 -336 40) (-912 -336 40) 
4 734 743 (-736 -320 32) (-736 -328 32) (-912 -328 32) (-912 -320 32) 
4 734 742 (-736 -304 32) (-736 -312 32) (-912 -312 32) (-912 -304 32) 
4 734 741 (-736 -288 32) (-736 -296 32) (-912 -296 32) (-912 -288 32) 
4 734 740 (-736 -272 32) (-736 -280 32) (-912 -280 32) (-912 -272 32) 
4 734 739 (-736 -256 32) (-736 -264 32) (-912 -264 32) (-912 -256 32) 
4 734 738 (-736 -168 32) (-736 -176 32) (-912 -176 32) (-912 -168 32) 
4 735 744 (-736 64 -8) (-736 64 -112) (-736 48 -112) (-736 48 -8) 
4 736 989 (-720 -336 -1136) (-720 -336 -696) (-736 -336 -696) (-736 -336 -1136) 
4 736 745 (-736 -336 -1136) (-736 -336 -696) (-736 64 -696) (-736 64 -1136) 
4 737 993 (-720 -336 -1144) (-720 -336 -1136) (-736 -336 -1136) (-736 -336 -1144) 
4 737 746 (-736 -336 -1144) (-736 -336 -1136) (-736 64 -1136) (-736 64 -1144) 
4 738 744 (-912 -176 24) (-912 64 24) (-736 64 24) (-736 -176 24) 
4 739 744 (-912 -264 24) (-912 -256 24) (-736 -256 24) (-736 -264 24) 
4 740 744 (-912 -280 24) (-912 -272 24) (-736 -272 24) (-736 -280 24) 
4 741 744 (-912 -296 24) (-912 -288 24) (-736 -288 24) (-736 -296 24) 
4 742 744 (-912 -312 24) (-912 -304 24) (-736 -304 24) (-736 -312 24) 
4 743 744 (-912 -328 24) (-912 -320 24) (-736 -320 24) (-736 -328 24) 
4 744 950 (-736 -336 -112) (-736 -336 -0) (-912 -336 -0) (-912 -336 -112) 
4 744 949 (-736 -336 -0) (-736 -336 7.99999999999998) (-912 -336 7.9999999999999805) (-912 -336 -0) 
4 745 989 (-736 -336 -1136) (-736 -336 -688) (-848 -336 -688) (-848 -336 -1136) 
4 745 987 (-736 -336 -688) (-736 -336 -144) (-848 -336 -144) (-848 -336 -688) 
4 745 951 (-736 -336 -144) (-736 -336 -120) (-848 -336 -120) (-848 -336 -144) 
4 745 747 (-848 -336 -1136) (-848 -336 -520) (-848 64 -520) (-848 64 -1136) 
4 746 993 (-736 -336 -1144) (-736 -336 -1136) (-848 -336 -1136) (-848 -336 -1144) 
4 746 748 (-848 -336 -1144) (-848 -336 -1136) (-848 64 -1136) (-848 64 -1144) 
4 747 989 (-848 -336 -1136) (-848 -336 -688) (-912 -336 -688) (-912 -336 -1136) 
4 747 988 (-848 -336 -688) (-848 -336 -520) (-912 -336 -520) (-912 -336 -688) 
4 747 749 (-912 -336 -1136) (-912 -336 -520) (-912 64 -520) (-912 64 -1136) 
4 748 993 (-848 -336 -1144) (-848 -336 -1136) (-912 -336 -1136) (-912 -336 -1144) 
4 748 750 (-912 -336 -1144) (-912 -336 -1136) (-912 64 -1136) (-912 64 -1144) 
4 749 990 (-928 -336 -528) (-928 -336 -1136) (-912 -336 -1136) (-912 -336 -528) 
4 749 764 (-928 64 -120) (-928 64 -1136) (-928 -336 -1136) (-928 -336 -120) 
4 750 993 (-928 -336 -1136) (-928 -336 -1144) (-912 -336 -1144) (-912 -336 -1136) 
4 750 766 (-928 64 -1136) (-928 64 -1144) (-928 -336 -1144) (-928 -336 -1136) 
4 751 845 (-960 -336 1159.2138976801866) (-960 -336 1151.2138976801866) (-928 -336 1151.2138976801866) (-928 -336 1159.2138976801866) 
4 751 758 (-960 64 1159.2138976801866) (-960 64 1151.2138976801866) (-960 -336 1151.2138976801866) (-960 -336 1159.2138976801866) 
4 752 849 (-960 -336 1151.2138976801866) (-960 -336 216) (-928 -336 216) (-928 -336 1151.2138976801866) 
4 752 762 (-960 64 1151.2138976801866) (-960 64 216) (-960 -336 216) (-960 -336 1151.2138976801866) 
4 752 757 (-960 -336 216) (-960 -264 216) (-928 -264 216) (-928 -336 216) 
4 752 756 (-960 -240 216) (-960 -168 216) (-928 -168 216) (-928 -240 216) 
4 752 755 (-960 -144 216) (-960 -72 216) (-928 -72 216) (-928 -144 216) 
4 752 754 (-960 -48 216) (-960 24 216) (-928 24 216) (-928 -48 216) 
4 752 753 (-960 48 216) (-960 64 216) (-928 64 216) (-928 48 216) 
4 753 764 (-960 64 128) (-928 64 128) (-928 48 128) (-960 48 128) 
4 753 762 (-960 64 216) (-960 64 128) (-960 48 128) (-960 48 216) 
4 754 764 (-928 24 128) (-928 -48 128) (-960 -48 128) (-960 24 128) 
4 754 762 (-960 24 128) (-960 -48 128) (-960 -48 216) (-960 24 216) 
4 755 764 (-928 -72 128) (-928 -144 128) (-960 -144 128) (-960 -72 128) 
4 755 762 (-960 -72 128) (-960 -144 128) (-960 -144 216) (-960 -72 216) 
4 756 764 (-928 -168 128) (-928 -240 128) (-960 -240 128) (-960 -168 128) 
4 756 762 (-960 -168 128) (-960 -240 128) (-960 -240 216) (-960 -168 216) 
4 757 764 (-928 -264 128) (-928 -336 128) (-960 -336 128) (-960 -264 128) 
4 757 762 (-960 -264 128) (-960 -336 128) (-960 -336 216) (-960 -264 216) 
4 758 845 (-2304 -336 1159.2138976801866) (-2304 -336 1151.2138976801866) (-960 -336 1151.2138976801866) (-960 -336 1159.2138976801866) 
4 758 760 (-2304 64 1159.2138976801866) (-2304 64 1151.2138976801866) (-2304 -336 1151.2138976801866) (-2304 -336 1159.2138976801866) 
4 759 846 (-2376 -336 1168) (-2376 -336 1159.2138976801866) (-2304 -336 1159.2138976801866) (-2304 -336 1168) 
4 759 761 (-2376 64 1168) (-2376 64 1159.2138976801866) (-2376 -336 1159.2138976801866) (-2376 -336 1168) 
4 759 760 (-2376 -336 1159.2138976801866) (-2376 64 1159.2138976801866) (-2304 64 1159.2138976801866) (-2304 -336 1159.2138976801866) 
4 760 847 (-2376 -336 1159.2138976801866) (-2376 -336 1151.2138976801866) (-2304 -336 1151.2138976801866) (-2304 -336 1159.2138976801866) 
4 760 763 (-2376 64 1151.2138976801866) (-2304 64 1151.2138976801866) (-2304 -336 1151.2138976801866) (-2376 -336 1151.2138976801866) 
4 760 761 (-2376 64 1159.2138976801866) (-2376 64 1151.2138976801866) (-2376 -336 1151.2138976801866) (-2376 -336 1159.2138976801866) 
4 761 848 (-2560 -336 1168) (-2560 -336 1151.2138976801866) (-2376 -336 1151.2138976801866) (-2376 -336 1168) 
4 761 763 (-2560 64 1151.2138976801866) (-2376 64 1151.2138976801866) (-2376 -336 1151.2138976801866) (-2560 -336 1151.2138976801866) 
4 762 862 (-2304 -336 128) (-960 -336 128) (-960 -336 192) (-2304 -336 192) 
4 762 851 (-960 -336 192) (-960 -336 216) (-2304 -336 216) (-2304 -336 192) 
4 762 849 (-960 -336 216) (-960 -336 1151.2138976801866) (-2304 -336 1151.2138976801866) (-2304 -336 216) 
4 762 764 (-2304 64 128) (-960 64 128) (-960 -336 128) (-2304 -336 128) 
4 763 863 (-2560 -336 128) (-2304 -336 128) (-2304 -336 192) (-2560 -336 192) 
4 763 852 (-2304 -336 192) (-2304 -336 216) (-2560 -336 216) (-2560 -336 192) 
4 763 850 (-2304 -336 216) (-2304 -336 1151.2138976801866) (-2560 -336 1151.2138976801866) (-2560 -336 216) 
4 763 765 (-2560 64 128) (-2304 64 128) (-2304 -336 128) (-2560 -336 128) 
4 764 991 (-2304 -336 -1136) (-928 -336 -1136) (-928 -336 -144) (-2304 -336 -144) 
4 764 952 (-928 -336 -144) (-928 -336 16) (-2304 -336 16) (-2304 -336 -144) 
4 764 862 (-960 -336 128) (-2304 -336 128) (-2304 -336 16) (-960 -336 16) 
4 764 861 (-928 -336 16) (-928 -336 128) (-960 -336 128) (-960 -336 16) 
4 765 992 (-2560 -336 -1136) (-2304 -336 -1136) (-2304 -336 -144) (-2560 -336 -144) 
4 765 953 (-2304 -336 -144) (-2304 -336 16) (-2560 -336 16) (-2560 -336 -144) 
4 765 863 (-2304 -336 16) (-2304 -336 128) (-2560 -336 128) (-2560 -336 16) 
4 765 766 (-2376 64 -1136) (-2304 64 -1136) (-2304 -336 -1136) (-2376 -336 -1136) 
4 766 993 (-928 -336 -1144) (-928 -336 -1136) (-2376 -336 -1136) (-2376 -336 -1144) 
4 767 1002 (2480 -528 1168) (2480 -528 1159.2138976801866) (2736 -528 1159.2138976801866) (2736 -528 1168) 
4 767 769 (2736 -528 1159.2138976801866) (2480 -528 1159.2138976801866) (2480 -336 1159.2138976801866) (2736 -336 1159.2138976801866) 
4 768 1003 (2736 -528 1151.2138976801866) (3648 -528 1151.2138976801866) (3648 -528 1159.2138976801866) (2736 -528 1159.2138976801866) 
4 768 769 (2736 -336 1151.2138976801866) (2736 -528 1151.2138976801866) (2736 -528 1159.2138976801866) (2736 -336 1159.2138976801866) 
4 769 1004 (2480 -528 1159.2138976801866) (2480 -528 1151.2138976801866) (2736 -528 1151.2138976801866) (2736 -528 1159.2138976801866) 
4 769 771 (2736 -528 1151.2138976801866) (2480 -528 1151.2138976801866) (2480 -336 1151.2138976801866) (2736 -336 1151.2138976801866) 
4 769 770 (2480 -336 1159.2138976801866) (2480 -336 1151.2138976801866) (2480 -528 1151.2138976801866) (2480 -528 1159.2138976801866) 
4 770 1005 (1680 -528 1159.2138976801866) (1680 -528 1151.2138976801866) (2480 -528 1151.2138976801866) (2480 -528 1159.2138976801866) 
4 770 783 (1680 -512 1151.2138976801866) (1680 -528 1151.2138976801866) (1680 -528 1159.2138976801866) (1680 -512 1159.2138976801866) 
4 770 781 (1680 -336 1159.2138976801866) (1680 -336 1151.2138976801866) (1680 -512 1151.2138976801866) (1680 -512 1159.2138976801866) 
4 771 1006 (2480 -528 160) (2736 -528 160) (2736 -528 1151.2138976801866) (2480 -528 1151.2138976801866) 
4 771 774 (2736 -528 160) (2480 -528 160) (2480 -336 160) (2736 -336 160) 
4 772 1007 (2256 -528 160) (2480 -528 160) (2480 -528 1151.2138976801866) (2256 -528 1151.2138976801866) 
4 772 775 (2480 -528 160) (2256 -528 160) (2256 -336 160) (2480 -336 160) 
4 772 773 (2256 -528 168) (2256 -528 1151.2138976801866) (2256 -336 1151.2138976801866) (2256 -336 168) 
4 773 1008 (1680 -528 1151.2138976801866) (1680 -528 168) (2256 -528 168) (2256 -528 1151.2138976801866) 
4 773 784 (1680 -512 168) (1680 -528 168) (1680 -528 1151.2138976801866) (1680 -512 1151.2138976801866) 
4 773 782 (1680 -336 1151.2138976801866) (1680 -336 168) (1680 -512 168) (1680 -512 1151.2138976801866) 
4 774 1011 (2480 -528 56) (2736 -528 56) (2736 -528 160) (2480 -528 160) 
4 774 778 (2736 -528 56) (2480 -528 56) (2480 -336 56) (2736 -336 56) 
4 775 1012 (2256 -528 56) (2480 -528 56) (2480 -528 160) (2256 -528 160) 
4 775 779 (2480 -528 56) (2256 -528 56) (2256 -336 56) (2480 -336 56) 
4 776 1017 (1696 -528 56) (1920 -528 56) (1920 -528 128) (1696 -528 128) 
4 776 1015 (1920 -528 128) (1920 -528 160) (1696 -528 160) (1696 -528 128) 
4 776 777 (1696 -511.9999999999999 56) (1696 -528 56) (1696 -528 160) (1696 -511.9999999999999 160) 
4 777 1017 (1680 -528 128) (1680 -528 56) (1696 -528 56) (1696 -528 128) 
4 777 1015 (1680 -528 160) (1680 -528 128) (1696 -528 128) (1696 -528 160) 
4 778 1028 (2480 -528 16) (2736 -528 16) (2736 -528 24) (2480 -528 24) 
4 778 1021 (2736 -528 24) (2736 -528 48) (2480 -528 48) (2480 -528 24) 
4 778 1018 (2736 -528 48) (2736 -528 56) (2480 -528 56) (2480 -528 48) 
4 778 911 (2736 -528 16) (2480 -528 16) (2480 -512 16) (2736 -512 16) 
4 778 903 (2480 -512 16) (2480 -440 16) (2736 -440 16) (2736 -512 16) 
4 778 892 (2480 -440 16) (2480 -432 16) (2736 -432 16) (2736 -440 16) 
4 778 878 (2480 -432 16) (2480 -336 16) (2736 -336 16) (2736 -432 16) 
4 779 1029 (2256 -528 16) (2480 -528 16) (2480 -528 24) (2256 -528 24) 
4 779 1022 (2480 -528 24) (2480 -528 48) (2256 -528 48) (2256 -528 24) 
4 779 1019 (2480 -528 48) (2480 -528 56) (2256 -528 56) (2256 -528 48) 
4 779 912 (2480 -528 16) (2256 -528 16) (2256 -512 16) (2480 -512 16) 
4 779 904 (2256 -512 16) (2256 -440 16) (2480 -440 16) (2480 -512 16) 
4 779 893 (2256 -440 16) (2256 -432 16) (2480 -432 16) (2480 -440 16) 
4 779 879 (2256 -432 16) (2256 -336 16) (2480 -336 16) (2480 -432 16) 
4 779 780 (2256 -336 16) (2256 -528 16) (2256 -528 48) (2256 -336 48) 
4 780 1029 (1680 -528 24) (1680 -528 16) (2256 -528 16) (2256 -528 24) 
4 780 1022 (1680 -528 48) (1680 -528 24) (2256 -528 24) (2256 -528 48) 
4 780 912 (2256 -528 16) (1680 -528 16) (1680 -512 16) (2256 -512 16) 
4 780 904 (1680 -512 16) (1680 -440 16) (2256 -440 16) (2256 -512 16) 
4 780 893 (1680 -440 16) (1680 -432 16) (2256 -432 16) (2256 -440 16) 
4 780 879 (1680 -432 16) (1680 -336 16) (2256 -336 16) (2256 -432 16) 
4 781 786 (1280 -336 1159.2138976801866) (1280 -336 1151.2138976801866) (1280 -512 1151.2138976801866) (1280 -512 1159.2138976801866) 
4 781 783 (1280 -512 1159.2138976801866) (1280 -512 1151.2138976801866) (1680 -512 1151.2138976801866) (1680 -512 1159.2138976801866) 
4 782 787 (1280 -336 1151.2138976801866) (1280 -336 328) (1280 -512 328) (1280 -512 1151.2138976801866) 
4 782 785 (1280 -512 1151.2138976801866) (1280 -512 160) (1440 -512 160) (1440 -512 1151.2138976801866) 
5 782 784 (1440 -512 128) (1552 -512 128) (1680 -512 167.99999999999997) (1680 -512 1151.2138976801866) (1440 -512 1151.2138976801866) 
4 783 1009 (1280 -528 1159.2138976801866) (1280 -528 1151.2138976801866) (1680 -528 1151.2138976801866) (1680 -528 1159.2138976801866) 
4 783 786 (1280 -512 1159.2138976801866) (1280 -512 1151.2138976801866) (1280 -528 1151.2138976801866) (1280 -528 1159.2138976801866) 
4 784 1014 (1440 -528 128) (1552 -528 128) (1654.4 -528 160) (1440 -528 160) 
5 784 1010 (1654.4 -528 160) (1680 -528 168) (1680 -528 1151.2138976801866) (1440 -528 1151.2138976801866) (1440 -528 160) 
4 784 785 (1440 -528 160) (1440 -528 1151.2138976801866) (1440 -512 1151.2138976801866) (1440 -512 160) 
4 785 1010 (1280 -528 1151.2138976801866) (1280 -528 160) (1440 -528 160) (1440 -528 1151.2138976801866) 
4 785 787 (1280 -512 1151.2138976801866) (1280 -512 328) (1280 -528 328) (1280 -528 1151.2138976801866) 
4 786 1058 (1152 -528 1159.2138976801866) (1152 -528 1151.2138976801866) (1280 -528 1151.2138976801866) (1280 -528 1159.2138976801866) 
4 786 791 (1152 -336 1159.2138976801866) (1152 -336 1151.2138976801866) (1152 -528 1151.2138976801866) (1152 -528 1159.2138976801866) 
4 787 1059 (1152 -528 1151.2138976801866) (1152 -528 328) (1280 -528 328) (1280 -528 1151.2138976801866) 
4 787 792 (1152 -336 1151.2138976801866) (1152 -336 328) (1152 -528 328) (1152 -528 1151.2138976801866) 
4 788 1060 (1152 -528 280) (1152 -528 160) (1264 -528 160) (1264 -528 233.33333333333331) 
4 788 795 (1152 -432 160) (1152 -448 160) (1152 -448 280) (1152 -432 280) 
4 788 794 (1152 -336 280) (1152 -336 160) (1152 -408 160) (1152 -408 280) 
3 788 790 (1168 -520 160) (1168 -528 160) (1159.9999999999998 -528 160) 
4 788 789 (1168 -336 160) (1264 -336 160) (1264 -528 160) (1168 -528 160) 
4 789 1060 (1168 -528 128) (1264 -528 128) (1264 -528 160) (1168 -528 160) 
4 789 790 (1168 -520 128) (1168 -528 128) (1168 -528 160) (1168 -519.9999999999999 160) 
4 790 1060 (1159.9999999999998 -528 128) (1168 -528 128) (1168 -528 160) (1159.9999999999998 -528 160) 
4 791 1089 (288 -528 1159.2138976801866) (288 -528 1151.2138976801866) (576 -528 1151.2138976801866) (576 -528 1159.2138976801866) 
4 791 1058 (576 -528 1151.2138976801866) (1152 -528 1151.2138976801866) (1152 -528 1159.2138976801866) (576 -528 1159.2138976801866) 
4 791 837 (288 -336 1159.2138976801866) (288 -336 1151.2138976801866) (288 -528 1151.2138976801866) (288 -528 1159.2138976801866) 
4 792 1091 (392 -528 1151.2138976801866) (384 -528 1151.2138976801866) (384 -528 328) (392 -528 328) 
4 792 1090 (576 -528 1151.2138976801866) (392 -528 1151.2138976801866) (392 -528 328) (576 -528 328) 
4 792 1059 (1152 -528 328) (1152 -528 1151.2138976801866) (576 -528 1151.2138976801866) (576 -528 328) 
4 792 793 (384 -528 328) (384 -528 1151.2138976801866) (384 -336 1151.2138976801866) (384 -336 328) 
4 793 1092 (288 -528 1151.2138976801866) (288 -528 280) (328 -528 280) (328 -528 1151.2138976801866) 
4 793 1091 (328 -528 280) (384 -528 280) (384 -528 1151.2138976801866) (328 -528 1151.2138976801866) 
4 793 838 (288 -336 1151.2138976801866) (288 -336 280) (288 -528 280) (288 -528 1151.2138976801866) 
4 794 797 (1128 -408 128) (1128 -336 128) (1152 -336 128) (1152 -408 128) 
4 794 796 (1128 -336 128) (1128 -408 128) (1128 -408 280) (1128 -336 280) 
4 795 798 (1152 -448 128) (1128 -448 128) (1128 -432 128) (1152 -432 128) 
4 795 796 (1128 -432 128) (1128 -448 128) (1128 -448 280) (1128 -432 280) 
4 796 821 (592 -448 192) (592 -448 128) (632 -448 128) (632 -448 192) 
4 796 817 (632 -448 128) (704 -448 128) (704 -448 192) (632 -448 192) 
4 796 816 (784 -448 280) (760 -448 280) (760 -448 128) (784 -448 128) 
4 796 814 (1056 -448 280) (784 -448 280) (784 -448 128) (1056 -448 128) 
4 796 813 (1080 -448 280) (1056 -448 280) (1056 -448 128) (1080 -448 128) 
3 796 800 (536 -424.6666666666667 128) (383.99999999999994 -336 128) (536 -336 128) 
5 796 799 (1128 -448 128) (576 -448 128) (536 -424.6666666666667 128) (536 -336 128) (1128 -336 128) 
4 797 810 (1128 -408 32) (1128 -336 32) (1152 -336 32) (1152 -408 32) 
4 797 799 (1128 -336 32) (1128 -408 32) (1128 -408 128) (1128 -336 128) 
4 798 811 (1152 -448 32) (1128 -448 32) (1128 -432 32) (1152 -432 32) 
4 798 799 (1128 -432 32) (1128 -448 32) (1128 -448 128) (1128 -432 128) 
4 799 816 (784 -448 128) (760 -448 128) (760 -448 32) (784 -448 32) 
4 799 814 (1056 -448 128) (784 -448 128) (784 -448 32) (1056 -448 32) 
4 799 813 (1080 -448 128) (1056 -448 128) (1056 -448 32) (1080 -448 32) 
5 799 812 (1128 -448 32) (576 -448 32) (536 -424.6666666666667 32) (536 -336 32) (1128 -336 32) 
4 799 800 (536 -336 32) (536 -424.6666666666667 32) (536 -424.6666666666667 128) (536 -336 128) 
4 800 829 (432 -448 128) (384 -448 128) (384 -448 32) (432 -448 32) 
4 800 823 (464 -448 128) (432 -448 128) (432 -448 32) (464 -448 32) 
4 800 822 (536 -448 128) (464 -448 128) (464 -448 32) (536 -448 32) 
3 800 812 (384 -336 32) (536 -336 32) (536 -424.6666666666667 32) 
4 800 801 (384 -344 32) (384 -448 32) (384 -448 128) (384 -344 128) 
4 801 829 (384 -448 128) (376 -448 128) (376 -448 32) (384 -448 32) 
4 801 803 (376 -368 32) (376 -448 32) (376 -448 128) (376 -368 128) 
4 801 802 (376 -344 32) (376 -368 32) (376 -368 128) (376 -344 128) 
4 802 869 (288 -352 32) (288 -368 32) (288 -368 128) (288 -352 128) 
4 802 809 (288 -368 32) (296 -368 32) (296 -368 128) (288 -368 128) 
4 802 807 (296 -368 32) (304 -368 32) (304 -368 128) (296 -368 128) 
4 802 805 (320 -368 32) (328 -368 32) (328 -368 128) (320 -368 128) 
4 802 803 (328 -368 32) (376 -368 32) (376 -368 128) (328 -368 128) 
4 803 829 (376 -448 128) (328 -448 128) (328 -448 32) (376 -448 32) 
4 803 808 (328 -400 32) (328 -448 32) (328 -448 128) (328 -400 128) 
4 803 805 (328 -368 128) (328 -368 32) (328 -376 32) (328 -376 128) 
4 803 804 (328 -391.99999999999994 32) (328 -400 32) (328 -400 128) (328 -391.99999999999994 128) 
4 804 808 (319.99999999999994 -400 32) (328 -400 32) (328 -400 128) (319.99999999999994 -400 128) 
4 806 809 (296 -392 32) (296 -400 32) (296 -400 128) (296 -392 128) 
4 806 808 (296 -400 128) (296 -400 32) (304 -400 32) (304 -400 128) 
4 807 809 (296 -368 128) (296 -368 32) (296 -376 32) (296 -376 128) 
4 808 830 (328 -448 128) (296 -448 128) (296 -448 32) (328 -448 32) 
4 808 809 (296 -400 32) (296 -448 32) (296 -448 128) (296 -400 128) 
4 809 869 (288 -368 32) (288 -448 32) (288 -448 128) (288 -368 128) 
4 809 836 (296 -448 128) (288 -448 128) (288 -448 32) (296 -448 32) 
4 810 812 (1128 -336 16) (1128 -408 16) (1128 -408 32) (1128 -336 32) 
4 811 812 (1128 -432 16) (1128 -448 16) (1128 -448 32) (1128 -432 32) 
4 812 816 (784 -448 32) (760 -448 32) (760 -448 16) (784 -448 16) 
4 812 814 (1056 -448 32) (784 -448 32) (784 -448 16) (1056 -448 16) 
4 812 813 (1080 -448 32) (1056 -448 32) (1056 -448 16) (1080 -448 16) 
4 813 814 (1056 -448 280) (1056 -448 16) (1056 -472.00000000000017 16) (1056 -472.00000000000017 280) 
4 814 816 (784 -448 280) (784 -448 16) (784 -472 16) (784 -472 280) 
4 814 815 (784 -480 192) (784 -480 16) (1056 -480 16) (1056 -480 192) 
4 815 1065 (784 -528 16) (1056 -528 16) (1056 -528 128) (784 -528 128) 
4 815 1064 (1056 -528 128) (1056 -528 136) (784 -528 136) (784 -528 128) 
4 815 1063 (1056 -528 136) (1056 -528 184) (784 -528 184) (784 -528 136) 
4 815 1062 (1056 -528 184) (1056 -528 192) (784 -528 192) (784 -528 184) 
4 817 821 (632 -448 128) (632 -480 128) (632 -480 192) (632 -448 192) 
4 817 819 (632 -480 192) (632 -480 128) (639.9999999999999 -480 128) (639.9999999999999 -480 192) 
4 818 821 (632 -512 128) (632 -520 128) (632 -520 192) (632 -512 192) 
4 818 820 (632 -520 192) (632 -520 128) (640 -520 128) (640 -520 192) 
4 819 821 (632 -480 128) (632 -487.9999999999999 128) (632 -487.9999999999999 192) (632 -480 192) 
4 820 1075 (704 -528 128) (704 -528 192) (632 -528 192) (632 -528 128) 
4 820 821 (632 -520 128) (632 -528 128) (632 -528 192) (632 -520 192) 
4 821 1075 (632 -528 192) (592 -528 192) (592 -528 128) (632 -528 128) 
4 822 1104 (464 -528 32) (488 -528 32) (488 -528 128) (464 -528 128) 
4 822 1103 (488 -528 32) (536 -528 32) (536 -528 128) (488 -528 128) 
4 822 828 (464 -520 32) (464 -528 32) (464 -528 128) (464 -520 128) 
4 822 825 (464 -488 32) (464 -496.00000000000006 32) (464 -496.00000000000006 128) (464 -488 128) 
4 822 824 (464 -511.99999999999994 32) (464 -520 32) (464 -520 128) (464 -511.99999999999994 128) 
4 822 823 (464 -448 32) (464 -488 32) (464 -488 128) (464 -448 128) 
4 823 829 (432 -448 32) (432 -488 32) (432 -488 128) (432 -448 128) 
4 823 827 (432 -488 128) (432 -488 32) (439.9999999999999 -488 32) (439.9999999999999 -488 128) 
4 823 825 (455.99999999999994 -488 32) (464 -488 32) (464 -488 128) (455.99999999999994 -488 128) 
4 824 828 (455.99999999999994 -520 32) (464 -520 32) (464 -520 128) (455.99999999999994 -520 128) 
4 826 829 (432 -512 32) (432 -520 32) (432 -520 128) (432 -512 128) 
4 826 828 (432 -520 128) (432 -520 32) (440 -520 32) (440 -520 128) 
4 827 829 (432 -488 32) (432 -495.9999999999999 32) (432 -495.9999999999999 128) (432 -488 128) 
4 828 1104 (432 -528 32) (464 -528 32) (464 -528 128) (432 -528 128) 
4 828 829 (432 -520 32) (432 -528 32) (432 -528 128) (432 -520 128) 
4 829 1130 (328 -528 32) (384 -528 32) (384 -528 128) (328 -528 128) 
4 829 1104 (384 -528 32) (432 -528 32) (432 -528 128) (384 -528 128) 
4 829 835 (328 -520 32) (328 -528 32) (328 -528 128) (328 -520 128) 
4 829 832 (328 -488 32) (328 -496.00000000000006 32) (328 -496.00000000000006 128) (328 -488 128) 
4 829 831 (328 -511.99999999999994 32) (328 -520 32) (328 -520 128) (328 -511.99999999999994 128) 
4 829 830 (328 -448 32) (328 -488 32) (328 -488 128) (328 -448 128) 
4 830 836 (296 -448 32) (296 -488 32) (296 -488 128) (296 -448 128) 
4 830 834 (296 -488 128) (296 -488 32) (304.00000000000006 -488 32) (304.00000000000006 -488 128) 
4 830 832 (319.99999999999994 -488 32) (328 -488 32) (328 -488 128) (319.99999999999994 -488 128) 
4 831 835 (319.99999999999994 -520 32) (328 -520 32) (328 -520 128) (319.99999999999994 -520 128) 
4 833 836 (296 -512 32) (296 -520 32) (296 -520 128) (296 -512 128) 
4 833 835 (296 -520 128) (296 -520 32) (304 -520 32) (304 -520 128) 
4 834 836 (296 -488 32) (296 -496.00000000000006 32) (296 -496.00000000000006 128) (296 -488 128) 
4 835 1130 (296 -528 32) (328 -528 32) (328 -528 128) (296 -528 128) 
4 835 836 (296 -520 32) (296 -528 32) (296 -528 128) (296 -520 128) 
4 836 1130 (288 -528 128) (288 -528 32) (296 -528 32) (296 -528 128) 
4 836 869 (288 -528 32) (288 -528 128) (288 -448 128) (288 -448 32) 
4 837 1089 (-472 -528 1159.2138976801866) (-472 -528 1151.2138976801866) (288 -528 1151.2138976801866) (288 -528 1159.2138976801866) 
4 837 841 (-472 -336 1159.2138976801866) (-472 -336 1151.2138976801866) (-472 -528 1151.2138976801866) (-472 -528 1159.2138976801866) 
4 838 1220 (-472 -528 240) (-472 -528 216) (112 -528 216) (112 -528 240) 
4 838 1215 (112 -528 216) (192 -528 216) (192 -528 240) (112 -528 240) 
4 838 1122 (192 -528 216) (288 -528 216) (288 -528 240) (192 -528 240) 
4 838 1092 (-472 -528 1151.2138976801866) (-472 -528 240) (288 -528 240) (288 -528 1151.2138976801866) 
4 838 843 (-472 -336 232) (-472 -336 223.99999999999997) (-472 -528 223.99999999999997) (-472 -528 232) 
4 838 842 (-472 -336 1151.2138976801866) (-472 -336 232) (-472 -528 232) (-472 -528 1151.2138976801866) 
4 838 840 (-472 -528 216) (-472 -456 216) (288 -456 216) (288 -528 216) 
4 838 839 (-472 -432 216) (-472 -360 216) (288 -360 216) (288 -432 216) 
4 839 865 (112 -432 192) (-472 -432 192) (-472 -360 192) (112 -360 192) 
4 839 864 (288 -360 192) (288 -432 192) (192 -432 192) (192 -360 192) 
4 840 865 (112 -528 192) (-472 -528 192) (-472 -456 192) (112 -456 192) 
4 840 864 (288 -456 192) (288 -528 192) (192 -528 192) (192 -456 192) 
4 841 1252 (-720 -528 1159.2138976801866) (-720 -528 1151.2138976801866) (-472 -528 1151.2138976801866) (-472 -528 1159.2138976801866) 
4 841 845 (-720 -336 1159.2138976801866) (-720 -336 1151.2138976801866) (-720 -528 1151.2138976801866) (-720 -528 1159.2138976801866) 
4 842 1253 (-720 -528 1151.2138976801866) (-720 -528 232) (-472 -528 232) (-472 -528 1151.2138976801866) 
4 842 849 (-720 -336 1151.2138976801866) (-720 -336 232) (-720 -528 232) (-720 -528 1151.2138976801866) 
4 842 844 (-720 -528 232) (-720 -336 232) (-712.0000000000001 -336 232) (-712.0000000000001 -528 232) 
4 842 843 (-480 -336 232) (-472 -336 232) (-472 -528 232) (-480 -528 232) 
3 843 1254 (-472 -528 223.99999999999997) (-472 -528 232) (-480 -528 232) 
3 844 1255 (-720 -528 232) (-720 -528 224.00000000000009) (-712.0000000000001 -528 232) 
4 844 849 (-720 -336 232) (-720 -336 224.00000000000009) (-720 -528 224.00000000000009) (-720 -528 232) 
4 845 1304 (-2304 -528 1159.2138976801866) (-2304 -528 1151.2138976801866) (-960 -528 1151.2138976801866) (-960 -528 1159.2138976801866) 
4 845 1296 (-960 -528 1151.2138976801866) (-928 -528 1151.2138976801866) (-928 -528 1159.2138976801866) (-960 -528 1159.2138976801866) 
4 845 1256 (-928 -528 1151.2138976801866) (-720 -528 1151.2138976801866) (-720 -528 1159.2138976801866) (-928 -528 1159.2138976801866) 
4 845 847 (-2304 -336 1159.2138976801866) (-2304 -336 1151.2138976801866) (-2304 -528 1151.2138976801866) (-2304 -528 1159.2138976801866) 
4 846 1305 (-2376 -528 1168) (-2376 -528 1159.2138976801866) (-2304 -528 1159.2138976801866) (-2304 -528 1168) 
4 846 848 (-2376 -336 1168) (-2376 -336 1159.2138976801866) (-2376 -528 1159.2138976801866) (-2376 -528 1168) 
4 846 847 (-2376 -528 1159.2138976801866) (-2376 -336 1159.2138976801866) (-2304 -336 1159.2138976801866) (-2304 -528 1159.2138976801866) 
4 847 1306 (-2376 -528 1159.2138976801866) (-2376 -528 1151.2138976801866) (-2304 -528 1151.2138976801866) (-2304 -528 1159.2138976801866) 
4 847 850 (-2376 -336 1151.2138976801866) (-2304 -336 1151.2138976801866) (-2304 -528 1151.2138976801866) (-2376 -528 1151.2138976801866) 
4 847 848 (-2376 -336 1159.2138976801866) (-2376 -336 1151.2138976801866) (-2376 -528 1151.2138976801866) (-2376 -528 1159.2138976801866) 
4 848 1307 (-2560 -528 1168) (-2560 -528 1151.2138976801866) (-2376 -528 1151.2138976801866) (-2376 -528 1168) 
4 848 850 (-2560 -336 1151.2138976801866) (-2376 -336 1151.2138976801866) (-2376 -528 1151.2138976801866) (-2560 -528 1151.2138976801866) 
4 849 1308 (-2304 -528 216) (-960 -528 216) (-960 -528 1151.2138976801866) (-2304 -528 1151.2138976801866) 
4 849 1297 (-960 -528 216) (-928 -528 216) (-928 -528 1151.2138976801866) (-960 -528 1151.2138976801866) 
4 849 1257 (-928 -528 216) (-720 -528 216) (-720 -528 1151.2138976801866) (-928 -528 1151.2138976801866) 
4 849 855 (-720 -456 216) (-720 -528 216) (-2304 -528 216) (-2304 -456 216) 
4 849 854 (-960 -456 216) (-2304 -456 216) (-2304 -432 216) (-960 -432 216) 
4 849 853 (-720 -360 216) (-720 -432 216) (-2304 -432 216) (-2304 -360 216) 
4 849 851 (-2304 -336 216) (-960 -336 216) (-960 -360 216) (-2304 -360 216) 
4 850 1309 (-2560 -528 216) (-2304 -528 216) (-2304 -528 1151.2138976801866) (-2560 -528 1151.2138976801866) 
4 850 856 (-2304 -360 216) (-2304 -528 216) (-2560 -528 216) (-2560 -360 216) 
4 850 852 (-2560 -336 216) (-2304 -336 216) (-2304 -360 216) (-2560 -360 216) 
4 851 876 (-960 -352 192) (-960 -360 192) (-2304 -360 192) (-2304 -352 192) 
4 851 862 (-2304 -336 192) (-960 -336 192) (-960 -352 192) (-2304 -352 192) 
4 851 853 (-2304 -360 192) (-960 -360 192) (-960 -360 216) (-2304 -360 216) 
4 852 877 (-2304 -352 192) (-2304 -360 192) (-2560 -360 192) (-2560 -352 192) 
4 852 863 (-2560 -336 192) (-2304 -336 192) (-2304 -352 192) (-2560 -352 192) 
4 852 856 (-2560 -360 192) (-2304 -360 192) (-2304 -360 216) (-2560 -360 216) 
4 853 876 (-2304 -360 192) (-960 -360 192) (-960 -432 192) (-2304 -432 192) 
4 853 873 (-960 -360 192) (-928 -360 192) (-928 -432 192) (-960 -432 192) 
4 853 871 (-840 -376 192) (-840 -432 192) (-912 -432 192) (-912 -376 192) 
4 853 870 (-912 -360 192) (-840 -360 192) (-840 -376 192) (-912 -376 192) 
4 853 868 (-840 -360 192) (-720 -360 192) (-720 -432 192) (-840 -432 192) 
4 853 854 (-2304 -432 216) (-2304 -432 192) (-960 -432 192) (-960 -432 216) 
4 854 876 (-960 -456 192) (-2304 -456 192) (-2304 -432 192) (-960 -432 192) 
4 854 855 (-2304 -456 216) (-2304 -456 192) (-960 -456 192) (-960 -456 216) 
4 855 1308 (-2304 -528 192) (-960 -528 192) (-960 -528 216) (-2304 -528 216) 
4 855 876 (-960 -528 192) (-2304 -528 192) (-2304 -456 192) (-960 -456 192) 
4 855 874 (-928 -528 192) (-960 -528 192) (-960 -456 192) (-928 -456 192) 
4 855 871 (-840 -528 192) (-912 -528 192) (-912 -456 192) (-840 -456 192) 
4 855 868 (-720 -456 192) (-720 -528 192) (-840 -528 192) (-840 -456 192) 
4 856 1309 (-2560 -528 192) (-2304 -528 192) (-2304 -528 216) (-2560 -528 216) 
4 856 877 (-2560 -360 192) (-2304 -360 192) (-2304 -528 192) (-2560 -528 192) 
4 857 869 (-368 -352 160) (-688 -352 160) (-688 -352 32) (-368 -352 32) 
4 858 860 (-912 -344 176) (-912 -344 32) (-831.9999999999999 -344 32) (-831.9999999999999 -344 176) 
4 858 859 (-912 -344 192) (-912 -344 176) (-736 -344 176) (-736 -344 192) 
4 859 870 (-840 -352 192) (-912 -352 192) (-912 -352 176) (-840 -352 176) 
4 859 868 (-736 -352 176) (-736 -352 192) (-840 -352 192) (-840 -352 176) 
4 859 860 (-912 -352 176) (-912 -344 176) (-831.9999999999999 -344 176) (-839.9999999999999 -352 176) 
4 860 870 (-839.9999999999999 -352 176) (-912 -352 176) (-912 -352 32) (-839.9999999999999 -352 32) 
4 861 952 (-960 -336 16) (-928 -336 16) (-928 -352 16) (-960 -352 16) 
4 861 875 (-960 -352 16) (-928 -352 16) (-928 -352 128) (-960 -352 128) 
4 861 862 (-960 -336 16) (-960 -352 16) (-960 -352 128) (-960 -336 128) 
4 862 952 (-2304 -336 16) (-960 -336 16) (-960 -352 16) (-2304 -352 16) 
4 862 876 (-2304 -352 16) (-960 -352 16) (-960 -352 192) (-2304 -352 192) 
4 863 953 (-2560 -336 16) (-2304 -336 16) (-2304 -352 16) (-2560 -352 16) 
4 863 877 (-2560 -352 16) (-2304 -352 16) (-2304 -352 192) (-2560 -352 192) 
4 864 1148 (208 -528 192) (192 -528 192) (192 -528 176) (208 -528 176) 
4 864 1130 (288 -528 176) (288 -528 192) (208 -528 192) (208 -528 176) 
4 864 869 (192 -352 176) (288 -352 176) (288 -528 176) (192 -528 176) 
4 865 1230 (-128 -528 192) (-472 -528 192) (-472 -528 176) (-128 -528 176) 
4 865 1227 (112 -528 192) (-128 -528 192) (-128 -528 176) (112 -528 176) 
4 865 869 (-472 -352 176) (112 -352 176) (112 -528 176) (-472 -528 176) 
4 865 866 (-472 -352 183.99999999999991) (-472 -352 176) (-472 -528 176) (-472 -528 183.99999999999991) 
3 866 1264 (-479.9999999999999 -528 176) (-472 -528 176) (-472 -528 183.99999999999991) 
4 866 869 (-479.9999999999999 -352 176) (-472 -352 176) (-472 -528 176) (-479.9999999999999 -528 176) 
3 867 1265 (-720 -528 183.99999999999997) (-720 -528 176) (-712 -528 176) 
4 867 869 (-720 -352 176) (-712 -352 176) (-712 -528 176) (-720 -528 176) 
4 867 868 (-720 -352 183.99999999999997) (-720 -352 176) (-720 -528 176) (-720 -528 183.99999999999997) 
4 868 1266 (-720 -528 192) (-840 -528 192) (-840 -528 176) (-720 -528 176) 
4 868 871 (-840 -376 176) (-840 -528 176) (-840 -528 192) (-840 -376 192) 
4 868 870 (-840 -352 192) (-840 -352 176) (-840 -376 176) (-840 -376 192) 
4 868 869 (-832 -352 176) (-720 -352 176) (-720 -528 176) (-832 -528 176) 
4 869 1267 (-832 -528 16) (-472 -528 16) (-472 -528 176) (-832 -528 176) 
4 869 1236 (-472 -528 16) (48 -528 16) (48 -528 136) (-472 -528 136) 
4 869 1233 (48 -528 16) (104 -528 16) (104 -528 136) (48 -528 136) 
4 869 1231 (104 -528 16) (112 -528 16) (112 -528 136) (104 -528 136) 
4 869 1230 (-128 -528 176) (-472 -528 176) (-472 -528 136) (-128 -528 136) 
4 869 1227 (112 -528 136) (112 -528 176) (-128 -528 176) (-128 -528 136) 
4 869 1217 (112 -528 16) (192 -528 16) (192 -528 176) (112 -528 176) 
4 869 1149 (208 -528 24) (208 -528 176) (192 -528 176) (192 -528 24) 
4 869 1130 (288 -528 24) (288 -528 176) (208 -528 176) (208 -528 24) 
4 869 954 (288 -528 16) (-832 -528 16) (-832 -352 16) (288 -352 16) 
4 870 871 (-912 -376 192) (-912 -376 32) (-840 -376 32) (-840 -376 192) 
4 871 1276 (-840 -528 24) (-840 -528 176) (-912 -528 176) (-912 -528 24) 
4 871 1266 (-840 -528 176) (-840 -528 192) (-912 -528 192) (-912 -528 176) 
4 871 872 (-912 -528 24) (-912 -400 24) (-840 -400 24) (-840 -528 24) 
4 872 1276 (-912 -528 16) (-840 -528 16) (-840 -528 24) (-912 -528 24) 
4 872 955 (-840 -528 16) (-912 -528 16) (-912 -424 16) (-840 -424 16) 
4 873 876 (-960 -360 128) (-960 -432 128) (-960 -432 192) (-960 -360 192) 
4 873 875 (-960 -432 128) (-960 -360 128) (-928 -360 128) (-928 -432 128) 
4 874 876 (-960 -456 128) (-960 -528 128) (-960 -528 192) (-960 -456 192) 
4 874 875 (-960 -528 128) (-960 -456 128) (-928 -456 128) (-928 -528 128) 
4 875 1310 (-960 -528 16) (-928 -528 16) (-928 -528 128) (-960 -528 128) 
4 875 962 (-928 -528 16) (-960 -528 16) (-960 -352 16) (-928 -352 16) 
4 875 876 (-960 -352 128) (-960 -352 16) (-960 -528 16) (-960 -528 128) 
4 876 1310 (-2304 -528 16) (-960 -528 16) (-960 -528 128) (-2304 -528 128) 
4 876 1308 (-960 -528 128) (-960 -528 192) (-2304 -528 192) (-2304 -528 128) 
4 876 962 (-960 -528 16) (-2304 -528 16) (-2304 -352 16) (-960 -352 16) 
4 877 1311 (-2560 -528 16) (-2304 -528 16) (-2304 -528 128) (-2560 -528 128) 
4 877 1309 (-2304 -528 128) (-2304 -528 192) (-2560 -528 192) (-2560 -528 128) 
4 877 963 (-2304 -528 16) (-2560 -528 16) (-2560 -352 16) (-2304 -352 16) 
4 878 964 (2736 -432 -144) (2480 -432 -144) (2480 -336 -144) (2736 -336 -144) 
4 878 892 (2480 -432 -144) (2736 -432 -144) (2736 -432 16) (2480 -432 16) 
4 879 965 (2480 -432 -144) (1440 -432 -144) (1440 -336 -144) (2480 -336 -144) 
4 879 893 (1440 -432 -144) (2480 -432 -144) (2480 -432 16) (1440 -432 16) 
4 880 894 (1432 -432 16) (1368 -432 16) (1368 -432 -72) (1432 -432 -72) 
4 880 882 (1368 -432 -72) (1368 -432 16) (1368 -384 16) (1368 -384 -72) 
4 881 885 (1280 -408 -144) (1280 -432 -144) (1280 -432 8) (1280 -408 8) 
4 881 883 (1280 -336 -144) (1280 -408 -144) (1280 -408 8) (1280 -336 8) 
4 882 894 (1368 -432 -72) (1368 -432 16) (1313.142857142857 -432 16) (1313.142857142857 -432 -72) 
4 883 886 (1048 -408 8) (880 -408 8) (880 -408 -144) (1048 -408 -144) 
4 883 885 (1280 -408 -144) (1280 -408 8) (1072 -408 8) (1072 -408 -144) 
4 884 891 (592 -336 -144) (592 -408 -144) (592 -408 -84) (592 -336 -120) 
4 884 890 (592 -408 -75.99999999999997) (592 -408 -68) (592 -336 -103.99999999999999) (592 -336 -112) 
4 884 889 (592 -408 -60.000000000000014) (592 -408 -16) (592 -336 -16) (592 -336 -96.00000000000001) 
4 884 888 (592 -408 -8) (592 -408 -0) (592 -336 -0) (592 -336 -8) 
4 884 887 (856 -408 8) (592 -408 8) (592 -408 -144) (856 -408 -144) 
4 885 895 (1272 -432 0) (1208 -432 0) (1208 -432 -64) (1272 -432 -64) 
4 886 898 (880 -432 -144) (1024 -432 -144) (1024 -432 -64) (880 -432 -64) 
4 886 897 (1024 -432 -56) (1024 -432 -16) (880 -432 -16) (880 -432 -56) 
4 886 896 (1024 -432 -8) (1024 -432 -0) (880 -432 -0) (880 -432 -8) 
4 887 902 (592 -432 -144) (680 -432 -144) (680 -432 -72) (592 -432 -72) 
4 887 901 (680 -432 -64) (680 -432 -56) (592 -432 -56) (592 -432 -64) 
4 887 900 (680 -432 -48) (680 -432 -16) (592 -432 -16) (592 -432 -48) 
4 887 899 (680 -432 -8) (680 -432 -0) (592 -432 -0) (592 -432 -8) 
4 887 891 (592 -408 -144) (592 -432 -144) (592 -432 -72) (592 -408 -84) 
4 887 890 (592 -432 -64) (592 -432 -55.99999999999999) (592 -408 -68) (592 -408 -75.99999999999997) 
4 887 889 (592 -432 -48.000000000000014) (592 -432 -16) (592 -408 -16) (592 -408 -60.000000000000014) 
4 887 888 (592 -432 -8) (592 -432 -0) (592 -408 -0) (592 -408 -8) 
4 888 921 (584 -432 -8) (584 -432 -0) (584 -416 0) (584 -416 -8) 
4 888 920 (584 -416 0) (584 -392 0) (584 -392 -8) (584 -416 -8) 
4 888 918 (584 -392 0) (584 -368 0) (584 -368 -8) (584 -392 -8) 
4 888 917 (584 -368 0) (584 -344 0) (584 -344 -8) (584 -368 -8) 
4 888 916 (584 -344 0) (584 -336 -0) (584 -336 -8) (584 -344 -8) 
4 889 921 (584 -432 -48.000000000000014) (584 -432 -16) (584 -416 -16) (584 -416 -56.000000000000014) 
4 889 920 (584 -416 -16) (584 -392 -16) (584 -392 -68.00000000000001) (584 -416 -56.000000000000014) 
4 889 918 (584 -392 -16) (584 -368 -16) (584 -368 -80.00000000000001) (584 -392 -68.00000000000001) 
4 889 917 (584 -368 -16) (584 -344 -16) (584 -344 -92.00000000000001) (584 -368 -80.00000000000001) 
4 889 916 (584 -344 -16) (584 -336 -16) (584 -336 -96.00000000000001) (584 -344 -92.00000000000001) 
4 890 921 (584 -432 -64) (584 -432 -55.99999999999999) (584 -416 -63.99999999999999) (584 -416 -72) 
4 890 920 (584 -416 -63.99999999999999) (584 -392 -75.99999999999999) (584 -392 -84) (584 -416 -72) 
4 890 918 (584 -392 -75.99999999999999) (584 -368 -87.99999999999999) (584 -368 -96) (584 -392 -84) 
4 890 917 (584 -368 -87.99999999999999) (584 -344 -99.99999999999999) (584 -344 -108) (584 -368 -96) 
4 890 916 (584 -344 -99.99999999999999) (584 -336 -103.99999999999999) (584 -336 -112) (584 -344 -108) 
4 891 921 (584 -432 -104) (584 -432 -72) (584 -416 -80) (584 -416 -104) 
4 891 920 (584 -416 -112) (584 -416 -80) (584 -392 -92) (584 -392 -112) 
4 891 918 (584 -392 -120) (584 -392 -92) (584 -368 -104) (584 -368 -120) 
4 891 917 (584 -368 -128) (584 -368 -104) (584 -344 -116) (584 -344 -128) 
4 891 916 (584 -344 -136) (584 -344 -116) (584 -336 -120) (584 -336 -136) 
4 892 964 (2736 -440 -144) (2480 -440 -144) (2480 -432 -144) (2736 -432 -144) 
4 892 907 (2480 -440 -144) (2736 -440 -144) (2736 -440 -72) (2480 -440 -72) 
4 892 903 (2736 -440 -72) (2736 -440 16) (2480 -440 16) (2480 -440 -72) 
4 893 965 (2480 -440 -144) (1440 -440 -144) (1440 -432 -144) (2480 -432 -144) 
4 893 908 (1440 -440 -144) (2480 -440 -144) (2480 -440 -72) (1440 -440 -72) 
4 893 904 (2480 -440 -72) (2480 -440 16) (1440 -440 16) (1440 -440 -72) 
4 894 905 (1432 -440 16) (1304 -440 16) (1304 -440 -72) (1432 -440 -72) 
4 895 906 (1272 -440 0) (1208 -440 0) (1208 -440 -64) (1272 -440 -64) 
4 896 906 (1024 -440 -8) (1024 -440 -0) (880 -440 -0) (880 -440 -8) 
4 897 906 (1024 -440 -56) (1024 -440 -16) (880 -440 -16) (880 -440 -56) 
4 898 906 (1024 -440 -72) (1024 -440 -64) (880 -440 -64) (880 -440 -72) 
4 899 909 (608 -440 0) (592 -440 -0) (592 -440 -8) (608 -440 -8) 
4 899 906 (680 -440 -8) (680 -440 -0) (608 -440 0) (608 -440 -8) 
4 900 909 (608 -440 -16) (592 -440 -16) (592 -440 -48) (608 -440 -48) 
4 900 906 (680 -440 -48) (680 -440 -16) (608 -440 -16) (608 -440 -48) 
4 901 909 (608 -440 -56) (592 -440 -56) (592 -440 -64) (608 -440 -64) 
4 901 906 (680 -440 -64) (680 -440 -56) (608 -440 -56) (608 -440 -64) 
4 902 909 (608 -440 -80) (608 -440 -72) (592 -440 -72) (592 -440 -80) 
4 903 911 (2736 -512 16) (2480 -512 16) (2480 -512 -72) (2736 -512 -72) 
4 903 907 (2736 -512 -72) (2480 -512 -72) (2480 -440 -72) (2736 -440 -72) 
4 904 912 (2480 -512 16) (1440 -512 16) (1440 -512 -72) (2480 -512 -72) 
4 904 908 (2480 -512 -72) (1440 -512 -72) (1440 -440 -72) (2480 -440 -72) 
4 905 906 (1280 -440 8) (1280 -440 -72) (1280 -512 -72) (1280 -512 8) 
4 906 909 (608 -440 8) (608 -440 -72) (608 -512 -72) (608 -512 8) 
4 907 964 (2736 -512 -144) (2480 -512 -144) (2480 -440 -144) (2736 -440 -144) 
4 907 911 (2480 -512 -144) (2736 -512 -144) (2736 -512 -72) (2480 -512 -72) 
4 908 965 (2480 -512 -144) (1440 -512 -144) (1440 -440 -144) (2480 -440 -144) 
4 908 912 (1440 -512 -144) (2480 -512 -144) (2480 -512 -72) (1440 -512 -72) 
4 909 923 (584 -512 -80) (584 -512 8) (584 -440 8) (584 -440 -80) 
3 909 910 (584 -440 -80) (592.0000000000001 -440 -80) (584 -451.20000000000016 -80) 
4 910 924 (584 -451.20000000000016 -80) (584 -440 -80) (584 -440 -88) (584 -451.20000000000016 -88) 
4 911 1031 (2480 -528 -144) (2736 -528 -144) (2736 -528 16) (2480 -528 16) 
4 911 964 (2736 -528 -144) (2480 -528 -144) (2480 -512 -144) (2736 -512 -144) 
4 912 1033 (1432 -528 -144) (1632 -528 -144) (1632 -528 -0) (1432 -528 -0) 
4 912 1032 (1632 -528 -144) (2480 -528 -144) (2480 -528 16) (1632 -528 16) 
4 912 965 (2480 -528 -144) (1432 -528 -144) (1432 -512 -144) (2480 -512 -144) 
4 912 914 (1432 -520 -144) (1432 -528 -144) (1432 -528 16) (1432 -520 16) 
4 912 913 (1432 -512 -72) (1432 -512 -144) (1432 -520 -144) (1432 -520 -72) 
4 913 966 (1280 -520 -144) (1280 -512 -144) (1368 -512 -144) (1368 -520 -144) 
4 913 965 (1368 -512 -144) (1432 -512 -144) (1432 -520 -144) (1368 -520 -144) 
4 913 914 (1280 -520 -72) (1280 -520 -144) (1432 -520 -144) (1432 -520 -72) 
4 914 1033 (1280 -528 -144) (1432 -528 -144) (1432 -528 -0) (1280 -528 -0) 
4 914 966 (1368 -528 -144) (1280 -528 -144) (1280 -520 -144) (1368 -520 -144) 
4 914 965 (1432 -528 -144) (1368 -528 -144) (1368 -520 -144) (1432 -520 -144) 
4 914 915 (1280 -520 -144) (1280 -528 -144) (1280 -528 8) (1280 -520 8) 
4 915 1087 (584 -528 -144) (1280 -528 -144) (1280 -528 -0) (584 -528 -0) 
4 915 966 (1280 -528 -144) (584 -528 -144) (584 -520 -144) (1280 -520 -144) 
4 915 937 (584 -520 -144) (584 -528 -144) (584 -528 8) (584 -520 8) 
4 916 917 (584 -344 -128) (584 -344 8) (488 -344 8) (488 -344 -128) 
4 917 918 (584 -368 -120) (584 -368 8) (488 -368 8) (488 -368 -120) 
4 918 920 (584 -392 -112) (584 -392 8) (488 -392 8) (488 -392 -112) 
4 919 968 (464 -376 -144) (464 -384 -144) (304 -384 -144) (304 -376 -144) 
4 919 967 (464 -360 -144) (464 -368 -144) (304 -368 -144) (304 -360 -144) 
4 919 948 (296 -392 -128) (296 -392 -0) (296 -384 -0) (296 -384 -128) 
4 919 922 (472 -392 8) (296 -392 8) (296 -392 -144) (472 -392 -144) 
4 920 921 (584 -416 -104) (584 -416 8) (488 -416 8) (488 -416 -104) 
4 921 926 (575.9999999999999 -440 -88) (488 -440 -88) (488 -440 -96) (575.9999999999999 -440 -96) 
4 921 925 (552 -440 8) (488 -440 8) (488 -440 -88) (552 -440 -88) 
4 921 924 (584 -440 -88) (584 -440 -80) (552 -440 -80) (552 -440 -88) 
4 921 923 (584 -440 -80) (584 -440 8) (552 -440 8) (552 -440 -80) 
4 922 971 (464 -424 -144) (464 -432 -144) (304 -432 -144) (304 -424 -144) 
4 922 970 (464 -408 -144) (464 -416 -144) (304 -416 -144) (304 -408 -144) 
4 922 969 (304 -392 -144) (464 -392 -144) (464 -400 -144) (304 -400 -144) 
4 922 948 (296 -440 -128) (296 -440 -0) (296 -392 -0) (296 -392 -128) 
4 922 928 (464 -440 8) (296 -440 8) (296 -440 -144) (464 -440 -144) 
4 922 927 (472 -440 8) (464 -440 8) (464 -440 -144) (472 -440 -144) 
4 923 925 (552 -440 8) (552 -440 -80) (552 -512 -80) (552 -512 8) 
4 923 924 (552 -496 -80) (552 -440 -80) (584 -440 -80) (584 -451.20000000000016 -80) 
3 924 926 (552 -454 -88) (552 -440 -88) (576 -440 -88) 
4 924 925 (552 -440 -80) (552 -440 -88) (552 -496 -88) (552 -496 -80) 
4 925 926 (488 -491.3333333333333 -88) (488 -440 -88) (552 -440 -88) (552 -454 -88) 
4 927 934 (472 -512 8) (464 -512 8) (464 -512 -144) (472 -512 -144) 
4 927 929 (464 -488 -144) (464 -496.00000000000006 -144) (464 -496.00000000000006 8) (464 -488 8) 
4 927 928 (464 -440 8) (464 -440 -144) (464 -488 -144) (464 -488 8) 
4 928 974 (464 -472 -144) (464 -480 -144) (304 -480 -144) (304 -472 -144) 
4 928 973 (464 -456 -144) (464 -464 -144) (304 -464 -144) (304 -456 -144) 
4 928 972 (304 -440 -144) (464 -440 -144) (464 -448 -144) (304 -448 -144) 
4 928 948 (296 -480 -128) (296 -480 -0) (296 -440 -0) (296 -440 -128) 
4 928 933 (304.00000000000006 -488 8) (296 -488 8) (296 -488 -144) (304.00000000000006 -488 -144) 
4 928 932 (328 -488 8) (319.99999999999994 -488 8) (319.99999999999994 -488 -144) (328 -488 -144) 
4 928 931 (432 -488 8) (328 -488 8) (328 -488 -144) (432 -488 -144) 
4 928 930 (439.9999999999999 -488 8) (432 -488 8) (432 -488 -144) (439.9999999999999 -488 -144) 
4 928 929 (464 -488 -144) (464 -488 8) (455.99999999999994 -488 8) (455.99999999999994 -488 -144) 
4 930 931 (432 -488 8) (432 -488 -144) (432 -495.9999999999999 -144) (432 -495.9999999999999 8) 
4 931 935 (432 -512 8) (328 -512 8) (328 -512 -144) (432 -512 -144) 
4 931 932 (328 -488 8) (328 -488 -144) (328 -496.00000000000006 -144) (328 -496.00000000000006 8) 
4 934 938 (455.99999999999994 -520 -144) (472 -520 -144) (472 -520 8) (455.99999999999994 -520 8) 
4 935 943 (328 -520 -48) (328 -520 8) (320 -520 8) (320 -520 -48) 
4 935 938 (328 -520 -144) (440 -520 -144) (440 -520 8) (328 -520 8) 
4 936 947 (296 -520 8) (296 -520 -48) (304 -520 -48) (304 -520 8) 
4 937 1107 (488 -528 -144) (576 -528 -144) (576 -528 8) (488 -528 8) 
4 937 1087 (576 -528 -144) (584 -528 -144) (584 -528 -0) (576 -528 -0) 
4 937 966 (584 -528 -144) (488 -528 -144) (488 -520 -144) (584 -520 -144) 
4 938 1138 (337.33333333333337 -528 -144) (384 -528 -144) (384 -528 -128) (337.33333333333337 -528 -128) 
4 938 1137 (384 -528 -128) (384 -528 -120) (337.33333333333337 -528 -120) (337.33333333333337 -528 -128) 
4 938 1136 (384 -528 -120) (384 -528 -80) (337.33333333333337 -528 -80) (337.33333333333337 -528 -120) 
4 938 1135 (384 -528 -80) (384 -528 -72) (337.33333333333337 -528 -72) (337.33333333333337 -528 -80) 
4 938 1134 (384 -528 -72) (384 -528 -56) (337.33333333333337 -528 -56) (337.33333333333337 -528 -72) 
4 938 1133 (384 -528 -56) (384 -528 -48) (337.33333333333337 -528 -48) (337.33333333333337 -528 -56) 
4 938 1132 (384 -528 -48) (384 -528 -0) (337.33333333333337 -528 -0) (337.33333333333337 -528 -48) 
4 938 1112 (384 -528 -144) (472 -528 -144) (472 -528 -48) (384 -528 -48) 
4 938 1110 (472 -528 -48) (472 -528 -0) (384 -528 -0) (384 -528 -48) 
4 938 942 (328 -520 -128) (328 -520 -144) (337.3333333333333 -528 -144) (337.3333333333333 -528 -128) 
4 938 941 (328 -520 -80) (328 -520 -120) (337.3333333333333 -528 -120) (337.3333333333333 -528 -80) 
4 938 940 (328 -520 -56) (328 -520 -72) (337.3333333333333 -528 -72) (337.3333333333333 -528 -56) 
4 938 939 (337.3333333333333 -528 8) (328 -520 8) (328 -520 -48) (337.3333333333333 -528 -48) 
4 939 1132 (337.33333333333337 -528 -48) (337.33333333333337 -528 -0) (328 -528 -0) (328 -528 -48) 
4 939 943 (328 -520 8) (328 -520 -48) (328 -528 -48) (328 -528 8) 
4 940 1134 (337.33333333333337 -528 -72) (337.33333333333337 -528 -56) (328 -528 -56) (328 -528 -72) 
4 941 1136 (337.33333333333337 -528 -120) (337.33333333333337 -528 -80) (328 -528 -80) (328 -528 -120) 
4 942 1138 (328 -528 -144) (337.33333333333337 -528 -144) (337.33333333333337 -528 -128) (328 -528 -128) 
4 943 1139 (328 -528 -48) (328 -528 -0) (304 -528 -0) (304 -528 -48) 
4 943 947 (304 -520 8) (304 -520 -48) (304 -528 -48) (304 -528 8) 
4 944 1139 (320 -528 -72) (320 -528 -56) (304 -528 -56) (304 -528 -72) 
4 945 1139 (320 -528 -120) (320 -528 -80) (304 -528 -80) (304 -528 -120) 
4 946 1139 (304 -528 -144) (320 -528 -144) (320 -528 -128) (304 -528 -128) 
4 947 1139 (304 -528 -48) (304 -528 -0) (296 -528 -0) (296 -528 -48) 
4 948 961 (288 -480 -128) (288 -480 -112) (288 -384 -112) (288 -384 -128) 
4 948 957 (288 -480 -112) (288 -480 -0) (288 -384 -0) (288 -384 -112) 
4 949 950 (-912 -344 0) (-912 -336 0) (-736 -336 0) (-736 -344 0) 
4 950 960 (-856 -352 0) (-912 -352 -0) (-912 -352 -112) (-856 -352 -112) 
4 950 958 (-832 -352 0) (-856 -352 0) (-856 -352 -112) (-832 -352 -112) 
4 950 957 (-736 -352 -112) (-736 -352 -0) (-832 -352 0) (-832 -352 -112) 
4 951 987 (-848 -336 -144) (-736 -336 -144) (-736 -352 -144) (-848 -352 -144) 
4 952 991 (-2304 -336 -144) (-928 -336 -144) (-928 -352 -144) (-2304 -352 -144) 
4 952 962 (-2304 -352 -144) (-928 -352 -144) (-928 -352 16) (-2304 -352 16) 
4 953 992 (-2560 -336 -144) (-2304 -336 -144) (-2304 -352 -144) (-2560 -352 -144) 
4 953 963 (-2560 -352 -144) (-2304 -352 -144) (-2304 -352 16) (-2560 -352 16) 
4 954 1267 (-472 -528 16) (-832 -528 16) (-832 -528 8) (-472 -528 8) 
4 954 1236 (48 -528 16) (-472 -528 16) (-472 -528 8) (48 -528 8) 
4 954 1233 (104 -528 16) (48 -528 16) (48 -528 8) (104 -528 8) 
4 954 1231 (112 -528 16) (104 -528 16) (104 -528 8) (112 -528 8) 
4 954 1217 (192 -528 16) (112 -528 16) (112 -528 8) (192 -528 8) 
4 954 956 (-832 -352 8) (288 -352 8) (288 -528 8) (-832 -528 8) 
4 955 1276 (-840 -528 16) (-912 -528 16) (-912 -528 8) (-840 -528 8) 
4 956 1277 (-472 -528 8) (-832 -528 8) (-832 -528 0) (-472 -528 0) 
4 956 1244 (-128 -528 8) (-472 -528 8) (-472 -528 0) (-128 -528 0) 
4 956 1242 (112 -528 8) (-128 -528 8) (-128 -528 0) (112 -528 0) 
4 956 1217 (192 -528 8) (112 -528 8) (112 -528 0) (192 -528 0) 
4 956 957 (-832 -352 0) (288 -352 0) (288 -528 0) (-832 -528 0) 
4 957 1287 (-776 -528 0) (-832 -528 0) (-832 -528 -112) (-776 -528 -112) 
4 957 1285 (-752 -528 0) (-776 -528 0) (-776 -528 -112) (-752 -528 -112) 
4 957 1284 (-664 -528 0) (-752 -528 0) (-752 -528 -112) (-664 -528 -112) 
4 957 1281 (-640 -528 0) (-664 -528 0) (-664 -528 -112) (-640 -528 -112) 
4 957 1280 (-472 -528 0) (-640 -528 0) (-640 -528 -112) (-472 -528 -112) 
4 957 1245 (112 -528 0) (-472 -528 0) (-472 -528 -112) (112 -528 -112) 
4 957 1217 (192 -528 0) (112 -528 0) (112 -528 -112) (192 -528 -112) 
4 957 1150 (208 -528 0) (192 -528 0) (192 -528 -112) (208 -528 -112) 
4 957 1142 (264 -528 0) (208 -528 0) (208 -528 -112) (264 -528 -112) 
4 957 961 (-624 -352 -112) (288 -352 -112) (288 -528 -112) (-624 -528 -112) 
4 957 959 (-832 -424 -112) (-832 -528 -112) (-832 -528 0) (-832 -424 0) 
4 957 958 (-832 -352 -112) (-832 -400 -112) (-832 -400 0) (-832 -352 0) 
4 958 960 (-856 -352 -112) (-856 -400 -112) (-856 -400 0) (-856 -352 0) 
4 959 1288 (-832 -528 0) (-856 -528 0) (-856 -528 -112) (-832 -528 -112) 
4 959 960 (-856 -424 -112) (-856 -528 -112) (-856 -528 0) (-856 -424 0) 
4 960 1292 (-856 -528 0) (-912 -528 -0) (-912 -528 -112) (-856 -528 -112) 
4 961 1293 (-624 -528 -144) (-472 -528 -144) (-472 -528 -112) (-624 -528 -112) 
4 961 1245 (-472 -528 -144) (112 -528 -144) (112 -528 -112) (-472 -528 -112) 
4 961 1217 (112 -528 -144) (192 -528 -144) (192 -528 -112) (112 -528 -112) 
4 961 1150 (192 -528 -144) (208 -528 -144) (208 -528 -112) (192 -528 -112) 
4 961 1142 (208 -528 -144) (264 -528 -144) (264 -528 -112) (208 -528 -112) 
4 961 995 (288 -528 -144) (-624 -528 -144) (-624 -352 -144) (288 -352 -144) 
4 962 1310 (-2304 -528 -144) (-928 -528 -144) (-928 -528 16) (-2304 -528 16) 
4 962 996 (-928 -528 -144) (-2304 -528 -144) (-2304 -352 -144) (-928 -352 -144) 
4 963 1311 (-2560 -528 -144) (-2304 -528 -144) (-2304 -528 16) (-2560 -528 16) 
4 963 997 (-2304 -528 -144) (-2560 -528 -144) (-2560 -352 -144) (-2304 -352 -144) 
4 964 1031 (2736 -528 -144) (2480 -528 -144) (2480 -528 -152) (2736 -528 -152) 
4 964 975 (2736 -528 -152) (2480 -528 -152) (2480 -336 -152) (2736 -336 -152) 
4 965 1033 (1632 -528 -144) (1368 -528 -144) (1368 -528 -152) (1632 -528 -152) 
4 965 1032 (2480 -528 -144) (1632 -528 -144) (1632 -528 -152) (2480 -528 -152) 
4 965 976 (2480 -528 -152) (1368 -528 -152) (1368 -336 -152) (2480 -336 -152) 
4 965 966 (1368 -440 -152) (1368 -528 -152) (1368 -528 -144) (1368 -440 -144) 
4 966 1107 (576 -528 -144) (488 -528 -144) (488 -528 -152) (576 -528 -152) 
4 966 1087 (1280 -528 -144) (576 -528 -144) (576 -528 -152) (1280 -528 -152) 
4 966 1033 (1368 -528 -144) (1280 -528 -144) (1280 -528 -152) (1368 -528 -152) 
4 966 977 (1368 -528 -152) (488 -528 -152) (488 -440 -152) (1368 -440 -152) 
4 967 982 (304 -368 -152) (304 -360 -152) (464 -360 -152) (464 -368 -152) 
4 968 982 (304 -384 -152) (304 -376 -152) (464 -376 -152) (464 -384 -152) 
4 969 982 (304 -400 -152) (304 -392 -152) (464 -392 -152) (464 -400 -152) 
4 970 982 (304 -416 -152) (304 -408 -152) (464 -408 -152) (464 -416 -152) 
4 971 982 (304 -432 -152) (304 -424 -152) (464 -424 -152) (464 -432 -152) 
4 972 982 (304 -448 -152) (304 -440 -152) (464 -440 -152) (464 -448 -152) 
4 973 982 (304 -464 -152) (304 -456 -152) (464 -456 -152) (464 -464 -152) 
4 974 982 (304 -480 -152) (304 -472 -152) (464 -472 -152) (464 -480 -152) 
4 975 1031 (2736 -528 -152) (2480 -528 -152) (2480 -528 -1136) (2736 -528 -1136) 
4 975 980 (2736 -528 -1136) (2480 -528 -1136) (2480 -336 -1136) (2736 -336 -1136) 
4 976 1033 (1632 -528 -152) (1368 -528 -152) (1368 -528 -1136) (1632 -528 -1136) 
4 976 1032 (2480 -528 -152) (1632 -528 -152) (1632 -528 -1136) (2480 -528 -1136) 
4 976 979 (1368 -336 -1136) (1368 -528 -1136) (1368 -528 -464) (1368 -336 -464) 
4 976 977 (1368 -528 -464) (1368 -528 -152) (1368 -440 -152) (1368 -440 -464) 
4 977 1107 (576 -528 -152) (488 -528 -152) (488 -528 -464) (576 -528 -464) 
4 977 1087 (1280 -528 -152) (576 -528 -152) (576 -528 -464) (1280 -528 -464) 
4 977 1033 (1368 -528 -152) (1280 -528 -152) (1280 -528 -464) (1368 -528 -464) 
4 977 979 (1368 -440 -464) (1368 -528 -464) (488 -528 -464) (488 -440 -464) 
4 977 978 (488 -440 -464) (488 -528 -464) (488 -528 -304) (488 -440 -304) 
4 978 1109 (480 -528 -304) (480 -528 -464) (488 -528 -464) (488 -528 -304) 
4 978 981 (480 -528 -464) (480 -528 -304) (480 -488 -304) (480 -488 -464) 
4 978 979 (480 -528 -464) (480 -440 -464) (488 -440 -464) (488 -528 -464) 
4 979 1249 (480 -528 -528) (480 -528 -1136) (576 -528 -1136) (576 -528 -528) 
4 979 1109 (480 -528 -464) (480 -528 -528) (488 -528 -528) (488 -528 -464) 
4 979 1107 (488 -528 -528) (576 -528 -528) (576 -528 -464) (488 -528 -464) 
4 979 1087 (576 -528 -1136) (1280 -528 -1136) (1280 -528 -464) (576 -528 -464) 
4 979 1033 (1280 -528 -1136) (1368 -528 -1136) (1368 -528 -464) (1280 -528 -464) 
4 979 983 (480 -528 -1136) (480 -528 -544) (480 -336 -544) (480 -336 -1136) 
4 979 981 (480 -528 -528) (480 -528 -464) (480 -488 -464) (480 -488 -528) 
4 980 1251 (576 -528 -1136) (480 -528 -1136) (480 -528 -1144) (576 -528 -1144) 
4 980 1088 (1280 -528 -1136) (576 -528 -1136) (576 -528 -1144) (1280 -528 -1144) 
4 980 1034 (3648 -528 -1144) (3648 -528 -1136) (1280 -528 -1136) (1280 -528 -1144) 
4 980 984 (480 -528 -1144) (480 -528 -1136) (480 -336 -1136) (480 -336 -1144) 
4 981 1109 (480 -528 -528) (480 -528 -304) (472 -528 -304) (472 -528 -528) 
4 982 994 (304 -488 -152) (304 -352 -152) (304 -352 -528) (304 -488 -528) 
4 983 1250 (480 -528 -1136) (480 -528 -544) (304 -528 -544) (304 -528 -1136) 
4 983 998 (304 -528 -1136) (304 -528 -544) (304 -352 -544) (304 -352 -1136) 
4 983 986 (304 -352 -544) (304 -336 -544) (304 -336 -1136) (304 -352 -1136) 
4 984 1251 (480 -528 -1144) (480 -528 -1136) (304 -528 -1136) (304 -528 -1144) 
4 984 1001 (304 -528 -1144) (304 -528 -1136) (304 -352 -1136) (304 -352 -1144) 
4 984 993 (304 -352 -1136) (304 -336 -1136) (304 -336 -1144) (304 -352 -1144) 
4 986 998 (288 -352 -1136) (304 -352 -1136) (304 -352 -544) (288 -352 -544) 
4 986 989 (288 -336 -1136) (288 -352 -1136) (288 -352 -688) (288 -336 -688) 
4 987 998 (-848 -352 -544) (-848 -352 -688) (-736 -352 -688) (-736 -352 -544) 
4 987 989 (-848 -336 -688) (-736 -336 -688) (-736 -352 -688) (-848 -352 -688) 
4 987 988 (-848 -336 -688) (-848 -352 -688) (-848 -352 -520) (-848 -336 -520) 
4 988 998 (-912 -352 -544) (-912 -352 -688) (-848 -352 -688) (-848 -352 -544) 
4 988 990 (-912 -352 -688) (-912 -352 -528) (-912 -336 -528) (-912 -336 -688) 
4 988 989 (-912 -352 -688) (-912 -336 -688) (-848 -336 -688) (-848 -352 -688) 
4 989 998 (-912 -352 -1136) (288 -352 -1136) (288 -352 -688) (-912 -352 -688) 
4 989 990 (-912 -336 -1136) (-912 -352 -1136) (-912 -352 -688) (-912 -336 -688) 
4 990 998 (-928 -352 -1136) (-912 -352 -1136) (-912 -352 -544) (-928 -352 -544) 
4 990 991 (-928 -336 -1136) (-928 -352 -1136) (-928 -352 -528) (-928 -336 -528) 
4 991 999 (-2304 -352 -1136) (-928 -352 -1136) (-928 -352 -528) (-2304 -352 -528) 
4 991 996 (-928 -352 -528) (-928 -352 -144) (-2304 -352 -144) (-2304 -352 -528) 
4 992 1000 (-2560 -352 -1136) (-2304 -352 -1136) (-2304 -352 -528) (-2560 -352 -528) 
4 992 997 (-2304 -352 -528) (-2304 -352 -144) (-2560 -352 -144) (-2560 -352 -528) 
4 992 993 (-2304 -352 -1136) (-2376 -352 -1136) (-2376 -336 -1136) (-2304 -336 -1136) 
4 993 1001 (304 -352 -1144) (304 -352 -1136) (-2376 -352 -1136) (-2376 -352 -1144) 
4 995 1293 (-624 -528 -528) (-472 -528 -528) (-472 -528 -144) (-624 -528 -144) 
4 995 1245 (-472 -528 -528) (112 -528 -528) (112 -528 -144) (-472 -528 -144) 
4 995 1217 (112 -528 -528) (192 -528 -528) (192 -528 -144) (112 -528 -144) 
4 995 1150 (192 -528 -528) (208 -528 -528) (208 -528 -144) (192 -528 -144) 
4 995 1142 (208 -528 -528) (264 -528 -528) (264 -528 -144) (208 -528 -144) 
4 996 1310 (-2304 -528 -528) (-928 -528 -528) (-928 -528 -144) (-2304 -528 -144) 
4 996 999 (-2304 -352 -528) (-928 -352 -528) (-928 -528 -528) (-2304 -528 -528) 
4 997 1311 (-2560 -528 -528) (-2304 -528 -528) (-2304 -528 -144) (-2560 -528 -144) 
4 997 1000 (-2560 -352 -528) (-2304 -352 -528) (-2304 -528 -528) (-2560 -528 -528) 
4 998 1294 (-928 -528 -1136) (-472 -528 -1136) (-472 -528 -544) (-928 -528 -544) 
4 998 1250 (-472 -528 -1136) (304 -528 -1136) (304 -528 -544) (-472 -528 -544) 
4 998 999 (-928 -352 -1136) (-928 -528 -1136) (-928 -528 -544) (-928 -352 -544) 
4 999 1310 (-2304 -528 -1136) (-928 -528 -1136) (-928 -528 -528) (-2304 -528 -528) 
4 1000 1311 (-2560 -528 -1136) (-2304 -528 -1136) (-2304 -528 -528) (-2560 -528 -528) 
4 1000 1001 (-2376 -352 -1136) (-2304 -352 -1136) (-2304 -528 -1136) (-2376 -528 -1136) 
4 1001 1312 (-928 -528 -1136) (-2376 -528 -1136) (-2376 -528 -1144) (-928 -528 -1144) 
4 1001 1295 (-472 -528 -1136) (-928 -528 -1136) (-928 -528 -1144) (-472 -528 -1144) 
4 1001 1251 (304 -528 -1144) (304 -528 -1136) (-472 -528 -1136) (-472 -528 -1144) 
4 1002 1035 (2480 -792 1168) (2480 -792 1159.2138976801866) (2736 -792 1159.2138976801866) (2736 -792 1168) 
4 1002 1004 (2736 -792 1159.2138976801866) (2480 -792 1159.2138976801866) (2480 -528 1159.2138976801866) (2736 -528 1159.2138976801866) 
4 1003 1036 (2736 -792 1151.2138976801866) (3648 -792 1151.2138976801866) (3648 -792 1159.2138976801866) (2736 -792 1159.2138976801866) 
4 1003 1004 (2736 -528 1151.2138976801866) (2736 -792 1151.2138976801866) (2736 -792 1159.2138976801866) (2736 -528 1159.2138976801866) 
4 1004 1037 (2480 -792 1159.2138976801866) (2480 -792 1151.2138976801866) (2736 -792 1151.2138976801866) (2736 -792 1159.2138976801866) 
4 1004 1006 (2736 -792 1151.2138976801866) (2480 -792 1151.2138976801866) (2480 -528 1151.2138976801866) (2736 -528 1151.2138976801866) 
4 1004 1005 (2480 -528 1159.2138976801866) (2480 -528 1151.2138976801866) (2480 -792 1151.2138976801866) (2480 -792 1159.2138976801866) 
4 1005 1038 (1680 -792 1159.2138976801866) (1680 -792 1151.2138976801866) (2480 -792 1151.2138976801866) (2480 -792 1159.2138976801866) 
4 1005 1009 (1680 -528 1159.2138976801866) (1680 -528 1151.2138976801866) (1680 -792 1151.2138976801866) (1680 -792 1159.2138976801866) 
4 1006 1041 (2480 -792 160) (2736 -792 160) (2736 -792 168) (2480 -792 168) 
4 1006 1039 (2736 -792 168) (2736 -792 1151.2138976801866) (2480 -792 1151.2138976801866) (2480 -792 168) 
4 1006 1011 (2736 -792 160) (2480 -792 160) (2480 -528 160) (2736 -528 160) 
4 1007 1042 (2256 -792 160) (2480 -792 160) (2480 -792 168) (2256 -792 168) 
4 1007 1040 (2480 -792 168) (2480 -792 1151.2138976801866) (2256 -792 1151.2138976801866) (2256 -792 168) 
4 1007 1012 (2480 -792 160) (2256 -792 160) (2256 -528 160) (2480 -528 160) 
4 1007 1008 (2256 -792 168) (2256 -792 1151.2138976801866) (2256 -528 1151.2138976801866) (2256 -528 168) 
4 1008 1040 (1680 -792 1151.2138976801866) (1680 -792 168) (2256 -792 168) (2256 -792 1151.2138976801866) 
4 1008 1010 (1680 -528 1151.2138976801866) (1680 -528 168) (1680 -792 168) (1680 -792 1151.2138976801866) 
4 1009 1058 (1280 -528 1159.2138976801866) (1280 -528 1151.2138976801866) (1280 -792 1151.2138976801866) (1280 -792 1159.2138976801866) 
4 1009 1044 (1280 -792 1159.2138976801866) (1280 -792 1151.2138976801866) (1680 -792 1151.2138976801866) (1680 -792 1159.2138976801866) 
4 1010 1059 (1280 -528 1151.2138976801866) (1280 -528 328) (1280 -792 328) (1280 -792 1151.2138976801866) 
4 1010 1046 (1280 -792 1151.2138976801866) (1280 -792 160) (1440 -792 160) (1440 -792 1151.2138976801866) 
5 1010 1045 (1440 -792 160) (1654.4 -792 160) (1680 -792 167.99999999999994) (1680 -792 1151.2138976801866) (1440 -792 1151.2138976801866) 
4 1010 1014 (1654.4 -792 160) (1440 -792 160) (1440 -528 160) (1654.4 -528 160) 
4 1011 1041 (2480 -792 56) (2736 -792 56) (2736 -792 160) (2480 -792 160) 
4 1011 1018 (2736 -792 56) (2480 -792 56) (2480 -528 56) (2736 -528 56) 
4 1012 1042 (2256 -792 56) (2480 -792 56) (2480 -792 160) (2256 -792 160) 
4 1012 1019 (2480 -792 56) (2256 -792 56) (2256 -528 56) (2480 -528 56) 
4 1012 1013 (2256 -728 56) (2256 -792 56) (2256 -792 160) (2256 -728 160) 
4 1013 1042 (1920 -792 56) (2256 -792 56) (2256 -792 160) (1920 -792 160) 
4 1014 1045 (1440 -792 128) (1552 -792 128) (1654.4 -792 160) (1440 -792 160) 
5 1015 1017 (1920 -528 128) (1920 -672.0000000000002 128) (1808.0000000000002 -792 128) (1577.6 -792 128) (1577.6 -528 128) 
4 1016 1061 (1280 -528 120) (1280 -528 56) (1280 -792 56) (1280 -792 120) 
4 1016 1020 (1347.2 -792 56) (1280 -792 56) (1280 -528 56) (1347.2 -528 56) 
4 1016 1017 (1347.2 -792 56) (1347.2 -528 56) (1552 -528 120) (1552 -792 120) 
4 1017 1020 (1648 -792 56) (1347.2 -792 56) (1347.2 -528 56) (1648 -528 56) 
4 1018 1041 (2480 -792 48) (2736 -792 48) (2736 -792 56) (2480 -792 56) 
4 1018 1021 (2736 -792 48) (2480 -792 48) (2480 -528 48) (2736 -528 48) 
4 1019 1042 (2256 -792 48) (2480 -792 48) (2480 -792 56) (2256 -792 56) 
4 1019 1022 (2480 -792 48) (2256 -792 48) (2256 -528 48) (2480 -528 48) 
4 1020 1061 (1280 -528 56) (1280 -528 48) (1280 -792 48) (1280 -792 56) 
4 1020 1027 (1552 -792 48) (1280 -792 48) (1280 -528 48) (1552 -528 48) 
4 1020 1026 (1584 -792 48) (1552 -792 48) (1552 -528 48) (1584 -528 48) 
4 1020 1024 (1616 -792 48) (1584 -792 48) (1584 -528 48) (1616 -528 48) 
4 1021 1041 (2480 -792 24) (2736 -792 24) (2736 -792 48) (2480 -792 48) 
4 1021 1028 (2736 -792 24) (2480 -792 24) (2480 -528 24) (2736 -528 24) 
4 1022 1043 (1680 -792 24) (2480 -792 24) (2480 -792 48) (1680 -792 48) 
4 1022 1029 (2480 -792 24) (1648 -792 24) (1648 -528 24) (2480 -528 24) 
4 1022 1023 (1648 -528 24) (1648 -792 24) (1648 -792 40) (1648 -528 40) 
4 1023 1029 (1648 -792 24) (1616 -792 24) (1616 -528 24) (1648 -528 24) 
4 1023 1025 (1616 -528 24) (1616 -792 24) (1616 -792 32) (1616 -528 32) 
4 1024 1026 (1584 -792 40) (1584 -792 48) (1584 -528 48) (1584 -528 40) 
4 1025 1029 (1616 -792 24) (1584 -792 24) (1584 -528 24) (1616 -528 24) 
4 1026 1027 (1552 -792 32) (1552 -792 48) (1552 -528 48) (1552 -528 32) 
4 1027 1061 (1280 -528 48) (1280 -528 24) (1280 -792 24) (1280 -792 48) 
4 1027 1030 (1520 -792 24) (1280 -792 24) (1280 -528 24) (1520 -528 24) 
4 1028 1041 (2480 -792 16) (2736 -792 16) (2736 -792 24) (2480 -792 24) 
4 1028 1031 (2736 -792 16) (2480 -792 16) (2480 -528 16) (2736 -528 16) 
4 1029 1043 (1680 -792 16) (2480 -792 16) (2480 -792 24) (1680 -792 24) 
4 1029 1032 (2480 -792 16) (1632 -792 16) (1632 -528 16) (2480 -528 16) 
4 1030 1061 (1280 -528 24) (1280 -528 16) (1280 -792 16) (1280 -792 24) 
4 1031 1053 (2480 -792 -1136) (2736 -792 -1136) (2736 -792 16) (2480 -792 16) 
4 1031 1034 (2736 -792 -1136) (2480 -792 -1136) (2480 -528 -1136) (2736 -528 -1136) 
4 1032 1054 (1632 -792 -1136) (2480 -792 -1136) (2480 -792 16) (1632 -792 16) 
4 1032 1033 (1632 -528 -1136) (1632 -792 -1136) (1632 -792 -0) (1632 -528 -0) 
4 1033 1087 (1280 -528 -0) (1280 -528 -1136) (1280 -792 -1136) (1280 -792 -0) 
4 1033 1055 (1280 -792 -0) (1280 -792 -1136) (1632 -792 -1136) (1632 -792 -0) 
4 1034 1088 (1280 -528 -1136) (1280 -528 -1144) (1280 -792 -1144) (1280 -792 -1136) 
4 1034 1057 (1280 -792 -1136) (1280 -792 -1144) (3648 -792 -1144) (3648 -792 -1136) 
4 1035 1047 (2480 -808 1168) (2480 -808 1159.2138976801866) (2736 -808 1159.2138976801866) (2736 -808 1168) 
4 1035 1037 (2736 -808 1159.2138976801866) (2480 -808 1159.2138976801866) (2480 -792 1159.2138976801866) (2736 -792 1159.2138976801866) 
4 1036 1048 (2736 -808 1151.2138976801866) (3648 -808 1151.2138976801866) (3648 -808 1159.2138976801866) (2736 -808 1159.2138976801866) 
4 1036 1037 (2736 -792 1151.2138976801866) (2736 -808 1151.2138976801866) (2736 -808 1159.2138976801866) (2736 -792 1159.2138976801866) 
4 1037 1049 (2480 -808 1159.2138976801866) (2480 -808 1151.2138976801866) (2736 -808 1151.2138976801866) (2736 -808 1159.2138976801866) 
4 1037 1039 (2736 -808 1151.2138976801866) (2480 -808 1151.2138976801866) (2480 -792 1151.2138976801866) (2736 -792 1151.2138976801866) 
4 1037 1038 (2480 -792 1159.2138976801866) (2480 -792 1151.2138976801866) (2480 -808 1151.2138976801866) (2480 -808 1159.2138976801866) 
4 1038 1050 (1680 -808 1159.2138976801866) (1680 -808 1151.2138976801866) (2480 -808 1151.2138976801866) (2480 -808 1159.2138976801866) 
4 1038 1044 (1680 -792 1159.2138976801866) (1680 -792 1151.2138976801866) (1680 -808 1151.2138976801866) (1680 -808 1159.2138976801866) 
4 1039 1051 (2480 -808 168) (2736 -808 168) (2736 -808 1151.2138976801866) (2480 -808 1151.2138976801866) 
4 1039 1041 (2736 -808 168) (2480 -808 168) (2480 -792 168) (2736 -792 168) 
4 1040 1052 (1680 -808 1151.2138976801866) (1680 -808 168) (2480 -808 168) (2480 -808 1151.2138976801866) 
4 1040 1045 (1680 -792 1151.2138976801866) (1680 -792 168) (1680 -808 168) (1680 -808 1151.2138976801866) 
4 1040 1042 (2480 -808 168) (1888 -808 168) (1888 -792 168) (2480 -792 168) 
4 1041 1053 (2736 -808 16) (2480 -808 16) (2480 -792 16) (2736 -792 16) 
4 1041 1051 (2480 -808 16) (2736 -808 16) (2736 -808 168) (2480 -808 168) 
4 1042 1052 (1888 -808 48) (2480 -808 48) (2480 -808 168) (1888 -808 168) 
4 1042 1043 (1888 -792 48) (2480 -792 48) (2480 -808 48) (1888 -808 48) 
4 1043 1054 (2480 -808 16) (1680 -808 16) (1680 -792 16) (2480 -792 16) 
4 1043 1052 (1680 -808 48) (1680 -808 16) (2480 -808 16) (2480 -808 48) 
4 1044 1058 (1280 -792 1159.2138976801866) (1280 -792 1151.2138976801866) (1280 -808 1151.2138976801866) (1280 -808 1159.2138976801866) 
4 1044 1050 (1280 -808 1159.2138976801866) (1280 -808 1151.2138976801866) (1680 -808 1151.2138976801866) (1680 -808 1159.2138976801866) 
5 1045 1052 (1440 -808 128) (1552 -808 128) (1680 -808 168) (1680 -808 1151.2138976801866) (1440 -808 1151.2138976801866) 
4 1045 1046 (1440 -808 160) (1440 -808 1151.2138976801866) (1440 -792 1151.2138976801866) (1440 -792 160) 
4 1046 1059 (1280 -792 1151.2138976801866) (1280 -792 328) (1280 -808 328) (1280 -808 1151.2138976801866) 
4 1046 1052 (1280 -808 1151.2138976801866) (1280 -808 160) (1440 -808 160) (1440 -808 1151.2138976801866) 
4 1047 1313 (2480 -1104 1168) (2480 -1104 1159.2138976801866) (2736 -1104 1159.2138976801866) (2736 -1104 1168) 
4 1047 1049 (2736 -1104 1159.2138976801866) (2480 -1104 1159.2138976801866) (2480 -808 1159.2138976801866) (2736 -808 1159.2138976801866) 
4 1048 1314 (2736 -1104 1151.2138976801866) (3648 -1104 1151.2138976801866) (3648 -1104 1159.2138976801866) (2736 -1104 1159.2138976801866) 
4 1048 1049 (2736 -808 1151.2138976801866) (2736 -1104 1151.2138976801866) (2736 -1104 1159.2138976801866) (2736 -808 1159.2138976801866) 
4 1049 1315 (2480 -1104 1159.2138976801866) (2480 -1104 1151.2138976801866) (2736 -1104 1151.2138976801866) (2736 -1104 1159.2138976801866) 
4 1049 1051 (2736 -1104 1151.2138976801866) (2480 -1104 1151.2138976801866) (2480 -808 1151.2138976801866) (2736 -808 1151.2138976801866) 
4 1049 1050 (2480 -808 1159.2138976801866) (2480 -808 1151.2138976801866) (2480 -1104 1151.2138976801866) (2480 -1104 1159.2138976801866) 
4 1050 1325 (1280 -1104 1159.2138976801866) (1280 -1104 1151.2138976801866) (2480 -1104 1151.2138976801866) (2480 -1104 1159.2138976801866) 
4 1050 1058 (1280 -808 1159.2138976801866) (1280 -808 1151.2138976801866) (1280 -1104 1151.2138976801866) (1280 -1104 1159.2138976801866) 
4 1051 1337 (2480 -1104 16) (2736 -1104 16) (2736 -1104 192) (2480 -1104 192) 
4 1051 1329 (2736 -1104 192) (2736 -1104 1151.2138976801866) (2480 -1104 1151.2138976801866) (2480 -1104 192) 
4 1051 1053 (2736 -1104 16) (2480 -1104 16) (2480 -808 16) (2736 -808 16) 
4 1052 1338 (1280 -1104 192) (1280 -1104 16) (2480 -1104 16) (2480 -1104 192) 
4 1052 1333 (1280 -1104 1151.2138976801866) (1280 -1104 192) (2480 -1104 192) (2480 -1104 1151.2138976801866) 
4 1052 1085 (1280 -912 16) (1280 -1104 16) (1280 -1104 120) (1280 -912 120) 
4 1052 1078 (1280 -1104 120) (1280 -1104 328) (1280 -1032 328) (1280 -1032 120) 
4 1052 1059 (1280 -808 1151.2138976801866) (1280 -808 328) (1280 -1104 328) (1280 -1104 1151.2138976801866) 
4 1052 1056 (1632 -1104 16) (1280 -1104 16) (1280 -896 16) (1632 -896 16) 
4 1052 1054 (2480 -1104 16) (1632 -1104 16) (1632 -808 16) (2480 -808 16) 
4 1053 1337 (2480 -1104 -1136) (2736 -1104 -1136) (2736 -1104 16) (2480 -1104 16) 
4 1053 1057 (2736 -1104 -1136) (2480 -1104 -1136) (2480 -792 -1136) (2736 -792 -1136) 
4 1054 1338 (1632 -1104 -1136) (2480 -1104 -1136) (2480 -1104 16) (1632 -1104 16) 
4 1054 1056 (1632 -896 -1136) (1632 -1104 -1136) (1632 -1104 16) (1632 -896 16) 
4 1054 1055 (1632 -792 -1136) (1632 -896 -1136) (1632 -896 -0) (1632 -792 -0) 
4 1055 1087 (1280 -792 -0) (1280 -792 -1136) (1280 -896 -1136) (1280 -896 -0) 
4 1055 1056 (1280 -896 -1136) (1632 -896 -1136) (1632 -896 -0) (1280 -896 -0) 
4 1056 1338 (1280 -1104 16) (1280 -1104 -1136) (1632 -1104 -1136) (1632 -1104 16) 
4 1056 1087 (1280 -896 -1136) (1280 -1104 -1136) (1280 -1104 -0) (1280 -896 -0) 
4 1056 1086 (1280 -1104 -0) (1280 -1104 16) (1280 -912 16) (1280 -912 0) 
4 1057 1348 (1280 -1104 -1136) (1280 -1104 -1144) (3648 -1104 -1144) (3648 -1104 -1136) 
4 1057 1088 (1280 -792 -1136) (1280 -792 -1144) (1280 -1104 -1144) (1280 -1104 -1136) 
4 1058 1325 (576 -1104 1159.2138976801866) (576 -1104 1151.2138976801866) (1280 -1104 1151.2138976801866) (1280 -1104 1159.2138976801866) 
4 1058 1089 (576 -528 1159.2138976801866) (576 -528 1151.2138976801866) (576 -1104 1151.2138976801866) (576 -1104 1159.2138976801866) 
4 1059 1333 (576 -1104 1151.2138976801866) (576 -1104 328) (1280 -1104 328) (1280 -1104 1151.2138976801866) 
4 1059 1090 (576 -528 1151.2138976801866) (576 -528 328) (576 -1104 328) (576 -1104 1151.2138976801866) 
4 1059 1084 (576 -1104 328) (576 -1032 328) (592 -1032 328) (592 -1104 328) 
4 1059 1083 (576 -1032 328) (576 -896 328) (592 -896 328) (592 -1032 328) 
4 1059 1081 (1264 -1032 328) (1264 -1104 328) (592 -1104 328) (592 -1032 328) 
4 1059 1080 (1264 -1024 328) (1264 -1032 328) (592 -1032 328) (592 -1024 328) 
4 1059 1078 (1280 -1032 328) (1280 -1104 328) (1264 -1104 328) (1264 -1032 328) 
4 1059 1077 (576 -896 328) (576 -528 328) (592 -528 328) (592 -896 328) 
4 1060 1079 (1152 -896 280) (1152 -896 128) (1264 -896 128) (1264 -896 233.33333333333331) 
4 1060 1073 (1152 -896 128) (1152 -896 280) (1152 -816 280) (1152 -816 128) 
4 1060 1066 (1152 -816 280) (1152 -807.9999999999999 280) (1152 -807.9999999999999 128) (1152 -816 128) 
4 1060 1063 (1152 -528 184) (1152 -528 136) (1152 -792 136) (1152 -792 184) 
4 1061 1065 (1152 -528 16) (1152 -792 16) (1152 -792 120) (1152 -528 120) 
4 1062 1071 (712 -792 184) (728 -792 184) (728 -792 280) (712 -792 280) 
4 1062 1068 (728 -792 184) (1128 -792 184) (1128 -792 280) (728 -792 280) 
4 1062 1067 (1128 -792 184) (1144 -792 184) (1144 -792 280) (1128 -792 280) 
4 1062 1063 (1144 -792 184) (712 -792 184) (712 -528 184) (1144 -528 184) 
4 1063 1075 (704 -792 136) (704 -792 184) (704 -528 184) (704 -528 136) 
4 1063 1071 (712 -792 136) (728 -792 136) (728 -792 184) (712 -792 184) 
4 1063 1068 (728 -792 136) (1128 -792 136) (1128 -792 184) (728 -792 184) 
4 1063 1067 (1128 -792 136) (1144 -792 136) (1144 -792 184) (1128 -792 184) 
4 1063 1064 (1144 -792 136) (712 -792 136) (712 -528 136) (1144 -528 136) 
4 1064 1071 (712 -792 128) (728 -792 128) (728 -792 136) (712 -792 136) 
4 1064 1068 (728 -792 128) (1128 -792 128) (1128 -792 136) (728 -792 136) 
4 1064 1067 (1128 -792 128) (1144 -792 128) (1144 -792 136) (1128 -792 136) 
4 1064 1065 (1144 -792 128) (712 -792 128) (712 -528 128) (1144 -528 128) 
4 1065 1076 (704 -528 16) (704 -792 16) (704 -792 120) (704 -528 120) 
4 1065 1071 (712 -792 16) (728 -792 16) (728 -792 128) (712 -792 128) 
4 1065 1068 (728 -792 16) (1128 -792 16) (1128 -792 128) (728 -792 128) 
4 1065 1067 (1128 -792 16) (1144 -792 16) (1144 -792 128) (1128 -792 128) 
4 1066 1073 (1152 -816 128) (1152 -816 280) (1144 -816 280) (1144 -816 128) 
4 1067 1068 (1128 -807.9999999999999 280) (1128 -792 280) (1128 -792 16) (1128 -807.9999999999999 16) 
4 1068 1071 (728 -808 280) (728 -792 280) (728 -792 16) (728 -808 16) 
4 1068 1070 (728 -808 128) (728 -808 16) (1128 -808 16) (1128 -808 128) 
4 1068 1069 (728 -808 184) (728 -808 136) (1128 -808 136) (1128 -808 184) 
4 1069 1073 (1128 -816 136) (1128 -816 184) (728 -816 184) (728 -816 136) 
4 1070 1074 (728 -816 16) (1128 -816 16) (1128 -816 120) (728 -816 120) 
4 1072 1075 (704 -816 128) (704 -816 280) (704 -808 280) (704 -808 128) 
4 1072 1073 (704 -816 280) (704 -816 128) (712 -816 128) (712 -816 280) 
4 1073 1079 (1152 -896 128) (1152 -896 280) (704 -896 280) (704 -896 128) 
4 1073 1075 (704 -896 128) (704 -896 280) (704 -816 280) (704 -816 128) 
4 1075 1079 (704 -896 128) (704 -896 280) (592 -896 233.33333333333331) (592 -896 128) 
4 1077 1090 (576 -528 328) (576 -528 280) (576 -896 280) (576 -896 328) 
4 1077 1083 (592 -896 280) (592 -896 328) (576 -896 328) (576 -896 280) 
4 1078 1338 (1264 -1104 120) (1280 -1104 120) (1280 -1104 192) (1264 -1104 192) 
4 1078 1333 (1280 -1104 192) (1280 -1104 328) (1264 -1104 328) (1264 -1104 192) 
4 1078 1085 (1280 -1032 120) (1280 -1104 120) (1264 -1104 120) (1264 -1032 120) 
4 1078 1082 (1264 -1032 120) (1264 -1104 120) (1264 -1104 128) (1264 -1032 128) 
4 1078 1081 (1264 -1104 128) (1264 -1104 328) (1264 -1032 328) (1264 -1032 128) 
4 1080 1083 (592 -1032 328) (592 -1024 328) (592 -1024 280) (592 -1032 280) 
4 1080 1081 (592 -1032 328) (592 -1032 280) (1264 -1032 280) (1264 -1032 328) 
4 1081 1338 (1264 -1104 128) (1264 -1104 192) (592 -1104 192) (592 -1104 128) 
4 1081 1333 (1264 -1104 192) (1264 -1104 328) (592 -1104 328) (592 -1104 192) 
4 1081 1084 (592 -1104 128) (592 -1104 328) (592 -1032 328) (592 -1032 128) 
4 1081 1082 (592 -1104 128) (592 -1032 128) (1264 -1032 128) (1264 -1104 128) 
4 1082 1338 (592 -1104 120) (1264 -1104 120) (1264 -1104 128) (592 -1104 128) 
4 1082 1085 (1264 -1032 120) (1264 -1104 120) (592 -1104 120) (592 -1032 120) 
4 1082 1084 (592 -1032 120) (592 -1104 120) (592 -1104 128) (592 -1032 128) 
4 1083 1090 (576 -1032 328) (576 -896 328) (576 -896 280) (576 -1032 280) 
4 1083 1084 (592 -1032 280) (592 -1032 328) (576 -1032 328) (576 -1032 280) 
4 1084 1338 (576 -1104 192) (576 -1104 120) (592 -1104 120) (592 -1104 192) 
4 1084 1333 (576 -1104 328) (576 -1104 192) (592 -1104 192) (592 -1104 328) 
4 1084 1100 (576 -1104 192) (576 -1104 216) (576 -1088 216) (576 -1088 192) 
4 1084 1099 (576 -1088 216) (576 -1032 216) (576 -1032 192) (576 -1088 192) 
4 1084 1093 (576 -1104 216) (576 -1104 240) (576 -1032 240) (576 -1032 216) 
4 1084 1090 (576 -1104 240) (576 -1104 328) (576 -1032 328) (576 -1032 240) 
4 1084 1085 (576 -1104 120) (576 -1032 120) (592 -1032 120) (592 -1104 120) 
4 1085 1338 (576 -1104 120) (576 -1104 16) (1280 -1104 16) (1280 -1104 120) 
4 1085 1086 (576 -1104 16) (576 -912 16) (1280 -912 16) (1280 -1104 16) 
4 1086 1338 (576 -1104 16) (576 -1104 -0) (1280 -1104 -0) (1280 -1104 16) 
4 1086 1107 (576 -912 0) (576 -1088 0) (576 -1088 8) (576 -912 8) 
4 1086 1087 (576 -1104 0) (576 -912 0) (1280 -912 0) (1280 -1104 0) 
4 1087 1338 (576 -1104 -0) (576 -1104 -1136) (1280 -1104 -1136) (1280 -1104 -0) 
4 1087 1249 (576 -528 -528) (576 -528 -1136) (576 -1104 -1136) (576 -1104 -528) 
4 1087 1108 (576 -1088 -528) (576 -1104 -528) (576 -1104 -304) (576 -1088 -304) 
4 1087 1107 (576 -528 -0) (576 -528 -528) (576 -1088 -528) (576 -1088 0) 
4 1088 1348 (576 -1104 -1136) (576 -1104 -1144) (1280 -1104 -1144) (1280 -1104 -1136) 
4 1088 1251 (576 -528 -1136) (576 -528 -1144) (576 -1104 -1144) (576 -1104 -1136) 
4 1089 1419 (-472 -1104 1159.2138976801866) (-472 -1104 1151.2138976801866) (392 -1104 1151.2138976801866) (392 -1104 1159.2138976801866) 
4 1089 1325 (392 -1104 1151.2138976801866) (576 -1104 1151.2138976801866) (576 -1104 1159.2138976801866) (392 -1104 1159.2138976801866) 
4 1089 1252 (-472 -528 1159.2138976801866) (-472 -528 1151.2138976801866) (-472 -1104 1151.2138976801866) (-472 -1104 1159.2138976801866) 
4 1090 1334 (392 -1104 240) (576 -1104 240) (576 -1104 1151.2138976801866) (392 -1104 1151.2138976801866) 
4 1090 1093 (392 -528 240) (576 -528 240) (576 -1104 240) (392 -1104 240) 
4 1090 1091 (392 -1104 272) (392 -1104 1151.2138976801866) (392 -528 1151.2138976801866) (392 -528 272) 
4 1091 1420 (392 -1104 272) (392 -1104 1151.2138976801866) (328 -1104 1151.2138976801866) (328 -1104 272) 
4 1091 1092 (328 -1104 272) (328 -1104 1151.2138976801866) (328 -528 1151.2138976801866) (328 -528 272) 
4 1092 1421 (-472 -1104 1151.2138976801866) (-472 -1104 240) (328 -1104 240) (328 -1104 1151.2138976801866) 
4 1092 1253 (-472 -528 1151.2138976801866) (-472 -528 240) (-472 -1104 240) (-472 -1104 1151.2138976801866) 
4 1092 1220 (-472 -1104 240) (-472 -528 240) (112 -528 240) (112 -1104 240) 
3 1092 1218 (152 -1104 240) (112 -1104 240) (112 -1064 240) 
3 1092 1216 (168 -552 240) (112 -608 240) (112 -552 240) 
4 1092 1215 (112 -528 240) (192 -528 240) (168 -552 240) (112 -552 240) 
5 1092 1203 (232 -1104 240) (152 -1104 240) (112 -1064 240) (112 -1032 240) (160 -1032 240) 
4 1092 1202 (112 -1032 240) (112 -1008 240) (136 -1008 240) (160 -1032 240) 
3 1092 1201 (112 -1008 240) (112 -984 240) (136 -1008 240) 
4 1092 1200 (328 -1080 240) (328 -1104 240) (232 -1104 240) (208 -1080 240) 
4 1092 1190 (328 -1032 240) (328 -1080 240) (208 -1080 240) (160 -1032 240) 
5 1092 1184 (328 -896 240) (328 -1032 240) (160 -1032 240) (112 -984 240) (112 -896 240) 
4 1092 1168 (328 -848 240) (328 -896 240) (112 -896 240) (112 -848 240) 
4 1092 1164 (328 -840 240) (328 -848 240) (112 -848 240) (112 -840 240) 
4 1092 1163 (328 -816 240) (328 -840 240) (112 -840 240) (112 -816 240) 
4 1092 1162 (328 -744 240) (328 -816 240) (112 -816 240) (112 -744 240) 
4 1092 1161 (328 -720 240) (328 -744 240) (112 -744 240) (112 -720 240) 
3 1092 1158 (152 -720 240) (112 -720 240) (112 -680 240) 
5 1092 1129 (328 -656 240) (328 -720 240) (152 -720 240) (112 -680 240) (112 -656 240) 
5 1092 1122 (192 -528 240) (328 -528 240) (328 -656 240) (112 -656 240) (112 -608 240) 
4 1093 1422 (392 -1104 240) (384 -1104 240) (384 -1104 216) (392 -1104 216) 
4 1093 1334 (576 -1104 216) (576 -1104 240) (392 -1104 240) (392 -1104 216) 
4 1093 1200 (384 -1104 216) (384 -1104 240) (384 -1080 240) (384 -1080 216) 
4 1093 1187 (384 -1040 240) (384 -1032 240) (384 -1032 216) (384 -1040 216) 
4 1093 1184 (384 -1032 240) (384 -896 240) (384 -896 216) (384 -1032 216) 
4 1093 1165 (384 -856 240) (384 -848 240) (384 -848 216) (384 -856 216) 
4 1093 1164 (384 -848 240) (384 -840 240) (384 -840 216) (384 -848 216) 
4 1093 1163 (384 -840 240) (384 -816 240) (384 -816 216) (384 -840 216) 
4 1093 1162 (384 -816 240) (384 -744 240) (384 -744 216) (384 -816 216) 
4 1093 1161 (384 -744 240) (384 -720 240) (384 -720 216) (384 -744 216) 
4 1093 1160 (384 -896 240) (384 -888.0000000000001 240) (384 -888.0000000000001 216) (384 -896 216) 
4 1093 1125 (384 -664.0000000000001 240) (384 -656 240) (384 -656 216) (384 -664.0000000000001 216) 
4 1093 1122 (384 -656 240) (384 -528 240) (384 -528 216) (384 -656 216) 
4 1093 1121 (384 -720 240) (384 -696 240) (384 -696 216) (384 -720 216) 
4 1093 1120 (384 -1080 240) (384 -1072 240) (384 -1072 216) (384 -1080 216) 
4 1093 1101 (384 -1104 216) (384 -1088 216) (447.9999999999999 -1088 216) (440 -1104 216) 
4 1093 1100 (472 -1088 216) (576 -1088 216) (576 -1104 216) (480 -1104 216) 
4 1093 1099 (384 -1088 216) (384 -1032 216) (576 -1032 216) (576 -1088 216) 
4 1093 1098 (384 -1008 216) (384 -936 216) (576 -936 216) (576 -1008 216) 
4 1093 1097 (384 -912 216) (384 -840 216) (576 -840 216) (576 -912 216) 
4 1093 1096 (384 -816 216) (384 -744 216) (576 -744 216) (576 -816 216) 
4 1093 1095 (384 -720 216) (384 -648 216) (576 -648 216) (576 -720 216) 
4 1093 1094 (384 -624 216) (384 -552 216) (576 -552 216) (576 -624 216) 
4 1094 1123 (384 -624 216) (384 -552 216) (384 -552 192) (384 -624 192) 
4 1094 1104 (384 -624 192) (384 -552 192) (488 -552 192) (488 -624 192) 
4 1095 1125 (384 -664.0000000000001 216) (384 -656 216) (384 -656 192) (384 -664.0000000000001 192) 
4 1095 1124 (384 -656 216) (384 -648 216) (384 -648 192) (384 -656 192) 
4 1095 1121 (384 -720 216) (384 -696 216) (384 -696 192) (384 -720 192) 
4 1095 1104 (384 -720 192) (384 -648 192) (488 -648 192) (488 -720 192) 
4 1096 1162 (384 -816 216) (384 -744 216) (384 -744 192) (384 -816 192) 
4 1096 1104 (384 -816 192) (384 -744 192) (488 -744 192) (488 -816 192) 
4 1097 1185 (384 -912 216) (384 -896 216) (384 -896 192) (384 -912 192) 
4 1097 1165 (384 -856 216) (384 -848 216) (384 -848 192) (384 -856 192) 
4 1097 1164 (384 -848 216) (384 -840 216) (384 -840 192) (384 -848 192) 
4 1097 1160 (384 -896 216) (384 -888.0000000000001 216) (384 -888.0000000000001 192) (384 -896 192) 
4 1097 1104 (384 -912 192) (384 -840 192) (488 -840 192) (488 -912 192) 
4 1098 1186 (384 -1008 216) (384 -936 216) (384 -936 192) (384 -1008 192) 
4 1098 1104 (384 -1008 192) (384 -936 192) (488 -936 192) (488 -1008 192) 
4 1099 1200 (384 -1088 216) (384 -1080 216) (384 -1080 192) (384 -1088 192) 
4 1099 1187 (384 -1040 216) (384 -1032 216) (384 -1032 192) (384 -1040 192) 
4 1099 1120 (384 -1080 216) (384 -1072 216) (384 -1072 192) (384 -1080 192) 
4 1099 1104 (384 -1088 192) (384 -1032 192) (488 -1032 192) (488 -1088 192) 
4 1099 1101 (384 -1088 192) (447.9999999999999 -1088 192) (447.9999999999999 -1088 216) (384 -1088 216) 
4 1099 1100 (472 -1088 192) (576 -1088 192) (576 -1088 216) (472 -1088 216) 
4 1100 1105 (472 -1088 192) (488 -1088 192) (488 -1104 192) (480 -1104 192) 
4 1101 1200 (384 -1104 192) (384 -1104 216) (384 -1088 216) (384 -1088 192) 
4 1101 1106 (384 -1104 192) (384 -1088 192) (447.9999999999999 -1088 192) (440 -1104 192) 
3 1102 1349 (488 -1104 184.00000000000009) (488 -1104 176) (496.00000000000006 -1104 176) 
4 1102 1105 (488 -1104 176) (488 -1104 184.00000000000009) (488 -1088 184.00000000000009) (488 -1088 176) 
4 1102 1104 (488 -1088 184.00000000000009) (488 -528 184.00000000000009) (488 -528 176) (488 -1088 176) 
4 1102 1103 (488 -1104 176) (488 -528 176) (496.00000000000006 -528 176) (496.00000000000006 -1104 176) 
4 1103 1350 (536 -1104 176) (488 -1104 176) (488 -1104 24) (536 -1104 24) 
4 1103 1105 (488 -1088 24) (488 -1104 24) (488 -1104 176) (488 -1088 176) 
4 1103 1104 (488 -528 24) (488 -1088 24) (488 -1088 176) (488 -528 176) 
4 1104 1200 (384 -1088 192) (384 -1080 192) (384 -1080 24) (384 -1088 24) 
4 1104 1192 (384 -1040 192) (384 -1032 192) (384 -1032 24) (384 -1040 24) 
4 1104 1191 (384 -1032 192) (384 -896 192) (384 -896 24) (384 -1032 24) 
4 1104 1170 (384 -856 192) (384 -848 192) (384 -848 24) (384 -856 24) 
4 1104 1169 (384 -848 192) (384 -720 192) (384 -720 24) (384 -848 24) 
4 1104 1160 (384 -896 192) (384 -888.0000000000001 192) (384 -888.0000000000001 24) (384 -896 24) 
4 1104 1143 (384 -664.0000000000001 192) (384 -656 192) (384 -656 24) (384 -664.0000000000001 24) 
4 1104 1131 (384 -656 192) (384 -552 192) (384 -552 24) (384 -656 24) 
4 1104 1130 (384 -552 192) (384 -528 192) (384 -528 24) (384 -552 24) 
4 1104 1121 (384 -720 192) (384 -696 192) (384 -696 24) (384 -720 24) 
4 1104 1120 (384 -1080 192) (384 -1072 192) (384 -1072 24) (384 -1080 24) 
4 1104 1115 (384 -1088 24) (384 -576 24) (392 -576 24) (392 -1088 24) 
4 1104 1113 (392 -576 24) (472 -576 24) (472 -1088 24) (392 -1088 24) 
4 1104 1111 (384 -576 24) (384 -552 24) (472 -552 24) (472 -576 24) 
4 1104 1106 (384 -1088 24) (447.99999999999994 -1088 24) (447.99999999999994 -1088 192) (384 -1088 192) 
4 1104 1105 (472 -1088 24) (488 -1088 24) (488 -1088 192) (472 -1088 192) 
4 1106 1385 (392 -1104 184) (392 -1104 24) (440 -1104 24) (440 -1104 184) 
4 1106 1200 (384 -1104 24) (384 -1104 192) (384 -1088 192) (384 -1088 24) 
4 1106 1119 (384 -1104 24) (384 -1096 24) (392 -1096 24) (392 -1104 24) 
4 1106 1115 (384 -1096 24) (384 -1088 24) (392 -1088 24) (392 -1096 24) 
4 1106 1114 (392 -1088 24) (447.99999999999994 -1088 24) (440 -1104 24) (392 -1104 24) 
4 1107 1249 (488 -528 -528) (576 -528 -528) (576 -1088 -528) (488 -1088 -528) 
4 1107 1109 (488 -528 -304) (488 -528 -528) (488 -1088 -528) (488 -1088 -304) 
4 1107 1108 (488 -1088 -304) (488 -1088 -528) (576 -1088 -528) (576 -1088 -304) 
4 1108 1374 (488 -1104 -528) (536 -1104 -528) (536 -1104 -320) (488 -1104 -320) 
4 1108 1339 (536 -1104 -528) (576 -1104 -528) (576 -1104 -320) (536 -1104 -320) 
4 1108 1249 (576 -1088 -528) (576 -1104 -528) (488 -1104 -528) (488 -1088 -528) 
4 1108 1109 (488 -1088 -304) (488 -1088 -528) (488 -1104 -528) (488 -1104 -304) 
4 1109 1380 (472 -1104 -528) (488 -1104 -528) (488 -1104 -320) (472 -1104 -320) 
4 1109 1249 (480 -528 -528) (488 -528 -528) (488 -1104 -528) (480 -1104 -528) 
4 1110 1132 (384 -528 -0) (384 -528 -48) (384 -552 -48) (384 -552 -0) 
4 1110 1112 (384 -552 -48) (384 -528 -48) (472 -528 -48) (472 -552 -48) 
4 1110 1111 (384 -552 -48) (472 -552 -48) (472 -552 -0) (384 -552 -0) 
4 1111 1132 (384 -552 -0) (384 -552 -48) (384 -576 -48) (384 -576 -0) 
4 1111 1131 (384 -576 24) (384 -552 24) (384 -552 -0) (384 -576 -0) 
4 1111 1115 (392 -576 24) (384 -576 24) (384 -576 -48) (392 -576 -48) 
4 1111 1113 (472 -576 -48) (472 -576 24) (392 -576 24) (392 -576 -48) 
5 1111 1112 (472 -576 -48) (392 -576 -48) (384 -568 -48) (384 -552 -48) (472 -552 -48) 
4 1112 1138 (384 -528 -128) (384 -528 -144) (384 -568 -144) (384 -568 -128) 
4 1112 1137 (384 -528 -120) (384 -528 -128) (384 -568 -128) (384 -568 -120) 
4 1112 1136 (384 -528 -80) (384 -528 -120) (384 -568 -120) (384 -568 -80) 
4 1112 1135 (384 -528 -72) (384 -528 -80) (384 -568 -80) (384 -568 -72) 
4 1112 1134 (384 -528 -56) (384 -528 -72) (384 -568 -72) (384 -568 -56) 
4 1112 1133 (384 -528 -48) (384 -528 -56) (384 -568 -56) (384 -568 -48) 
4 1112 1113 (392 -576 -144) (472 -576 -144) (472 -576 -48) (392 -576 -48) 
4 1113 1118 (392 -576 -128) (392 -576 -144) (392 -1088 -144) (392 -1088 -128) 
4 1113 1117 (392 -576 -80) (392 -576 -120) (392 -1088 -120) (392 -1088 -80) 
4 1113 1116 (392 -576 -56) (392 -576 -72) (392 -1088 -72) (392 -1088 -56) 
4 1113 1115 (392 -576 24) (392 -576 -48) (392 -1088 -48) (392 -1088 24) 
4 1113 1114 (392 -1088 24) (392 -1088 -144) (447.99999999999994 -1088 -144) (447.99999999999994 -1088 24) 
4 1114 1401 (392 -1104 -128) (392 -1104 -136) (440 -1104 -136) (440 -1104 -128) 
4 1114 1399 (392 -1104 -120) (392 -1104 -128) (440 -1104 -128) (440 -1104 -120) 
4 1114 1397 (392 -1104 -112) (392 -1104 -120) (440 -1104 -120) (440 -1104 -112) 
4 1114 1395 (392 -1104 -104) (392 -1104 -112) (440 -1104 -112) (440 -1104 -104) 
4 1114 1393 (392 -1104 -96) (392 -1104 -104) (440 -1104 -104) (440 -1104 -96) 
4 1114 1391 (392 -1104 -88) (392 -1104 -96) (440 -1104 -96) (440 -1104 -88) 
4 1114 1389 (392 -1104 -80) (392 -1104 -88) (440 -1104 -88) (440 -1104 -80) 
4 1114 1387 (392 -1104 -72) (392 -1104 -80) (440 -1104 -80) (440 -1104 -72) 
4 1114 1386 (392 -1104 -64) (392 -1104 -72) (440 -1104 -72) (440 -1104 -64) 
4 1114 1385 (440 -1104 24) (392 -1104 24) (392 -1104 -64) (440 -1104 -64) 
4 1114 1119 (392 -1104 -48) (392 -1104 24) (392 -1096 24) (392 -1096 -48) 
4 1114 1118 (392 -1088 -144) (392 -1096 -144) (392 -1096 -128) (392 -1088 -128) 
4 1114 1117 (392 -1096 -120) (392 -1096 -80) (392 -1088 -80) (392 -1088 -120) 
4 1114 1116 (392 -1096 -72) (392 -1096 -56) (392 -1088 -56) (392 -1088 -72) 
4 1114 1115 (392 -1096 -48) (392 -1096 24) (392 -1088 24) (392 -1088 -48) 
4 1115 1200 (384 -1096 24) (384 -1080 24) (384 -1080 -48) (384 -1096 -48) 
4 1115 1192 (384 -1040 24) (384 -1032 24) (384 -1032 -48) (384 -1040 -48) 
4 1115 1191 (384 -1032 24) (384 -896 24) (384 -896 -48) (384 -1032 -48) 
4 1115 1170 (384 -856 24) (384 -848 24) (384 -848 -48) (384 -856 -48) 
4 1115 1169 (384 -848 24) (384 -720 24) (384 -720 -48) (384 -848 -48) 
4 1115 1160 (384 -896 24) (384 -888.0000000000001 24) (384 -888.0000000000001 -48) (384 -896 -48) 
4 1115 1143 (384 -664.0000000000001 24) (384 -656 24) (384 -656 -48) (384 -664.0000000000001 -48) 
4 1115 1139 (384 -576 -0) (384 -576 -48) (384 -656 -48) (384 -656 -0) 
4 1115 1131 (384 -656 24) (384 -576 24) (384 -576 -0) (384 -656 -0) 
4 1115 1121 (384 -720 24) (384 -696 24) (384 -696 -48) (384 -720 -48) 
4 1115 1120 (384 -1080 24) (384 -1072 24) (384 -1072 -48) (384 -1080 -48) 
4 1115 1119 (392 -1096 -48) (392 -1096 24) (384 -1096 24) (384 -1096 -48) 
4 1116 1200 (384 -1080 -72) (384 -1096 -72) (384 -1096 -56) (384 -1080 -56) 
4 1116 1192 (384 -1032 -72) (384 -1040 -72) (384 -1040 -56) (384 -1032 -56) 
4 1116 1191 (384 -896 -72) (384 -1032 -72) (384 -1032 -56) (384 -896 -56) 
4 1116 1170 (384 -848 -72) (384 -856 -72) (384 -856 -56) (384 -848 -56) 
4 1116 1169 (384 -720 -72) (384 -848 -72) (384 -848 -56) (384 -720 -56) 
4 1116 1160 (384 -888.0000000000001 -72) (384 -896 -72) (384 -896 -56) (384 -888.0000000000001 -56) 
4 1116 1143 (384 -656 -72) (384 -664.0000000000001 -72) (384 -664.0000000000001 -56) (384 -656 -56) 
4 1116 1139 (384 -576 -56) (384 -576 -72) (384 -656 -72) (384 -656 -56) 
4 1116 1121 (384 -696 -72) (384 -720 -72) (384 -720 -56) (384 -696 -56) 
4 1116 1120 (384 -1072 -72) (384 -1080 -72) (384 -1080 -56) (384 -1072 -56) 
4 1117 1200 (384 -1080 -120) (384 -1096 -120) (384 -1096 -80) (384 -1080 -80) 
4 1117 1192 (384 -1032 -120) (384 -1040 -120) (384 -1040 -80) (384 -1032 -80) 
4 1117 1191 (384 -896 -120) (384 -1032 -120) (384 -1032 -80) (384 -896 -80) 
4 1117 1170 (384 -848 -120) (384 -856 -120) (384 -856 -80) (384 -848 -80) 
4 1117 1169 (384 -720 -120) (384 -848 -120) (384 -848 -80) (384 -720 -80) 
4 1117 1160 (384 -888.0000000000001 -120) (384 -896 -120) (384 -896 -80) (384 -888.0000000000001 -80) 
4 1117 1143 (384 -656 -120) (384 -664.0000000000001 -120) (384 -664.0000000000001 -80) (384 -656 -80) 
4 1117 1139 (384 -576 -80) (384 -576 -120) (384 -656 -120) (384 -656 -80) 
4 1117 1121 (384 -696 -120) (384 -720 -120) (384 -720 -80) (384 -696 -80) 
4 1117 1120 (384 -1072 -120) (384 -1080 -120) (384 -1080 -80) (384 -1072 -80) 
4 1118 1200 (384 -1080 -144) (384 -1096 -144) (384 -1096 -128) (384 -1080 -128) 
4 1118 1192 (384 -1032 -144) (384 -1040 -144) (384 -1040 -128) (384 -1032 -128) 
4 1118 1191 (384 -896 -144) (384 -1032 -144) (384 -1032 -128) (384 -896 -128) 
4 1118 1170 (384 -848 -144) (384 -856 -144) (384 -856 -128) (384 -848 -128) 
4 1118 1169 (384 -720 -144) (384 -848 -144) (384 -848 -128) (384 -720 -128) 
4 1118 1160 (384 -888.0000000000001 -144) (384 -896 -144) (384 -896 -128) (384 -888.0000000000001 -128) 
4 1118 1143 (384 -656 -144) (384 -664.0000000000001 -144) (384 -664.0000000000001 -128) (384 -656 -128) 
4 1118 1139 (384 -576 -128) (384 -576 -144) (384 -656 -144) (384 -656 -128) 
4 1118 1121 (384 -696 -144) (384 -720 -144) (384 -720 -128) (384 -696 -128) 
4 1118 1120 (384 -1072 -144) (384 -1080 -144) (384 -1080 -128) (384 -1072 -128) 
4 1119 1200 (384 -1104 -48) (384 -1104 24) (384 -1096 24) (384 -1096 -48) 
4 1120 1200 (375.99999999999994 -1080 -528) (384 -1080 -528) (384 -1080 240) (375.99999999999994 -1080 240) 
4 1121 1169 (360 -720 -528) (384 -720 -528) (384 -720 192) (359.99999999999994 -720 192) 
4 1121 1161 (384 -720 216) (384 -720 240) (359.99999999999994 -720 240) (359.99999999999994 -720 216) 
4 1121 1146 (376.00000000000045 -704 -528) (360.0000000000005 -720 -528) (360.00000000000045 -720 192) (376.00000000000045 -704 192) 
4 1121 1128 (376.00000000000045 -704 192) (360.00000000000045 -720 192) (360.00000000000045 -720 240) (376.00000000000045 -704 240) 
4 1122 1220 (112 -656 240) (112 -608 240) (112 -608 216) (112 -656 216) 
4 1122 1216 (112 -608 216) (112 -608 240) (168 -552 240) (168 -552 216) 
4 1122 1215 (168 -552 240) (192 -528 240) (192 -528 216) (168 -552 216) 
4 1122 1129 (112 -656 240) (112 -656 216) (336 -656 216) (336 -656 240) 
4 1122 1127 (336 -656 216) (343.99999999999994 -656 216) (343.9999999999999 -656 240) (336 -656 240) 
4 1122 1125 (375.99999999999994 -656 216) (384 -656 216) (384 -656 240) (375.99999999999994 -656 240) 
4 1122 1124 (384 -656 216) (112 -656 216) (112 -648 216) (384 -648 216) 
5 1122 1123 (112 -624 216) (112 -608 216) (168 -552 216) (384 -552 216) (384 -624 216) 
4 1123 1221 (112 -608 216) (112 -608 192) (112 -624 192) (112 -624 216) 
4 1123 1216 (112 -608 192) (112 -608 216) (168 -552 216) (168 -552 192) 
4 1123 1148 (192 -552 192) (208 -552 192) (208 -624 192) (192 -624 192) 
4 1123 1131 (208 -552 192) (384 -552 192) (384 -624 192) (208 -624 192) 
4 1124 1222 (112 -648 192) (112 -656 192) (112 -656 216) (112 -648 216) 
4 1124 1148 (192 -648 192) (208 -648 192) (208 -656 192) (192 -656 192) 
4 1124 1131 (208 -648 192) (384 -648 192) (384 -656 192) (208 -656 192) 
4 1124 1129 (112 -656 216) (112 -656 192) (336 -656 192) (336 -656 216) 
4 1124 1127 (336 -656 192) (343.99999999999994 -656 192) (343.9999999999999 -656 216) (336 -656 216) 
4 1124 1125 (375.99999999999994 -656 192) (384 -656 192) (384 -656 216) (375.99999999999994 -656 216) 
3 1125 1143 (375.99999999999994 -656 192) (384 -656 192) (384 -664.0000000000001 192) 
3 1126 1144 (344 -704 192) (336 -704 192) (336 -696 192) 
4 1126 1129 (336 -696 192) (336 -704 192) (336 -704 240) (336 -696 240) 
4 1126 1128 (336 -704 240) (336 -704 192) (344 -704 192) (344 -704 240) 
3 1127 1145 (336 -663.9999999999999 192) (336 -656 192) (343.99999999999994 -656 192) 
4 1127 1129 (336 -656 240) (336 -656 192) (336 -663.9999999999999 192) (336 -663.9999999999999 240) 
4 1128 1161 (359.99999999999994 -720 216) (359.99999999999994 -720 240) (336 -720 240) (336 -720 216) 
4 1128 1146 (375.99999999999727 -704 192) (359.99999999999727 -720 192) (336 -720 192) (336 -704 192) 
4 1128 1129 (336 -704 192) (336 -720 192) (336 -720 240) (336 -704 240) 
4 1129 1222 (112 -680 192) (112 -680 216) (112 -656 216) (112 -656 192) 
4 1129 1220 (112 -680 216) (112 -680 240) (112 -656 240) (112 -656 216) 
4 1129 1161 (336 -720 240) (152 -720 240) (152 -720 216) (336 -720 216) 
4 1129 1158 (112 -680 240) (112 -680 192) (152 -720 192) (152 -720 240) 
4 1129 1148 (208 -720 192) (192 -720 192) (192 -656 192) (208 -656 192) 
4 1129 1147 (336 -720 192) (208 -720 192) (208 -656 192) (336 -656 192) 
4 1130 1149 (208 -528 176) (208 -528 24) (208 -552 24) (208 -552 176) 
4 1130 1148 (208 -552 192) (208 -528 192) (208 -528 176) (208 -552 176) 
4 1130 1131 (208 -552 192) (208 -552 24) (384 -552 24) (384 -552 192) 
4 1131 1149 (208 -552 176) (208 -552 24) (208 -656 24) (208 -656 176) 
4 1131 1148 (208 -656 192) (208 -552 192) (208 -552 176) (208 -656 176) 
4 1131 1147 (208 -656 192) (208 -656 -0) (336 -656 0) (336 -656 192) 
4 1131 1145 (336 -656 0) (343.99999999999994 -656 0) (343.9999999999999 -656 192) (336 -656 192) 
4 1131 1143 (375.99999999999994 -656 0) (384 -656 -0) (384 -656 192) (375.99999999999994 -656 192) 
4 1131 1142 (264 -656 0) (208 -656 0) (208 -552 0) (264 -552 0) 
4 1131 1141 (288 -656 0) (264 -656 0) (264 -552 0) (288 -552 0) 
5 1131 1139 (384 -656 0) (288 -656 0) (288 -552 0) (355.99999999999994 -552 0) (384 -576 0) 
3 1131 1132 (355.99999999999994 -552 0) (384 -552 0) (384 -576 0) 
4 1132 1139 (384 -576.0000000000002 -48) (384 -576.0000000000002 0) (327.9999999999998 -528 0) (327.9999999999998 -528 -48) 
3 1132 1133 (337.3333333333333 -528 -48) (384 -528 -48) (384 -568 -48) 
3 1133 1134 (337.3333333333333 -528 -56) (384 -528 -56) (384 -568 -56) 
4 1134 1139 (384 -576.0000000000002 -72) (384 -576.0000000000002 -56) (327.9999999999998 -528 -56) (327.9999999999998 -528 -72) 
3 1134 1135 (337.3333333333333 -528 -72) (384 -528 -72) (384 -568 -72) 
3 1135 1136 (337.3333333333333 -528 -80) (384 -528 -80) (384 -568 -80) 
4 1136 1139 (384 -576.0000000000002 -120) (384 -576.0000000000002 -80) (327.9999999999998 -528 -80) (327.9999999999998 -528 -120) 
3 1136 1137 (337.3333333333333 -528 -120) (384 -528 -120) (384 -568 -120) 
3 1137 1138 (337.3333333333333 -528 -128) (384 -528 -128) (384 -568 -128) 
4 1138 1139 (384 -576.0000000000002 -144) (384 -576.0000000000002 -128) (327.9999999999998 -528 -128) (327.9999999999998 -528 -144) 
4 1139 1147 (336 -656 0) (288 -656 0) (288 -656 -144) (336 -656 -144) 
4 1139 1145 (343.9999999999999 -656 0) (336 -656 0) (336 -656 -144) (343.99999999999994 -656 -144) 
4 1139 1143 (384 -656 -144) (384 -656 -0) (375.99999999999994 -656 0) (375.99999999999994 -656 -144) 
4 1139 1141 (288 -656 -144) (288 -656 0) (288 -552 0) (288 -552 -144) 
5 1139 1140 (288 -656 -144) (288 -528 -144) (320 -528 -144) (384 -575.9999999999986 -144) (384 -656 -144) 
4 1140 1147 (288 -656 -528) (336 -656 -528) (336 -656 -144) (288 -656 -144) 
4 1140 1145 (336 -656 -528) (343.99999999999994 -656 -528) (343.9999999999999 -656 -144) (336 -656 -144) 
4 1140 1143 (375.99999999999994 -656 -528) (384 -656 -528) (384 -656 -144) (375.99999999999994 -656 -144) 
4 1140 1141 (288 -552 -528) (288 -656 -528) (288 -656 -144) (288 -552 -144) 
4 1141 1147 (264 -656 -528) (288 -656 -528) (288 -656 0) (264 -656 0) 
4 1141 1142 (264 -552 -528) (264 -656 -528) (264 -656 0) (264 -552 0) 
4 1142 1150 (208 -528 -0) (208 -528 -528) (208 -656 -528) (208 -656 -0) 
4 1142 1147 (208 -656 -0) (208 -656 -528) (264 -656 -528) (264 -656 0) 
4 1144 1147 (336 -696 -528) (336 -704 -528) (336 -704 192) (336 -696 192) 
4 1144 1146 (336 -704 192) (336 -704 -528) (344 -704 -528) (344 -704 192) 
4 1145 1147 (336 -656 192) (336 -656 -528) (336 -663.9999999999999 -528) (336 -663.9999999999999 192) 
4 1146 1169 (336 -720 -528) (360 -720 -528) (359.99999999999994 -720 192) (336 -720 192) 
4 1146 1147 (336 -704 -528) (336 -720 -528) (336 -720 192) (336 -704 192) 
4 1147 1174 (208 -720 -528) (336 -720 -528) (336 -720 176) (208 -720 176) 
4 1147 1173 (336 -720 176) (336 -720 192) (208 -720 192) (208 -720 176) 
4 1147 1150 (208 -720 -528) (208 -720 -0) (208 -656 -0) (208 -656 -528) 
4 1147 1149 (208 -720 24) (208 -720 176) (208 -656 176) (208 -656 24) 
4 1147 1148 (208 -720 176) (208 -720 192) (208 -656 192) (208 -656 176) 
4 1148 1173 (208 -720 176) (208 -720 192) (192 -720 192) (192 -720 176) 
4 1148 1149 (208 -528 176) (208 -720 176) (192 -720 176) (192 -528 176) 
4 1149 1217 (184 -536 24) (184 -536 176) (192 -528 176) (192 -528 24) 
4 1149 1175 (208 -720 24) (208 -720 176) (184 -720 176) (184 -720 24) 
4 1149 1151 (184 -720 24) (184 -720 176) (184 -536 176) (184 -536 24) 
4 1150 1217 (192 -528 -528) (184 -536 -528) (184 -536 -0) (192 -528 -0) 
4 1150 1176 (184 -720 -528) (208 -720 -528) (208 -720 -0) (184 -720 -0) 
4 1150 1151 (184 -720 -528) (184 -720 -0) (184 -536 -0) (184 -535.9999999999999 -528) 
4 1151 1217 (184 -536 -528) (176 -544 -528) (176 -544 176) (184 -536 176) 
4 1151 1177 (176 -720 -528) (184 -720 -528) (184 -720 176) (176 -720 176) 
4 1151 1156 (176 -720 -528) (176 -720 176) (176 -704 176) (176 -704 -528) 
4 1151 1154 (176 -664 176) (176 -656 176) (176 -656 -528) (176 -664 -528) 
4 1151 1153 (176 -704 176) (176 -696.0000000000001 176) (176 -696.0000000000001 -528) (176 -704 -528) 
4 1151 1152 (176 -656 176) (176 -544 176) (176 -544 -528) (176 -656 -528) 
4 1152 1217 (176 -544 -528) (128 -592 -528) (128 -592 176) (176 -544 176) 
4 1152 1157 (128 -656 176) (128 -592 176) (128 -591.9999999999999 -528) (128 -656 -528) 
4 1152 1155 (128 -656 176) (128 -656 -528) (136.00000000000006 -656 -528) (136.00000000000006 -656 176) 
4 1152 1154 (167.99999999999994 -656 -528) (176 -656 -528) (176 -656 176) (167.99999999999994 -656 176) 
4 1153 1156 (176 -704 -528) (176 -704 176) (168.00000000000009 -704 176) (168.00000000000009 -704 -528) 
4 1155 1157 (128 -664.0000000000001 176) (128 -656 176) (128 -656 -528) (128 -664.0000000000001 -528) 
4 1156 1178 (152 -720 -528) (176 -720 -528) (176 -720 176) (152 -720 176) 
4 1156 1159 (136 -704 -528) (152 -720 -528) (152 -720 176) (136 -704 176) 
4 1157 1245 (112 -608 -528) (112 -680 -528) (112 -680 -0) (112 -608 -0) 
4 1157 1242 (112 -680 -0) (112 -680 8) (112 -608 8) (112 -608 -0) 
4 1157 1231 (112 -680 8) (112 -680 136) (112 -608 136) (112 -608 8) 
4 1157 1227 (112 -680 136) (112 -680 176) (112 -608 176) (112 -608 136) 
4 1157 1217 (128 -592 -528) (112 -608 -528) (112 -608 176) (128 -592 176) 
4 1157 1159 (112 -680 176) (112 -680 -528) (128 -696 -528) (128 -696 176) 
4 1158 1222 (112 -720 192) (112 -720 216) (112 -680 216) (112 -680 192) 
4 1158 1220 (112 -720 216) (112 -720 240) (112 -680 240) (112 -680 216) 
4 1158 1161 (112 -720 240) (112 -720 216) (152 -720 216) (152 -720 240) 
4 1159 1245 (112 -680 -528) (112 -720 -528) (112 -720 -0) (112 -680 -0) 
4 1159 1242 (112 -720 -0) (112 -720 8) (112 -680 8) (112 -680 -0) 
4 1159 1231 (112 -720 8) (112 -720 136) (112 -680 136) (112 -680 8) 
4 1159 1227 (112 -720 136) (112 -720 176) (112 -680 176) (112 -680 136) 
4 1159 1183 (112 -720 176) (112 -720 -528) (128 -720 -528) (128 -720 176) 
4 1159 1178 (128 -720 -528) (152 -720 -528) (152 -720 176) (128 -720 176) 
4 1160 1191 (376.0000000000001 -896 -528) (384 -896 -528) (384 -896 192) (376.0000000000001 -896 192) 
4 1160 1185 (384 -896 192) (384 -896 216) (376.0000000000001 -896 216) (376.0000000000001 -896 192) 
4 1160 1184 (384 -896 216) (384 -896 240) (376.0000000000001 -896 240) (376.0000000000001 -896 216) 
4 1161 1220 (112 -744 240) (112 -720 240) (112 -720 216) (112 -744 216) 
4 1161 1162 (112 -744 240) (112 -744 216) (384 -744 216) (384 -744 240) 
4 1162 1223 (112 -744 216) (112 -744 192) (112 -816 192) (112 -816 216) 
4 1162 1220 (112 -816 240) (112 -744 240) (112 -744 216) (112 -816 216) 
4 1162 1173 (192 -744 192) (336 -744 192) (336 -816 192) (192 -816 192) 
4 1162 1169 (336 -744 192) (384 -744 192) (384 -816 192) (336 -816 192) 
4 1162 1163 (112 -816 240) (112 -816 216) (384 -816 216) (384 -816 240) 
4 1163 1220 (112 -840 240) (112 -816 240) (112 -816 216) (112 -840 216) 
4 1163 1164 (112 -840 240) (112 -840 216) (384 -840 216) (384 -840 240) 
4 1164 1224 (112 -840 216) (112 -840 192) (112 -848 192) (112 -848 216) 
4 1164 1220 (112 -848 240) (112 -840 240) (112 -840 216) (112 -848 216) 
4 1164 1173 (192 -840 192) (336 -840 192) (336 -848 192) (192 -848 192) 
4 1164 1169 (336 -840 192) (384 -840 192) (384 -848 192) (336 -848 192) 
4 1164 1168 (112 -848 240) (112 -848 192) (336 -848 192) (336 -848 240) 
4 1164 1167 (336 -848 192) (344.00000000000006 -848 192) (344.00000000000006 -848 240) (336 -848 240) 
4 1164 1165 (375.99999999999994 -848 192) (384 -848 192) (384 -848 240) (375.99999999999994 -848 240) 
3 1165 1170 (375.99999999999994 -848 192) (384 -848 192) (384 -856.0000000000001 192) 
4 1166 1185 (336 -896 192) (343.9999999999999 -896 192) (343.9999999999999 -896 216) (336 -896 216) 
4 1166 1184 (343.9999999999999 -896 216) (343.9999999999999 -896 240) (336 -896 240) (336 -896 216) 
3 1166 1171 (343.9999999999999 -896 192) (336 -896 192) (336 -888.0000000000001 192) 
4 1166 1168 (336 -888.0000000000001 192) (336 -896 192) (336 -896 240) (336 -888.0000000000001 240) 
3 1167 1172 (336 -856.0000000000001 192) (336 -848 192) (344.00000000000006 -848 192) 
4 1167 1168 (336 -848 240) (336 -848 192) (336 -856.0000000000001 192) (336 -856.0000000000001 240) 
4 1168 1224 (112 -896 192) (112 -896 216) (112 -848 216) (112 -848 192) 
4 1168 1220 (112 -896 216) (112 -896 240) (112 -848 240) (112 -848 216) 
4 1168 1185 (112 -896 216) (112 -896 192) (336 -896 192) (336 -896 216) 
4 1168 1184 (112 -896 240) (112 -896 216) (336 -896 216) (336 -896 240) 
4 1168 1173 (336 -896 192) (192 -896 192) (192 -848 192) (336 -848 192) 
4 1169 1174 (336 -720 176) (336 -720 -528) (336 -848 -528) (336 -848 176) 
4 1169 1173 (336 -848 192) (336 -720 192) (336 -720 176) (336 -848 176) 
4 1169 1172 (336 -848 192) (336 -848 -528) (344.00000000000006 -848 -528) (344.00000000000006 -848 192) 
4 1169 1170 (375.99999999999994 -848 -528) (384 -848 -528) (384 -848 192) (375.99999999999994 -848 192) 
4 1171 1191 (336 -896 -528) (343.9999999999999 -896 -528) (343.9999999999999 -896 192) (336 -896 192) 
4 1171 1174 (336 -896 -528) (336 -896 176) (336 -888.0000000000001 176) (336 -888.0000000000001 -528) 
4 1171 1173 (336 -896 176) (336 -896 192) (336 -888.0000000000001 192) (336 -888.0000000000001 176) 
4 1172 1174 (336 -848 176) (336 -848 -528) (336 -856.0000000000001 -528) (336 -856.0000000000001 176) 
4 1172 1173 (336 -856.0000000000001 192) (336 -848 192) (336 -848 176) (336 -856.0000000000001 176) 
4 1173 1195 (192 -896 176) (336 -896 176) (336 -896 192) (192 -896 192) 
4 1173 1175 (192 -720 176) (208 -720 176) (208 -896 176) (192 -896 176) 
4 1173 1174 (208 -720 176) (336 -720 176) (336 -896 176) (208 -896 176) 
4 1174 1197 (208 -896 -528) (336 -896 -528) (336 -896 24) (208 -896 24) 
4 1174 1195 (336 -896 24) (336 -896 176) (208 -896 176) (208 -896 24) 
4 1174 1176 (208 -896 -528) (208 -896 -0) (208 -720 -0) (208 -720 -528) 
4 1174 1175 (208 -896 24) (208 -896 176) (208 -720 176) (208 -720 24) 
4 1175 1196 (192 -896 176) (184 -896 176) (184 -896 24) (192 -896 24) 
4 1175 1195 (208 -896 24) (208 -896 176) (192 -896 176) (192 -896 24) 
4 1175 1177 (184 -896 24) (184 -896 176) (184 -720 176) (184 -720 24) 
4 1176 1198 (184 -896 -528) (208 -896 -528) (208 -896 -0) (184 -896 -0) 
4 1176 1177 (184 -896 -528) (184 -896 -0) (184 -720 -0) (184 -720 -528) 
4 1177 1199 (176 -896 -528) (184 -896 -528) (184 -896 24) (176 -896 24) 
4 1177 1196 (184 -896 24) (184 -896 176) (176 -896 176) (176 -896 24) 
4 1177 1180 (176 -856 176) (176 -848 176) (176 -848 -528) (176 -856 -528) 
4 1177 1179 (176 -896 -528) (176 -896 176) (176 -888.0000000000001 176) (176 -888.0000000000001 -528) 
4 1177 1178 (176 -848 176) (176 -720 176) (176 -720 -528) (176 -848 -528) 
4 1178 1183 (128 -848 176) (128 -720 176) (128 -720 -528) (128 -848 -528) 
4 1178 1182 (128 -848 176) (128 -848 -528) (136.00000000000006 -848 -528) (136.00000000000006 -848 176) 
4 1178 1180 (167.99999999999994 -848 -528) (176 -848 -528) (176 -848 176) (167.99999999999994 -848 176) 
4 1179 1199 (168.00000000000009 -896 -528) (176 -896 -528) (176 -896 24) (168.00000000000009 -896 24) 
4 1179 1196 (176 -896 24) (176 -896 176) (168.00000000000009 -896 176) (168.00000000000009 -896 24) 
4 1181 1199 (128 -896 -528) (135.99999999999977 -896 -528) (135.99999999999977 -896 24) (128 -896 24) 
4 1181 1196 (135.99999999999977 -896 24) (135.99999999999977 -896 176) (128 -896 176) (128 -896 24) 
4 1181 1183 (128 -896 -528) (128 -896 176) (128 -888.0000000000002 176) (128 -888.0000000000002 -528) 
4 1182 1183 (128 -856 176) (128 -848 176) (128 -848 -528) (128 -856 -528) 
4 1183 1245 (112 -720 -528) (112 -896 -528) (112 -896 -0) (112 -720 -0) 
4 1183 1242 (112 -896 -0) (112 -896 8) (112 -720 8) (112 -720 -0) 
4 1183 1231 (112 -896 8) (112 -896 136) (112 -720 136) (112 -720 8) 
4 1183 1227 (112 -896 136) (112 -896 176) (112 -720 176) (112 -720 136) 
4 1183 1199 (112 -896 24) (112 -896 -528) (128 -896 -528) (128 -896 24) 
4 1183 1196 (112 -896 176) (112 -896 24) (128 -896 24) (128 -896 176) 
4 1184 1220 (112 -984 216) (112 -984 240) (112 -896 240) (112 -896 216) 
4 1184 1202 (136 -1008 216) (160 -1032 216) (160 -1032 240) (136 -1008 240) 
4 1184 1201 (112 -984 240) (112 -984 216) (136 -1008 216) (136 -1008 240) 
4 1184 1190 (159.9999999999991 -1032 240) (159.9999999999991 -1032 216) (336 -1032 216) (336 -1032 240) 
4 1184 1189 (336 -1032 216) (343.99999999999994 -1032 216) (343.9999999999999 -1032 240) (336 -1032 240) 
4 1184 1187 (376.0000000000001 -1032 216) (384 -1032 216) (384 -1032 240) (376.0000000000001 -1032 240) 
5 1184 1186 (136 -1008 216) (112 -984 216) (112 -936 216) (384 -936 216) (384 -1008 216) 
4 1184 1185 (112 -912 216) (112 -896 216) (384 -896 216) (384 -912 216) 
4 1185 1224 (112 -912 216) (112 -896 216) (112 -896 192) (112 -912 192) 
4 1185 1195 (192 -896 192) (336 -896 192) (336 -912 192) (192 -912 192) 
4 1185 1191 (336 -896 192) (384 -896 192) (384 -912 192) (336 -912 192) 
4 1186 1225 (112 -984 192) (112 -984 216) (112 -936 216) (112 -936 192) 
4 1186 1201 (112 -984 216) (112 -984 192) (136 -1008 192) (136 -1008 216) 
4 1186 1195 (336 -1008 192) (192 -1008 192) (192 -936 192) (336 -936 192) 
4 1186 1191 (384 -936 192) (384 -1008 192) (336 -1008 192) (336 -936 192) 
3 1187 1192 (384 -1032 192) (384 -1040 192) (376.0000000000001 -1032 192) 
4 1188 1200 (336 -1080 192) (343.9999999999999 -1080 192) (343.9999999999999 -1080 240) (336 -1080 240) 
3 1188 1193 (343.9999999999999 -1080 192) (336 -1080 192) (336 -1072 192) 
4 1188 1190 (336 -1072 192) (336 -1080 192) (336 -1080 240) (336 -1072 240) 
3 1189 1194 (336 -1040 192) (336 -1032 192) (343.99999999999994 -1032 192) 
4 1189 1190 (336 -1032 240) (336 -1032 192) (336 -1040 192) (336 -1040 240) 
4 1190 1203 (160 -1032 192) (208 -1080 192) (208 -1080 240) (160 -1032 240) 
4 1190 1200 (207.99999999999952 -1080 240) (207.99999999999952 -1080 192) (336 -1080 192) (336 -1080 240) 
5 1190 1195 (336 -1080 192) (207.99999999999991 -1080 192) (192 -1064 192) (192 -1032 192) (336 -1032 192) 
4 1191 1197 (336 -896 24) (336 -896 -528) (336 -1032 -528) (336 -1032 24) 
4 1191 1195 (336 -1032 192) (336 -896 192) (336 -896 24) (336 -1032 24) 
4 1191 1194 (336 -1032 192) (336 -1032 -528) (343.99999999999994 -1032 -528) (343.9999999999999 -1032 192) 
4 1191 1192 (376.0000000000001 -1032 -528) (384 -1032 -528) (384 -1032 192) (376.0000000000001 -1032 192) 
4 1193 1200 (336 -1080 -528) (343.9999999999999 -1080 -528) (343.9999999999999 -1080 192) (336 -1080 192) 
4 1193 1197 (336 -1080 -528) (336 -1080 24) (336 -1072 24) (336 -1072 -528) 
4 1193 1195 (336 -1080 24) (336 -1080 192) (336 -1072 192) (336 -1072 24) 
4 1194 1197 (336 -1032 24) (336 -1032 -528) (336 -1040 -528) (336 -1040 24) 
4 1194 1195 (336 -1040 192) (336 -1032 192) (336 -1032 24) (336 -1040 24) 
4 1195 1206 (192 -1064 24) (208 -1080 24) (208 -1080 176) (192 -1064 176) 
4 1195 1204 (208 -1080 176) (208 -1080 192) (192 -1064 192) (192 -1064 176) 
4 1195 1200 (207.99999999999952 -1080 192) (207.99999999999952 -1080 24) (336 -1080 24) (336 -1080 192) 
4 1195 1197 (208 -896 24) (336 -896 24) (336 -1080 24) (207.9999999999999 -1080 24) 
4 1195 1196 (192 -896 24) (192 -1064 24) (192 -1064 176) (192 -896 176) 
4 1196 1232 (112 -984 24) (112 -984 112) (112 -936 112) (112 -936 24) 
4 1196 1231 (112 -928 136) (112 -896 136) (112 -896 24) (112 -928 24) 
4 1196 1228 (112 -984 144) (112 -984 176) (112 -928 176) (112 -928 144) 
4 1196 1227 (112 -928 176) (112 -896 176) (112 -896 136) (112 -928 136) 
4 1196 1214 (112 -984 176) (112 -984 24) (120 -992 24) (120 -992 176) 
4 1196 1210 (120 -992 24) (160 -1032 24) (160 -1032 176) (120 -992 176) 
4 1196 1209 (168 -1040 24) (184 -1056 24) (184 -1056 176) (168 -1040 176) 
4 1196 1206 (184 -1056 24) (192 -1064 24) (192 -1064 176) (184 -1056 176) 
4 1196 1199 (112 -896 24) (184 -896 24) (184 -1056 24) (112 -984 24) 
4 1197 1200 (207.99999999999952 -1080 24) (207.99999999999946 -1080 -528) (336 -1080 -528) (336 -1080 24) 
4 1197 1198 (208 -1080 -528) (208 -1080 -0) (208 -896 -0) (208 -896 -528) 
4 1198 1208 (184 -1056 -528) (208 -1080 -528) (208 -1080 -0) (184 -1056 -0) 
4 1198 1199 (184 -1056.0000000000002 -528) (184 -1056.0000000000002 -0) (184 -896 -0) (184 -896 -528) 
4 1199 1245 (112 -896 -528) (112 -984 -528) (112 -984 -0) (112 -896 -0) 
4 1199 1242 (112 -928 8) (112 -896 8) (112 -896 -0) (112 -928 0) 
4 1199 1232 (112 -984 8) (112 -984 24) (112 -936 24) (112 -936 8) 
4 1199 1231 (112 -928 24) (112 -896 24) (112 -896 8) (112 -928 8) 
4 1199 1214 (112 -984 24) (112 -984 -528) (120 -992 -528) (120 -992 24) 
4 1199 1210 (120 -992 -528) (160 -1032 -528) (160 -1032 24) (120 -992 24) 
4 1199 1209 (168 -1040 -528) (184 -1056 -528) (184 -1056 24) (168 -1040 24) 
4 1200 1422 (384 -1104 216) (384 -1104 240) (232 -1104 240) (232 -1104 216) 
4 1200 1207 (208 -1080 -528) (232 -1104 -528) (232 -1104 -0) (208 -1080 -0) 
4 1200 1205 (232 -1104 -0) (232 -1104 176) (208 -1080 176) (208 -1080 -0) 
4 1200 1204 (232 -1104 176) (232 -1104 192) (208 -1080 192) (208 -1080 176) 
4 1200 1203 (232 -1104 192) (232 -1104 240) (208 -1080 240) (208 -1080 192) 
4 1201 1225 (112 -984 216) (112 -984 192) (112 -1008 192) (112 -1008 216) 
4 1201 1220 (112 -1008 240) (112 -984 240) (112 -984 216) (112 -1008 216) 
4 1201 1202 (112 -1008 240) (112 -1008 216) (135.9999999999991 -1008 216) (135.9999999999991 -1008 240) 
4 1202 1220 (112 -1032 240) (112 -1008 240) (112 -1008 216) (112 -1032 216) 
4 1202 1203 (112 -1032 240) (112 -1032 216) (159.9999999999991 -1032 216) (159.9999999999991 -1032 240) 
4 1203 1422 (232 -1104 216) (232 -1104 240) (152 -1104 240) (152 -1104 216) 
4 1203 1226 (112 -1064 192) (112 -1064 216) (112 -1032 216) (112 -1032 192) 
4 1203 1220 (112 -1064 216) (112 -1064 240) (112 -1032 240) (112 -1032 216) 
4 1203 1218 (112 -1064 240) (112 -1064 192) (152 -1104 192) (152 -1104 240) 
3 1203 1204 (192 -1064 192) (232 -1104 192) (192 -1104 192) 
4 1204 1206 (192 -1064 176) (208 -1080 176) (208 -1104 176) (192 -1104 176) 
3 1204 1205 (208 -1080 176) (232 -1104 176) (208 -1104 176) 
3 1205 1207 (208 -1080.000000000001 0) (231.9999999999991 -1104 0) (208 -1104 0) 
4 1205 1206 (208 -1104 24) (208 -1104 176) (208 -1079.999999999999 176) (208 -1079.9999999999998 24) 
4 1206 1209 (184 -1104 176) (184 -1056.000000000001 176) (184 -1056.000000000001 24) (184 -1104 24) 
4 1208 1209 (184 -1056.000000000001 -0) (184 -1056.000000000001 -528) (184 -1080 -528) (184 -1080 0) 
4 1209 1213 (168 -1104 176) (168 -1080 176) (168 -1080 -528) (168 -1104 -528) 
4 1209 1211 (168 -1080 176) (168 -1072 176) (168 -1072 -528) (168 -1080 -528) 
4 1210 1214 (120 -1032 176) (120 -992.0000000000009 176) (120 -992.0000000000008 -528) (120 -1032 -528) 
4 1210 1212 (120 -1032 176) (120 -1032 -528) (128.00000000000006 -1032 -528) (128.00000000000006 -1032 176) 
4 1211 1213 (168 -1080 -528) (168 -1080 176) (160.00000000000009 -1080 176) (160.00000000000009 -1080 -528) 
4 1212 1214 (120 -1040 176) (120 -1032 176) (120 -1032 -528) (120 -1040 -528) 
4 1213 1219 (128 -1080 -528) (152 -1104 -528) (152 -1104 176) (128 -1080 176) 
5 1214 1245 (112 -984 -528) (112 -1064 -528) (112 -1064 -32.000000000000114) (112 -1032 0) (112 -984 -0) 
4 1214 1232 (112 -984 112) (112 -984 8) (112 -1000 8) (112 -1000 112) 
4 1214 1228 (112 -1064 144) (112 -1064 176) (112 -984 176) (112 -984 144) 
4 1214 1219 (112 -1064 176) (112 -1064 -528) (120 -1072 -528) (120 -1072 176) 
4 1215 1220 (112 -552 240) (112 -528 240) (112 -528 216) (112 -552 216) 
4 1215 1216 (112 -552 240) (112 -552 216) (167.9999999999991 -552 216) (167.9999999999991 -552 240) 
4 1216 1221 (112 -608 192) (112 -608 216) (112 -552 216) (112 -552 192) 
4 1216 1220 (112 -608 216) (112 -608 240) (112 -552 240) (112 -552 216) 
4 1217 1245 (112 -528 -528) (112 -608 -528) (112 -608 -0) (112 -528 -0) 
4 1217 1242 (112 -608 -0) (112 -608 8) (112 -528 8) (112 -528 -0) 
4 1217 1231 (112 -608 8) (112 -608 136) (112 -528 136) (112 -528 8) 
4 1217 1227 (112 -608 136) (112 -608 176) (112 -528 176) (112 -528 136) 
4 1218 1422 (152 -1104 216) (152 -1104 240) (112 -1104 240) (112 -1104 216) 
4 1218 1226 (112 -1104 192) (112 -1104 216) (112 -1064 216) (112 -1064 192) 
4 1218 1220 (112 -1104 216) (112 -1104 240) (112 -1064 240) (112 -1064 216) 
4 1219 1245 (112 -1064 -528) (112 -1104 -528) (112 -1104 -72.00000000000011) (112 -1064 -32.00000000000011) 
4 1219 1228 (112 -1104 144) (112 -1104 176) (112 -1064 176) (112 -1064 144) 
4 1220 1422 (-472 -1104 240) (-472 -1104 216) (112 -1104 216) (112 -1104 240) 
4 1220 1254 (-472 -528 232) (-472 -528 223.99999999999997) (-472 -1104 223.99999999999997) (-472 -1104 232) 
4 1220 1253 (-472 -528 240) (-472 -528 232) (-472 -1104 232) (-472 -1104 240) 
4 1220 1226 (-472 -1104 216) (-472 -1032 216) (112 -1032 216) (112 -1104 216) 
4 1220 1225 (-472 -1008 216) (-472 -936 216) (112 -936 216) (112 -1008 216) 
4 1220 1224 (-472 -912 216) (-472 -840 216) (112 -840 216) (112 -912 216) 
4 1220 1223 (-472 -816 216) (-472 -744 216) (112 -744 216) (112 -816 216) 
4 1220 1222 (-472 -720 216) (-472 -648 216) (112 -648 216) (112 -720 216) 
4 1220 1221 (-472 -624 216) (-472 -552 216) (112 -552 216) (112 -624 216) 
4 1221 1230 (-472 -624 192) (-472 -552 192) (-128 -552 192) (-128 -624 192) 
4 1221 1227 (-128 -552 192) (112 -552 192) (112 -624 192) (-128 -624 192) 
4 1222 1230 (-472 -720 192) (-472 -648 192) (-128 -648 192) (-128 -720 192) 
4 1222 1227 (-128 -648 192) (112 -648 192) (112 -720 192) (-128 -720 192) 
4 1223 1230 (-472 -816 192) (-472 -744 192) (-128 -744 192) (-128 -816 192) 
4 1223 1227 (-128 -744 192) (112 -744 192) (112 -816 192) (-128 -816 192) 
4 1224 1230 (-472 -912 192) (-472 -840 192) (-128 -840 192) (-128 -912 192) 
4 1224 1227 (-128 -840 192) (112 -840 192) (112 -912 192) (-128 -912 192) 
4 1225 1230 (-472 -1008 192) (-472 -936 192) (-128 -936 192) (-128 -1008 192) 
4 1225 1228 (-128 -936 192) (112 -936 192) (112 -1008 192) (-128 -1008 192) 
4 1226 1230 (-472 -1104 192) (-472 -1032 192) (-128 -1032 192) (-128 -1104 192) 
4 1226 1228 (-128 -1032 192) (112 -1032 192) (112 -1104 192) (-128 -1104 192) 
4 1227 1236 (-128 -528 136) (48 -528 136) (48 -928 136) (-128 -928 136) 
4 1227 1233 (48 -528 136) (104 -528 136) (104 -928 136) (48 -928 136) 
4 1227 1231 (104 -528 136) (112 -528 136) (112 -928 136) (104 -928 136) 
4 1227 1230 (-128 -528 136) (-128 -928 136) (-128 -928 192) (-128 -528 192) 
4 1227 1229 (-128 -928 144) (-128 -928 136) (-96.00000000000004 -928 136) (-96.00000000000003 -928 144) 
4 1227 1228 (-128 -928 192) (-128 -928 144) (112 -928 144) (112 -928 192) 
4 1228 1230 (-128 -1104 144) (-128 -1104 192) (-128 -928 192) (-128 -928 144) 
3 1228 1229 (-128 -960 144) (-128 -928 144) (-96.00000000000004 -928 144) 
4 1229 1240 (-128 -960 136) (-128 -936 136) (-120 -936 136) (-120 -952 136) 
3 1229 1239 (-120 -936 136) (-104.00000000000003 -936 136) (-120 -952 136) 
4 1229 1237 (-128 -936 136) (-128 -928 136) (-96.00000000000004 -928 136) (-104.00000000000003 -936 136) 
4 1229 1230 (-128 -928 136) (-128 -960 136) (-128 -960 144) (-128 -928 144) 
4 1230 1272 (-472 -968 136) (-472 -1104 136) (-472 -1104 176) (-472 -968 176) 
4 1230 1270 (-472 -960 136) (-472 -968 136) (-472 -968 176) (-472 -960 176) 
4 1230 1267 (-472 -528 176) (-472 -528 136) (-472 -960 136) (-472 -960 176) 
4 1230 1264 (-472 -528 183.99999999999991) (-472 -528 176) (-472 -1104 176) (-472 -1104 183.99999999999991) 
4 1230 1241 (-472 -1104 136) (-472 -928 136) (-128 -928 136) (-128 -1104 136) 
4 1230 1236 (-472 -928 136) (-472 -528 136) (-128 -528 136) (-128 -928 136) 
4 1231 1242 (104 -528 8) (112 -528 8) (112 -928 8) (104 -928 8) 
4 1231 1233 (104 -528 8) (104 -928 8) (104 -928 136) (104 -528 136) 
4 1232 1235 (104 -936 8) (104 -1000 8) (104 -1000 112) (104 -936 112) 
4 1233 1242 (48 -528 8) (104 -528 8) (104 -928 8) (48 -928 8) 
4 1233 1236 (48 -528 8) (48 -928 8) (48 -928 136) (48 -528 136) 
4 1233 1234 (48 -928 96) (48 -928 48) (104 -928 48) (104 -928 96) 
4 1234 1235 (48 -936 96) (48 -936 48) (104 -936 48) (104 -936 96) 
4 1235 1238 (48 -936 8) (48 -1104 8) (48 -1104 136) (48 -936 136) 
4 1236 1267 (-472 -528 136) (-472 -528 8) (-472 -928 8) (-472 -928 136) 
4 1236 1244 (-472 -928 8) (-472 -528 8) (-128 -528 8) (-128 -928 8) 
4 1236 1242 (-128 -528 8) (48 -528 8) (48 -928 8) (-128 -928 8) 
4 1236 1241 (-472 -928 8) (-128 -928 8) (-128 -928 136) (-472 -928 136) 
4 1236 1237 (-128 -928 8) (-96.00000000000006 -928 8) (-96.00000000000006 -928 136) (-128 -928 136) 
4 1237 1243 (-128 -928 8) (-96.00000000000006 -928 8) (-103.99999999999983 -936 8) (-128 -936 8) 
4 1237 1241 (-128 -928 136) (-128 -928 8) (-128 -936 8) (-128 -936 136) 
4 1237 1240 (-128 -936 136) (-128 -936 8) (-120 -936 8) (-120 -936 136) 
4 1237 1239 (-120 -936 8) (-103.99999999999983 -936 8) (-103.99999999999983 -936 136) (-120 -936 136) 
4 1238 1448 (-64 -1104 8) (-24 -1104 8) (-24 -1104 88) (-64 -1104 88) 
3 1239 1243 (-120 -952.0000000000001 8) (-120 -936 8) (-103.99999999999987 -936 8) 
4 1239 1240 (-120 -936 136) (-120 -936 8) (-120 -952.0000000000001 8) (-120 -952.0000000000001 136) 
4 1240 1243 (-128 -960.0000000000002 8) (-128 -936 8) (-120 -936 8) (-120 -952.0000000000001 8) 
4 1240 1241 (-128 -936 8) (-128 -960.0000000000002 8) (-128 -960.0000000000002 136) (-128 -936 136) 
4 1241 1272 (-472 -968 8) (-472 -1104 8) (-472 -1104 136) (-472 -968 136) 
4 1241 1270 (-472 -960 8) (-472 -968 8) (-472 -968 136) (-472 -960 136) 
4 1241 1267 (-472 -928 8) (-472 -960 8) (-472 -960 136) (-472 -928 136) 
4 1241 1244 (-472 -1104 8) (-472 -928 8) (-128 -928 8) (-128 -1104 8) 
4 1242 1245 (-128 -528 0) (112 -528 0) (112 -928 0) (-128 -928 0) 
4 1242 1244 (-128 -528 0) (-128 -928 0) (-128 -928 8) (-128 -528 8) 
4 1242 1243 (-128 -928 8) (-128 -928 -0) (-96.00000000000004 -928 0) (-96.00000000000003 -928 8) 
3 1243 1245 (-128 -960 0) (-128 -928 0) (-96.00000000000004 -928 0) 
4 1243 1244 (-128 -928 0) (-128 -960 0) (-128 -960 8) (-128 -928 8) 
4 1244 1278 (-472 -960 0) (-472 -1104 -0) (-472 -1104 8) (-472 -960 8) 
4 1244 1277 (-472 -528 8) (-472 -528 -0) (-472 -960 0) (-472 -960 8) 
4 1244 1248 (-472 -1104 0) (-472 -1032 0) (-128 -1032 0) (-128 -1104 0) 
4 1244 1245 (-472 -1032 0) (-472 -528 0) (-128 -528 0) (-128 -1032 0) 
4 1245 1293 (-472 -528 -112) (-472 -528 -528) (-472 -1104 -528) (-472 -1104 -112) 
5 1245 1280 (-472 -528 -0) (-472 -528 -112) (-472 -1104 -112) (-472 -1104 -72.00000000000011) (-472 -1032 0) 
4 1245 1248 (-128 -1031.999999999999 0) (-472 -1031.999999999999 0) (-472 -1104 -72.00000000000091) (-128 -1104 -72.00000000000091) 
4 1245 1247 (-24 -1031.999999999999 0) (-120 -1031.999999999999 0) (-120 -1104 -72.00000000000091) (-24 -1104 -72.00000000000091) 
4 1245 1246 (104 -1031.999999999999 0) (-16 -1031.999999999999 0) (-16 -1104 -72.00000000000091) (104 -1104 -72.00000000000091) 
3 1248 1280 (-472 -1104 -72.00000000000011) (-472 -1104 -0) (-472 -1032 0) 
4 1249 1381 (480 -1104 -1136) (488 -1104 -1136) (488 -1104 -528) (480 -1104 -528) 
4 1249 1374 (488 -1104 -1136) (536 -1104 -1136) (536 -1104 -528) (488 -1104 -528) 
4 1249 1339 (536 -1104 -1136) (576 -1104 -1136) (576 -1104 -528) (536 -1104 -528) 
4 1249 1250 (480 -528 -1136) (480 -1104 -1136) (480 -1104 -544) (480 -528 -544) 
4 1250 1489 (-472 -1104 -544) (-472 -1104 -1136) (392 -1104 -1136) (392 -1104 -544) 
4 1250 1406 (392 -1104 -1136) (440 -1104 -1136) (440 -1104 -544) (392 -1104 -544) 
4 1250 1382 (440 -1104 -1136) (480 -1104 -1136) (480 -1104 -544) (440 -1104 -544) 
4 1250 1294 (-472 -528 -544) (-472 -528 -1136) (-472 -1104 -1136) (-472 -1104 -544) 
4 1251 1491 (-472 -1104 -1136) (-472 -1104 -1144) (392 -1104 -1144) (392 -1104 -1136) 
4 1251 1408 (392 -1104 -1144) (440 -1104 -1144) (440 -1104 -1136) (392 -1104 -1136) 
4 1251 1384 (440 -1104 -1144) (488 -1104 -1144) (488 -1104 -1136) (440 -1104 -1136) 
4 1251 1375 (488 -1104 -1144) (536 -1104 -1144) (536 -1104 -1136) (488 -1104 -1136) 
4 1251 1348 (536 -1104 -1144) (576 -1104 -1144) (576 -1104 -1136) (536 -1104 -1136) 
4 1251 1295 (-472 -528 -1136) (-472 -528 -1144) (-472 -1104 -1144) (-472 -1104 -1136) 
4 1252 1419 (-720 -1104 1159.2138976801866) (-720 -1104 1151.2138976801866) (-472 -1104 1151.2138976801866) (-472 -1104 1159.2138976801866) 
4 1252 1256 (-720 -528 1159.2138976801866) (-720 -528 1151.2138976801866) (-720 -1104 1151.2138976801866) (-720 -1104 1159.2138976801866) 
4 1253 1423 (-720 -1104 240) (-720 -1104 232) (-472 -1104 232) (-472 -1104 240) 
4 1253 1421 (-720 -1104 1151.2138976801866) (-720 -1104 240) (-472 -1104 240) (-472 -1104 1151.2138976801866) 
4 1253 1257 (-720 -528 1151.2138976801866) (-720 -528 232) (-720 -1104 232) (-720 -1104 1151.2138976801866) 
4 1253 1255 (-720 -1104 232) (-720 -528 232) (-712.0000000000001 -528 232) (-712.0000000000001 -1104 232) 
4 1253 1254 (-480 -528 232) (-472 -528 232) (-472 -1104 232) (-480 -1104 232) 
3 1254 1424 (-472 -1104 223.99999999999997) (-472 -1104 232) (-480 -1104 232) 
3 1255 1425 (-720 -1104 232) (-720 -1104 224.00000000000009) (-712.0000000000001 -1104 232) 
4 1255 1257 (-720 -528 232) (-720 -528 224.00000000000009) (-720 -1104 224.00000000000009) (-720 -1104 232) 
4 1256 1426 (-928 -1104 1159.2138976801866) (-928 -1104 1151.2138976801866) (-720 -1104 1151.2138976801866) (-720 -1104 1159.2138976801866) 
4 1256 1296 (-928 -528 1159.2138976801866) (-928 -528 1151.2138976801866) (-928 -1104 1151.2138976801866) (-928 -1104 1159.2138976801866) 
4 1257 1430 (-928 -1104 1151.2138976801866) (-928 -1104 216) (-720 -1104 216) (-720 -1104 1151.2138976801866) 
4 1257 1297 (-928 -528 1151.2138976801866) (-928 -528 216) (-928 -1104 216) (-928 -1104 1151.2138976801866) 
4 1257 1263 (-928 -1104 216) (-928 -1032 216) (-720 -1032 216) (-720 -1104 216) 
4 1257 1262 (-928 -1008 216) (-928 -936 216) (-720 -936 216) (-720 -1008 216) 
4 1257 1261 (-928 -912 216) (-928 -840 216) (-720 -840 216) (-720 -912 216) 
4 1257 1260 (-928 -816 216) (-928 -744 216) (-720 -744 216) (-720 -816 216) 
4 1257 1259 (-928 -720 216) (-928 -648 216) (-720 -648 216) (-720 -720 216) 
4 1257 1258 (-928 -624 216) (-928 -552 216) (-720 -552 216) (-720 -624 216) 
4 1258 1298 (-928 -552 192) (-928 -624 192) (-928 -624 216) (-928 -552 216) 
4 1258 1266 (-912 -552 192) (-720 -552 192) (-720 -624 192) (-912 -624 192) 
4 1259 1299 (-928 -648 192) (-928 -720 192) (-928 -720 216) (-928 -648 216) 
4 1259 1266 (-912 -648 192) (-720 -648 192) (-720 -720 192) (-912 -720 192) 
4 1260 1300 (-928 -744 192) (-928 -816 192) (-928 -816 216) (-928 -744 216) 
4 1260 1266 (-912 -744 192) (-720 -744 192) (-720 -816 192) (-912 -816 192) 
4 1261 1301 (-928 -840 192) (-928 -912 192) (-928 -912 216) (-928 -840 216) 
4 1261 1266 (-912 -840 192) (-720 -840 192) (-720 -912 192) (-912 -912 192) 
4 1262 1302 (-928 -936 192) (-928 -1008 192) (-928 -1008 216) (-928 -936 216) 
4 1262 1266 (-912 -936 192) (-720 -936 192) (-720 -1008 192) (-912 -1008 192) 
4 1263 1303 (-928 -1032 192) (-928 -1104 192) (-928 -1104 216) (-928 -1032 216) 
4 1263 1266 (-912 -1032 192) (-720 -1032 192) (-720 -1104 192) (-912 -1104 192) 
4 1264 1272 (-472 -968 176) (-472 -1104 176) (-479.9999999999999 -1104 176) (-479.9999999999999 -968 176) 
4 1264 1270 (-472 -960 176) (-472 -968 176) (-479.9999999999999 -968 176) (-479.9999999999999 -960 176) 
4 1264 1267 (-479.9999999999999 -528 176) (-472 -528 176) (-472 -960 176) (-479.9999999999999 -960 176) 
4 1265 1275 (-712 -968 176) (-712 -1104 176) (-720 -1104 176) (-720 -968 176) 
4 1265 1267 (-720 -528 176) (-712 -528 176) (-712 -960 176) (-720 -960 176) 
4 1265 1266 (-720 -528 176) (-720 -1104 176) (-720 -1104 183.99999999999997) (-720 -528 183.99999999999997) 
4 1266 1276 (-912 -528 176) (-840 -528 176) (-840 -1104 176) (-912 -1104 176) 
4 1266 1275 (-720 -968 176) (-720 -1104 176) (-840 -1104 176) (-840 -968 176) 
4 1266 1271 (-768.0000000000001 -968 176) (-840 -968 176) (-840 -960 176) (-776.0000000000001 -960 176) 
4 1266 1269 (-832 -903.9999999999999 176) (-832 -960 176) (-840 -960 176) (-840 -896.0000000000001 176) 
3 1266 1268 (-776 -960 176) (-832 -960 176) (-832 -903.9999999999999 176) 
5 1266 1267 (-832 -528 176) (-720 -528 176) (-720 -960 176) (-768 -960 176) (-832 -895.9999999999998 176) 
5 1267 1277 (-832 -528 8) (-472 -528 8) (-472 -960 8) (-768 -960 8) (-832 -895.9999999999998 8) 
4 1267 1270 (-671.9999999999997 -960 8) (-472 -960 8) (-472 -960 176) (-671.9999999999998 -960 176) 
4 1268 1271 (-832 -960 8) (-775.9999999999999 -960 8) (-776 -960 176) (-832 -960 176) 
4 1268 1269 (-832 -903.9999999999999 8) (-832 -960 8) (-832 -960 176) (-832 -903.9999999999999 176) 
4 1269 1276 (-840 -896.0000000000001 8) (-840 -960 8) (-840 -960 176) (-840 -896.0000000000001 176) 
4 1269 1271 (-840 -960 176) (-840 -960 8) (-832 -960 8) (-832 -960 176) 
4 1270 1279 (-616 -968 8) (-660.8 -968 8) (-671.9999999999998 -960 8) (-616 -960 8) 
4 1270 1278 (-472 -960 8) (-472 -968 8) (-616 -968 8) (-616 -960 8) 
4 1270 1274 (-660.8 -968 8) (-624 -968 8) (-624 -968 176) (-660.8 -968 176) 
4 1270 1273 (-624 -968 8) (-616 -968 8) (-616 -968 176) (-624 -968 176) 
4 1270 1272 (-616 -968 8) (-472 -968 8) (-472 -968 176) (-616 -968 176) 
4 1271 1276 (-840 -960 8) (-840 -968 8) (-840 -968 176) (-840 -960 176) 
4 1271 1275 (-840 -968 176) (-840 -968 8) (-768.0000000000001 -968 8) (-768.0000000000001 -968 176) 
4 1272 1278 (-472 -968 8) (-472 -1104 8) (-616 -1104 8) (-616 -968 8) 
4 1272 1273 (-616 -968 176) (-616 -968 8) (-616 -999.9999999999999 8) (-616 -999.9999999999999 176) 
4 1273 1279 (-624 -994.2857142857142 8) (-624 -968 8) (-616 -968 8) (-616 -999.9999999999999 8) 
4 1273 1274 (-624 -968 176) (-624 -968 8) (-624 -994.2857142857142 8) (-624 -994.2857142857142 176) 
3 1274 1279 (-660.8 -968 8) (-624 -968 8) (-624 -994.2857142857142 8) 
4 1275 1449 (-720 -1104 8) (-624 -1104 8) (-624 -1104 104) (-720 -1104 104) 
4 1275 1276 (-840 -968 8) (-840 -1104 8) (-840 -1104 176) (-840 -968 176) 
4 1277 1287 (-832 -528 0) (-776 -528 0) (-776 -952.0000000000001 0) (-832 -896.0000000000001 0) 
5 1277 1285 (-776 -528 0) (-752 -528 0) (-752 -960 0) (-768.0000000000001 -960 0) (-776 -952.0000000000001 0) 
4 1277 1284 (-752 -528 0) (-664 -528 0) (-664 -960 0) (-752 -960 0) 
4 1277 1281 (-664 -528 0) (-640 -528 0) (-640 -960 0) (-664 -960 0) 
4 1277 1280 (-640 -528 0) (-472 -528 0) (-472 -960 0) (-640 -960 0) 
4 1277 1279 (-671.9999999999998 -960 0) (-616 -960 0) (-616 -960 8) (-671.9999999999997 -960 8) 
4 1277 1278 (-616 -960 0) (-472 -960 0) (-472 -960 8) (-616 -960 8) 
4 1278 1280 (-616 -960 0) (-472 -960 0) (-472 -1104 0) (-616 -1104 0) 
4 1278 1279 (-616 -960 8) (-616 -960 -0) (-616 -999.9999999999998 0) (-616 -999.9999999999998 8) 
3 1279 1284 (-671.9999999999995 -960 0) (-664 -960 0) (-664 -965.7142857142854 0) 
4 1279 1281 (-664 -960 0) (-640 -960 0) (-640 -982.8571428571427 0) (-664 -965.7142857142854 0) 
4 1279 1280 (-640 -960 0) (-616 -960 0) (-616 -999.9999999999998 0) (-640 -982.8571428571427 0) 
4 1280 1293 (-624 -528 -112) (-472 -528 -112) (-472 -1104 -112) (-624 -1104 -112) 
4 1280 1283 (-640 -1096 -112) (-640 -1104 -112) (-640 -1104 0) (-640 -1096 0) 
4 1280 1282 (-640 -1016 -112) (-640 -1072 -112) (-640 -1072 0) (-640 -1016 0) 
4 1280 1281 (-640 -528 -112) (-640 -992 -112) (-640 -992 0) (-640 -528 0) 
4 1281 1284 (-664 -528 -112) (-664 -992 -112) (-664 -992 0) (-664 -528 0) 
4 1282 1284 (-664 -1016 -112) (-664 -1072 -112) (-664 -1072 0) (-664 -1016 0) 
4 1283 1284 (-664 -1096 -112) (-664 -1104 -112) (-664 -1104 0) (-664 -1096 0) 
4 1284 1286 (-752 -984 -112) (-752 -1104 -112) (-752 -1104 0) (-752 -984 0) 
4 1284 1285 (-752 -528 -112) (-752 -960 -112) (-752 -960 0) (-752 -528 0) 
4 1285 1287 (-776 -528 -112) (-776 -960 -112) (-776 -960 0) (-776 -528 0) 
4 1286 1287 (-776 -984 -112) (-776 -1104 -112) (-776 -1104 0) (-776 -984 0) 
4 1287 1291 (-832 -960 -112) (-832 -1104 -112) (-832 -1104 0) (-832 -960 0) 
4 1287 1290 (-832 -776 -112) (-832 -936 -112) (-832 -936 0) (-832 -776 0) 
4 1287 1289 (-832 -600 -112) (-832 -752 -112) (-832 -752 0) (-832 -600 0) 
4 1287 1288 (-832 -528 -112) (-832 -576 -112) (-832 -576 0) (-832 -528 0) 
4 1288 1292 (-856 -528 -112) (-856 -576 -112) (-856 -576 0) (-856 -528 0) 
4 1289 1292 (-856 -600 -112) (-856 -752 -112) (-856 -752 0) (-856 -600 0) 
4 1290 1292 (-856 -776 -112) (-856 -936 -112) (-856 -936 0) (-856 -776 0) 
4 1291 1292 (-856 -960 -112) (-856 -1104 -112) (-856 -1104 0) (-856 -960 0) 
4 1294 1489 (-928 -1104 -544) (-928 -1104 -1136) (-472 -1104 -1136) (-472 -1104 -544) 
4 1294 1310 (-928 -528 -544) (-928 -528 -1136) (-928 -1104 -1136) (-928 -1104 -544) 
4 1295 1491 (-928 -1104 -1136) (-928 -1104 -1144) (-472 -1104 -1144) (-472 -1104 -1136) 
4 1295 1312 (-928 -528 -1136) (-928 -528 -1144) (-928 -1104 -1144) (-928 -1104 -1136) 
4 1296 1426 (-960 -1104 1159.2138976801866) (-960 -1104 1151.2138976801866) (-928 -1104 1151.2138976801866) (-928 -1104 1159.2138976801866) 
4 1296 1304 (-960 -528 1159.2138976801866) (-960 -528 1151.2138976801866) (-960 -1104 1151.2138976801866) (-960 -1104 1159.2138976801866) 
4 1297 1430 (-960 -1104 1151.2138976801866) (-960 -1104 216) (-928 -1104 216) (-928 -1104 1151.2138976801866) 
4 1297 1308 (-960 -528 1151.2138976801866) (-960 -528 216) (-960 -1104 216) (-960 -1104 1151.2138976801866) 
4 1297 1303 (-960 -1104 216) (-960 -1032 216) (-928 -1032 216) (-928 -1104 216) 
4 1297 1302 (-960 -1008 216) (-960 -936 216) (-928 -936 216) (-928 -1008 216) 
4 1297 1301 (-960 -912 216) (-960 -840 216) (-928 -840 216) (-928 -912 216) 
4 1297 1300 (-960 -816 216) (-960 -744 216) (-928 -744 216) (-928 -816 216) 
4 1297 1299 (-960 -720 216) (-960 -648 216) (-928 -648 216) (-928 -720 216) 
4 1297 1298 (-960 -624 216) (-960 -552 216) (-928 -552 216) (-928 -624 216) 
4 1298 1310 (-928 -552 128) (-928 -624 128) (-960 -624 128) (-960 -552 128) 
4 1298 1308 (-960 -552 128) (-960 -624 128) (-960 -624 216) (-960 -552 216) 
4 1299 1310 (-928 -648 128) (-928 -720 128) (-960 -720 128) (-960 -648 128) 
4 1299 1308 (-960 -648 128) (-960 -720 128) (-960 -720 216) (-960 -648 216) 
4 1300 1310 (-928 -744 128) (-928 -816 128) (-960 -816 128) (-960 -744 128) 
4 1300 1308 (-960 -744 128) (-960 -816 128) (-960 -816 216) (-960 -744 216) 
4 1301 1310 (-928 -840 128) (-928 -912 128) (-960 -912 128) (-960 -840 128) 
4 1301 1308 (-960 -840 128) (-960 -912 128) (-960 -912 216) (-960 -840 216) 
4 1302 1310 (-928 -936 128) (-928 -1008 128) (-960 -1008 128) (-960 -936 128) 
4 1302 1308 (-960 -936 128) (-960 -1008 128) (-960 -1008 216) (-960 -936 216) 
4 1303 1310 (-928 -1032 128) (-928 -1104 128) (-960 -1104 128) (-960 -1032 128) 
4 1303 1308 (-960 -1032 128) (-960 -1104 128) (-960 -1104 216) (-960 -1032 216) 
4 1304 1426 (-2304 -1104 1159.2138976801866) (-2304 -1104 1151.2138976801866) (-960 -1104 1151.2138976801866) (-960 -1104 1159.2138976801866) 
4 1304 1306 (-2304 -528 1159.2138976801866) (-2304 -528 1151.2138976801866) (-2304 -1104 1151.2138976801866) (-2304 -1104 1159.2138976801866) 
4 1305 1427 (-2376 -1104 1168) (-2376 -1104 1159.2138976801866) (-2304 -1104 1159.2138976801866) (-2304 -1104 1168) 
4 1305 1307 (-2376 -528 1168) (-2376 -528 1159.2138976801866) (-2376 -1104 1159.2138976801866) (-2376 -1104 1168) 
4 1305 1306 (-2376 -1104 1159.2138976801866) (-2376 -528 1159.2138976801866) (-2304 -528 1159.2138976801866) (-2304 -1104 1159.2138976801866) 
4 1306 1428 (-2376 -1104 1159.2138976801866) (-2376 -1104 1151.2138976801866) (-2304 -1104 1151.2138976801866) (-2304 -1104 1159.2138976801866) 
4 1306 1309 (-2376 -528 1151.2138976801866) (-2304 -528 1151.2138976801866) (-2304 -1104 1151.2138976801866) (-2376 -1104 1151.2138976801866) 
4 1306 1307 (-2376 -528 1159.2138976801866) (-2376 -528 1151.2138976801866) (-2376 -1104 1151.2138976801866) (-2376 -1104 1159.2138976801866) 
4 1307 1429 (-2560 -1104 1168) (-2560 -1104 1151.2138976801866) (-2376 -1104 1151.2138976801866) (-2376 -1104 1168) 
4 1307 1309 (-2560 -528 1151.2138976801866) (-2376 -528 1151.2138976801866) (-2376 -1104 1151.2138976801866) (-2560 -1104 1151.2138976801866) 
4 1308 1451 (-2304 -1104 128) (-960 -1104 128) (-960 -1104 192) (-2304 -1104 192) 
4 1308 1432 (-960 -1104 192) (-960 -1104 216) (-2304 -1104 216) (-2304 -1104 192) 
4 1308 1430 (-960 -1104 216) (-960 -1104 1151.2138976801866) (-2304 -1104 1151.2138976801866) (-2304 -1104 216) 
4 1308 1310 (-2304 -528 128) (-960 -528 128) (-960 -1104 128) (-2304 -1104 128) 
4 1309 1452 (-2560 -1104 128) (-2304 -1104 128) (-2304 -1104 192) (-2560 -1104 192) 
4 1309 1433 (-2304 -1104 192) (-2304 -1104 216) (-2560 -1104 216) (-2560 -1104 192) 
4 1309 1431 (-2304 -1104 216) (-2304 -1104 1151.2138976801866) (-2560 -1104 1151.2138976801866) (-2560 -1104 216) 
4 1309 1311 (-2560 -528 128) (-2304 -528 128) (-2304 -1104 128) (-2560 -1104 128) 
4 1310 1489 (-2304 -1104 -1136) (-928 -1104 -1136) (-928 -1104 -544) (-2304 -1104 -544) 
4 1310 1488 (-928 -1104 -544) (-928 -1104 -528) (-2304 -1104 -528) (-2304 -1104 -544) 
4 1310 1486 (-928 -1104 -528) (-928 -1104 8) (-2304 -1104 8) (-2304 -1104 -528) 
4 1310 1451 (-960 -1104 128) (-2304 -1104 128) (-2304 -1104 8) (-960 -1104 8) 
4 1310 1450 (-928 -1104 8) (-928 -1104 128) (-960 -1104 128) (-960 -1104 8) 
4 1311 1490 (-2560 -1104 -1136) (-2304 -1104 -1136) (-2304 -1104 -528) (-2560 -1104 -528) 
4 1311 1487 (-2304 -1104 -528) (-2304 -1104 8) (-2560 -1104 8) (-2560 -1104 -528) 
4 1311 1452 (-2304 -1104 8) (-2304 -1104 128) (-2560 -1104 128) (-2560 -1104 8) 
4 1311 1312 (-2376 -528 -1136) (-2304 -528 -1136) (-2304 -1104 -1136) (-2376 -1104 -1136) 
4 1312 1491 (-928 -1104 -1144) (-928 -1104 -1136) (-2376 -1104 -1136) (-2376 -1104 -1144) 
4 1313 1317 (2480 -1528 1168) (2480 -1528 1159.2138976801866) (2736 -1528 1159.2138976801866) (2736 -1528 1168) 
4 1313 1315 (2736 -1528 1159.2138976801866) (2480 -1528 1159.2138976801866) (2480 -1104 1159.2138976801866) (2736 -1104 1159.2138976801866) 
4 1314 1320 (2736 -1528 1151.2138976801866) (3328 -1528 1151.2138976801866) (3328 -1528 1159.2138976801866) (2736 -1528 1159.2138976801866) 
4 1314 1319 (3328 -1528 1151.2138976801866) (3648 -1528 1151.2138976801866) (3648 -1528 1159.2138976801866) (3328 -1528 1159.2138976801866) 
4 1314 1315 (2736 -1104 1151.2138976801866) (2736 -1528 1151.2138976801866) (2736 -1528 1159.2138976801866) (2736 -1104 1159.2138976801866) 
4 1315 1329 (2736 -1528 1151.2138976801866) (2480 -1528 1151.2138976801866) (2480 -1104 1151.2138976801866) (2736 -1104 1151.2138976801866) 
4 1315 1325 (2480 -1104 1159.2138976801866) (2480 -1104 1151.2138976801866) (2480 -1528 1151.2138976801866) (2480 -1528 1159.2138976801866) 
4 1315 1322 (2480 -1528 1159.2138976801866) (2480 -1528 1151.2138976801866) (2736 -1528 1151.2138976801866) (2736 -1528 1159.2138976801866) 
4 1316 1320 (2736 -1784 1159.2138976801866) (2736 -1528 1159.2138976801866) (3328 -1528 1159.2138976801866) (3328 -1784 1159.2138976801866) 
4 1316 1317 (2736 -1528 1159.2138976801866) (2736 -1784 1159.2138976801866) (2736 -1784 1168) (2736 -1528 1168) 
4 1317 1326 (2480 -1528 1168) (2480 -1528 1159.2138976801866) (2480 -1784 1159.2138976801866) (2480 -1784 1168) 
4 1317 1322 (2480 -1784 1159.2138976801866) (2480 -1528 1159.2138976801866) (2736 -1528 1159.2138976801866) (2736 -1784 1159.2138976801866) 
4 1317 1318 (2480 -1784 1159.2138976801866) (2736 -1784 1159.2138976801866) (2736 -1784 1168) (2480 -1784 1168) 
4 1318 1324 (2480 -2816 1159.2138976801866) (2480 -2768.9675268702144 1159.2138976801866) (2736 -2768.9675268702144 1159.2138976801866) (2736 -2816 1159.2138976801866) 
4 1318 1323 (2480 -2768.9675268702144 1159.2138976801866) (2480 -1784 1159.2138976801866) (2736 -1784 1159.2138976801866) (2736 -2768.9675268702144 1159.2138976801866) 
4 1319 1321 (3328 -2768.9675268702144 1159.2138976801866) (3328 -1784 1159.2138976801866) (3328 -1784 1151.2138976801866) (3328 -2768.9675268702144 1151.2138976801866) 
4 1319 1320 (3328 -1784 1159.2138976801866) (3328 -1528 1159.2138976801866) (3328 -1528 1151.2138976801866) (3328 -1784 1151.2138976801866) 
4 1320 1330 (2736 -1784 1151.2138976801866) (2736 -1528 1151.2138976801866) (3328 -1528 1151.2138976801866) (3328 -1784 1151.2138976801866) 
4 1320 1322 (2736 -1784 1159.2138976801866) (2736 -1528 1159.2138976801866) (2736 -1528 1151.2138976801866) (2736 -1784 1151.2138976801866) 
4 1320 1321 (2736 -1784 1159.2138976801866) (2736 -1784 1151.2138976801866) (3328 -1784 1151.2138976801866) (3328 -1784 1159.2138976801866) 
4 1321 1323 (2736 -2768.9675268702144 1159.2138976801866) (2736 -1784 1159.2138976801866) (2736 -1784 1151.2138976801866) (2736 -2768.9675268702144 1151.2138976801866) 
4 1322 1331 (2480 -1784 1151.2138976801866) (2480 -1528 1151.2138976801866) (2736 -1528 1151.2138976801866) (2736 -1784 1151.2138976801866) 
4 1322 1327 (2480 -1528 1159.2138976801866) (2480 -1528 1151.2138976801866) (2480 -1784 1151.2138976801866) (2480 -1784 1159.2138976801866) 
4 1322 1323 (2736 -1784 1151.2138976801866) (2736 -1784 1159.2138976801866) (2480 -1784 1159.2138976801866) (2480 -1784 1151.2138976801866) 
4 1323 1332 (2480 -2768.9675268702144 1151.2138976801866) (2480 -1784 1151.2138976801866) (2736 -1784 1151.2138976801866) (2736 -2768.9675268702144 1151.2138976801866) 
4 1323 1328 (2480 -1784 1151.2138976801866) (2480 -2768.9675268702144 1151.2138976801866) (2480 -2768.9675268702144 1159.2138976801866) (2480 -1784 1159.2138976801866) 
4 1323 1324 (2736 -2768.9675268702144 1151.2138976801866) (2736 -2768.9675268702144 1159.2138976801866) (2480 -2768.9675268702144 1159.2138976801866) (2480 -2768.9675268702144 1151.2138976801866) 
4 1324 1332 (2480 -2816 1151.2138976801866) (2480 -2768.9675268702144 1151.2138976801866) (2736 -2768.9675268702144 1151.2138976801866) (2736 -2816 1151.2138976801866) 
4 1325 1434 (392 -1128 1151.2138976801866) (392 -1528 1151.2138976801866) (392 -1528 1159.2138976801866) (392 -1128 1159.2138976801866) 
4 1325 1419 (392 -1104 1159.2138976801866) (392 -1104 1151.2138976801866) (392 -1128 1151.2138976801866) (392 -1128 1159.2138976801866) 
4 1325 1327 (392 -1528 1159.2138976801866) (392 -1528 1151.2138976801866) (2480 -1528 1151.2138976801866) (2480 -1528 1159.2138976801866) 
4 1326 1435 (392 -1528 1168) (392 -1528 1159.2138976801866) (392 -1784 1159.2138976801866) (392 -1784 1168) 
4 1326 1327 (392 -1784 1159.2138976801866) (392 -1528 1159.2138976801866) (2480 -1528 1159.2138976801866) (2480 -1784 1159.2138976801866) 
4 1327 1436 (392 -1528 1159.2138976801866) (392 -1528 1151.2138976801866) (392 -1784 1151.2138976801866) (392 -1784 1159.2138976801866) 
4 1327 1336 (392 -1784 1151.2138976801866) (392 -1528 1151.2138976801866) (2480 -1528 1151.2138976801866) (2480 -1784 1151.2138976801866) 
4 1327 1328 (392 -1784 1151.2138976801866) (2480 -1784 1151.2138976801866) (2480 -1784 1159.2138976801866) (392 -1784 1159.2138976801866) 
4 1328 1437 (392 -1784 1151.2138976801866) (392 -2768.9675268702144 1151.2138976801866) (392 -2768.9675268702144 1159.2138976801866) (392 -1784 1159.2138976801866) 
4 1329 1340 (2736 -1528 192) (2480 -1528 192) (2480 -1424 192) (2736 -1424 192) 
4 1329 1337 (2480 -1424 192) (2480 -1104 192) (2736 -1104 192) (2736 -1424 192) 
4 1329 1331 (2480 -1528 1151.2138976801866) (2480 -1528 192) (2736 -1528 192) (2736 -1528 1151.2138976801866) 
4 1330 1341 (2736 -1784 192) (2736 -1528 192) (3328 -1528 192) (3328 -1784 192) 
4 1330 1331 (2736 -1528 1151.2138976801866) (2736 -1528 192) (2736 -1784 192) (2736 -1784 1151.2138976801866) 
4 1331 1342 (2480 -1784 192) (2480 -1528 192) (2736 -1528 192) (2736 -1784 192) 
4 1331 1336 (2480 -1528 192) (2480 -1784 192) (2480 -1784 1151.2138976801866) (2480 -1528 1151.2138976801866) 
4 1331 1332 (2480 -1784 1151.2138976801866) (2480 -1784 192) (2736 -1784 192) (2736 -1784 1151.2138976801866) 
4 1332 1343 (2480 -2816 192) (2480 -1784 192) (2736 -1784 192) (2736 -2816 192) 
4 1333 1344 (2480 -1424 192) (2480 -1528 192) (576 -1528 192) (576 -1424 192) 
4 1333 1338 (576 -1104 192) (2480 -1104 192) (2480 -1424 192) (576 -1424 192) 
4 1333 1335 (576 -1128 192) (576 -1528 192) (576 -1528 1151.2138976801866) (576 -1128 1151.2138976801866) 
4 1333 1334 (576 -1128 216) (576 -1128 1151.2138976801866) (576 -1104 1151.2138976801866) (576 -1104 216) 
4 1334 1422 (392 -1104 240) (392 -1104 216) (392 -1128 216) (392 -1128 240) 
4 1334 1420 (392 -1104 1151.2138976801866) (392 -1104 272) (392 -1128 272) (392 -1128 1151.2138976801866) 
4 1334 1335 (576 -1128 216) (576 -1128 1151.2138976801866) (392 -1128 1151.2138976801866) (392 -1128 216) 
4 1335 1440 (392 -1152 192) (392 -1528 192) (392 -1528 1151.2138976801866) (392 -1152 1151.2138976801866) 
3 1335 1439 (392 -1152 255.9999999999999) (392 -1152 272) (392 -1136 272) 
4 1335 1438 (392 -1152 272) (392 -1152 1151.2138976801866) (392 -1128 1151.2138976801866) (392 -1128 272) 
4 1335 1416 (392 -1528 192) (392 -1440 192) (488 -1440 192) (488 -1528 192) 
4 1335 1377 (536 -1440 192) (536 -1528 192) (488 -1528 192) (488 -1440 192) 
4 1335 1346 (576 -1440 192) (576 -1528 192) (536 -1528 192) (536 -1440 192) 
4 1336 1442 (392 -1528 192) (392 -1784 192) (392 -1784 1151.2138976801866) (392 -1528 1151.2138976801866) 
4 1336 1417 (392 -1784 192) (392 -1528 192) (488 -1528 192) (488 -1784 192) 
4 1336 1378 (488 -1528 192) (536 -1528 192) (536 -1784 192) (488 -1784 192) 
4 1336 1347 (536 -1528 192) (2480 -1528 192) (2480 -1784 192) (536 -1784 192) 
4 1337 1348 (2736 -1424 -1136) (2480 -1424 -1136) (2480 -1104 -1136) (2736 -1104 -1136) 
4 1337 1340 (2480 -1424 -1136) (2736 -1424 -1136) (2736 -1424 192) (2480 -1424 192) 
4 1338 1344 (576 -1424 -1136) (2480 -1424 -1136) (2480 -1424 192) (576 -1424 192) 
4 1338 1339 (576 -1104 -1136) (576 -1424 -1136) (576 -1424 -320) (576 -1104 -320) 
4 1339 1374 (536 -1104 -320) (536 -1104 -1136) (536 -1424 -1136) (536 -1424 -320) 
4 1339 1345 (536 -1424 -320) (536 -1424 -1136) (576 -1424 -1136) (576 -1424 -320) 
4 1340 1348 (2736 -1528 -1136) (2480 -1528 -1136) (2480 -1424 -1136) (2736 -1424 -1136) 
4 1340 1342 (2480 -1528 192) (2480 -1528 -1136) (2736 -1528 -1136) (2736 -1528 192) 
4 1341 1348 (2736 -1784 -1136) (2736 -1528 -1136) (3328 -1528 -1136) (3328 -1784 -1136) 
4 1341 1342 (2736 -1528 192) (2736 -1528 -1136) (2736 -1784 -1136) (2736 -1784 192) 
4 1342 1348 (2480 -1784 -1136) (2480 -1528 -1136) (2736 -1528 -1136) (2736 -1784 -1136) 
4 1342 1347 (2480 -1528 -1136) (2480 -1784 -1136) (2480 -1784 192) (2480 -1528 192) 
4 1342 1343 (2480 -1784 192) (2480 -1784 -1136) (2736 -1784 -1136) (2736 -1784 192) 
4 1343 1348 (2480 -2760 -1136) (2480 -1784 -1136) (2736 -1784 -1136) (2736 -2760 -1136) 
4 1344 1346 (576 -1440 -1136) (576 -1528 -1136) (576 -1528 192) (576 -1440 192) 
4 1344 1345 (576 -1424 -312) (576 -1424 -1136) (576 -1440 -1136) (576 -1440 -312) 
4 1345 1376 (536 -1424 -312) (536 -1424 -1136) (536 -1440 -1136) (536 -1440 -312) 
4 1345 1346 (536 -1440 -312) (536 -1440 -1136) (576 -1440 -1136) (576 -1440 -312) 
4 1346 1377 (536 -1528 192) (536 -1440 192) (536 -1440 -1136) (536 -1528 -1136) 
4 1347 1378 (536 -1784 192) (536 -1528 192) (536 -1528 -1136) (536 -1784 -1136) 
4 1347 1348 (536 -1784 -1136) (536 -1528 -1136) (2480 -1528 -1136) (2480 -1784 -1136) 
4 1348 1379 (536 -2760 -1144) (536 -2760 -1136) (536 -1424 -1136) (536 -1424 -1144) 
4 1348 1375 (536 -1424 -1136) (536 -1104 -1136) (536 -1104 -1144) (536 -1424 -1144) 
4 1349 1411 (488 -1424 176) (488 -1424 184.00000000000009) (488 -1344 184.00000000000009) (488 -1344 176) 
4 1349 1409 (488 -1344 184.00000000000009) (488 -1336 184.00000000000009) (488 -1336 176) (488 -1344 176) 
4 1349 1351 (496.00000000000006 -1424 176) (488 -1424 176) (488 -1120 176) (496.00000000000006 -1120 176) 
4 1349 1350 (488 -1120 176) (488 -1104 176) (496.00000000000006 -1104 176) (496.00000000000006 -1120 176) 
4 1350 1351 (536 -1120 24) (536 -1120 176) (488 -1120 176) (488 -1120 24) 
4 1351 1411 (488 -1424 16) (488 -1424 176) (488 -1344 176) (488 -1344 16) 
4 1351 1409 (488 -1344 176) (488 -1336 176) (488 -1336 16) (488 -1344 16) 
5 1351 1353 (519.9999999999998 -1424 16) (488 -1424 16) (488 -1144 16) (536 -1144 16) (536 -1407.9999999999998 16) 
4 1351 1352 (488 -1128 16) (488 -1120 16) (536 -1120 16) (536 -1128 16) 
4 1352 1354 (488 -1128 8) (488 -1104 8) (536 -1104 8) (536 -1128 8) 
4 1353 1411 (488 -1424 8) (488 -1424 16) (488 -1344 16) (488 -1344 8) 
4 1353 1409 (488 -1344 16) (488 -1336 16) (488 -1336 8) (488 -1344 8) 
5 1353 1355 (519.9999999999998 -1424 8) (488 -1424 8) (488 -1168 8) (536 -1168 8) (536 -1407.9999999999998 8) 
4 1353 1354 (488 -1152 8) (488 -1144 8) (536 -1144 8) (536 -1152 8) 
4 1354 1356 (488 -1152 0) (488 -1104 0) (536 -1104 0) (536 -1152 0) 
4 1355 1411 (488 -1424 -0) (488 -1424 8) (488 -1344 8) (488 -1344 0) 
4 1355 1409 (488 -1344 8) (488 -1336 8) (488 -1336 0) (488 -1344 0) 
5 1355 1357 (519.9999999999998 -1424 0) (488 -1424 0) (488 -1192 0) (536 -1192 0) (536 -1407.9999999999998 0) 
4 1355 1356 (488 -1176 0) (488 -1168 0) (536 -1168 0) (536 -1176 0) 
4 1356 1358 (488 -1176 -8) (488 -1104 -8) (536 -1104 -8) (536 -1176 -8) 
4 1357 1411 (488 -1424 -8) (488 -1424 -0) (488 -1344 0) (488 -1344 -8) 
4 1357 1409 (488 -1344 0) (488 -1336 0) (488 -1336 -8) (488 -1344 -8) 
5 1357 1364 (519.9999999999998 -1424 -8) (488 -1424 -8) (488 -1264 -8) (536 -1264 -8) (536 -1407.9999999999998 -8) 
4 1357 1363 (488 -1264 -8) (488 -1248 -8) (536 -1248 -8) (536 -1264 -8) 
4 1357 1362 (488 -1248 -8) (488 -1240 -8) (536 -1240 -8) (536 -1248 -8) 
4 1357 1359 (488 -1240 -8) (488 -1216 -8) (536 -1216 -8) (536 -1240 -8) 
4 1357 1358 (488 -1200 -8) (488 -1192 -8) (536 -1192 -8) (536 -1200 -8) 
4 1358 1360 (488 -1200 -16) (488 -1104 -16) (536 -1104 -16) (536 -1200 -16) 
4 1359 1362 (536 -1240 -16) (536 -1240 -8) (488 -1240 -8) (488 -1240 -16) 
4 1359 1360 (488 -1224 -16) (488 -1216 -16) (536 -1216 -16) (536 -1224 -16) 
4 1360 1365 (488 -1224 -32) (488 -1104 -32) (536 -1104 -32) (536 -1224 -32) 
4 1360 1361 (488 -1224 -32) (536 -1224 -32) (536 -1224 -24) (488 -1224 -24) 
4 1361 1365 (488 -1240 -32) (488 -1224 -32) (536 -1224 -32) (536 -1240 -32) 
4 1361 1362 (488 -1240 -32) (536 -1240 -32) (536 -1240 -24) (488 -1240 -24) 
4 1362 1365 (488 -1248 -32) (488 -1240 -32) (536 -1240 -32) (536 -1248 -32) 
4 1362 1363 (536 -1248 -24) (536 -1248 -8) (488 -1248 -8) (488 -1248 -24) 
4 1363 1364 (536 -1264 -24) (536 -1264 -8) (488 -1264 -8) (488 -1264 -24) 
4 1364 1411 (488 -1424 -32) (488 -1424 -8) (488 -1344 -8) (488 -1344 -32) 
4 1364 1409 (488 -1344 -8) (488 -1336 -8) (488 -1336 -32) (488 -1344 -32) 
5 1364 1371 (519.9999999999998 -1424 -32) (488 -1424 -32) (488 -1336 -32) (536 -1336 -32) (536 -1408 -32) 
4 1364 1370 (488 -1336 -32) (488 -1320 -32) (536 -1320 -32) (536 -1336 -32) 
4 1364 1369 (488 -1320 -32) (488 -1312 -32) (536 -1312 -32) (536 -1320 -32) 
4 1364 1366 (488 -1312 -32) (488 -1288 -32) (536 -1288 -32) (536 -1312 -32) 
4 1364 1365 (488 -1272 -32) (488 -1264 -32) (536 -1264 -32) (536 -1272 -32) 
4 1365 1367 (488 -1272 -40) (488 -1104 -40) (536 -1104 -40) (536 -1272 -40) 
4 1366 1369 (536 -1312 -40) (536 -1312 -32) (488 -1312 -32) (488 -1312 -40) 
4 1366 1367 (488 -1296 -40) (488 -1288 -40) (536 -1288 -40) (536 -1296 -40) 
4 1367 1372 (488 -1296 -56) (488 -1104 -56) (536 -1104 -56) (536 -1296 -56) 
4 1367 1368 (488 -1296 -56) (536 -1296 -56) (536 -1296 -48) (488 -1296 -48) 
4 1368 1372 (488 -1312 -56) (488 -1296 -56) (536 -1296 -56) (536 -1312 -56) 
4 1368 1369 (488 -1312 -56) (536 -1312 -56) (536 -1312 -48) (488 -1312 -48) 
4 1369 1372 (488 -1320 -56) (488 -1312 -56) (536 -1312 -56) (536 -1320 -56) 
4 1369 1370 (536 -1320 -48) (536 -1320 -32) (488 -1320 -32) (488 -1320 -48) 
4 1370 1371 (536 -1336 -48) (536 -1336 -32) (488 -1336 -32) (488 -1336 -48) 
4 1371 1411 (488 -1424 -56) (488 -1424 -32) (488 -1344 -32) (488 -1344 -56) 
4 1371 1409 (488 -1344 -32) (488 -1336 -32) (488 -1336 -56) (488 -1344 -56) 
4 1372 1373 (488 -1336 -64) (488 -1104 -64) (536 -1104 -64) (536 -1336 -64) 
4 1373 1412 (488 -1424 -304) (488 -1424 -64) (488 -1336 -64) (488 -1336 -304) 
4 1374 1413 (488 -1424 -1136) (488 -1424 -320) (488 -1336 -320) (488 -1336 -1136) 
4 1374 1381 (488 -1104 -528) (488 -1104 -1136) (488 -1336 -1136) (488 -1336 -528) 
4 1374 1380 (488 -1336 -320) (488 -1104 -320) (488 -1104 -528) (488 -1336 -528) 
4 1374 1376 (488 -1424 -320) (488 -1424 -1136) (536 -1424 -1136) (536 -1424 -320) 
4 1375 1414 (488 -1424 -1144) (488 -1424 -1136) (488 -1336 -1136) (488 -1336 -1144) 
4 1375 1384 (488 -1336 -1136) (488 -1104 -1136) (488 -1104 -1144) (488 -1336 -1144) 
4 1375 1379 (488 -1424 -1136) (488 -1424 -1144) (536 -1424 -1144) (536 -1424 -1136) 
4 1376 1415 (488 -1424 -312) (488 -1424 -1136) (488 -1440 -1136) (488 -1440 -312) 
4 1376 1377 (488 -1440 -312) (488 -1440 -1136) (536 -1440 -1136) (536 -1440 -312) 
4 1377 1416 (488 -1528 192) (488 -1440 192) (488 -1440 -1136) (488 -1528 -1136) 
4 1378 1417 (488 -1784 192) (488 -1528 192) (488 -1528 -1136) (488 -1784 -1136) 
4 1378 1379 (488 -1784 -1136) (488 -1528 -1136) (536 -1528 -1136) (536 -1784 -1136) 
4 1379 1418 (488 -2760 -1144) (488 -2760 -1136) (488 -1424 -1136) (488 -1424 -1144) 
4 1380 1413 (488 -1336 -528) (488 -1336 -320) (440 -1336 -320) (440 -1336 -528) 
4 1380 1405 (440 -1336 -528) (440 -1336 -320) (440 -1104 -320) (440 -1104 -528) 
4 1380 1383 (480 -1336 -528) (440 -1336 -528) (440 -1120 -528) (480 -1120 -528) 
4 1380 1381 (488 -1336 -528) (480 -1336 -528) (480 -1104 -528) (488 -1104 -528) 
4 1381 1413 (488 -1336 -1136) (488 -1336 -528) (480 -1336 -528) (480 -1336 -1136) 
4 1381 1383 (480 -1120 -1136) (480 -1336 -1136) (480 -1336 -528) (480 -1120 -528) 
4 1381 1382 (480 -1104 -1136) (480 -1120 -1136) (480 -1120 -544) (480 -1104 -544) 
4 1382 1406 (440 -1104 -544) (440 -1104 -1136) (440 -1120 -1136) (440 -1120 -544) 
4 1382 1383 (440 -1120 -1136) (480 -1120 -1136) (480 -1120 -544) (440 -1120 -544) 
4 1383 1413 (480 -1336 -528) (440 -1336 -528) (440 -1336 -1136) (480 -1336 -1136) 
4 1383 1407 (440 -1336 -1136) (440 -1336 -528) (440 -1120 -528) (440 -1120 -1136) 
4 1384 1414 (488 -1336 -1144) (488 -1336 -1136) (440 -1336 -1136) (440 -1336 -1144) 
4 1384 1408 (440 -1336 -1144) (440 -1336 -1136) (440 -1104 -1136) (440 -1104 -1144) 
4 1385 1410 (440 -1336 -56) (440 -1336 184) (392 -1336 184) (392 -1336 -56) 
4 1385 1386 (440 -1104 -64) (440 -1320 -64) (392 -1320 -64) (392 -1104 -64) 
4 1386 1388 (440 -1312 -72) (440 -1320 -72) (392 -1320 -72) (392 -1312 -72) 
4 1386 1387 (440 -1104 -72) (440 -1296 -72) (392 -1296 -72) (392 -1104 -72) 
4 1387 1390 (440 -1288 -80) (440 -1296 -80) (392 -1296 -80) (392 -1288 -80) 
4 1387 1389 (440 -1104 -80) (440 -1272 -80) (392 -1272 -80) (392 -1104 -80) 
4 1388 1412 (440 -1336 -80) (440 -1336 -72) (392 -1336 -72) (392 -1336 -80) 
4 1388 1390 (440 -1312 -80) (440 -1336 -80) (392 -1336 -80) (392 -1312 -80) 
4 1389 1392 (440 -1264 -88) (440 -1272 -88) (392 -1272 -88) (392 -1264 -88) 
4 1389 1391 (440 -1104 -88) (440 -1248 -88) (392 -1248 -88) (392 -1104 -88) 
4 1390 1412 (440 -1336 -88) (440 -1336 -80) (392 -1336 -80) (392 -1336 -88) 
4 1390 1392 (440 -1288 -88) (440 -1336 -88) (392 -1336 -88) (392 -1288 -88) 
4 1391 1394 (440 -1240 -96) (440 -1248 -96) (392 -1248 -96) (392 -1240 -96) 
4 1391 1393 (440 -1104 -96) (440 -1224 -96) (392 -1224 -96) (392 -1104 -96) 
4 1392 1412 (440 -1336 -96) (440 -1336 -88) (392 -1336 -88) (392 -1336 -96) 
4 1392 1394 (440 -1264 -96) (440 -1336 -96) (392 -1336 -96) (392 -1264 -96) 
4 1393 1396 (440 -1216 -104) (440 -1224 -104) (392 -1224 -104) (392 -1216 -104) 
4 1393 1395 (440 -1104 -104) (440 -1200 -104) (392 -1200 -104) (392 -1104 -104) 
4 1394 1412 (440 -1336 -104) (440 -1336 -96) (392 -1336 -96) (392 -1336 -104) 
4 1394 1396 (440 -1240 -104) (440 -1336 -104) (392 -1336 -104) (392 -1240 -104) 
4 1395 1398 (440 -1192 -112) (440 -1200 -112) (392 -1200 -112) (392 -1192 -112) 
4 1395 1397 (440 -1104 -112) (440 -1176 -112) (392 -1176 -112) (392 -1104 -112) 
4 1396 1412 (440 -1336 -112) (440 -1336 -104) (392 -1336 -104) (392 -1336 -112) 
4 1396 1398 (440 -1216 -112) (440 -1336 -112) (392 -1336 -112) (392 -1216 -112) 
4 1397 1400 (440 -1168 -120) (440 -1176 -120) (392 -1176 -120) (392 -1168 -120) 
4 1397 1399 (440 -1104 -120) (440 -1152 -120) (392 -1152 -120) (392 -1104 -120) 
4 1398 1412 (440 -1336 -120) (440 -1336 -112) (392 -1336 -112) (392 -1336 -120) 
4 1398 1400 (440 -1192 -120) (440 -1336 -120) (392 -1336 -120) (392 -1192 -120) 
4 1399 1402 (440 -1144 -128) (440 -1152 -128) (392 -1152 -128) (392 -1144 -128) 
4 1399 1401 (440 -1104 -128) (440 -1128 -128) (392 -1128 -128) (392 -1104 -128) 
4 1400 1412 (440 -1336 -128) (440 -1336 -120) (392 -1336 -120) (392 -1336 -128) 
4 1400 1402 (440 -1168 -128) (440 -1336 -128) (392 -1336 -128) (392 -1168 -128) 
4 1401 1403 (440 -1120 -136) (440 -1128 -136) (392 -1128 -136) (392 -1120 -136) 
4 1402 1412 (440 -1336 -136) (440 -1336 -128) (392 -1336 -128) (392 -1336 -136) 
4 1402 1403 (440 -1144 -136) (440 -1336 -136) (392 -1336 -136) (392 -1144 -136) 
4 1403 1412 (440 -1336 -144) (440 -1336 -136) (392 -1336 -136) (392 -1336 -144) 
4 1403 1404 (440 -1120 -144) (440 -1336 -144) (392 -1336 -144) (392 -1120 -144) 
4 1404 1412 (440 -1336 -304) (440 -1336 -144) (392 -1336 -144) (392 -1336 -304) 
4 1405 1492 (392 -1120 -528) (392 -1336 -528) (392 -1336 -320) (392 -1120 -320) 
4 1405 1413 (440 -1336 -528) (440 -1336 -320) (392 -1336 -320) (392 -1336 -528) 
4 1405 1407 (440 -1120 -528) (440 -1336 -528) (392 -1336 -528) (392 -1120 -528) 
4 1406 1489 (392 -1104 -544) (392 -1104 -1136) (392 -1120 -1136) (392 -1120 -544) 
4 1406 1407 (392 -1120 -1136) (440 -1120 -1136) (440 -1120 -544) (392 -1120 -544) 
4 1407 1492 (392 -1120 -1136) (392 -1336 -1136) (392 -1336 -528) (392 -1120 -528) 
4 1407 1413 (440 -1336 -1136) (440 -1336 -528) (392 -1336 -528) (392 -1336 -1136) 
4 1408 1493 (392 -1120 -1144) (392 -1336 -1144) (392 -1336 -1136) (392 -1120 -1136) 
4 1408 1491 (392 -1104 -1136) (392 -1104 -1144) (392 -1120 -1144) (392 -1120 -1136) 
4 1408 1414 (440 -1336 -1144) (440 -1336 -1136) (392 -1336 -1136) (392 -1336 -1144) 
4 1409 1411 (479.99999999999994 -1344 -56) (488 -1344 -56) (488 -1344 184) (479.99999999999994 -1344 184) 
4 1410 1411 (392 -1344 -56) (448.0000000000001 -1344 -56) (448.00000000000017 -1344 184) (392 -1344 184) 
4 1413 1492 (392 -1424 -1136) (392 -1424 -320) (392 -1336 -320) (392 -1336 -1136) 
4 1413 1415 (488 -1424 -1136) (488 -1424 -320) (392 -1424 -320) (392 -1424 -1136) 
4 1414 1493 (392 -1424 -1144) (392 -1424 -1136) (392 -1336 -1136) (392 -1336 -1144) 
4 1414 1418 (488 -1424 -1144) (488 -1424 -1136) (392 -1424 -1136) (392 -1424 -1144) 
4 1415 1492 (392 -1424 -312) (392 -1424 -1136) (392 -1440 -1136) (392 -1440 -312) 
4 1415 1416 (392 -1440 -1136) (488 -1440 -1136) (488 -1440 -312) (392 -1440 -312) 
4 1416 1517 (392 -1440 8) (392 -1440 -1136) (392 -1528 -1136) (392 -1528 8) 
4 1416 1480 (392 -1528 192) (392 -1440 192) (392 -1440 8) (392 -1528 8) 
4 1417 1521 (392 -1528 8) (392 -1528 -1136) (392 -1784 -1136) (392 -1784 8) 
4 1417 1484 (392 -1784 192) (392 -1528 192) (392 -1528 8) (392 -1784 8) 
4 1417 1418 (392 -1784 -1136) (392 -1528 -1136) (488 -1528 -1136) (488 -1784 -1136) 
4 1418 1523 (392 -2760 -1144) (392 -2760 -1136) (392 -1440 -1136) (392 -1440 -1144) 
4 1418 1493 (392 -1440 -1136) (392 -1424 -1136) (392 -1424 -1144) (392 -1440 -1144) 
4 1419 1434 (-720 -1128 1159.2138976801866) (-720 -1128 1151.2138976801866) (392 -1128 1151.2138976801866) (392 -1128 1159.2138976801866) 
4 1419 1426 (-720 -1104 1159.2138976801866) (-720 -1104 1151.2138976801866) (-720 -1128 1151.2138976801866) (-720 -1128 1159.2138976801866) 
4 1420 1438 (392 -1128 272) (392 -1128 1151.2138976801866) (328 -1128 1151.2138976801866) (328 -1128 272) 
4 1420 1421 (328 -1128 272) (328 -1128 1151.2138976801866) (328 -1104 1151.2138976801866) (328 -1104 272) 
4 1421 1441 (-720 -1128 1151.2138976801866) (-720 -1128 240) (328 -1128 240) (328 -1128 1151.2138976801866) 
4 1421 1430 (-720 -1104 1151.2138976801866) (-720 -1104 240) (-720 -1128 240) (-720 -1128 1151.2138976801866) 
4 1421 1423 (-472 -1128 240) (-720 -1128 240) (-720 -1104 240) (-472 -1104 240) 
4 1421 1422 (328 -1128 240) (-472 -1128 240) (-472 -1104 240) (328 -1104 240) 
4 1422 1441 (328 -1128 240) (-472 -1128 240) (-472 -1128 216) (328 -1128 216) 
4 1422 1424 (-472 -1128 223.99999999999997) (-472 -1128 232) (-472 -1104 232) (-472 -1104 223.99999999999997) 
4 1422 1423 (-472 -1128 232) (-472 -1128 240) (-472 -1104 240) (-472 -1104 232) 
4 1423 1441 (-720 -1128 240) (-720 -1128 232) (-472 -1128 232) (-472 -1128 240) 
4 1423 1430 (-720 -1104 240) (-720 -1104 232) (-720 -1128 232) (-720 -1128 240) 
4 1423 1425 (-720 -1128 232) (-720 -1104 232) (-712.0000000000001 -1104 232) (-712.0000000000001 -1128 232) 
4 1423 1424 (-480 -1104 232) (-472 -1104 232) (-472 -1128 232) (-480 -1128 232) 
3 1424 1441 (-472 -1128 223.99999999999997) (-472 -1128 232) (-480 -1128 232) 
3 1425 1441 (-720 -1128 232) (-720 -1128 224.00000000000009) (-712.0000000000001 -1128 232) 
4 1425 1430 (-720 -1104 232) (-720 -1104 224.00000000000009) (-720 -1128 224.00000000000009) (-720 -1128 232) 
4 1426 1434 (-2304 -1128 1159.2138976801866) (-2304 -1128 1151.2138976801866) (-720 -1128 1151.2138976801866) (-720 -1128 1159.2138976801866) 
4 1426 1428 (-2304 -1104 1159.2138976801866) (-2304 -1104 1151.2138976801866) (-2304 -1128 1151.2138976801866) (-2304 -1128 1159.2138976801866) 
4 1427 1443 (-2376 -1128 1168) (-2376 -1128 1159.2138976801866) (-2304 -1128 1159.2138976801866) (-2304 -1128 1168) 
4 1427 1429 (-2376 -1104 1168) (-2376 -1104 1159.2138976801866) (-2376 -1128 1159.2138976801866) (-2376 -1128 1168) 
4 1427 1428 (-2376 -1128 1159.2138976801866) (-2376 -1104 1159.2138976801866) (-2304 -1104 1159.2138976801866) (-2304 -1128 1159.2138976801866) 
4 1428 1444 (-2376 -1128 1159.2138976801866) (-2376 -1128 1151.2138976801866) (-2304 -1128 1151.2138976801866) (-2304 -1128 1159.2138976801866) 
4 1428 1431 (-2376 -1104 1151.2138976801866) (-2304 -1104 1151.2138976801866) (-2304 -1128 1151.2138976801866) (-2376 -1128 1151.2138976801866) 
4 1428 1429 (-2376 -1104 1159.2138976801866) (-2376 -1104 1151.2138976801866) (-2376 -1128 1151.2138976801866) (-2376 -1128 1159.2138976801866) 
4 1429 1446 (-2560 -1128 1168) (-2560 -1128 1151.2138976801866) (-2376 -1128 1151.2138976801866) (-2376 -1128 1168) 
4 1429 1431 (-2560 -1104 1151.2138976801866) (-2376 -1104 1151.2138976801866) (-2376 -1128 1151.2138976801866) (-2560 -1128 1151.2138976801866) 
4 1430 1441 (-2304 -1128 216) (-720 -1128 216) (-720 -1128 1151.2138976801866) (-2304 -1128 1151.2138976801866) 
4 1430 1432 (-2304 -1104 216) (-960 -1104 216) (-960 -1128 216) (-2304 -1128 216) 
4 1431 1447 (-2560 -1128 216) (-2304 -1128 216) (-2304 -1128 1151.2138976801866) (-2560 -1128 1151.2138976801866) 
4 1431 1433 (-2560 -1104 216) (-2304 -1104 216) (-2304 -1128 216) (-2560 -1128 216) 
4 1432 1478 (-960 -1120 192) (-960 -1128 192) (-2304 -1128 192) (-2304 -1120 192) 
4 1432 1451 (-2304 -1104 192) (-960 -1104 192) (-960 -1120 192) (-2304 -1120 192) 
4 1432 1441 (-2304 -1128 192) (-960 -1128 192) (-960 -1128 216) (-2304 -1128 216) 
4 1433 1479 (-2304 -1120 192) (-2304 -1128 192) (-2560 -1128 192) (-2560 -1120 192) 
4 1433 1452 (-2560 -1104 192) (-2304 -1104 192) (-2304 -1120 192) (-2560 -1120 192) 
4 1433 1447 (-2560 -1128 192) (-2304 -1128 192) (-2304 -1128 216) (-2560 -1128 216) 
4 1434 1444 (-2304 -1128 1159.2138976801866) (-2304 -1128 1151.2138976801866) (-2304 -1528 1151.2138976801866) (-2304 -1528 1159.2138976801866) 
4 1434 1436 (-2304 -1528 1159.2138976801866) (-2304 -1528 1151.2138976801866) (392 -1528 1151.2138976801866) (392 -1528 1159.2138976801866) 
4 1435 1443 (-2304 -1528 1168) (-2304 -1528 1159.2138976801866) (-2304 -1784 1159.2138976801866) (-2304 -1784 1168) 
4 1435 1436 (-2304 -1784 1159.2138976801866) (-2304 -1528 1159.2138976801866) (392 -1528 1159.2138976801866) (392 -1784 1159.2138976801866) 
4 1436 1444 (-2304 -1528 1159.2138976801866) (-2304 -1528 1151.2138976801866) (-2304 -1784 1151.2138976801866) (-2304 -1784 1159.2138976801866) 
4 1436 1442 (-2304 -1784 1151.2138976801866) (-2304 -1528 1151.2138976801866) (392 -1528 1151.2138976801866) (392 -1784 1151.2138976801866) 
4 1436 1437 (-2304 -1784 1151.2138976801866) (392 -1784 1151.2138976801866) (392 -1784 1159.2138976801866) (-2304 -1784 1159.2138976801866) 
4 1437 1444 (-2304 -1784 1151.2138976801866) (-2304 -2768.9675268702144 1151.2138976801866) (-2304 -2768.9675268702144 1159.2138976801866) (-2304 -1784 1159.2138976801866) 
4 1438 1441 (328 -1152 1151.2138976801866) (328 -1128 1151.2138976801866) (328 -1128 272) (328 -1152 272) 
4 1438 1440 (328 -1152 1151.2138976801866) (328 -1152 272) (392 -1152 272) (392 -1152 1151.2138976801866) 
4 1438 1439 (392 -1152 272) (328 -1152 272) (328 -1136 272) (392 -1136 272) 
3 1439 1441 (328 -1152 255.9999999999999) (328 -1152 272) (328 -1136 272) 
4 1439 1440 (328 -1152 272) (328 -1152 255.9999999999999) (392 -1152 255.9999999999999) (392 -1152 272) 
4 1440 1480 (392 -1440 192) (392 -1528 192) (328 -1528 192) (328 -1440 192) 
4 1440 1441 (328 -1528 192) (328 -1528 1151.2138976801866) (328 -1152 1151.2138976801866) (328 -1152 192) 
4 1441 1483 (-2304 -1528 192) (-2304 -1440 192) (-928 -1440 192) (-928 -1528 192) 
4 1441 1482 (16 -1456 192) (16 -1528 192) (-928 -1528 192) (-928 -1456 192) 
4 1441 1481 (-928 -1440 192) (16 -1440 192) (16 -1456 192) (-928 -1456 192) 
4 1441 1480 (16 -1440 192) (328 -1440 192) (328 -1528 192) (16 -1528 192) 
4 1441 1478 (-2304 -1440 192) (-2304 -1128 192) (-960 -1128 192) (-960 -1440 192) 
4 1441 1477 (-960 -1128 192) (-928 -1128 192) (-928 -1440 192) (-960 -1440 192) 
4 1442 1484 (-2304 -1784 192) (-2304 -1528 192) (392 -1528 192) (392 -1784 192) 
4 1442 1447 (-2304 -1528 192) (-2304 -1784 192) (-2304 -1784 1151.2138976801866) (-2304 -1528 1151.2138976801866) 
4 1443 1446 (-2376 -1128 1168) (-2376 -1128 1159.2138976801866) (-2376 -2768.9675268702144 1159.2138976801866) (-2376 -2768.9675268702144 1168) 
4 1443 1445 (-2376 -2768.9675268702144 1168) (-2376 -2768.9675268702144 1159.2138976801866) (-2304 -2768.9675268702144 1159.2138976801866) (-2304 -2768.9675268702144 1168) 
4 1443 1444 (-2304 -2768.9675268702144 1159.2138976801866) (-2376 -2768.9675268702144 1159.2138976801866) (-2376 -1128 1159.2138976801866) (-2304 -1128 1159.2138976801866) 
4 1444 1447 (-2376 -2768.9675268702144 1151.2138976801866) (-2376 -1128 1151.2138976801866) (-2304 -1128 1151.2138976801866) (-2304 -2768.9675268702144 1151.2138976801866) 
4 1444 1446 (-2376 -1128 1159.2138976801866) (-2376 -1128 1151.2138976801866) (-2376 -2768.9675268702144 1151.2138976801866) (-2376 -2768.9675268702144 1159.2138976801866) 
4 1444 1445 (-2376 -2768.9675268702144 1159.2138976801866) (-2376 -2768.9675268702144 1151.2138976801866) (-2304 -2768.9675268702144 1151.2138976801866) (-2304 -2768.9675268702144 1159.2138976801866) 
4 1445 1447 (-2376 -2816 1151.2138976801866) (-2376 -2768.9675268702144 1151.2138976801866) (-2304 -2768.9675268702144 1151.2138976801866) (-2304 -2816 1151.2138976801866) 
4 1445 1446 (-2376 -2768.9675268702144 1168) (-2376 -2768.9675268702144 1151.2138976801866) (-2376 -2816 1151.2138976801866) (-2376 -2816 1168) 
4 1446 1447 (-2560 -2816 1151.2138976801866) (-2560 -1128 1151.2138976801866) (-2376 -1128 1151.2138976801866) (-2376 -2816 1151.2138976801866) 
4 1447 1485 (-2560 -2816 192) (-2560 -1440 192) (-2304 -1440 192) (-2304 -2816 192) 
4 1447 1479 (-2560 -1440 192) (-2560 -1128 192) (-2304 -1128 192) (-2304 -1440 192) 
4 1448 1453 (-64 -1120 8) (-24 -1120 8) (-24 -1120 88) (-64 -1120 88) 
4 1449 1475 (-720 -1120 8) (-624 -1120 8) (-624 -1120 32) (-720 -1120 32) 
4 1449 1467 (-624 -1120 32) (-624 -1120 104) (-720 -1120 104) (-720 -1120 32) 
4 1450 1486 (-960 -1104 8) (-928 -1104 8) (-928 -1120 8) (-960 -1120 8) 
4 1450 1476 (-960 -1120 8) (-928 -1120 8) (-928 -1120 128) (-960 -1120 128) 
4 1450 1451 (-960 -1104 8) (-960 -1120 8) (-960 -1120 128) (-960 -1104 128) 
4 1451 1486 (-2304 -1104 8) (-960 -1104 8) (-960 -1120 8) (-2304 -1120 8) 
4 1451 1478 (-2304 -1120 8) (-960 -1120 8) (-960 -1120 192) (-2304 -1120 192) 
4 1452 1487 (-2560 -1104 8) (-2304 -1104 8) (-2304 -1120 8) (-2560 -1120 8) 
4 1452 1479 (-2560 -1120 8) (-2304 -1120 8) (-2304 -1120 192) (-2560 -1120 192) 
4 1453 1463 (-104 -1192 176) (-104 -1136 176) (-104 -1136 8) (-104 -1192 8) 
4 1453 1461 (-104 -1128 176) (-104 -1120 176) (-104 -1120 8) (-104 -1128 8) 
4 1453 1459 (-104 -1192 176) (-104 -1192 80) (-96 -1192 80) (-96 -1192 176) 
4 1453 1457 (-72 -1192 32) (-72 -1192 56) (-96 -1192 56) (-96 -1192 32) 
4 1453 1455 (-72 -1192 80) (-72 -1192 176) (-96 -1192 176) (-96 -1192 80) 
4 1453 1454 (-72 -1192 8) (16 -1192 8) (16 -1192 176) (-72 -1192 176) 
4 1454 1460 (-72 -1248 8) (16 -1248 8) (16 -1248 176) (-72 -1248 176) 
4 1454 1458 (-72 -1240 8) (-72 -1248 8) (-72 -1248 32) (-72 -1240 32) 
4 1454 1457 (-72 -1192 56) (-72 -1192 32) (-72 -1248 32) (-72 -1248 56) 
4 1454 1456 (-72 -1240 56) (-72 -1248 56) (-72 -1248 80) (-72 -1240 80) 
4 1454 1455 (-72 -1192 176) (-72 -1192 80) (-72 -1248 80) (-72 -1248 176) 
4 1455 1460 (-72 -1248 80) (-72 -1248 176) (-96 -1248 176) (-96 -1248 80) 
4 1455 1459 (-96 -1192 176) (-96 -1192 80) (-96 -1248 80) (-96 -1248 176) 
3 1455 1456 (-72 -1240 80) (-72 -1248 80) (-80.00000000000006 -1248 80) 
4 1456 1460 (-72 -1248 56) (-72 -1248 80) (-80.00000000000006 -1248 80) (-80.00000000000006 -1248 56) 
3 1456 1457 (-72 -1240 56) (-72 -1248 56) (-80.00000000000006 -1248 56) 
4 1457 1460 (-72 -1248 32) (-72 -1248 56) (-96 -1248 56) (-96 -1248 32) 
3 1457 1458 (-72 -1240 32) (-72 -1248 32) (-80.00000000000006 -1248 32) 
4 1458 1460 (-80.00000000000006 -1248 8) (-72 -1248 8) (-72 -1248 32) (-80.00000000000006 -1248 32) 
4 1459 1463 (-104 -1248 176) (-104 -1192 176) (-104 -1192 80) (-104 -1248 80) 
4 1459 1460 (-104 -1248 176) (-104 -1248 80) (-96 -1248 80) (-96 -1248 176) 
5 1460 1465 (-104 -1440 8) (-104 -1440 104.00000000000009) (-104 -1368 176) (-104 -1344 176) (-104 -1344 8) 
4 1460 1463 (-104 -1336 176) (-104 -1248 176) (-104 -1248 8) (-104 -1336 8) 
4 1461 1462 (-112 -1128 176) (-112 -1120 176) (-112 -1120 8) (-112 -1128 8) 
4 1462 1497 (-288 -1120 8) (-112 -1120 8) (-112 -1136 8) (-288 -1136 8) 
4 1462 1469 (-288 -1128 8) (-288 -1136 8) (-288 -1136 24) (-288 -1128 24) 
4 1462 1466 (-288 -1120 176) (-288 -1120 32) (-288 -1136 32) (-288 -1136 176) 
4 1462 1463 (-112 -1136 176) (-288 -1136 176) (-288 -1136 8) (-112 -1136 8) 
4 1463 1498 (-112 -1336 8) (-288 -1336 8) (-288 -1224 8) (-112 -1224 8) 
4 1463 1497 (-112 -1224 8) (-288 -1224 8) (-288 -1136 8) (-112 -1136 8) 
4 1463 1470 (-288 -1224 8) (-288 -1336 8) (-288 -1336 32) (-288 -1224 32) 
4 1463 1469 (-288 -1136 8) (-288 -1216 8) (-288 -1216 24) (-288 -1136 24) 
4 1463 1466 (-288 -1336 32) (-288 -1336 176) (-288 -1136 176) (-288 -1136 32) 
4 1463 1464 (-112 -1336 176) (-288 -1336 176) (-288 -1336 8) (-112 -1336 8) 
4 1464 1506 (-112 -1344 8) (-288 -1344 8) (-288 -1336 8) (-112 -1336 8) 
4 1464 1465 (-112 -1344 176) (-288 -1344 176) (-288 -1344 8) (-112 -1344 8) 
4 1465 1506 (-112 -1440 8) (-288 -1440 8) (-288 -1344 8) (-112 -1344 8) 
4 1465 1471 (-288 -1344 8) (-288 -1440 8) (-288 -1440 32) (-288 -1344 32) 
5 1465 1468 (-288 -1440 32) (-288 -1440 104.00000000000009) (-288 -1368.0000000000002 176) (-288 -1344 176) (-288 -1344 32) 
4 1466 1470 (-288 -1224 32) (-288 -1336 32) (-296 -1336 32) (-296 -1224 32) 
4 1466 1467 (-296 -1120 32) (-296 -1336 32) (-296 -1336 176) (-296 -1120 176) 
4 1467 1475 (-720 -1344 32) (-720 -1120 32) (-376 -1120 32) (-376 -1344 32) 
4 1467 1473 (-376 -1120 32) (-368 -1120 32) (-368 -1336 32) (-376 -1336 32) 
4 1467 1472 (-368 -1120 32) (-296 -1120 32) (-296 -1344 32) (-368 -1344 32) 
4 1467 1468 (-720 -1344 32) (-296 -1344 32) (-296 -1344 176) (-720 -1344 176) 
4 1468 1475 (-720 -1440 32) (-720 -1344 32) (-376 -1344 32) (-376 -1440 32) 
4 1468 1472 (-368 -1344 32) (-296 -1344 32) (-296 -1440 32) (-368 -1440 32) 
4 1468 1471 (-296 -1344 32) (-288 -1344 32) (-288 -1440 32) (-296 -1440 32) 
4 1469 1472 (-296 -1128 24) (-296 -1128 8) (-296 -1216 8) (-296 -1216 24) 
4 1470 1498 (-288 -1224 8) (-288 -1336 8) (-296 -1336 8) (-296 -1224 8) 
4 1470 1472 (-296 -1336 32) (-296 -1224 32) (-296 -1224 8) (-296 -1336 8) 
4 1471 1472 (-296 -1440 8) (-296 -1440 32) (-296 -1344 32) (-296 -1344 8) 
4 1472 1502 (-352 -1336 8) (-360 -1336 8) (-360 -1224 8) (-352 -1224 8) 
4 1472 1501 (-336 -1336 8) (-344 -1336 8) (-344 -1224 8) (-336 -1224 8) 
4 1472 1500 (-320 -1336 8) (-328 -1336 8) (-328 -1224 8) (-320 -1224 8) 
4 1472 1499 (-304 -1336 8) (-312 -1336 8) (-312 -1224 8) (-304 -1224 8) 
4 1472 1474 (-368 -1344 24) (-368 -1344 8) (-368 -1432 8) (-368 -1432 24) 
4 1472 1473 (-368 -1336 32) (-368 -1120 32) (-368 -1120 8) (-368 -1336 8) 
4 1473 1503 (-368 -1224 8) (-368 -1336 8) (-376 -1336 8) (-376 -1224 8) 
4 1473 1475 (-376 -1336 32) (-376 -1120 32) (-376 -1120 8) (-376 -1336 8) 
4 1474 1475 (-376 -1344 24) (-376 -1344 8) (-376 -1432 8) (-376 -1432 24) 
4 1475 1507 (-600 -1120 8) (-376 -1120 8) (-376 -1440 8) (-600 -1440 8) 
4 1476 1514 (-960 -1120 8) (-928 -1120 8) (-928 -1128 8) (-960 -1128 8) 
4 1476 1478 (-960 -1120 128) (-960 -1120 8) (-960 -1128 8) (-960 -1128 128) 
4 1476 1477 (-960 -1128 128) (-960 -1128 8) (-928 -1128 8) (-928 -1128 128) 
4 1477 1514 (-928 -1128 8) (-928 -1440 8) (-960 -1440 8) (-960 -1128 8) 
4 1477 1483 (-960 -1440 8) (-928 -1440 8) (-928 -1440 192) (-960 -1440 192) 
4 1477 1478 (-960 -1128 8) (-960 -1440 8) (-960 -1440 192) (-960 -1128 192) 
4 1478 1514 (-2304 -1120 8) (-960 -1120 8) (-960 -1440 8) (-2304 -1440 8) 
4 1478 1483 (-2304 -1440 8) (-960 -1440 8) (-960 -1440 192) (-2304 -1440 192) 
4 1479 1515 (-2560 -1120 8) (-2304 -1120 8) (-2304 -1440 8) (-2560 -1440 8) 
4 1479 1485 (-2560 -1440 8) (-2304 -1440 8) (-2304 -1440 192) (-2560 -1440 192) 
4 1480 1517 (16 -1440 8) (392 -1440 8) (392 -1528 8) (16 -1528 8) 
4 1480 1482 (16 -1456 8) (16 -1528 8) (16 -1528 192) (16 -1456 192) 
4 1480 1481 (16 -1440 192) (16 -1440 176) (16 -1456 176) (16 -1456 192) 
4 1481 1483 (-928 -1440 192) (-928 -1440 176) (-928 -1456 176) (-928 -1456 192) 
4 1481 1482 (-928 -1456 192) (-928 -1456 176) (16 -1456 176) (16 -1456 192) 
4 1482 1519 (16 -1456 8) (16 -1528 8) (-928 -1528 8) (-928 -1456 8) 
4 1482 1483 (-928 -1456 8) (-928 -1528 8) (-928 -1528 192) (-928 -1456 192) 
4 1483 1520 (-2304 -1528 8) (-2304 -1440 8) (-928 -1440 8) (-928 -1528 8) 
4 1484 1521 (-2304 -1784 8) (-2304 -1528 8) (392 -1528 8) (392 -1784 8) 
4 1484 1485 (-2304 -1528 8) (-2304 -1784 8) (-2304 -1784 192) (-2304 -1528 192) 
4 1485 1522 (-2560 -2816 8) (-2560 -1440 8) (-2304 -1440 8) (-2304 -2816 8) 
4 1486 1514 (-2304 -1120 -528) (-928 -1120 -528) (-928 -1120 8) (-2304 -1120 8) 
4 1486 1488 (-928 -1120 -528) (-2304 -1120 -528) (-2304 -1104 -528) (-928 -1104 -528) 
4 1487 1515 (-2560 -1120 -528) (-2304 -1120 -528) (-2304 -1120 8) (-2560 -1120 8) 
4 1487 1490 (-2304 -1120 -528) (-2560 -1120 -528) (-2560 -1104 -528) (-2304 -1104 -528) 
4 1488 1514 (-928 -1120 -528) (-2304 -1120 -528) (-2304 -1120 -544) (-928 -1120 -544) 
4 1488 1489 (-928 -1120 -544) (-2304 -1120 -544) (-2304 -1104 -544) (-928 -1104 -544) 
4 1489 1514 (-2304 -1120 -1136) (-928 -1120 -1136) (-928 -1120 -544) (-2304 -1120 -544) 
4 1489 1513 (-928 -1120 -1136) (-912 -1120 -1136) (-912 -1120 -544) (-928 -1120 -544) 
4 1489 1512 (-912 -1120 -1136) (-624 -1120 -1136) (-624 -1120 -544) (-912 -1120 -544) 
4 1489 1510 (-624 -1120 -1136) (-88 -1120 -1136) (-88 -1120 -544) (-624 -1120 -544) 
4 1489 1494 (-88 -1120 -1136) (376 -1120 -1136) (376 -1120 -544) (-88 -1120 -544) 
4 1489 1492 (376 -1120 -1136) (392 -1120 -1136) (392 -1120 -544) (376 -1120 -544) 
4 1490 1515 (-2560 -1120 -1136) (-2304 -1120 -1136) (-2304 -1120 -528) (-2560 -1120 -528) 
4 1490 1491 (-2304 -1120 -1136) (-2376 -1120 -1136) (-2376 -1104 -1136) (-2304 -1104 -1136) 
4 1491 1516 (-624 -1120 -1136) (-2376 -1120 -1136) (-2376 -1120 -1144) (-624 -1120 -1144) 
4 1491 1511 (-88 -1120 -1136) (-624 -1120 -1136) (-624 -1120 -1144) (-88 -1120 -1144) 
4 1491 1495 (376 -1120 -1136) (-88 -1120 -1136) (-88 -1120 -1144) (376 -1120 -1144) 
4 1491 1493 (392 -1120 -1144) (392 -1120 -1136) (376 -1120 -1136) (376 -1120 -1144) 
4 1492 1517 (392 -1440 -1136) (392 -1440 -312) (376 -1440 -312) (376 -1440 -1136) 
4 1492 1494 (376 -1120 -544) (376 -1120 -1136) (376 -1440 -1136) (376 -1440 -544) 
4 1493 1523 (392 -1440 -1144) (392 -1440 -1136) (376 -1440 -1136) (376 -1440 -1144) 
4 1493 1495 (376 -1120 -1136) (376 -1120 -1144) (376 -1440 -1144) (376 -1440 -1136) 
4 1494 1518 (16 -1440 -544) (-88 -1440 -544) (-88 -1440 -1136) (16 -1440 -1136) 
4 1494 1517 (376 -1440 -1136) (376 -1440 -544) (16 -1440 -544) (16 -1440 -1136) 
4 1494 1510 (-88 -1120 -544) (-88 -1120 -1136) (-88 -1440 -1136) (-88 -1440 -544) 
4 1495 1523 (376 -1440 -1144) (376 -1440 -1136) (-88 -1440 -1136) (-88 -1440 -1144) 
4 1495 1511 (-88 -1120 -1136) (-88 -1120 -1144) (-88 -1440 -1144) (-88 -1440 -1136) 
4 1496 1504 (-112 -1224 -528) (-88 -1224 -528) (-88 -1224 -16) (-112 -1224 8.881784197001252e-16) 
4 1496 1497 (-112 -1120 8.881784197001252e-16) (-112 -1120 -528) (-112 -1224 -528) (-112 -1224 0) 
4 1497 1504 (-288 -1224 -528) (-112 -1224 -528) (-112 -1224 -0) (-288 -1224 -0) 
4 1497 1498 (-112 -1224 -0) (-112 -1224 8) (-288 -1224 8) (-288 -1224 -0) 
4 1498 1506 (-288 -1336 0) (-112 -1336 0) (-112 -1336 8) (-288 -1336 8) 
4 1498 1504 (-112 -1336 0) (-296 -1336 0) (-296 -1224 0) (-112 -1224 0) 
4 1499 1504 (-304 -1336 0) (-312 -1336 0) (-312 -1224 0) (-304 -1224 0) 
4 1500 1504 (-320 -1336 0) (-328 -1336 0) (-328 -1224 0) (-320 -1224 0) 
4 1501 1504 (-336 -1336 0) (-344 -1336 0) (-344 -1224 0) (-336 -1224 0) 
4 1502 1504 (-352 -1336 0) (-360 -1336 0) (-360 -1224 0) (-352 -1224 0) 
4 1503 1507 (-376 -1336 -0) (-376 -1336 8) (-376 -1224 8) (-376 -1224 -0) 
4 1503 1504 (-368 -1336 0) (-376 -1336 0) (-376 -1224 0) (-368 -1224 0) 
4 1504 1507 (-376 -1224 -528) (-376 -1336 -528) (-376 -1336 -0) (-376 -1224 -0) 
4 1504 1506 (-288 -1336 -528) (-112 -1336 -528) (-112 -1336 0) (-288 -1336 0) 
4 1504 1505 (-112 -1336 -528) (-88 -1336 -528) (-88 -1336 -16) (-112 -1336 0) 
4 1505 1506 (-112 -1336 8.881784197001252e-16) (-112 -1336 -528) (-112 -1440 -528) (-112 -1440 0) 
4 1507 1509 (-600 -1120 -16) (-600 -1120 -528) (-600 -1440 -528) (-600 -1440 -16) 
4 1507 1508 (-600 -1120 0) (-600 -1120 -16) (-600 -1440 -16) (-600 -1440 0) 
4 1508 1509 (-616 -1120 -16) (-600 -1120 -16) (-600 -1440 -16) (-616 -1440 -16) 
4 1510 1518 (-88 -1440 -1136) (-88 -1440 -544) (-624 -1440 -544) (-624 -1440 -1136) 
4 1510 1512 (-624 -1120 -544) (-624 -1120 -1136) (-624 -1440 -1136) (-624 -1440 -544) 
4 1511 1523 (-88 -1440 -1144) (-88 -1440 -1136) (-624 -1440 -1136) (-624 -1440 -1144) 
4 1511 1516 (-624 -1120 -1136) (-624 -1120 -1144) (-624 -1440 -1144) (-624 -1440 -1136) 
4 1512 1518 (-912 -1440 -1136) (-624 -1440 -1136) (-624 -1440 -544) (-912 -1440 -544) 
4 1512 1513 (-912 -1120 -544) (-912 -1120 -1136) (-912 -1440 -1136) (-912 -1440 -544) 
4 1513 1518 (-928 -1440 -1136) (-912 -1440 -1136) (-912 -1440 -544) (-928 -1440 -544) 
4 1513 1514 (-928 -1120 -528) (-928 -1120 -1136) (-928 -1440 -1136) (-928 -1440 -528) 
4 1514 1520 (-2304 -1440 -1136) (-928 -1440 -1136) (-928 -1440 8) (-2304 -1440 8) 
4 1515 1522 (-2560 -1440 -1136) (-2304 -1440 -1136) (-2304 -1440 8) (-2560 -1440 8) 
4 1515 1516 (-2376 -1120 -1136) (-2304 -1120 -1136) (-2304 -1440 -1136) (-2376 -1440 -1136) 
4 1516 1523 (-624 -1440 -1144) (-624 -1440 -1136) (-2376 -1440 -1136) (-2376 -1440 -1144) 
4 1517 1519 (16 -1456 -1136) (16 -1528 -1136) (16 -1528 8) (16 -1456 8) 
4 1517 1518 (16 -1440 -544) (16 -1440 -1136) (16 -1456 -1136) (16 -1456 -544) 
4 1518 1520 (-928 -1440 -544) (-928 -1440 -1136) (-928 -1456 -1136) (-928 -1456 -544) 
4 1518 1519 (-928 -1456 -544) (-928 -1456 -1136) (16 -1456 -1136) (16 -1456 -544) 
4 1519 1520 (-928 -1456 -1136) (-928 -1528 -1136) (-928 -1528 8) (-928 -1456 8) 
4 1521 1523 (-2304 -1784 -1136) (-2304 -1528 -1136) (392 -1528 -1136) (392 -1784 -1136) 
4 1521 1522 (-2304 -1528 -1136) (-2304 -1784 -1136) (-2304 -1784 8) (-2304 -1528 8) 
4 1522 1523 (-2376 -1440 -1136) (-2304 -1440 -1136) (-2304 -2760 -1136) (-2376 -2760 -1136) 
0 -1
1 -1
2 -1
3 -1
4 -1
5 -1
6 -1
7 -1
8 -1
9 -1
10 -1
11 -1
12 -1
13 -1
14 -1
15 -1
16 -1
17 -1
18 -1
19 -1
20 -1
21 -1
22 -1
23 -1
24 -1
25 -1
26 -1
27 -1
28 -1
29 -1
30 -1
31 -1
32 -1
33 -1
34 -1
35 -1
36 -1
37 -1
38 -1
39 -1
40 -1
41 -1
42 -1
43 -1
44 -1
45 -1
46 -1
47 -1
48 -1
49 -1
50 -1
51 -1
52 -1
53 -1
54 -1
55 -1
56 -1
57 -1
58 -1
59 -1
60 -1
61 -1
62 -1
63 -1
64 -1
65 -1
66 -1
67 -1
68 -1
69 -1
70 -1
71 -1
72 -1
73 -1
74 -1
75 -1
76 -1
77 -1
78 -1
79 -1
80 -1
81 -1
82 -1
83 -1
84 -1
85 -1
86 -1
87 -1
88 -1
89 -1
90 -1
91 -1
92 -1
93 -1
94 -1
95 -1
96 -1
97 -1
98 -1
99 -1
100 -1
101 -1
102 -1
103 -1
104 -1
105 -1
106 -1
107 -1
108 -1
109 -1
110 -1
111 -1
112 -1
113 -1
114 -1
115 -1
116 -1
117 -1
118 -1
119 -1
120 -1
121 -1
122 -1
123 -1
124 -1
125 -1
126 -1
127 -1
128 -1
129 -1
130 -1
131 -1
132 -1
133 -1
134 -1
135 -1
136 -1
137 -1
138 -1
139 -1
140 -1
141 -1
142 -1
143 -1
144 -1
145 -1
146 -1
147 -1
148 -1
149 -1
150 -1
151 -1
152 -1
153 -1
154 -1
155 -1
156 -1
157 -1
158 159 160 -1
161 -1
162 -1
163 -1
164 -1
165 -1
166 -1
167 -1
168 -1
169 -1
170 -1
171 -1
172 -1
173 -1
174 -1
175 -1
176 -1
177 -1
178 -1
179 -1
180 -1
181 -1
182 -1
183 -1
184 -1
185 -1
186 -1
187 -1
188 -1
189 -1
190 -1
191 -1
192 -1
193 -1
194 -1
195 -1
196 -1
197 -1
198 -1
199 -1
200 -1
201 -1
202 -1
203 -1
204 -1
205 -1
206 -1
207 -1
208 -1
209 -1
210 -1
211 -1
212 -1
213 -1
214 -1
215 -1
216 -1
217 -1
218 -1
219 -1
220 -1
221 -1
222 -1
223 -1
224 -1
225 -1
226 -1
227 -1
228 -1
229 -1
230 -1
231 -1
232 -1
233 -1
234 -1
235 -1
236 -1
237 -1
238 -1
239 -1
240 -1
241 -1
242 -1
243 -1
244 -1
245 -1
246 -1
247 -1
248 -1
249 -1
250 -1
251 -1
252 -1
253 -1
254 -1
255 -1
256 -1
257 -1
258 -1
259 -1
260 -1
261 -1
262 -1
263 -1
264 -1
265 -1
266 -1
267 -1
268 -1
269 -1
270 -1
271 -1
272 -1
273 -1
274 -1
275 -1
276 -1
277 -1
278 -1
279 -1
280 -1
281 -1
282 -1
283 -1
284 -1
285 -1
286 -1
287 -1
288 -1
289 -1
290 -1
291 -1
292 -1
293 -1
294 -1
295 -1
296 -1
297 -1
298 -1
299 -1
300 -1
301 -1
302 -1
303 -1
304 -1
305 -1
306 -1
307 -1
308 -1
309 -1
310 -1
311 -1
312 -1
313 -1
314 -1
315 -1
316 -1
317 -1
318 -1
319 -1
320 -1
321 -1
322 -1
323 -1
324 -1
325 -1
326 -1
327 -1
328 -1
329 -1
330 -1
331 -1
332 -1
333 -1
334 -1
335 -1
336 -1
337 -1
338 -1
339 -1
340 -1
341 -1
342 -1
343 -1
344 -1
345 -1
346 -1
347 -1
348 -1
349 -1
350 -1
351 -1
352 -1
353 -1
354 -1
355 -1
356 -1
357 -1
358 -1
359 -1
360 -1
361 -1
362 -1
363 -1
364 -1
365 -1
366 -1
367 -1
368 -1
369 -1
370 -1
371 -1
372 -1
373 -1
374 -1
375 -1
376 -1
377 -1
378 -1
379 -1
380 -1
381 -1
382 -1
383 -1
384 -1
385 -1
386 -1
387 -1
388 -1
389 -1
390 -1
391 -1
392 -1
393 -1
394 -1
395 -1
396 -1
397 -1
398 -1
399 -1
400 -1
401 -1
402 -1
403 -1
404 -1
405 -1
406 -1
407 -1
408 -1
409 -1
410 -1
411 -1
412 -1
413 -1
414 -1
415 -1
416 -1
417 -1
418 -1
419 -1
420 -1
421 -1
422 -1
423 -1
424 -1
425 -1
426 -1
427 -1
428 -1
429 -1
430 -1
431 -1
432 -1
433 -1
434 -1
435 -1
436 -1
437 -1
438 -1
439 -1
440 -1
441 -1
442 -1
443 -1
444 -1
445 -1
446 -1
447 -1
448 -1
449 -1
450 -1
451 -1
452 -1
453 -1
454 -1
455 -1
456 -1
457 -1
458 -1
459 -1
460 -1
461 -1
462 -1
463 -1
464 -1
465 -1
466 -1
467 -1
468 -1
469 -1
470 -1
471 -1
472 -1
473 -1
474 -1
475 -1
476 -1
477 -1
478 -1
479 -1
480 -1
481 -1
482 -1
483 -1
484 -1
485 -1
486 -1
487 -1
488 -1
489 -1
490 -1
491 -1
492 -1
493 -1
494 -1
495 -1
496 -1
497 -1
498 -1
499 -1
500 -1
501 -1
502 -1
503 -1
504 -1
505 -1
506 -1
507 -1
508 -1
509 -1
510 -1
511 512 513 -1
514 -1
515 -1
516 -1
517 -1
518 -1
519 -1
520 -1
521 -1
522 -1
523 -1
524 -1
525 -1
526 -1
527 -1
528 -1
529 -1
530 -1
531 -1
532 -1
533 -1
534 -1
535 -1
536 -1
537 -1
538 -1
539 -1
540 -1
541 -1
542 -1
543 -1
544 -1
545 -1
546 -1
547 -1
548 -1
549 -1
550 -1
551 -1
552 -1
553 -1
554 -1
555 -1
556 -1
557 -1
558 -1
559 -1
560 -1
561 -1
562 -1
563 -1
564 -1
565 -1
566 -1
567 -1
568 -1
569 -1
570 -1
571 -1
572 -1
573 -1
574 -1
575 -1
576 -1
577 -1
578 -1
579 -1
580 -1
581 -1
582 -1
583 -1
584 -1
585 -1
586 -1
587 -1
588 -1
589 -1
590 -1
591 -1
592 -1
593 -1
594 -1
595 -1
596 -1
597 -1
598 -1
599 -1
600 -1
601 -1
602 -1
603 -1
604 -1
605 -1
606 -1
607 -1
608 -1
609 -1
610 -1
611 -1
612 -1
613 -1
614 -1
615 -1
616 -1
617 -1
618 -1
619 -1
620 -1
621 -1
622 -1
623 -1
624 -1
625 -1
626 -1
627 -1
628 -1
629 -1
630 -1
631 -1
632 -1
633 -1
634 -1
635 -1
636 -1
637 -1
638 -1
639 -1
640 -1
641 -1
642 -1
643 -1
644 -1
645 -1
646 -1
647 -1
648 -1
649 -1
650 -1
651 -1
652 -1
653 -1
654 -1
655 -1
656 -1
657 -1
658 -1
659 -1
660 -1
661 -1
662 -1
663 -1
664 -1
665 -1
666 -1
667 -1
668 -1
669 -1
670 -1
671 -1
672 -1
673 -1
674 -1
675 -1
676 -1
677 -1
678 -1
679 -1
680 -1
681 -1
682 -1
683 -1
684 -1
685 -1
686 -1
687 -1
688 -1
689 -1
690 -1
691 -1
692 -1
693 -1
694 -1
695 -1
696 -1
697 -1
698 -1
699 -1
700 -1
701 -1
702 -1
703 -1
704 -1
705 -1
706 -1
707 -1
708 -1
709 -1
710 -1
711 -1
712 -1
713 -1
714 -1
715 -1
716 -1
717 -1
718 -1
719 -1
720 -1
721 -1
722 -1
723 -1
724 -1
725 -1
726 -1
727 -1
728 -1
729 -1
730 -1
731 -1
732 -1
733 -1
734 -1
735 -1
736 -1
737 -1
738 -1
739 -1
740 -1
741 -1
742 -1
743 -1
744 -1
745 -1
746 -1
747 -1
748 -1
749 -1
750 -1
751 -1
752 -1
753 -1
754 -1
755 -1
756 -1
757 -1
758 -1
759 -1
760 -1
761 -1
762 -1
763 -1
764 -1
765 -1
766 -1
767 -1
768 -1
769 -1
770 -1
771 -1
772 -1
773 -1
774 -1
775 -1
776 -1
777 -1
778 -1
779 -1
780 -1
781 -1
782 -1
783 -1
784 -1
785 -1
786 -1
787 -1
788 -1
789 -1
790 -1
791 -1
792 -1
793 -1
794 -1
795 -1
796 -1
797 -1
798 -1
799 -1
800 -1
801 -1
802 -1
803 -1
804 805 806 -1
807 -1
808 809 -1
810 -1
811 -1
812 -1
813 -1
814 -1
815 -1
816 -1
817 -1
818 -1
819 -1
820 -1
821 -1
822 -1
823 -1
824 -1
825 -1
826 -1
827 -1
828 -1
829 -1
830 -1
831 -1
832 -1
833 -1
834 -1
835 -1
836 -1
837 -1
838 -1
839 -1
840 -1
841 -1
842 -1
843 -1
844 -1
845 -1
846 -1
847 -1
848 -1
849 -1
850 -1
851 -1
852 -1
853 -1
854 -1
855 -1
856 -1
857 -1
858 -1
859 -1
860 -1
861 -1
862 -1
863 -1
864 -1
865 -1
866 -1
867 -1
868 -1
869 -1
870 -1
871 -1
872 -1
873 -1
874 -1
875 -1
876 -1
877 -1
878 -1
879 -1
880 -1
881 -1
882 -1
883 -1
884 -1
885 -1
886 -1
887 -1
888 -1
889 -1
890 -1
891 -1
892 -1
893 -1
894 -1
895 -1
896 -1
897 -1
898 -1
899 -1
900 -1
901 -1
902 -1
903 -1
904 -1
905 -1
906 -1
907 -1
908 -1
909 -1
910 -1
911 -1
912 -1
913 -1
914 -1
915 -1
916 -1
917 -1
918 -1
919 -1
920 -1
921 -1
922 -1
923 -1
924 -1
925 -1
926 -1
927 -1
928 -1
929 -1
930 -1
931 -1
932 -1
933 -1
934 -1
935 -1
936 -1
937 -1
938 -1
939 -1
940 -1
941 -1
942 -1
943 -1
944 -1
945 -1
946 -1
947 -1
948 -1
949 -1
950 -1
951 -1
952 -1
953 -1
954 -1
955 -1
956 -1
957 -1
958 -1
959 -1
960 -1
961 -1
962 -1
963 -1
964 -1
965 -1
966 -1
967 -1
968 -1
969 -1
970 -1
971 -1
972 -1
973 -1
974 -1
975 -1
976 -1
977 -1
978 -1
979 -1
980 -1
981 -1
982 -1
983 -1
984 -1
985 -1
986 -1
987 -1
988 -1
989 -1
990 -1
991 -1
992 -1
993 -1
994 -1
995 -1
996 -1
997 -1
998 -1
999 -1
1000 -1
1001 -1
1002 -1
1003 -1
1004 -1
1005 -1
1006 -1
1007 -1
1008 -1
1009 -1
1010 -1
1011 -1
1012 -1
1013 -1
1014 -1
1015 -1
1016 -1
1017 -1
1018 -1
1019 -1
1020 -1
1021 -1
1022 -1
1023 -1
1024 -1
1025 -1
1026 -1
1027 -1
1028 -1
1029 -1
1030 -1
1031 -1
1032 -1
1033 -1
1034 -1
1035 -1
1036 -1
1037 -1
1038 -1
1039 -1
1040 -1
1041 -1
1042 -1
1043 -1
1044 -1
1045 -1
1046 -1
1047 -1
1048 -1
1049 -1
1050 -1
1051 -1
1052 -1
1053 -1
1054 -1
1055 -1
1056 -1
1057 -1
1058 -1
1059 -1
1060 -1
1061 -1
1062 -1
1063 -1
1064 -1
1065 -1
1066 -1
1067 -1
1068 -1
1069 -1
1070 1071 1072 -1
1073 -1
1074 -1
1075 -1
1076 -1
1077 -1
1078 -1
1079 -1
1080 -1
1081 -1
1082 -1
1083 -1
1084 -1
1085 -1
1086 -1
1087 -1
1088 -1
1089 -1
1090 -1
1091 -1
1092 -1
1093 -1
1094 -1
1095 -1
1096 -1
1097 -1
1098 -1
1099 -1
1100 -1
1101 -1
1102 -1
1103 -1
1104 -1
1105 -1
1106 -1
1107 -1
1108 -1
1109 -1
1110 -1
1111 -1
1112 -1
1113 -1
1114 -1
1115 -1
1116 -1
1117 -1
1118 -1
1119 -1
1120 -1
1121 -1
1122 -1
1123 -1
1124 -1
1125 -1
1126 -1
1127 -1
1128 -1
1129 -1
1130 -1
1131 -1
1132 -1
1133 -1
1134 -1
1135 -1
1136 -1
1137 -1
1138 -1
1139 -1
1140 -1
1141 -1
1142 -1
1143 -1
1144 -1
1145 -1
1146 -1
1147 -1
1148 -1
1149 -1
1150 -1
1151 -1
1152 -1
1153 -1
1154 -1
1155 -1
1156 -1
1157 -1
1158 -1
1159 -1
1160 -1
1161 -1
1162 -1
1163 -1
1164 -1
1165 -1
1166 -1
1167 -1
1168 -1
1169 -1
1170 -1
1171 -1
1172 -1
1173 -1
1174 -1
1175 -1
1176 -1
1177 -1
1178 -1
1179 -1
1180 -1
1181 -1
1182 -1
1183 -1
1184 -1
1185 -1
1186 -1
1187 -1
1188 -1
1189 -1
1190 -1
1191 -1
1192 -1
1193 -1
1194 -1
1195 -1
1196 -1
1197 -1
1198 -1
1199 -1
1200 -1
1201 -1
1202 -1
1203 -1
1204 -1
1205 -1
1206 -1
1207 -1
1208 -1
1209 -1
1210 -1
1211 -1
1212 -1
1213 -1
1214 -1
1215 -1
1216 -1
1217 -1
1218 -1
1219 -1
1220 -1
1221 -1
1222 -1
1223 -1
1224 -1
1225 -1
1226 -1
1227 -1
1228 -1
1229 -1
1230 -1
1231 -1
1232 -1
1233 -1
1234 -1
1235 -1
1236 -1
1237 -1
1238 -1
1239 -1
1240 -1
1241 -1
1242 -1
1243 -1
1244 -1
1245 -1
1246 -1
1247 -1
1248 -1
1249 -1
1250 -1
1251 -1
1252 -1
1253 -1
1254 -1
1255 -1
1256 -1
1257 -1
1258 -1
1259 -1
1260 -1
1261 -1
1262 -1
1263 -1
1264 -1
1265 -1
1266 -1
1267 -1
1268 -1
1269 -1
1270 -1
1271 -1
1272 -1
1273 -1
1274 -1
1275 -1
1276 -1
1277 -1
1278 -1
1279 -1
1280 -1
1281 -1
1282 -1
1283 -1
1284 -1
1285 -1
1286 -1
1287 -1
1288 -1
1289 -1
1290 -1
1291 -1
1292 -1
1293 -1
1294 -1
1295 -1
1296 -1
1297 -1
1298 -1
1299 -1
1300 -1
1301 -1
1302 -1
1303 -1
1304 -1
1305 -1
1306 -1
1307 -1
1308 -1
1309 -1
1310 -1
1311 -1
1312 -1
1313 -1
1314 -1
1315 -1
1316 -1
1317 -1
1318 -1
1319 -1
1320 -1
1321 -1
1322 -1
1323 -1
1324 -1
1325 -1
1326 -1
1327 -1
1328 -1
1329 -1
1330 -1
1331 -1
1332 -1
1333 -1
1334 -1
1335 -1
1336 -1
1337 -1
1338 -1
1339 -1
1340 -1
1341 -1
1342 -1
1343 -1
1344 -1
1345 -1
1346 -1
1347 -1
1348 -1
1349 -1
1350 -1
1351 -1
1352 -1
1353 -1
1354 -1
1355 -1
1356 -1
1357 -1
1358 -1
1359 -1
1360 -1
1361 -1
1362 -1
1363 -1
1364 -1
1365 -1
1366 -1
1367 -1
1368 -1
1369 -1
1370 -1
1371 -1
1372 -1
1373 -1
1374 -1
1375 -1
1376 -1
1377 -1
1378 -1
1379 -1
1380 -1
1381 -1
1382 -1
1383 -1
1384 -1
1385 -1
1386 -1
1387 -1
1388 -1
1389 -1
1390 -1
1391 -1
1392 -1
1393 -1
1394 -1
1395 -1
1396 -1
1397 -1
1398 -1
1399 -1
1400 -1
1401 -1
1402 -1
1403 -1
1404 -1
1405 -1
1406 -1
1407 -1
1408 -1
1409 -1
1410 -1
1411 -1
1412 -1
1413 -1
1414 -1
1415 -1
1416 -1
1417 -1
1418 -1
1419 -1
1420 -1
1421 -1
1422 -1
1423 -1
1424 -1
1425 -1
1426 -1
1427 -1
1428 -1
1429 -1
1430 -1
1431 -1
1432 -1
1433 -1
1434 -1
1435 -1
1436 -1
1437 -1
1438 -1
1439 -1
1440 -1
1441 -1
1442 -1
1443 -1
1444 -1
1445 -1
1446 -1
1447 -1
1448 -1
1449 -1
1450 -1
1451 -1
1452 -1
1453 -1
1454 -1
1455 -1
1456 -1
1457 -1
1458 -1
1459 -1
1460 -1
1461 -1
1462 -1
1463 -1
1464 -1
1465 -1
1466 -1
1467 -1
1468 -1
1469 -1
1470 -1
1471 -1
1472 1473 1474 1475 -1
1476 -1
1477 -1
1478 -1
1479 -1
1480 -1
1481 -1
1482 -1
1483 -1
1484 -1
1485 -1
1486 -1
1487 -1
1488 -1
1489 -1
1490 -1
1491 -1
1492 -1
1493 -1
1494 -1
1495 -1
1496 -1
1497 -1
1498 -1
1499 -1
1500 -1
1501 -1
1502 -1
1503 -1
1504 -1
1505 -1
1506 -1
1507 -1
1508 -1
1509 -1
1510 -1
1511 -1
1512 -1
1513 -1
1514 -1
1515 -1
1516 -1
1517 -1
1518 -1
1519 -1
1520 -1
1521 -1
1522 -1
1523 -1
1524 -1
1525 -1
1526 -1
1527 -1
1528 -1
1529 -1
1530 -1
1531 -1
1532 -1
1533 -1
1534 -1
1535 -1
