PRT2
1236
1142
3197
4 0 4 (2480 784 336) (2480 784 335.2138976801872) (2480 528 335.2138976801872) (2480 528 336) 
4 0 2 (2488 528 335.2138976801872) (2480 528 335.2138976801872) (2480 784 335.2138976801872) (2488 784 335.2138976801872) 
4 0 1 (2736 528 335.2138976801872) (2488 528 335.2138976801872) (2488 784 335.2138976801872) (2736 784 335.2138976801872) 
4 1 8 (2488 528 327.21389768018673) (2736 528 327.21389768018673) (2736 528 335.2138976801872) (2488 528 335.2138976801872) 
4 1 3 (2736 528 327.21389768018673) (2488 528 327.21389768018673) (2488 784 327.21389768018673) (2736 784 327.21389768018673) 
4 1 2 (2488 528 335.2138976801872) (2488 784 335.2138976801872) (2488 784 327.21389768018673) (2488 528 327.21389768018673) 
4 2 9 (2480 528 335.2138976801872) (2480 528 327.21389768018673) (2488 528 327.21389768018673) (2488 528 335.2138976801872) 
4 2 5 (2480 784 335.2138976801872) (2480 784 327.21389768018673) (2480 528 327.21389768018673) (2480 528 335.2138976801872) 
4 2 3 (2488 528 327.21389768018673) (2480 528 327.21389768018673) (2480 784 327.21389768018673) (2488 784 327.21389768018673) 
4 3 23 (2480 528 -872) (2480 528 -1136) (2736 528 -1136) (2736 528 -872) 
4 3 19 (2480 528 -456) (2480 528 -872) (2736 528 -872) (2736 528 -456) 
4 3 13 (2480 528 -288) (2480 528 -456) (2736 528 -456) (2736 528 -288) 
4 3 10 (2480 528 327.21389768018673) (2480 528 -288) (2736 528 -288) (2736 528 327.21389768018673) 
4 3 7 (2736 528 -1136) (2480 528 -1136) (2480 784 -1136) (2736 784 -1136) 
4 3 6 (2480 784 -1136) (2480 528 -1136) (2480 528 327.21389768018673) (2480 784 327.21389768018673) 
4 4 27 (1920 784 336) (1920 784 335.2138976801872) (1920 528 335.2138976801872) (1920 528 336) 
4 4 5 (1920 784 335.2138976801872) (2480 784 335.2138976801872) (2480 528 335.2138976801872) (1920 528 335.2138976801872) 
4 5 28 (1920 784 335.2138976801872) (1920 784 327.21389768018673) (1920 528 327.21389768018673) (1920 528 335.2138976801872) 
4 5 15 (1920 528 335.2138976801872) (1920 528 327.21389768018673) (2192 528 327.21389768018673) (2192 528 335.2138976801872) 
4 5 11 (2192 528 327.21389768018673) (2480 528 327.21389768018673) (2480 528 335.2138976801872) (2192 528 335.2138976801872) 
4 5 6 (2480 784 327.21389768018673) (2480 528 327.21389768018673) (1920 528 327.21389768018673) (1920 784 327.21389768018673) 
4 6 47 (1920 784 -1136) (1920 528 -1136) (1920 528 -496) (1920 784 -496) 
4 6 32 (1920 528 -496) (1920 528 -360) (1920 784 -360) (1920 784 -496) 
4 6 29 (1920 528 -360) (1920 528 327.21389768018673) (1920 784 327.21389768018673) (1920 784 -360) 
4 6 7 (2480 528 -1136) (1920 528 -1136) (1920 784 -1136) (2480 784 -1136) 
4 7 48 (1920 528 -1144) (1920 528 -1136) (1920 784 -1136) (1920 784 -1144) 
4 7 26 (1920 528 -1136) (1920 528 -1144) (2736 528 -1144) (2736 528 -1136) 
4 8 138 (2488 64 327.21389768018673) (2736 64 327.21389768018673) (2736 64 335.2138976801872) (2488 64 335.2138976801872) 
4 8 10 (2736 64 327.21389768018673) (2488 64 327.21389768018673) (2488 528 327.21389768018673) (2736 528 327.21389768018673) 
4 8 9 (2488 528 327.21389768018673) (2488 64 327.21389768018673) (2488 64 335.2138976801872) (2488 528 335.2138976801872) 
4 9 139 (2480 64 335.2138976801872) (2480 64 327.21389768018673) (2488 64 327.21389768018673) (2488 64 335.2138976801872) 
4 9 11 (2480 528 335.2138976801872) (2480 528 327.21389768018673) (2480 64 327.21389768018673) (2480 64 335.2138976801872) 
4 9 10 (2488 64 327.21389768018673) (2480 64 327.21389768018673) (2480 528 327.21389768018673) (2488 528 327.21389768018673) 
4 10 140 (2480 64 327.21389768018673) (2480 64 -288) (2736 64 -288) (2736 64 327.21389768018673) 
4 10 13 (2736 64 -288) (2480 64 -288) (2480 528 -288) (2736 528 -288) 
4 11 141 (2192 64 335.2138976801872) (2192 64 327.21389768018673) (2480 64 327.21389768018673) (2480 64 335.2138976801872) 
4 11 15 (2192 528 335.2138976801872) (2192 528 327.21389768018673) (2192 64 327.21389768018673) (2192 64 335.2138976801872) 
4 12 142 (2192 64 327.21389768018673) (2192 64 -288) (2480 64 -288) (2480 64 327.21389768018673) 
4 12 18 (2192 296 -152) (2192 64 -152) (2192 64 16) (2192 296 16) 
4 12 17 (2192 528 16) (2192 528 -55.99999999999994) (2192 296 -55.99999999999994) (2192 296 16) 
4 12 16 (2192 528 327.21389768018673) (2192 528 16) (2192 64 16) (2192 64 327.21389768018673) 
4 12 14 (2480 64 -288) (2360 64 -288) (2360 528 -288) (2480 528 -288) 
4 13 179 (2480 64 -456) (2736 64 -456) (2736 64 -408) (2480 64 -408) 
4 13 146 (2736 64 -408) (2736 64 -400) (2480 64 -400) (2480 64 -408) 
4 13 143 (2736 64 -400) (2736 64 -288) (2480 64 -288) (2480 64 -400) 
4 13 19 (2736 64 -456) (2480 64 -456) (2480 528 -456) (2736 528 -456) 
4 14 180 (2360 64 -456) (2480 64 -456) (2480 64 -408) (2360 64 -408) 
4 14 147 (2480 64 -408) (2480 64 -400) (2360 64 -400) (2360 64 -408) 
4 14 144 (2480 64 -400) (2480 64 -288) (2360 64 -288) (2360 64 -400) 
4 14 20 (2480 64 -456) (2360 64 -456) (2360 528 -456) (2480 528 -456) 
4 15 141 (1920 64 335.2138976801872) (1920 64 327.21389768018673) (2192 64 327.21389768018673) (2192 64 335.2138976801872) 
4 15 51 (1920 296 327.21389768018673) (1920 64 327.21389768018673) (1920 64 335.2138976801872) (1920 296 335.2138976801872) 
4 15 30 (1920 528 335.2138976801872) (1920 528 327.21389768018673) (1920 296 327.21389768018673) (1920 296 335.2138976801872) 
4 16 142 (1920 64 327.21389768018673) (1920 64 16) (2192 64 16) (2192 64 327.21389768018673) 
4 16 52 (1920 296 16) (1920 64 16) (1920 64 327.21389768018673) (1920 296 327.21389768018673) 
4 16 31 (1920 528 327.21389768018673) (1920 528 16) (1920 296 16) (1920 296 327.21389768018673) 
4 16 18 (1920 64 16) (1920 296 16) (2192 296 16) (2192 64 16) 
4 16 17 (2040 528 16) (2192 528 16) (2192 296 16) (2040 296 16) 
3 17 18 (2192 296 -55.99999999999994) (2192 296 16) (2040 296 16) 
4 18 142 (1920 64 16) (1920 64 -152) (2192 64 -152) (2192 64 16) 
4 18 52 (1920 296 -152) (1920 64 -152) (1920 64 16) (1920 296 16) 
4 19 179 (2480 64 -872) (2736 64 -872) (2736 64 -456) (2480 64 -456) 
4 19 23 (2736 64 -872) (2480 64 -872) (2480 528 -872) (2736 528 -872) 
4 20 180 (2360 64 -872) (2480 64 -872) (2480 64 -456) (2360 64 -456) 
4 20 24 (2480 64 -872) (2360 64 -872) (2360 528 -872) (2480 528 -872) 
4 21 22 (2088 80 -568) (2176 80 -568) (2176 80 -456) (2088 80 -456) 
4 22 185 (2088 64 -568) (2176 64 -568) (2176 64 -456) (2088 64 -456) 
4 23 186 (2480 64 -1136) (2736 64 -1136) (2736 64 -872) (2480 64 -872) 
4 23 26 (2736 64 -1136) (2480 64 -1136) (2480 528 -1136) (2736 528 -1136) 
4 24 187 (2360 64 -1136) (2480 64 -1136) (2480 64 -872) (2360 64 -872) 
4 24 25 (2360 528 -1136) (2360 64 -1136) (2360 64 -888) (2360 528 -888) 
4 25 188 (1920 64 -888) (1920 64 -1136) (2360 64 -1136) (2360 64 -888) 
4 25 60 (1920 296 -1136) (1920 64 -1136) (1920 64 -888) (1920 296 -888) 
4 25 49 (1920 528 -888) (1920 528 -1136) (1920 296 -1136) (1920 296 -888) 
4 26 189 (1920 64 -1136) (1920 64 -1144) (2736 64 -1144) (2736 64 -1136) 
4 26 61 (1920 296 -1144) (1920 64 -1144) (1920 64 -1136) (1920 296 -1136) 
4 26 50 (1920 528 -1136) (1920 528 -1144) (1920 296 -1144) (1920 296 -1136) 
4 27 90 (1728 784 336) (1728 784 335.2138976801872) (1728 528 335.2138976801872) (1728 528 336) 
4 27 28 (1920 528 335.2138976801872) (1728 528 335.2138976801872) (1728 784 335.2138976801872) (1920 784 335.2138976801872) 
4 28 91 (1728 784 335.2138976801872) (1728 784 327.21389768018673) (1728 528 327.21389768018673) (1728 528 335.2138976801872) 
4 28 30 (1728 528 335.2138976801872) (1728 528 327.21389768018673) (1920 528 327.21389768018673) (1920 528 335.2138976801872) 
4 28 29 (1920 528 327.21389768018673) (1728 528 327.21389768018673) (1728 784 327.21389768018673) (1920 784 327.21389768018673) 
4 29 92 (1728 784 -360) (1728 528 -360) (1728 528 327.21389768018673) (1728 784 327.21389768018673) 
4 29 45 (1728 528 -360) (1728 784 -360) (1760 784 -360) (1760 528 -360) 
4 29 40 (1760 784 -360) (1808 784 -360) (1808 528 -360) (1760 528 -360) 
4 29 38 (1808 784 -360) (1840 784 -360) (1840 528 -360) (1808 528 -360) 
4 29 32 (1840 784 -360) (1920 784 -360) (1920 528 -360) (1840 528 -360) 
4 30 93 (1728 528 335.2138976801872) (1728 528 327.21389768018673) (1728 296 327.21389768018673) (1728 296 335.2138976801872) 
4 30 51 (1728 296 335.2138976801872) (1728 296 327.21389768018673) (1920 296 327.21389768018673) (1920 296 335.2138976801872) 
4 31 94 (1728 528 327.21389768018673) (1728 528 304) (1728 296 304) (1728 296 327.21389768018673) 
4 31 52 (1728 296 327.21389768018673) (1728 296 16) (1920 296 16) (1920 296 327.21389768018673) 
4 32 47 (1840 528 -496) (1840 784 -496) (1920 784 -496) (1920 528 -496) 
4 32 38 (1840 784 -496) (1840 528 -496) (1840 528 -360) (1840 784 -360) 
4 33 36 (1840 520 -400) (1840 520 -456) (1856 520 -456) (1856 520 -400) 
4 33 35 (1872 520 -456) (1888 520 -456) (1888 520 -400) (1872 520 -400) 
4 33 34 (1904 520 -456) (1920 520 -456) (1920 520 -400) (1904 520 -400) 
4 34 37 (1904 512 -456) (1920 512 -456) (1920 512 -400) (1904 512 -400) 
4 35 37 (1872 512 -456) (1888 512 -456) (1888 512 -400) (1872 512 -400) 
4 36 37 (1840 512 -400) (1840 512 -456) (1856 512 -456) (1856 512 -400) 
4 37 62 (1840 296 -496) (1912 296 -496) (1912 296 -360) (1840 296 -360) 
4 37 57 (1920 296 -464) (1920 296 -360) (1912 296 -360) (1912 296 -464) 
4 37 39 (1840 496 -496) (1840 328 -496) (1840 328 -360) (1840 496 -360) 
4 38 47 (1808 528 -496) (1808 784 -496) (1840 784 -496) (1840 528 -496) 
4 38 40 (1808 784 -496) (1808 528 -496) (1808 528 -360) (1808 784 -360) 
4 39 44 (1808 496 -496) (1808 328 -496) (1808 328 -360) (1808 496 -360) 
4 40 47 (1760 528 -496) (1760 784 -496) (1808 784 -496) (1808 528 -496) 
4 40 45 (1760 784 -496) (1760 528 -496) (1760 528 -360) (1760 784 -360) 
4 41 43 (1760 520 -400) (1760 520 -456) (1776 520 -456) (1776 520 -400) 
4 41 42 (1792 520 -456) (1808 520 -456) (1808 520 -400) (1792 520 -400) 
4 42 44 (1792 512 -456) (1808 512 -456) (1808 512 -400) (1792 512 -400) 
4 43 44 (1760 512 -400) (1760 512 -456) (1776 512 -456) (1776 512 -400) 
4 44 86 (1808 296 -384) (1808 296 -360) (1760 296 -360) (1760 296 -384) 
4 44 46 (1760 496 -496) (1760 328 -496) (1760 328 -360) (1760 496 -360) 
4 45 92 (1728 784 -496) (1728 528 -496) (1728 528 -360) (1728 784 -360) 
4 45 47 (1728 528 -496) (1728 784 -496) (1760 784 -496) (1760 528 -496) 
5 46 98 (1728 496 -496) (1728 328 -496) (1728 328 -447.9999999999965) (1728 380.7999999999994 -360) (1728 496 -360) 
4 47 135 (1728 784 -1136) (1728 528 -1136) (1728 528 -872) (1728 784 -872) 
4 47 114 (1728 528 -872) (1728 528 -760) (1728 784 -760) (1728 784 -872) 
4 47 100 (1728 528 -760) (1728 528 -736) (1728 784 -736) (1728 784 -760) 
4 47 92 (1728 528 -736) (1728 528 -496) (1728 784 -496) (1728 784 -736) 
4 47 48 (1920 528 -1136) (1728 528 -1136) (1728 784 -1136) (1920 784 -1136) 
4 48 137 (1728 528 -1144) (1728 528 -1136) (1728 784 -1136) (1728 784 -1144) 
4 48 50 (1920 528 -1144) (1920 528 -1136) (1728 528 -1136) (1728 528 -1144) 
4 49 136 (1728 296 -1136) (1728 296 -888) (1728 528 -888) (1728 528 -1136) 
4 49 88 (1728 296 -888) (1728 296 -1136) (1840 296 -1136) (1840 296 -888) 
4 49 82 (1840 296 -1136) (1912 296 -1136) (1912 296 -888) (1840 296 -888) 
4 49 60 (1912 296 -1136) (1920 296 -1136) (1920 296 -888) (1912 296 -888) 
4 50 137 (1728 296 -1144) (1728 296 -1136) (1728 528 -1136) (1728 528 -1144) 
4 50 89 (1728 296 -1136) (1728 296 -1144) (1840 296 -1144) (1840 296 -1136) 
4 50 83 (1840 296 -1144) (1912 296 -1144) (1912 296 -1136) (1840 296 -1136) 
4 50 61 (1912 296 -1144) (1920 296 -1144) (1920 296 -1136) (1912 296 -1136) 
4 51 204 (1728 64 335.2138976801872) (1728 64 327.21389768018673) (1912 64 327.21389768018673) (1912 64 335.2138976801872) 
4 51 141 (1912 64 327.21389768018673) (1920 64 327.21389768018673) (1920 64 335.2138976801872) (1912 64 335.2138976801872) 
4 51 93 (1728 296 335.2138976801872) (1728 296 327.21389768018673) (1728 64 327.21389768018673) (1728 64 335.2138976801872) 
4 52 205 (1728 64 327.21389768018673) (1728 64 -296.0000000000009) (1912 64 -165.66666666666666) (1912 64 327.21389768018673) 
4 52 142 (1912 64 -165.66666666666666) (1920 64 -159.99999999999994) (1920 64 327.21389768018673) (1912 64 327.21389768018673) 
4 52 97 (1728 71.99999999999977 -296.0000000000002) (1728 64 -296.0000000000002) (1728 64 -288) (1728 80.00000000000001 -288) 
4 52 96 (1728 128 -288) (1728 64 -288) (1728 64 304) (1728 128 304) 
3 52 95 (1728 128 288) (1728 128 304) (1728 144 304) 
4 52 94 (1728 296 327.21389768018673) (1728 296 304) (1728 64 304) (1728 64 327.21389768018673) 
4 52 56 (1728 64 -296.00000000000045) (1728 72 -296.00000000000045) (1920 72 -160.00000000000043) (1920 64 -160.00000000000043) 
4 52 55 (1728 104 -296.00000000000045) (1728 136 -296.00000000000045) (1920 136 -160.00000000000045) (1920 104 -160.00000000000045) 
4 52 54 (1728 168 -296.00000000000045) (1728 200 -296.00000000000045) (1920 200 -160.00000000000045) (1920 168 -160.00000000000045) 
4 52 53 (1728 232 -296.00000000000045) (1728 264 -296.00000000000045) (1920 264 -160.00000000000045) (1920 232 -160.00000000000045) 
4 53 86 (1728 232 -328) (1728 264 -328) (1832 264 -254.33333333333331) (1832 232 -254.33333333333334) 
4 53 84 (1832 264 -254.33333333333331) (1840 264 -248.66666666666666) (1840 232 -248.66666666666669) (1832 232 -254.33333333333334) 
4 53 64 (1840 264 -248.66666666666666) (1912 264 -197.66666666666666) (1912 232 -197.66666666666666) (1840 232 -248.66666666666669) 
4 53 57 (1912 264 -197.66666666666666) (1920 264 -192) (1920 232 -192) (1912 232 -197.66666666666666) 
4 54 86 (1728 168 -328) (1728 200 -328) (1832 200 -254.33333333333331) (1832 168 -254.33333333333334) 
4 54 84 (1832 200 -254.33333333333331) (1840 200 -248.66666666666666) (1840 168 -248.66666666666669) (1832 168 -254.33333333333334) 
4 54 64 (1840 200 -248.66666666666666) (1912 200 -197.66666666666666) (1912 168 -197.66666666666666) (1840 168 -248.66666666666669) 
4 54 57 (1912 200 -197.66666666666666) (1920 200 -192) (1920 168 -192) (1912 168 -197.66666666666666) 
4 55 86 (1728 104 -328) (1728 136 -328) (1832 136 -254.33333333333331) (1832 104 -254.33333333333334) 
4 55 84 (1832 136 -254.33333333333331) (1840 136 -248.66666666666666) (1840 104 -248.66666666666669) (1832 104 -254.33333333333334) 
4 55 64 (1840 136 -248.66666666666666) (1912 136 -197.66666666666666) (1912 104 -197.66666666666666) (1840 104 -248.66666666666669) 
4 55 57 (1912 136 -197.66666666666666) (1920 136 -192) (1920 104 -192) (1912 104 -197.66666666666666) 
4 56 205 (1728 64 -296.0000000000009) (1728 64 -328) (1912 64 -197.66666666666666) (1912 64 -165.66666666666666) 
4 56 142 (1912 64 -197.66666666666666) (1920 64 -192) (1920 64 -159.99999999999994) (1912 64 -165.66666666666666) 
3 56 97 (1728 64 -304) (1728 64 -296.0000000000002) (1728 72 -296.0000000000002) 
4 56 86 (1728 64 -328) (1728 72 -328) (1832 72 -254.33333333333331) (1832 64 -254.33333333333334) 
4 56 84 (1832 72 -254.33333333333331) (1840 72 -248.66666666666666) (1840 64 -248.66666666666669) (1832 64 -254.33333333333334) 
4 56 64 (1840 72 -248.66666666666666) (1912 72 -197.66666666666666) (1912 64 -197.66666666666666) (1840 64 -248.66666666666669) 
4 56 57 (1912 72 -197.66666666666666) (1920 72 -192) (1920 64 -192) (1912 64 -197.66666666666666) 
4 57 197 (1920 64 -464) (1920 64 -440) (1912 64 -440) (1912 64 -464) 
4 57 190 (1920 64 -440) (1920 64 -408) (1912 64 -408) (1912 64 -440) 
4 57 150 (1920 64 -408) (1920 64 -400) (1912 64 -400) (1912 64 -408) 
4 57 145 (1920 64 -400) (1920 64 -288) (1912 64 -288) (1912 64 -400) 
4 57 142 (1920 64 -288) (1920 64 -192) (1912 64 -197.66666666666666) (1912 64 -288) 
4 57 64 (1912 64 -464) (1912 64 -197.66666666666742) (1912 264 -197.66666666666745) (1912 264 -464) 
4 57 63 (1912 264 -197.66666666666745) (1912 280 -197.66666666666745) (1912 280 -464) (1912 264 -464) 
4 57 62 (1912 280 -197.66666666666745) (1912 296 -197.66666666666745) (1912 296 -464) (1912 280 -464) 
4 57 58 (1912 64 -464) (1912 271.99999999999983 -464) (1920 271.99999999999983 -464) (1920 64 -464) 
3 58 70 (1912 64 -528) (1912 64 -520) (1912 89.99999999999997 -520) 
4 58 68 (1912 64 -520) (1912 64 -512) (1912 115.99999999999997 -512) (1912 89.99999999999997 -520) 
4 58 66 (1912 64 -512) (1912 64 -504) (1912 141.99999999999994 -504) (1912 115.99999999999997 -512) 
5 58 64 (1912 64 -504) (1912 64 -464) (1912 264 -464) (1912 264 -466.4615384615384) (1912 141.99999999999994 -504) 
3 58 63 (1912 264 -464) (1912 271.99999999999983 -464) (1912 264 -466.4615384615384) 
4 59 81 (1912 64 -872) (1912 64 -608) (1912 296 -608) (1912 296 -872) 
4 60 202 (1920 64 -1136) (1920 64 -888) (1912 64 -888) (1912 64 -1136) 
4 60 82 (1912 64 -1136) (1912 64 -888) (1912 296 -888) (1912 296 -1136) 
4 61 203 (1920 64 -1144) (1920 64 -1136) (1912 64 -1136) (1912 64 -1144) 
4 61 83 (1912 64 -1144) (1912 64 -1136) (1912 296 -1136) (1912 296 -1144) 
4 62 84 (1840 280 -248.66666666666697) (1840 296 -248.66666666666697) (1840 296 -464) (1840 280 -464) 
4 62 65 (1840 280 -504) (1840 296 -504) (1912 296 -504) (1912 280 -504) 
4 62 63 (1840 280 -248.66666666666697) (1840 280 -496) (1912 280 -496) (1912 280 -197.66666666666703) 
3 63 85 (1840 264 -466.46153846153845) (1840 264 -464) (1840 272 -464) 
4 63 84 (1840 264 -248.66666666666697) (1840 280 -248.66666666666697) (1840 280 -464) (1840 264 -464) 
4 63 64 (1840 264 -248.66666666666697) (1840 264 -496) (1912 264 -496) (1912 264 -197.66666666666703) 
4 64 228 (1912 64 -504) (1912 64 -472) (1840 64 -472) (1840 64 -504) 
4 64 205 (1912 64 -464) (1912 64 -197.66666666666666) (1840 64 -248.66666666666669) (1840 64 -464) 
5 64 85 (1840 64 -504) (1840 64 -464) (1840 264 -464) (1840 264 -466.4615384615385) (1840 142 -504) 
4 64 84 (1840 64 -464) (1840 64 -248.66666666666697) (1840 264 -248.66666666666697) (1840 264 -464) 
4 64 66 (1840 64 -504) (1840 240 -504) (1912 240 -504) (1912 64 -504) 
4 64 65 (1840 256 -504) (1840 264 -504) (1912 264 -504) (1912 256 -504) 
4 65 67 (1840 256 -512) (1840 296 -512) (1912 296 -512) (1912 256 -512) 
4 66 228 (1912 64 -512) (1912 64 -504) (1840 64 -504) (1840 64 -512) 
4 66 85 (1840 64 -512) (1840 64 -504) (1840 141.99999999999991 -504) (1840 116.00000000000001 -512) 
4 66 68 (1840 64 -512) (1840 216 -512) (1912 216 -512) (1912 64 -512) 
4 66 67 (1840 232 -512) (1840 240 -512) (1912 240 -512) (1912 232 -512) 
4 67 69 (1840 232 -520) (1840 296 -520) (1912 296 -520) (1912 232 -520) 
4 68 228 (1912 64 -520) (1912 64 -512) (1840 64 -512) (1840 64 -520) 
4 68 85 (1840 64 -520) (1840 64 -512) (1840 116.00000000000009 -512) (1840 89.99999999999999 -520) 
4 68 70 (1840 64 -520) (1840 192 -520) (1912 192 -520) (1912 64 -520) 
4 68 69 (1840 208 -520) (1840 216 -520) (1912 216 -520) (1912 208 -520) 
4 69 71 (1840 208 -528) (1840 296 -528) (1912 296 -528) (1912 208 -528) 
4 70 228 (1912 64 -528) (1912 64 -520) (1840 64 -520) (1840 64 -528) 
3 70 85 (1840 64 -528) (1840 64 -520) (1840 89.99999999999994 -520) 
4 70 72 (1840 64 -528) (1840 168 -528) (1912 168 -528) (1912 64 -528) 
4 70 71 (1840 184 -528) (1840 192 -528) (1912 192 -528) (1912 184 -528) 
4 71 73 (1840 184 -536) (1840 296 -536) (1912 296 -536) (1912 184 -536) 
4 72 228 (1912 64 -536) (1912 64 -528) (1840 64 -528) (1840 64 -536) 
4 72 74 (1840 64 -536) (1840 144 -536) (1912 144 -536) (1912 64 -536) 
4 72 73 (1840 160 -536) (1840 168 -536) (1912 168 -536) (1912 160 -536) 
4 73 75 (1840 160 -544) (1840 296 -544) (1912 296 -544) (1912 160 -544) 
4 74 228 (1912 64 -544) (1912 64 -536) (1840 64 -536) (1840 64 -544) 
4 74 76 (1840 64 -544) (1840 120 -544) (1912 120 -544) (1912 64 -544) 
4 74 75 (1840 136 -544) (1840 144 -544) (1912 144 -544) (1912 136 -544) 
4 75 77 (1840 136 -552) (1840 296 -552) (1912 296 -552) (1912 136 -552) 
4 76 228 (1912 64 -552) (1912 64 -544) (1840 64 -544) (1840 64 -552) 
4 76 78 (1840 64 -552) (1840 96 -552) (1912 96 -552) (1912 64 -552) 
4 76 77 (1840 112 -552) (1840 120 -552) (1912 120 -552) (1912 112 -552) 
4 77 79 (1840 112 -560) (1840 296 -560) (1912 296 -560) (1912 112 -560) 
4 78 228 (1912 64 -560) (1912 64 -552) (1840 64 -552) (1840 64 -560) 
4 78 80 (1840 64 -560) (1840 72 -560) (1912 72 -560) (1912 64 -560) 
4 78 79 (1840 88 -560) (1840 96 -560) (1912 96 -560) (1912 88 -560) 
4 80 228 (1912 64 -568) (1912 64 -560) (1840 64 -560) (1840 64 -568) 
5 81 229 (1880 64 -776) (1840 64 -776) (1840 64 -872) (1904 64 -872) (1904 64 -824.0000000000002) 
4 81 87 (1840 64 -872) (1840 64 -608) (1840 296 -608) (1840 296 -872) 
4 82 230 (1912 64 -1136) (1912 64 -888) (1840 64 -888) (1840 64 -1136) 
4 82 88 (1840 64 -1136) (1840 64 -888) (1840 296 -888) (1840 296 -1136) 
4 83 231 (1912 64 -1144) (1912 64 -1136) (1840 64 -1136) (1840 64 -1144) 
4 83 89 (1840 64 -1144) (1840 64 -1136) (1840 296 -1136) (1840 296 -1144) 
4 84 205 (1840 64 -464) (1840 64 -248.66666666666669) (1832 64 -254.33333333333334) (1832 64 -464) 
4 84 86 (1832 64 -384) (1832 64 -254.33333333333388) (1832 296 -254.33333333333388) (1832 296 -384) 
4 84 85 (1832 64 -464) (1832 271.99999999999983 -464) (1840 271.99999999999983 -464) (1840 64 -464) 
4 85 228 (1840 64 -528) (1840 64 -472) (1832 64 -472) (1832 64 -528) 
4 86 205 (1728 64 -328) (1728 64 -384) (1832 64 -384) (1832 64 -254.33333333333334) 
5 87 229 (1776 64 -872) (1840 64 -872) (1840 64 -776) (1799.9999999999998 64 -776) (1776 64 -823.9999999999998) 
4 87 122 (1728 96 -808) (1728 96 -760) (1728 152 -760) (1728 152 -808) 
4 87 121 (1728 152 -816) (1728 152 -760) (1728 168 -760) (1728 168 -816) 
4 87 120 (1728 168 -824) (1728 168 -760) (1728 184 -760) (1728 184 -824) 
4 87 119 (1728 184 -832) (1728 184 -760) (1728 200 -760) (1728 200 -832) 
4 87 118 (1728 200 -840) (1728 200 -760) (1728 216 -760) (1728 216 -840) 
4 87 117 (1728 216 -848) (1728 216 -760) (1728 232 -760) (1728 232 -848) 
4 87 116 (1728 232 -856) (1728 232 -760) (1728 248 -760) (1728 248 -856) 
4 87 115 (1728 296 -760) (1728 296 -864) (1728 248 -864) (1728 248 -760) 
4 87 113 (1728 152 -760) (1728 96 -760) (1728 96 -736) (1728 152 -736) 
4 87 110 (1728 156 -760) (1728 152 -760) (1728 152 -736) (1728 156 -736) 
4 87 103 (1728 292 -760) (1728 156 -760) (1728 156 -736) (1728 292 -736) 
4 87 101 (1728 296 -736) (1728 296 -760) (1728 292 -760) (1728 292 -736) 
4 87 99 (1728 296 -608) (1728 296 -736) (1728 96 -736) (1728 96 -608) 
4 88 237 (1728 64 -888) (1728 64 -1136) (1736 64 -1136) (1736 64 -888) 
4 88 230 (1736 64 -1136) (1840 64 -1136) (1840 64 -888) (1736 64 -888) 
4 88 136 (1728 296 -888) (1728 296 -1136) (1728 64 -1136) (1728 64 -888) 
4 89 238 (1728 64 -1136) (1728 64 -1144) (1736 64 -1144) (1736 64 -1136) 
4 89 231 (1736 64 -1144) (1840 64 -1144) (1840 64 -1136) (1736 64 -1136) 
4 89 137 (1728 296 -1136) (1728 296 -1144) (1728 64 -1144) (1728 64 -1136) 
4 90 239 (1520 784 336) (1520 784 335.2138976801872) (1520 528 335.2138976801872) (1520 528 336) 
4 90 91 (1728 528 335.2138976801872) (1520 528 335.2138976801872) (1520 784 335.2138976801872) (1728 784 335.2138976801872) 
4 91 240 (1520 784 335.2138976801872) (1520 784 327.21389768018673) (1520 528 327.21389768018673) (1520 528 335.2138976801872) 
4 91 93 (1520 528 335.2138976801872) (1520 528 327.21389768018673) (1728 528 327.21389768018673) (1728 528 335.2138976801872) 
4 91 92 (1728 528 327.21389768018673) (1520 528 327.21389768018673) (1520 784 327.21389768018673) (1728 784 327.21389768018673) 
4 92 259 (1520 784 -736) (1520 528 -736) (1520 528 -296) (1520 784 -296) 
4 92 244 (1520 528 -296) (1520 528 -288) (1520 784 -288) (1520 784 -296) 
4 92 242 (1520 528 -288) (1520 528 327.21389768018673) (1520 784 327.21389768018673) (1520 784 -288) 
4 92 100 (1728 784 -736) (1728 528 -736) (1520 528 -736) (1520 784 -736) 
4 93 241 (1520 528 335.2138976801872) (1520 528 327.21389768018673) (1520 64 327.21389768018673) (1520 64 335.2138976801872) 
4 93 204 (1520 64 335.2138976801872) (1520 64 327.21389768018673) (1728 64 327.21389768018673) (1728 64 335.2138976801872) 
4 94 243 (1520 528 327.21389768018673) (1520 528 304) (1520 64 304) (1520 64 327.21389768018673) 
4 94 205 (1520 64 327.21389768018673) (1520 64 304) (1728 64 304) (1728 64 327.21389768018673) 
4 94 96 (1728 128 304) (1728 64 304) (1520 64 304) (1520 128 304) 
4 94 95 (1728 143.99999999999994 304) (1728 128 304) (1520 128 304) (1520 144 304) 
3 95 243 (1520 128 288) (1520 128 304) (1520 144 304) 
4 95 96 (1728 128 288) (1728 128 304) (1520 128 304) (1520 128 288) 
4 96 243 (1520 128 -288) (1520 64 -288) (1520 64 304) (1520 128 304) 
4 96 205 (1520 64 304) (1520 64 -288) (1728 64 -288) (1728 64 304) 
4 96 97 (1728 80 -288) (1728 64 -288) (1520 64 -288) (1520 80.00000000000001 -288) 
3 97 271 (1520 64 -304) (1520 64 -296) (1520 72 -296) 
4 97 258 (1520 64 -296) (1520 64 -288) (1520 80 -288) (1520 72 -296) 
4 97 205 (1520 64 -288) (1520 64 -304) (1728 64 -304) (1728 64 -288) 
4 98 269 (1520 512 -496) (1520 299.1999999999971 -496) (1520 400 -328) (1520 512 -328) 
4 99 278 (1520 96 -712) (1520 96 -560) (1520 152 -560) (1520 152 -712) 
4 99 277 (1520 168 -736) (1520 160 -736) (1520 160 -560) (1520 168 -560) 
4 99 276 (1520 184 -736) (1520 176 -736) (1520 176 -560) (1520 184 -560) 
4 99 275 (1520 200 -736) (1520 192 -736) (1520 192 -560) (1520 200 -560) 
4 99 274 (1520 216 -736) (1520 208 -736) (1520 208 -560) (1520 216 -560) 
4 99 273 (1520 232 -736) (1520 224 -736) (1520 224 -560) (1520 232 -560) 
4 99 272 (1520 296 -736) (1520 232 -736) (1520 232 -560) (1520 296 -560) 
4 99 113 (1728 152 -736) (1728 96 -736) (1520 96 -736) (1520 152 -736) 
4 99 112 (1572 152 -736) (1520 152 -736) (1520 156 -736) (1572 156 -736) 
4 99 110 (1728 156 -736) (1728 152 -736) (1648 152 -736) (1648 156 -736) 
4 99 109 (1572 156 -736) (1520 156 -736) (1520 228 -736) (1572 228 -736) 
4 99 107 (1520 228 -736) (1520 292 -736) (1572 292 -736) (1572 228 -736) 
4 99 106 (1572 292 -736) (1576 292 -736) (1576 232 -736) (1572 232 -736) 
4 99 105 (1644 156 -736) (1576 156 -736) (1576 292 -736) (1644 292 -736) 
4 99 103 (1728 292 -736) (1728 156 -736) (1648 156 -736) (1648 292 -736) 
4 99 102 (1644 292 -736) (1520 292 -736) (1520 296 -736) (1644 296 -736) 
4 99 101 (1728 296 -736) (1728 292 -736) (1648 292 -736) (1648 296 -736) 
4 100 259 (1520 784 -760) (1520 528 -760) (1520 528 -736) (1520 784 -736) 
4 100 123 (1648 528 -760) (1520 528 -760) (1520 784 -760) (1648 784 -760) 
4 100 114 (1728 784 -760) (1728 528 -760) (1648 528 -760) (1648 784 -760) 
4 101 115 (1728 296 -760) (1728 292 -760) (1648 292 -760) (1648 296 -760) 
4 101 103 (1648 292 -760) (1728 292 -760) (1728 292 -736) (1648 292 -736) 
4 102 272 (1520 296 -760) (1520 292 -760) (1520 292 -736) (1520 296 -736) 
4 102 107 (1520 292 -760) (1572 292 -760) (1572 292 -736) (1520 292 -736) 
4 102 106 (1572 292 -760) (1576 292 -760) (1576 292 -736) (1572 292 -736) 
4 102 105 (1576 292 -760) (1644 292 -760) (1644 292 -736) (1576 292 -736) 
4 103 121 (1728 168 -760) (1728 156 -760) (1648 156 -760) (1648 168 -760) 
4 103 120 (1728 184 -760) (1728 168 -760) (1648 168 -760) (1648 184 -760) 
4 103 119 (1728 200 -760) (1728 184 -760) (1648 184 -760) (1648 200 -760) 
4 103 118 (1728 216 -760) (1728 200 -760) (1648 200 -760) (1648 216 -760) 
4 103 117 (1728 232 -760) (1728 216 -760) (1648 216 -760) (1648 232 -760) 
4 103 116 (1728 248 -760) (1728 232 -760) (1648 232 -760) (1648 248 -760) 
4 103 115 (1728 292 -760) (1728 248 -760) (1648 248 -760) (1648 292 -760) 
4 103 110 (1648 156 -760) (1728 156 -760) (1728 156 -736) (1648 156 -736) 
4 103 104 (1648 292 -740) (1648 292 -760) (1648 156 -760) (1648 156 -740) 
4 104 105 (1644 292 -740) (1644 292 -760) (1644 156 -760) (1644 156 -740) 
4 105 111 (1576 156 -760) (1644 156 -760) (1644 156 -740) (1576 156 -740) 
4 105 108 (1576 228 -760) (1576 156 -760) (1576 156 -740) (1576 228 -740) 
4 105 106 (1576 292 -736) (1576 292 -760) (1576 232 -760) (1576 232 -736) 
4 106 107 (1572 292 -736) (1572 292 -760) (1572 232 -760) (1572 232 -736) 
4 107 273 (1520 232 -760) (1520 228 -760) (1520 228 -736) (1520 232 -736) 
4 107 272 (1520 292 -760) (1520 232 -760) (1520 232 -736) (1520 292 -736) 
4 107 124 (1520 228 -760) (1520 232 -760) (1568 232 -760) (1568 228 -760) 
4 107 109 (1520 228 -760) (1572 228 -760) (1572 228 -736) (1520 228 -736) 
4 108 109 (1572 228 -740) (1572 228 -760) (1572 156 -760) (1572 156 -740) 
4 109 277 (1520 168 -760) (1520 160 -760) (1520 160 -736) (1520 168 -736) 
4 109 276 (1520 184 -760) (1520 176 -760) (1520 176 -736) (1520 184 -736) 
4 109 275 (1520 200 -760) (1520 192 -760) (1520 192 -736) (1520 200 -736) 
4 109 274 (1520 216 -760) (1520 208 -760) (1520 208 -736) (1520 216 -736) 
4 109 273 (1520 228 -760) (1520 224 -760) (1520 224 -736) (1520 228 -736) 
4 109 132 (1568 156 -760) (1520 156 -760) (1520 168 -760) (1568 168 -760) 
4 109 130 (1520 168 -760) (1520 184 -760) (1568 184 -760) (1568 168 -760) 
4 109 128 (1520 184 -760) (1520 200 -760) (1568 200 -760) (1568 184 -760) 
4 109 126 (1520 200 -760) (1520 216 -760) (1568 216 -760) (1568 200 -760) 
4 109 124 (1520 216 -760) (1520 228 -760) (1568 228 -760) (1568 216 -760) 
4 109 112 (1520 156 -760) (1572 156 -760) (1572 156 -736) (1520 156 -736) 
4 110 121 (1728 156 -760) (1728 152 -760) (1648 152 -760) (1648 156 -760) 
4 110 113 (1648 152 -760) (1728 152 -760) (1728 152 -736) (1648 152 -736) 
4 111 113 (1576 152 -760) (1644 152 -760) (1644 152 -740) (1576 152 -740) 
4 112 132 (1568 152 -760) (1520 152 -760) (1520 156 -760) (1568 156 -760) 
4 112 113 (1520 152 -760) (1572 152 -760) (1572 152 -736) (1520 152 -736) 
4 113 134 (1648 96 -760) (1520 96 -760) (1520 152 -760) (1648 152 -760) 
4 113 122 (1728 152 -760) (1728 96 -760) (1648 96 -760) (1648 152 -760) 
4 114 135 (1728 784 -872) (1728 528 -872) (1648 528 -872) (1648 784 -872) 
4 114 123 (1648 784 -872) (1648 528 -872) (1648 528 -760) (1648 784 -760) 
4 115 116 (1648 248 -760) (1648 248 -856) (1728 248 -856) (1728 248 -760) 
4 116 117 (1648 232 -760) (1648 232 -848) (1728 232 -848) (1728 232 -760) 
4 117 118 (1648 216 -760) (1648 216 -840) (1728 216 -840) (1728 216 -760) 
4 118 119 (1648 200 -760) (1648 200 -832) (1728 200 -832) (1728 200 -760) 
4 119 120 (1648 184 -760) (1648 184 -824) (1728 184 -824) (1728 184 -760) 
4 120 121 (1648 168 -760) (1648 168 -816) (1728 168 -816) (1728 168 -760) 
4 121 122 (1648 152 -760) (1648 152 -808) (1728 152 -808) (1728 152 -760) 
4 122 134 (1648 96 -808) (1648 96 -760) (1648 152 -760) (1648 152 -808) 
4 123 259 (1520 784 -872) (1520 528 -872) (1520 528 -760) (1520 784 -760) 
4 123 135 (1648 784 -872) (1648 528 -872) (1520 528 -872) (1520 784 -872) 
4 124 273 (1520 224 -760) (1520 232 -760) (1520 232 -768) (1520 224 -768) 
4 124 126 (1568 216 -768) (1568 216 -760) (1520 216 -760) (1520 216 -768) 
4 125 273 (1520 232 -872) (1520 224 -872) (1520 224 -776) (1520 232 -776) 
4 125 127 (1520 216 -872) (1568 216 -872) (1568 216 -784) (1520 216 -784) 
4 126 274 (1520 208 -760) (1520 216 -760) (1520 216 -776) (1520 208 -776) 
4 126 128 (1568 200 -776) (1568 200 -760) (1520 200 -760) (1520 200 -776) 
4 127 274 (1520 216 -872) (1520 208 -872) (1520 208 -784) (1520 216 -784) 
4 127 129 (1520 200 -872) (1568 200 -872) (1568 200 -792) (1520 200 -792) 
4 128 275 (1520 192 -760) (1520 200 -760) (1520 200 -784) (1520 192 -784) 
4 128 130 (1568 184 -784) (1568 184 -760) (1520 184 -760) (1520 184 -784) 
4 129 275 (1520 200 -872) (1520 192 -872) (1520 192 -792) (1520 200 -792) 
4 129 131 (1520 184 -872) (1568 184 -872) (1568 184 -800) (1520 184 -800) 
4 130 276 (1520 176 -760) (1520 184 -760) (1520 184 -792) (1520 176 -792) 
4 130 132 (1568 168 -792) (1568 168 -760) (1520 168 -760) (1520 168 -792) 
4 131 276 (1520 184 -872) (1520 176 -872) (1520 176 -800) (1520 184 -800) 
4 131 133 (1520 168 -872) (1568 168 -872) (1568 168 -808) (1520 168 -808) 
4 132 277 (1520 160 -760) (1520 168 -760) (1520 168 -800) (1520 160 -800) 
4 132 134 (1568 152 -800) (1568 152 -760) (1520 152 -760) (1520 152 -800) 
4 133 277 (1520 168 -872) (1520 160 -872) (1520 160 -808) (1520 168 -808) 
4 135 259 (1520 784 -1136) (1520 528 -1136) (1520 528 -872) (1520 784 -872) 
4 135 137 (1728 784 -1136) (1728 528 -1136) (1520 528 -1136) (1520 784 -1136) 
4 136 300 (1520 528 -1136) (1520 64 -1136) (1520 64 -888) (1520 528 -888) 
4 136 237 (1520 64 -888) (1520 64 -1136) (1728 64 -1136) (1728 64 -888) 
4 137 301 (1520 64 -1144) (1520 64 -1136) (1520 528 -1136) (1520 528 -1144) 
4 137 260 (1520 528 -1136) (1520 784 -1136) (1520 784 -1144) (1520 528 -1144) 
4 137 238 (1520 64 -1136) (1520 64 -1144) (1728 64 -1144) (1728 64 -1136) 
4 138 319 (2488 -208 327.21389768018673) (2736 -208 327.21389768018673) (2736 -208 335.2138976801872) (2488 -208 335.2138976801872) 
4 138 140 (2736 -208 327.21389768018673) (2488 -208 327.21389768018673) (2488 64 327.21389768018673) (2736 64 327.21389768018673) 
4 138 139 (2488 64 327.21389768018673) (2488 -208 327.21389768018673) (2488 -208 335.2138976801872) (2488 64 335.2138976801872) 
4 139 320 (2480 -208 335.2138976801872) (2480 -208 327.21389768018673) (2488 -208 327.21389768018673) (2488 -208 335.2138976801872) 
4 139 141 (2480 64 335.2138976801872) (2480 64 327.21389768018673) (2480 -208 327.21389768018673) (2480 -208 335.2138976801872) 
4 139 140 (2488 -208 327.21389768018673) (2480 -208 327.21389768018673) (2480 64 327.21389768018673) (2488 64 327.21389768018673) 
4 140 495 (2480 -208 -184) (2480 -208 -288) (2736 -208 -288) (2736 -208 -184) 
4 140 324 (2480 -208 320) (2480 -208 -184) (2736 -208 -184) (2736 -208 320) 
4 140 321 (2480 -208 327.21389768018673) (2480 -208 320) (2736 -208 320) (2736 -208 327.21389768018673) 
4 140 143 (2736 -208 -288) (2480 -208 -288) (2480 64 -288) (2736 64 -288) 
4 141 322 (1912 -208 335.2138976801872) (1912 -208 327.21389768018673) (2480 -208 327.21389768018673) (2480 -208 335.2138976801872) 
4 141 204 (1912 64 335.2138976801872) (1912 64 327.21389768018673) (1912 -208 327.21389768018673) (1912 -208 335.2138976801872) 
4 142 564 (1912 -208 -184) (1912 -208 -288) (1920 -208 -288) (1920 -208 -184) 
4 142 513 (1920 -208 -288) (1936 -208 -288) (1936 -208 -184) (1920 -208 -184) 
4 142 512 (1936 -208 -288) (2160 -208 -288) (2160 -208 -184) (1936 -208 -184) 
4 142 510 (2160 -208 -288) (2176 -208 -288) (2176 -208 -184) (2160 -208 -184) 
4 142 509 (2176 -208 -288) (2192 -208 -288) (2192 -208 -184) (2176 -208 -184) 
4 142 497 (2192 -208 -288) (2360 -208 -288) (2360 -208 -184) (2192 -208 -184) 
4 142 496 (2360 -208 -288) (2480 -208 -288) (2480 -208 -184) (2360 -208 -184) 
4 142 325 (1912 -208 320) (1912 -208 -184) (2480 -208 -184) (2480 -208 320) 
4 142 323 (1912 -208 327.21389768018673) (1912 -208 320) (2480 -208 320) (2480 -208 327.21389768018673) 
4 142 205 (1912 64 327.21389768018673) (1912 64 -288) (1912 -208 -288) (1912 -208 327.21389768018673) 
4 142 145 (2192 -208 -288) (1912 -208 -288) (1912 64 -288) (2192 64 -288) 
4 142 144 (2480 -208 -288) (2360 -208 -288) (2360 64 -288) (2480 64 -288) 
4 143 505 (2480 -208 -400) (2736 -208 -400) (2736 -208 -288) (2480 -208 -288) 
4 143 176 (2736 -208 -400) (2480 -208 -400) (2480 -200 -400) (2736 -200 -400) 
4 143 151 (2480 -200 -400) (2480 -24 -400) (2736 -24 -400) (2736 -200 -400) 
4 143 146 (2480 -24 -400) (2480 64 -400) (2736 64 -400) (2736 -24 -400) 
4 144 506 (2360 -208 -400) (2480 -208 -400) (2480 -208 -288) (2360 -208 -288) 
4 144 177 (2480 -208 -400) (2360 -208 -400) (2360 -200 -400) (2480 -200 -400) 
4 144 152 (2360 -200 -400) (2360 -24 -400) (2480 -24 -400) (2480 -200 -400) 
4 144 147 (2360 -24 -400) (2360 64 -400) (2480 64 -400) (2480 -24 -400) 
4 145 565 (1912 -208 -368) (1912 -208 -400) (1920 -208 -400) (1920 -208 -368) 
4 145 564 (1912 -208 -288) (1912 -208 -368) (1920 -208 -368) (1920 -208 -288) 
4 145 513 (1920 -208 -400) (1936 -208 -400) (1936 -208 -288) (1920 -208 -288) 
4 145 512 (1936 -208 -400) (2160 -208 -400) (2160 -208 -288) (1936 -208 -288) 
4 145 510 (2160 -208 -400) (2176 -208 -400) (2176 -208 -288) (2160 -208 -288) 
4 145 509 (2176 -208 -400) (2192 -208 -400) (2192 -208 -288) (2176 -208 -288) 
4 145 205 (1912 64 -288) (1912 64 -400) (1912 -208 -400) (1912 -208 -288) 
4 145 178 (2192 -208 -400) (2184 -208 -400) (2184 -200 -400) (2192 -200 -400) 
4 145 175 (1920 -24 -400) (1928 -24 -400) (1928 -200 -400) (1920 -200 -400) 
4 145 174 (1932 -24 -400) (1940 -24 -400) (1940 -200 -400) (1932 -200 -400) 
4 145 173 (1944 -24 -400) (1952 -24 -400) (1952 -200 -400) (1944 -200 -400) 
4 145 172 (1956 -24 -400) (1964 -24 -400) (1964 -200 -400) (1956 -200 -400) 
4 145 171 (1968 -24 -400) (1976 -24 -400) (1976 -200 -400) (1968 -200 -400) 
4 145 170 (1980 -24 -400) (1988 -24 -400) (1988 -200 -400) (1980 -200 -400) 
4 145 169 (1992 -24 -400) (2000 -24 -400) (2000 -200 -400) (1992 -200 -400) 
4 145 168 (2004 -24 -400) (2012 -24 -400) (2012 -200 -400) (2004 -200 -400) 
4 145 167 (2016 -24 -400) (2024 -24 -400) (2024 -200 -400) (2016 -200 -400) 
4 145 166 (2028 -24 -400) (2036 -24 -400) (2036 -200 -400) (2028 -200 -400) 
4 145 165 (2040 -24 -400) (2048 -24 -400) (2048 -200 -400) (2040 -200 -400) 
4 145 164 (2052 -24 -400) (2060 -24 -400) (2060 -200 -400) (2052 -200 -400) 
4 145 163 (2064 -24 -400) (2072 -24 -400) (2072 -200 -400) (2064 -200 -400) 
4 145 162 (2076 -24 -400) (2084 -24 -400) (2084 -200 -400) (2076 -200 -400) 
4 145 161 (2088 -24 -400) (2096 -24 -400) (2096 -200 -400) (2088 -200 -400) 
4 145 160 (2100 -24 -400) (2108 -24 -400) (2108 -200 -400) (2100 -200 -400) 
4 145 159 (2112 -24 -400) (2120 -24 -400) (2120 -200 -400) (2112 -200 -400) 
4 145 158 (2124 -24 -400) (2132 -24 -400) (2132 -200 -400) (2124 -200 -400) 
4 145 157 (2136 -24 -400) (2144 -24 -400) (2144 -200 -400) (2136 -200 -400) 
4 145 156 (2148 -24 -400) (2156 -24 -400) (2156 -200 -400) (2148 -200 -400) 
4 145 155 (2160 -24 -400) (2168 -24 -400) (2168 -200 -400) (2160 -200 -400) 
4 145 154 (2172 -24 -400) (2176 -24 -400) (2176 -200 -400) (2172 -200 -400) 
4 145 153 (2184 -24 -400) (2192 -24 -400) (2192 -200 -400) (2184 -200 -400) 
4 145 150 (1912 -16 -400) (1912 64 -400) (2176 64 -400) (2176 -16 -400) 
4 145 149 (2176 64 -400) (2184 64 -400) (2184 -16 -400) (2176 -16 -400) 
4 145 148 (2184 64 -400) (2192 64 -400) (2192 -24 -400) (2184 -24 -400) 
4 146 179 (2736 -24 -408) (2480 -24 -408) (2480 64 -408) (2736 64 -408) 
4 146 151 (2480 -24 -408) (2736 -24 -408) (2736 -24 -400) (2480 -24 -400) 
4 147 180 (2480 -24 -408) (2360 -24 -408) (2360 64 -408) (2480 64 -408) 
4 147 152 (2360 -24 -408) (2480 -24 -408) (2480 -24 -400) (2360 -24 -400) 
4 148 181 (2192 -24 -408) (2184 -24 -408) (2184 64 -408) (2192 64 -408) 
4 148 153 (2184 -24 -408) (2192 -24 -408) (2192 -24 -400) (2184 -24 -400) 
4 148 149 (2184 64 -408) (2184 -16 -408) (2184 -16 -400) (2184 64 -400) 
4 149 182 (2176 -16 -408) (2176 64 -408) (2184 64 -408) (2184 -16 -408) 
4 149 150 (2176 64 -408) (2176 -16 -408) (2176 -16 -400) (2176 64 -400) 
4 150 205 (1912 64 -400) (1912 64 -408) (1912 -16 -408) (1912 -16 -400) 
4 150 190 (1912 -16 -408) (1912 64 -408) (1920 64 -408) (1920 -16 -408) 
4 150 184 (1920 64 -408) (2176 64 -408) (2176 -16 -408) (1920 -16 -408) 
4 151 179 (2736 -200 -408) (2480 -200 -408) (2480 -24 -408) (2736 -24 -408) 
4 151 176 (2480 -200 -408) (2736 -200 -408) (2736 -200 -400) (2480 -200 -400) 
4 152 180 (2480 -200 -408) (2360 -200 -408) (2360 -24 -408) (2480 -24 -408) 
4 152 177 (2360 -200 -408) (2480 -200 -408) (2480 -200 -400) (2360 -200 -400) 
4 153 181 (2192 -200 -408) (2184 -200 -408) (2184 -24 -408) (2192 -24 -408) 
4 153 178 (2184 -200 -408) (2192 -200 -408) (2192 -200 -400) (2184 -200 -400) 
4 154 184 (2176 -200 -408) (2172 -200 -408) (2172 -24 -408) (2176 -24 -408) 
4 155 184 (2168 -200 -408) (2160 -200 -408) (2160 -24 -408) (2168 -24 -408) 
4 156 184 (2156 -200 -408) (2148 -200 -408) (2148 -24 -408) (2156 -24 -408) 
4 157 184 (2144 -200 -408) (2136 -200 -408) (2136 -24 -408) (2144 -24 -408) 
4 158 184 (2132 -200 -408) (2124 -200 -408) (2124 -24 -408) (2132 -24 -408) 
4 159 184 (2120 -200 -408) (2112 -200 -408) (2112 -24 -408) (2120 -24 -408) 
4 160 184 (2108 -200 -408) (2100 -200 -408) (2100 -24 -408) (2108 -24 -408) 
4 161 184 (2096 -200 -408) (2088 -200 -408) (2088 -24 -408) (2096 -24 -408) 
4 162 184 (2084 -200 -408) (2076 -200 -408) (2076 -24 -408) (2084 -24 -408) 
4 163 184 (2072 -200 -408) (2064 -200 -408) (2064 -24 -408) (2072 -24 -408) 
4 164 184 (2060 -200 -408) (2052 -200 -408) (2052 -24 -408) (2060 -24 -408) 
4 165 184 (2048 -200 -408) (2040 -200 -408) (2040 -24 -408) (2048 -24 -408) 
4 166 184 (2036 -200 -408) (2028 -200 -408) (2028 -24 -408) (2036 -24 -408) 
4 167 184 (2024 -200 -408) (2016 -200 -408) (2016 -24 -408) (2024 -24 -408) 
4 168 184 (2012 -200 -408) (2004 -200 -408) (2004 -24 -408) (2012 -24 -408) 
4 169 184 (2000 -200 -408) (1992 -200 -408) (1992 -24 -408) (2000 -24 -408) 
4 170 184 (1988 -200 -408) (1980 -200 -408) (1980 -24 -408) (1988 -24 -408) 
4 171 184 (1976 -200 -408) (1968 -200 -408) (1968 -24 -408) (1976 -24 -408) 
4 172 184 (1964 -200 -408) (1956 -200 -408) (1956 -24 -408) (1964 -24 -408) 
4 173 184 (1952 -200 -408) (1944 -200 -408) (1944 -24 -408) (1952 -24 -408) 
4 174 184 (1940 -200 -408) (1932 -200 -408) (1932 -24 -408) (1940 -24 -408) 
4 175 184 (1928 -200 -408) (1920 -200 -408) (1920 -24 -408) (1928 -24 -408) 
4 176 505 (2480 -208 -408) (2736 -208 -408) (2736 -208 -400) (2480 -208 -400) 
4 176 179 (2736 -208 -408) (2480 -208 -408) (2480 -200 -408) (2736 -200 -408) 
4 177 506 (2360 -208 -408) (2480 -208 -408) (2480 -208 -400) (2360 -208 -400) 
4 177 180 (2480 -208 -408) (2360 -208 -408) (2360 -200 -408) (2480 -200 -408) 
4 178 509 (2184 -208 -408) (2192 -208 -408) (2192 -208 -400) (2184 -208 -400) 
4 178 181 (2192 -208 -408) (2184 -208 -408) (2184 -200 -408) (2192 -200 -408) 
4 179 627 (2480 -208 -568) (2480 -208 -872) (2736 -208 -872) (2736 -208 -568) 
4 179 505 (2736 -208 -408) (2480 -208 -408) (2480 -208 -568) (2736 -208 -568) 
4 179 186 (2736 -208 -872) (2480 -208 -872) (2480 64 -872) (2736 64 -872) 
4 180 628 (2360 -208 -568) (2360 -208 -872) (2480 -208 -872) (2480 -208 -568) 
4 180 506 (2480 -208 -408) (2360 -208 -408) (2360 -208 -568) (2480 -208 -568) 
4 180 187 (2480 -208 -872) (2360 -208 -872) (2360 64 -872) (2480 64 -872) 
4 181 509 (2192 -208 -408) (2184 -208 -408) (2184 -208 -456) (2192 -208 -456) 
4 181 183 (2184 -24 -456) (2184 -200 -456) (2184 -200 -408) (2184 -24 -408) 
4 181 182 (2184 64 -456) (2184 -16 -456) (2184 -16 -408) (2184 64 -408) 
4 182 184 (2176 64 -456) (2176 -16 -456) (2176 -16 -408) (2176 64 -408) 
4 183 184 (2176 -24 -456) (2176 -200 -456) (2176 -200 -408) (2176 -24 -408) 
4 184 514 (1936 -208 -408) (1920 -208 -408) (1920 -208 -456) (1936 -208 -456) 
4 184 512 (2160 -208 -408) (1936 -208 -408) (1936 -208 -456) (2160 -208 -456) 
4 184 511 (2176 -208 -408) (2160 -208 -408) (2160 -208 -456) (2176 -208 -456) 
4 184 200 (1920 -200 -440) (1920 -144 -440) (1920 -144 -456) (1920 -200 -456) 
4 184 199 (1920 -136 -440) (1920 -64 -440) (1920 -64 -456) (1920 -136 -456) 
4 184 198 (1920 -24 -448) (1920 -24 -456) (1920 -56 -456) (1920 -56 -448) 
4 184 197 (1920 -16 -440) (1920 64 -440) (1920 64 -456) (1920 -16 -456) 
4 184 196 (1920 -160 -432) (1920 -160 -440) (1920 -200 -440) (1920 -200 -432) 
4 184 195 (1920 -200 -408) (1920 -160 -408) (1920 -160 -424) (1920 -200 -424) 
4 184 194 (1920 -152 -408) (1920 -104 -408) (1920 -104 -432) (1920 -152 -432) 
4 184 193 (1920 -56 -440) (1920 -96 -440) (1920 -96 -424) (1920 -56 -424) 
4 184 192 (1920 -96 -408) (1920 -48 -408) (1920 -48 -416) (1920 -96 -416) 
4 184 191 (1920 -48 -408) (1920 -24 -408) (1920 -24 -440) (1920 -48 -440) 
4 184 190 (1920 -16 -408) (1920 64 -408) (1920 64 -440) (1920 -16 -440) 
4 184 185 (1920 -208 -456) (1920 64 -456) (2176 64 -456) (2176 -208 -456) 
4 185 514 (1920 -208 -456) (1920 -208 -560) (1936 -208 -560) (1936 -208 -456) 
4 185 512 (1936 -208 -568) (2160 -208 -568) (2160 -208 -456) (1936 -208 -456) 
4 185 511 (2176 -208 -560) (2176 -208 -456) (2160 -208 -456) (2160 -208 -560) 
4 185 201 (1920 56 -568) (1920 -200 -568) (1920 -200 -472) (1920 56 -472) 
4 185 200 (1920 -200 -456) (1920 -144 -456) (1920 -144 -464) (1920 -200 -464) 
4 185 199 (1920 -136 -456) (1920 -64 -456) (1920 -64 -464) (1920 -136 -464) 
4 185 198 (1920 -56 -456) (1920 -24 -456) (1920 -24 -464) (1920 -56 -464) 
4 185 197 (1920 -16 -456) (1920 64 -456) (1920 64 -464) (1920 -16 -464) 
4 186 676 (2736 -208 -872) (2480 -208 -872) (2480 -208 -1136) (2736 -208 -1136) 
4 186 189 (2736 -208 -1136) (2480 -208 -1136) (2480 64 -1136) (2736 64 -1136) 
4 187 677 (2480 -208 -872) (2360 -208 -872) (2360 -208 -1136) (2480 -208 -1136) 
4 187 188 (2360 64 -1136) (2360 -208 -1136) (2360 -208 -888) (2360 64 -888) 
4 188 678 (1920 -208 -888) (1920 -208 -1136) (2360 -208 -1136) (2360 -208 -888) 
4 188 202 (1920 -208 -1136) (1920 -208 -888) (1920 64 -888) (1920 64 -1136) 
4 189 681 (2736 -208 -1144) (2736 -208 -1136) (1920 -208 -1136) (1920 -208 -1144) 
4 189 203 (1920 -208 -1144) (1920 -208 -1136) (1920 64 -1136) (1920 64 -1144) 
4 190 205 (1912 64 -408) (1912 64 -440) (1912 -16 -440) (1912 -16 -408) 
4 190 197 (1912 -16 -440) (1912 64 -440) (1920 64 -440) (1920 -16 -440) 
4 191 205 (1912 -24 -440) (1912 -48 -440) (1912 -48 -408) (1912 -24 -408) 
4 191 192 (1920 -48 -416) (1920 -48 -408) (1912 -48 -408) (1912 -48 -416) 
4 192 205 (1912 -96 -416) (1912 -96 -408) (1912 -48 -408) (1912 -48 -416) 
4 193 205 (1912 -56 -440) (1912 -96 -440) (1912 -96 -424) (1912 -56 -424) 
4 193 199 (1912 -96 -440) (1912 -64 -440) (1920 -64 -440) (1920 -96 -440) 
4 194 205 (1912 -152 -432) (1912 -152 -408) (1912 -104 -408) (1912 -104 -432) 
4 195 205 (1912 -200 -424) (1912 -200 -408) (1912 -160 -408) (1912 -160 -424) 
4 196 205 (1912 -160 -440) (1912 -200 -440) (1912 -200 -432) (1912 -160 -432) 
4 196 200 (1912 -200 -440) (1912 -160 -440) (1920 -160 -440) (1920 -200 -440) 
4 197 205 (1912 64 -440) (1912 64 -464) (1912 -16 -464) (1912 -16 -440) 
4 198 205 (1912 -24 -464) (1912 -56 -464) (1912 -56 -448) (1912 -24 -448) 
4 199 205 (1912 -64 -464) (1912 -136 -464) (1912 -136 -440) (1912 -64 -440) 
4 200 205 (1912 -144 -464) (1912 -200 -464) (1912 -200 -440) (1912 -144 -440) 
4 201 228 (1912 56 -568) (1912 -200 -568) (1912 -200 -472) (1912 56 -472) 
4 202 678 (1912 -208 -888) (1912 -208 -1136) (1920 -208 -1136) (1920 -208 -888) 
4 202 230 (1912 64 -888) (1912 64 -1136) (1912 -208 -1136) (1912 -208 -888) 
4 203 681 (1912 -208 -1136) (1912 -208 -1144) (1920 -208 -1144) (1920 -208 -1136) 
4 203 231 (1912 64 -1136) (1912 64 -1144) (1912 -208 -1144) (1912 -208 -1136) 
4 204 392 (1520 -208 335.2138976801872) (1520 -208 327.21389768018673) (1816 -208 327.21389768018673) (1816 -208 335.2138976801872) 
4 204 378 (1816 -208 327.21389768018673) (1824 -208 327.21389768018673) (1824 -208 335.2138976801872) (1816 -208 335.2138976801872) 
4 204 322 (1824 -208 327.21389768018673) (1912 -208 327.21389768018673) (1912 -208 335.2138976801872) (1824 -208 335.2138976801872) 
4 204 241 (1520 64 335.2138976801872) (1520 64 327.21389768018673) (1520 -208 327.21389768018673) (1520 -208 335.2138976801872) 
4 205 603 (1520 -208 -184) (1520 -208 -464) (1584 -208 -464) (1584 -208 -184) 
4 205 591 (1584 -208 -464) (1728 -208 -464) (1728 -208 -184) (1584 -208 -184) 
4 205 566 (1728 -208 -464) (1824 -208 -464) (1824 -208 -184) (1728 -208 -184) 
4 205 565 (1824 -208 -464) (1912 -208 -464) (1912 -208 -368) (1824 -208 -368) 
4 205 564 (1912 -208 -368) (1912 -208 -184) (1824 -208 -184) (1824 -208 -368) 
4 205 451 (1520 -208 112) (1520 -208 -184) (1816 -208 -184) (1816 -208 112) 
4 205 401 (1520 -208 248) (1520 -208 112) (1816 -208 112) (1816 -208 248) 
4 205 394 (1520 -208 288) (1520 -208 248) (1816 -208 248) (1816 -208 288) 
4 205 393 (1520 -208 327.21389768018673) (1520 -208 288) (1816 -208 288) (1816 -208 327.21389768018673) 
4 205 387 (1816 -208 -184) (1824 -208 -184) (1824 -208 -120) (1816 -208 -120) 
4 205 385 (1824 -208 -120) (1824 -208 -8) (1816 -208 -8) (1816 -208 -120) 
4 205 384 (1824 -208 -8) (1824 -208 136) (1816 -208 136) (1816 -208 -8) 
4 205 379 (1824 -208 136) (1824 -208 327.21389768018673) (1816 -208 327.21389768018673) (1816 -208 136) 
4 205 325 (1824 -208 -184) (1912 -208 -184) (1912 -208 320) (1824 -208 320) 
4 205 323 (1912 -208 320) (1912 -208 327.21389768018673) (1824 -208 327.21389768018673) (1824 -208 320) 
4 205 271 (1520 64 -296) (1520 64 -464) (1520 -208 -464) (1520 -208 -296) 
4 205 258 (1520 64 -288) (1520 64 -296) (1520 -208 -296) (1520 -208 -288) 
4 205 243 (1520 64 327.21389768018673) (1520 64 -288) (1520 -208 -288) (1520 -208 327.21389768018673) 
4 205 233 (1520 -208 -464) (1520 64 -464) (1728 64 -464) (1728 -208 -464) 
4 205 227 (1912 -196 -464) (1912 -200 -464) (1736 -200 -464) (1736 -196 -464) 
4 205 226 (1912 -184 -464) (1912 -192 -464) (1736 -192 -464) (1736 -184 -464) 
4 205 225 (1912 -172 -464) (1912 -180 -464) (1736 -180 -464) (1736 -172 -464) 
4 205 224 (1912 -160 -464) (1912 -168 -464) (1736 -168 -464) (1736 -160 -464) 
4 205 223 (1912 -148 -464) (1912 -156 -464) (1736 -156 -464) (1736 -148 -464) 
4 205 222 (1912 -136 -464) (1912 -144 -464) (1736 -144 -464) (1736 -136 -464) 
4 205 221 (1912 -124 -464) (1912 -132 -464) (1736 -132 -464) (1736 -124 -464) 
4 205 220 (1912 -112 -464) (1912 -120 -464) (1736 -120 -464) (1736 -112 -464) 
4 205 219 (1912 -100 -464) (1912 -108 -464) (1736 -108 -464) (1736 -100 -464) 
4 205 218 (1912 -88 -464) (1912 -96 -464) (1736 -96 -464) (1736 -88 -464) 
4 205 217 (1912 -76 -464) (1912 -84 -464) (1736 -84 -464) (1736 -76 -464) 
4 205 216 (1912 -64 -464) (1912 -72 -464) (1736 -72 -464) (1736 -64 -464) 
4 205 215 (1912 -52 -464) (1912 -60 -464) (1736 -60 -464) (1736 -52 -464) 
4 205 214 (1912 -40 -464) (1912 -48 -464) (1736 -48 -464) (1736 -40 -464) 
4 205 213 (1912 -28 -464) (1912 -36 -464) (1736 -36 -464) (1736 -28 -464) 
4 205 212 (1912 -16 -464) (1912 -24 -464) (1736 -24 -464) (1736 -16 -464) 
4 205 211 (1912 -4 -464) (1912 -12 -464) (1736 -12 -464) (1736 -4 -464) 
4 205 210 (1912 8 -464) (1912 0 -464) (1736 0 -464) (1736 8 -464) 
4 205 209 (1912 20 -464) (1912 12 -464) (1736 12 -464) (1736 20 -464) 
4 205 208 (1912 32 -464) (1912 24 -464) (1736 24 -464) (1736 32 -464) 
4 205 207 (1912 44 -464) (1912 36 -464) (1736 36 -464) (1736 44 -464) 
4 205 206 (1912 56 -464) (1912 48 -464) (1736 48 -464) (1736 56 -464) 
4 206 228 (1736 48 -472) (1736 56 -472) (1912 56 -472) (1912 48 -472) 
4 207 228 (1736 36 -472) (1736 44 -472) (1912 44 -472) (1912 36 -472) 
4 208 228 (1736 24 -472) (1736 32 -472) (1912 32 -472) (1912 24 -472) 
4 209 228 (1736 12 -472) (1736 20 -472) (1912 20 -472) (1912 12 -472) 
4 210 228 (1736 0 -472) (1736 8 -472) (1912 8 -472) (1912 0 -472) 
4 211 228 (1736 -12 -472) (1736 -4 -472) (1912 -4 -472) (1912 -12 -472) 
4 212 228 (1736 -24 -472) (1736 -16 -472) (1912 -16 -472) (1912 -24 -472) 
4 213 228 (1736 -36 -472) (1736 -28 -472) (1912 -28 -472) (1912 -36 -472) 
4 214 228 (1736 -48 -472) (1736 -40 -472) (1912 -40 -472) (1912 -48 -472) 
4 215 228 (1736 -60 -472) (1736 -52 -472) (1912 -52 -472) (1912 -60 -472) 
4 216 228 (1736 -72 -472) (1736 -64 -472) (1912 -64 -472) (1912 -72 -472) 
4 217 228 (1736 -84 -472) (1736 -76 -472) (1912 -76 -472) (1912 -84 -472) 
4 218 228 (1736 -96 -472) (1736 -88 -472) (1912 -88 -472) (1912 -96 -472) 
4 219 228 (1736 -108 -472) (1736 -100 -472) (1912 -100 -472) (1912 -108 -472) 
4 220 228 (1736 -120 -472) (1736 -112 -472) (1912 -112 -472) (1912 -120 -472) 
4 221 228 (1736 -132 -472) (1736 -124 -472) (1912 -124 -472) (1912 -132 -472) 
4 222 228 (1736 -144 -472) (1736 -136 -472) (1912 -136 -472) (1912 -144 -472) 
4 223 228 (1736 -156 -472) (1736 -148 -472) (1912 -148 -472) (1912 -156 -472) 
4 224 228 (1736 -168 -472) (1736 -160 -472) (1912 -160 -472) (1912 -168 -472) 
4 225 228 (1736 -180 -472) (1736 -172 -472) (1912 -172 -472) (1912 -180 -472) 
4 226 228 (1736 -192 -472) (1736 -184 -472) (1912 -184 -472) (1912 -192 -472) 
4 227 228 (1736 -200 -472) (1736 -196 -472) (1912 -196 -472) (1912 -200 -472) 
4 228 583 (1736 -208 -544) (1736 -208 -568) (1888 -208 -568) (1888 -208 -544) 
4 228 580 (1888 -208 -488) (1736 -208 -488) (1736 -208 -544) (1888 -208 -544) 
4 228 572 (1912 -208 -568) (1912 -208 -496) (1888 -208 -496) (1888 -208 -568) 
4 228 570 (1912 -208 -496) (1912 -208 -488) (1888 -208 -488) (1888 -208 -496) 
4 228 566 (1824 -208 -472) (1736 -208 -472) (1736 -208 -488) (1824 -208 -488) 
4 228 565 (1912 -208 -488) (1912 -208 -472) (1824 -208 -472) (1824 -208 -488) 
4 228 232 (1736 -200 -472) (1736 56 -472) (1736 56 -568) (1736 -200 -568) 
6 229 632 (1879.9999999999998 -208 -776) (1800 -208 -776) (1776 -208 -823.9999999999998) (1776 -208 -872) (1904 -208 -872) (1904 -208 -824.0000000000002) 
4 230 678 (1912 -208 -1136) (1912 -208 -888) (1736 -208 -888) (1736 -208 -1136) 
4 230 237 (1736 -208 -1136) (1736 -208 -888) (1736 64 -888) (1736 64 -1136) 
4 231 681 (1912 -208 -1144) (1912 -208 -1136) (1736 -208 -1136) (1736 -208 -1144) 
4 231 238 (1736 -208 -1144) (1736 -208 -1136) (1736 64 -1136) (1736 64 -1144) 
4 232 233 (1728 56 -568) (1728 -200 -568) (1728 -200 -472) (1728 56 -472) 
4 233 611 (1520 -208 -544) (1520 -208 -568) (1584 -208 -568) (1584 -208 -544) 
4 233 609 (1520 -208 -488) (1520 -208 -544) (1584 -208 -544) (1584 -208 -488) 
4 233 608 (1520 -208 -464) (1520 -208 -488) (1584 -208 -488) (1584 -208 -464) 
4 233 596 (1584 -208 -568) (1728 -208 -568) (1728 -208 -544) (1584 -208 -544) 
4 233 595 (1728 -208 -544) (1728 -208 -488) (1584 -208 -488) (1584 -208 -544) 
4 233 593 (1728 -208 -488) (1728 -208 -464) (1584 -208 -464) (1584 -208 -488) 
4 233 279 (1520 64 -560) (1520 64 -568) (1520 -208 -568) (1520 -208 -560) 
4 233 271 (1520 64 -464) (1520 64 -560) (1520 -208 -560) (1520 -208 -464) 
4 233 234 (1520 -208 -568) (1520 64 -568) (1728 64 -568) (1728 -208 -568) 
4 234 669 (1520 -208 -568) (1520 -208 -776) (1728 -208 -776) (1728 -208 -568) 
4 234 279 (1520 64 -568) (1520 64 -776) (1520 -208 -776) (1520 -208 -568) 
4 234 236 (1520 -208 -776) (1520 64 -776) (1728 64 -776) (1728 -208 -776) 
4 235 236 (1728 32 -872) (1728 -176 -872) (1728 -176 -776) (1728 32 -776) 
4 236 669 (1520 -208 -776) (1520 -208 -872) (1728 -208 -872) (1728 -208 -776) 
4 236 279 (1520 64 -776) (1520 64 -872) (1520 -208 -872) (1520 -208 -776) 
4 237 678 (1520 -208 -888) (1520 -208 -1136) (1736 -208 -1136) (1736 -208 -888) 
4 237 300 (1520 64 -888) (1520 64 -1136) (1520 -208 -1136) (1520 -208 -888) 
4 238 681 (1520 -208 -1136) (1520 -208 -1144) (1736 -208 -1144) (1736 -208 -1136) 
4 238 301 (1520 64 -1136) (1520 64 -1144) (1520 -208 -1144) (1520 -208 -1136) 
4 239 302 (1448 784 336) (1448 784 335.2138976801872) (1448 528 335.2138976801872) (1448 528 336) 
4 239 240 (1520 528 335.2138976801872) (1448 528 335.2138976801872) (1448 784 335.2138976801872) (1520 784 335.2138976801872) 
4 240 303 (1448 784 335.2138976801872) (1448 784 327.21389768018673) (1448 528 327.21389768018673) (1448 528 335.2138976801872) 
4 240 242 (1448 528 327.21389768018673) (1448 784 327.21389768018673) (1520 784 327.21389768018673) (1520 528 327.21389768018673) 
4 240 241 (1448 528 335.2138976801872) (1448 528 327.21389768018673) (1520 528 327.21389768018673) (1520 528 335.2138976801872) 
4 241 392 (1448 -208 335.2138976801872) (1448 -208 327.21389768018673) (1520 -208 327.21389768018673) (1520 -208 335.2138976801872) 
4 241 306 (1448 528 335.2138976801872) (1448 528 327.21389768018673) (1448 -208 327.21389768018673) (1448 -208 335.2138976801872) 
4 242 304 (1448 784 -288) (1448 528 -288) (1448 528 327.21389768018673) (1448 784 327.21389768018673) 
4 242 244 (1448 528 -288) (1448 784 -288) (1520 784 -288) (1520 528 -288) 
4 243 603 (1448 -208 -184) (1448 -208 -288) (1520 -208 -288) (1520 -208 -184) 
4 243 451 (1448 -208 112) (1448 -208 -184) (1520 -208 -184) (1520 -208 112) 
4 243 401 (1448 -208 248) (1448 -208 112) (1520 -208 112) (1520 -208 248) 
4 243 394 (1448 -208 288) (1448 -208 248) (1520 -208 248) (1520 -208 288) 
4 243 393 (1448 -208 327.21389768018673) (1448 -208 288) (1520 -208 288) (1520 -208 327.21389768018673) 
4 243 309 (1448 128 -288) (1448 -208 -288) (1448 -208 304) (1448 128 304) 
3 243 308 (1448 128 288) (1448 128 304) (1448 144 304) 
4 243 307 (1448 -208 304) (1448 -208 327.21389768018673) (1448 528 327.21389768018673) (1448 528 304) 
4 243 258 (1448 -208 -288) (1448 80 -288) (1520 80 -288) (1520 -208 -288) 
4 243 257 (1448 112 -288) (1448 128 -288) (1520 128 -288) (1520 112 -288) 
4 243 256 (1448 144 -288) (1448 160 -288) (1520 160 -288) (1520 144 -288) 
4 243 255 (1448 176 -288) (1448 192 -288) (1520 192 -288) (1520 176 -288) 
4 243 254 (1448 208 -288) (1448 224 -288) (1520 224 -288) (1520 208 -288) 
4 243 253 (1448 240 -288) (1448 256 -288) (1520 256 -288) (1520 240 -288) 
4 243 252 (1448 272 -288) (1448 288 -288) (1520 288 -288) (1520 272 -288) 
4 243 251 (1448 304 -288) (1448 320 -288) (1520 320 -288) (1520 304 -288) 
4 243 250 (1448 336 -288) (1448 352 -288) (1520 352 -288) (1520 336 -288) 
4 243 249 (1448 368 -288) (1448 384 -288) (1520 384 -288) (1520 368 -288) 
4 243 248 (1448 400 -288) (1448 416 -288) (1520 416 -288) (1520 400 -288) 
4 243 247 (1448 432 -288) (1448 448 -288) (1520 448 -288) (1520 432 -288) 
4 243 246 (1448 464 -288) (1448 480 -288) (1520 480 -288) (1520 464 -288) 
4 243 245 (1448 496 -288) (1448 512 -288) (1520 512 -288) (1520 496 -288) 
4 244 304 (1448 784 -296) (1448 528 -296) (1448 528 -288) (1448 784 -288) 
4 244 259 (1448 528 -296) (1448 784 -296) (1520 784 -296) (1520 528 -296) 
4 245 293 (1448 496 -296) (1448 512 -296) (1464 512 -296) (1464 496 -296) 
4 245 269 (1464 512 -296) (1520 512 -296) (1520 496 -296) (1464 496 -296) 
4 246 293 (1448 464 -296) (1448 480 -296) (1464 480 -296) (1464 464 -296) 
4 246 269 (1464 480 -296) (1520 480 -296) (1520 464 -296) (1464 464 -296) 
4 247 293 (1448 432 -296) (1448 448 -296) (1464 448 -296) (1464 432 -296) 
4 247 269 (1464 448 -296) (1520 448 -296) (1520 432 -296) (1464 432 -296) 
4 248 293 (1448 400 -296) (1448 416 -296) (1464 416 -296) (1464 400 -296) 
4 248 269 (1464 416 -296) (1520 416 -296) (1520 400 -296) (1464 400 -296) 
4 249 293 (1448 368 -296) (1448 384 -296) (1464 384 -296) (1464 368 -296) 
4 249 269 (1464 384 -296) (1520 384 -296) (1520 368 -296) (1464 368 -296) 
4 250 293 (1448 336 -296) (1448 352 -296) (1464 352 -296) (1464 336 -296) 
4 250 269 (1464 352 -296) (1520 352 -296) (1520 336 -296) (1464 336 -296) 
4 251 293 (1448 304 -296) (1448 320 -296) (1464 320 -296) (1464 304 -296) 
4 251 269 (1464 320 -296) (1520 320 -296) (1520 304 -296) (1464 304 -296) 
4 252 294 (1448 272 -296) (1448 288 -296) (1464 288 -296) (1464 272 -296) 
4 252 270 (1464 288 -296) (1520 288 -296) (1520 272 -296) (1464 272 -296) 
4 253 294 (1448 240 -296) (1448 256 -296) (1464 256 -296) (1464 240 -296) 
4 253 270 (1464 256 -296) (1520 256 -296) (1520 240 -296) (1464 240 -296) 
4 254 294 (1448 208 -296) (1448 224 -296) (1464 224 -296) (1464 208 -296) 
4 254 270 (1464 224 -296) (1520 224 -296) (1520 208 -296) (1464 208 -296) 
4 255 294 (1448 176 -296) (1448 192 -296) (1464 192 -296) (1464 176 -296) 
4 255 270 (1464 192 -296) (1520 192 -296) (1520 176 -296) (1464 176 -296) 
4 256 294 (1448 144 -296) (1448 160 -296) (1464 160 -296) (1464 144 -296) 
4 256 270 (1464 160 -296) (1520 160 -296) (1520 144 -296) (1464 144 -296) 
4 257 294 (1448 112 -296) (1448 128 -296) (1464 128 -296) (1464 112 -296) 
4 257 270 (1464 128 -296) (1520 128 -296) (1520 112 -296) (1464 112 -296) 
4 258 603 (1448 -208 -288) (1448 -208 -296) (1520 -208 -296) (1520 -208 -288) 
4 258 311 (1448 64 -296) (1448 -208 -296) (1448 -208 -288) (1448 64 -288) 
4 258 310 (1448 72.00000000000001 -296) (1448 64 -296) (1448 64 -288) (1448 80 -288) 
4 258 299 (1448 -208 -296) (1448 80 -296) (1464 80 -296) (1464 -208 -296) 
4 258 271 (1464 80 -296) (1520 80 -296) (1520 -208 -296) (1464 -208 -296) 
4 259 304 (1448 784 -1136) (1448 528 -1136) (1448 528 -296) (1448 784 -296) 
4 259 260 (1520 528 -1136) (1448 528 -1136) (1448 784 -1136) (1520 784 -1136) 
4 260 305 (1448 528 -1144) (1448 528 -1136) (1448 784 -1136) (1448 784 -1144) 
4 260 301 (1520 528 -1144) (1520 528 -1136) (1448 528 -1136) (1448 528 -1144) 
4 261 293 (1464 520 -304) (1448 520 -304) (1448 520 -320) (1464 520 -320) 
4 261 269 (1520 520 -320) (1520 520 -304) (1464 520 -304) (1464 520 -320) 
4 262 293 (1464 520 -328) (1448 520 -328) (1448 520 -344) (1464 520 -344) 
4 262 269 (1520 520 -344) (1520 520 -328) (1464 520 -328) (1464 520 -344) 
4 263 293 (1464 520 -352) (1448 520 -352) (1448 520 -368) (1464 520 -368) 
4 263 269 (1520 520 -368) (1520 520 -352) (1464 520 -352) (1464 520 -368) 
4 264 293 (1464 520 -376) (1448 520 -376) (1448 520 -392) (1464 520 -392) 
4 264 269 (1520 520 -392) (1520 520 -376) (1464 520 -376) (1464 520 -392) 
4 265 293 (1464 520 -400) (1448 520 -400) (1448 520 -416) (1464 520 -416) 
4 265 269 (1520 520 -416) (1520 520 -400) (1464 520 -400) (1464 520 -416) 
4 266 293 (1464 520 -424) (1448 520 -424) (1448 520 -440) (1464 520 -440) 
4 266 269 (1520 520 -440) (1520 520 -424) (1464 520 -424) (1464 520 -440) 
4 267 293 (1464 520 -448) (1448 520 -448) (1448 520 -464) (1464 520 -464) 
4 267 269 (1520 520 -464) (1520 520 -448) (1464 520 -448) (1464 520 -464) 
4 268 293 (1464 520 -472) (1448 520 -472) (1448 520 -488) (1464 520 -488) 
4 268 269 (1520 520 -488) (1520 520 -472) (1464 520 -472) (1464 520 -488) 
4 269 293 (1464 520 -296) (1464 520 -496) (1464 296 -496) (1464 296 -296) 
4 269 270 (1464 296 -296) (1464 296 -496) (1520 296 -496) (1520 296 -296) 
4 270 294 (1464 96 -496) (1464 96 -296) (1464 296 -296) (1464 296 -496) 
4 271 611 (1520 -208 -560) (1520 -208 -544) (1464 -208 -544) (1464 -208 -560) 
4 271 609 (1520 -208 -544) (1520 -208 -488) (1464 -208 -488) (1464 -208 -544) 
4 271 608 (1520 -208 -488) (1520 -208 -464) (1464 -208 -464) (1464 -208 -488) 
4 271 603 (1520 -208 -464) (1520 -208 -296) (1464 -208 -296) (1464 -208 -464) 
4 271 299 (1464 80 -560) (1464 -208 -560) (1464 -208 -296) (1464 80 -296) 
4 271 292 (1464 -208 -560) (1464 80 -560) (1512 80 -560) (1512 -208 -560) 
4 271 279 (1512 80 -560) (1520 80 -560) (1520 -208 -560) (1512 -208 -560) 
4 272 280 (1512 232 -560) (1512 296 -560) (1512 296 -760) (1512 232 -760) 
4 272 273 (1512 232 -560) (1512 232 -760) (1520 232 -760) (1520 232 -560) 
4 273 282 (1512 232 -760) (1512 232 -872) (1512 224 -872) (1512 224 -760) 
4 273 281 (1512 224 -560) (1512 232 -560) (1512 232 -752) (1512 224 -752) 
4 274 284 (1512 216 -752) (1512 216 -872) (1512 208 -872) (1512 208 -752) 
4 274 283 (1512 208 -560) (1512 216 -560) (1512 216 -744) (1512 208 -744) 
4 275 286 (1512 200 -744) (1512 200 -872) (1512 192 -872) (1512 192 -744) 
4 275 285 (1512 192 -560) (1512 200 -560) (1512 200 -736) (1512 192 -736) 
4 276 288 (1512 184 -736) (1512 184 -872) (1512 176 -872) (1512 176 -736) 
4 276 287 (1512 176 -560) (1512 184 -560) (1512 184 -728) (1512 176 -728) 
4 277 290 (1512 168 -728) (1512 168 -872) (1512 160 -872) (1512 160 -728) 
4 277 289 (1512 160 -560) (1512 168 -560) (1512 168 -720) (1512 160 -720) 
4 278 291 (1512 96 -560) (1512 152 -560) (1512 152 -712) (1512 96 -712) 
4 279 669 (1512 -208 -872) (1520 -208 -872) (1520 -208 -568) (1512 -208 -568) 
4 279 611 (1520 -208 -568) (1520 -208 -560) (1512 -208 -560) (1512 -208 -568) 
4 279 292 (1512 -208 -560) (1512 80 -560) (1512 80 -872) (1512 -208 -872) 
4 280 296 (1464 232 -712) (1464 232 -692) (1464 292 -692) (1464 292 -712) 
4 280 295 (1464 232 -688) (1464 232 -560) (1464 296 -560) (1464 296 -688) 
4 280 281 (1512 232 -752) (1512 232 -560) (1464 232 -560) (1464 232 -752) 
4 281 296 (1464 216 -712) (1464 216 -692) (1464 232 -692) (1464 232 -712) 
4 281 295 (1464 216 -688) (1464 216 -560) (1464 232 -560) (1464 232 -688) 
4 281 283 (1512 216 -744) (1512 216 -560) (1464 216 -560) (1464 216 -744) 
4 282 284 (1512 216 -872) (1512 216 -760) (1464 216 -760) (1464 216 -872) 
4 283 296 (1464 200 -712) (1464 200 -692) (1464 216 -692) (1464 216 -712) 
4 283 295 (1464 200 -688) (1464 200 -560) (1464 216 -560) (1464 216 -688) 
4 283 285 (1512 200 -736) (1512 200 -560) (1464 200 -560) (1464 200 -736) 
4 284 286 (1512 200 -872) (1512 200 -752) (1464 200 -752) (1464 200 -872) 
4 285 296 (1464 184 -712) (1464 184 -692) (1464 200 -692) (1464 200 -712) 
4 285 295 (1464 184 -688) (1464 184 -560) (1464 200 -560) (1464 200 -688) 
4 285 287 (1512 184 -728) (1512 184 -560) (1464 184 -560) (1464 184 -728) 
4 286 288 (1512 184 -872) (1512 184 -744) (1464 184 -744) (1464 184 -872) 
4 287 296 (1464 168 -712) (1464 168 -692) (1464 184 -692) (1464 184 -712) 
4 287 295 (1464 168 -688) (1464 168 -560) (1464 184 -560) (1464 184 -688) 
4 287 289 (1512 168 -720) (1512 168 -560) (1464 168 -560) (1464 168 -720) 
4 288 290 (1512 168 -872) (1512 168 -736) (1464 168 -736) (1464 168 -872) 
4 289 296 (1464 168 -692) (1464 168 -712) (1464 156 -712) (1464 156 -692) 
4 289 295 (1464 152 -688) (1464 152 -560) (1464 168 -560) (1464 168 -688) 
4 289 291 (1512 152 -712) (1512 152 -560) (1464 152 -560) (1464 152 -712) 
4 291 297 (1464 96 -712) (1464 96 -688) (1464 152 -688) (1464 152 -712) 
4 291 295 (1464 96 -688) (1464 96 -560) (1464 152 -560) (1464 152 -688) 
4 292 669 (1464 -208 -872) (1512 -208 -872) (1512 -208 -568) (1464 -208 -568) 
4 292 611 (1512 -208 -568) (1512 -208 -560) (1464 -208 -560) (1464 -208 -568) 
4 292 299 (1464 80 -872) (1464 -208 -872) (1464 -208 -560) (1464 80 -560) 
4 293 312 (1448 512 -496) (1448 299.1999999999971 -496) (1448 400 -328) (1448 512 -328) 
4 293 294 (1464 296 -496) (1464 296 -296) (1448 296 -296) (1448 296 -496) 
4 295 315 (1448 296 -560) (1448 296 -688) (1448 96 -688) (1448 96 -560) 
4 295 298 (1460 96 -688) (1448 96 -688) (1448 296 -688) (1460 296 -688) 
4 295 297 (1464 96 -688) (1460 96 -688) (1460 152 -688) (1464 152 -688) 
4 296 298 (1460 292 -712) (1460 156 -712) (1460 156 -692) (1460 292 -692) 
4 297 298 (1460 152 -712) (1460 96 -712) (1460 96 -688) (1460 152 -688) 
4 298 315 (1448 296 -688) (1448 296 -712) (1448 96 -712) (1448 96 -688) 
4 299 669 (1448 -208 -568) (1448 -208 -872) (1464 -208 -872) (1464 -208 -568) 
4 299 611 (1448 -208 -544) (1448 -208 -568) (1464 -208 -568) (1464 -208 -544) 
4 299 609 (1448 -208 -488) (1448 -208 -544) (1464 -208 -544) (1464 -208 -488) 
4 299 608 (1448 -208 -464) (1448 -208 -488) (1464 -208 -488) (1464 -208 -464) 
4 299 603 (1448 -208 -296) (1448 -208 -464) (1464 -208 -464) (1464 -208 -296) 
4 299 316 (1448 -208 -872) (1448 -208 -560) (1448 64 -560) (1448 64 -872) 
4 299 314 (1448 -208 -560) (1448 -208 -496) (1448 64 -496) (1448 64 -560) 
4 299 313 (1448 -208 -496) (1448 -208 -328) (1448 64 -328) (1448 64 -496) 
4 299 311 (1448 -208 -328) (1448 -208 -296) (1448 64 -296) (1448 64 -328) 
3 299 310 (1448 64 -296) (1448 72.00000000000001 -296) (1448 64 -304) 
4 300 678 (1448 -208 -888) (1448 -208 -1136) (1520 -208 -1136) (1520 -208 -888) 
4 300 317 (1448 -208 -1136) (1448 -208 -888) (1448 528 -888) (1448 528 -1136) 
4 301 681 (1448 -208 -1136) (1448 -208 -1144) (1520 -208 -1144) (1520 -208 -1136) 
4 301 318 (1448 -208 -1144) (1448 -208 -1136) (1448 528 -1136) (1448 528 -1144) 
4 302 682 (1304 784 336) (1304 784 335.2138976801872) (1304 528 335.2138976801872) (1304 528 336) 
4 302 303 (1448 528 335.2138976801872) (1304 528 335.2138976801872) (1304 784 335.2138976801872) (1448 784 335.2138976801872) 
4 303 683 (1304 784 335.2138976801872) (1304 784 327.21389768018673) (1304 528 327.21389768018673) (1304 528 335.2138976801872) 
4 303 306 (1304 528 335.2138976801872) (1304 528 327.21389768018673) (1448 528 327.21389768018673) (1448 528 335.2138976801872) 
4 303 304 (1448 528 327.21389768018673) (1304 528 327.21389768018673) (1304 784 327.21389768018673) (1448 784 327.21389768018673) 
4 304 711 (1304 784 -1136) (1304 528 -1136) (1304 528 -872) (1304 784 -872) 
4 304 684 (1304 528 -872) (1304 528 327.21389768018673) (1304 784 327.21389768018673) (1304 784 -872) 
4 304 305 (1448 528 -1136) (1304 528 -1136) (1304 784 -1136) (1448 784 -1136) 
4 305 713 (1304 528 -1144) (1304 528 -1136) (1304 784 -1136) (1304 784 -1144) 
4 305 318 (1304 528 -1136) (1304 528 -1144) (1448 528 -1144) (1448 528 -1136) 
4 306 692 (1304 64 327.21389768018673) (1304 -208 327.21389768018673) (1304 -208 335.2138976801872) (1304 64 335.2138976801872) 
4 306 685 (1304 528 335.2138976801872) (1304 528 327.21389768018673) (1304 64 327.21389768018673) (1304 64 335.2138976801872) 
4 306 392 (1304 -208 335.2138976801872) (1304 -208 327.21389768018673) (1448 -208 327.21389768018673) (1448 -208 335.2138976801872) 
4 307 693 (1304 64 304) (1304 -208 304) (1304 -208 327.21389768018673) (1304 64 327.21389768018673) 
4 307 686 (1304 528 327.21389768018673) (1304 528 304) (1304 64 304) (1304 64 327.21389768018673) 
4 307 393 (1304 -208 327.21389768018673) (1304 -208 304) (1448 -208 304) (1448 -208 327.21389768018673) 
4 307 309 (1448 128 304) (1448 -208 304) (1304 -208 304) (1304 128 304) 
4 307 308 (1448 143.99999999999994 304) (1448 128 304) (1304 128 304) (1304 144 304) 
3 308 687 (1304 128 288) (1304 128 304) (1304 144 304) 
4 308 309 (1448 128 288) (1448 128 304) (1304 128 304) (1304 128 288) 
4 309 700 (1304 64 -288) (1304 -208 -288) (1304 -208 136) (1304 64 136) 
4 309 695 (1304 -208 136) (1304 -208 248) (1304 64 248) (1304 64 136) 
4 309 694 (1304 -208 248) (1304 -208 288) (1304 64 288) (1304 64 248) 
4 309 693 (1304 -208 288) (1304 -208 304) (1304 64 304) (1304 64 288) 
4 309 688 (1304 128 -288) (1304 64 -288) (1304 64 304) (1304 128 304) 
4 309 612 (1304 -208 -184) (1304 -208 -288) (1336 -208 -288) (1336 -208 -184) 
4 309 606 (1336 -208 -288) (1440 -208 -288) (1440 -208 -184) (1336 -208 -184) 
4 309 603 (1440 -208 -288) (1448 -208 -288) (1448 -208 -184) (1440 -208 -184) 
4 309 452 (1304 -208 112) (1304 -208 -184) (1336 -208 -184) (1336 -208 112) 
4 309 451 (1336 -208 -184) (1448 -208 -184) (1448 -208 112) (1336 -208 112) 
5 309 407 (1304 -208 199.9999999999999) (1304 -208 112) (1312 -208 112) (1336 -208 136) (1336 -208 221.33333333333326) 
4 309 406 (1336 -208 136) (1448 -208 248) (1376 -208 248) (1336 -208 221.33333333333326) 
3 309 402 (1312 -208 112) (1336 -208 112) (1336 -208 136) 
4 309 401 (1336 -208 112) (1448 -208 112) (1448 -208 248) (1336 -208 136) 
4 309 397 (1304 -208 248) (1304 -208 199.9999999999999) (1336 -208 221.33333333333326) (1336 -208 248) 
3 309 396 (1336 -208 221.33333333333326) (1376 -208 248) (1336 -208 248) 
4 309 395 (1304 -208 288) (1304 -208 248) (1400 -208 248) (1400 -208 288) 
4 309 394 (1400 -208 248) (1448 -208 248) (1448 -208 288) (1400 -208 288) 
4 309 393 (1304 -208 304) (1304 -208 288) (1448 -208 288) (1448 -208 304) 
4 309 311 (1448 64 -288) (1448 -208 -288) (1304 -208 -288) (1304 64 -288) 
4 309 310 (1448 80 -288) (1448 64 -288) (1304 64 -288) (1304 80.00000000000001 -288) 
3 310 689 (1304 64 -304) (1304 64 -288) (1304 80 -288) 
4 310 311 (1448 64 -304) (1448 64 -288) (1304 64 -288) (1304 64 -304) 
4 311 700 (1304 64 -328) (1304 -208 -328) (1304 -208 -288) (1304 64 -288) 
4 311 612 (1304 -208 -288) (1304 -208 -328) (1336 -208 -328) (1336 -208 -288) 
4 311 606 (1336 -208 -328) (1440 -208 -328) (1440 -208 -288) (1336 -208 -288) 
4 311 603 (1440 -208 -328) (1448 -208 -328) (1448 -208 -288) (1440 -208 -288) 
4 311 313 (1448 64 -328) (1448 -208 -328) (1304 -208 -328) (1304 64 -328) 
4 312 690 (1304 512 -496) (1304 299.1999999999971 -496) (1304 400 -328) (1304 512 -328) 
4 313 700 (1304 64 -496) (1304 -208 -496) (1304 -208 -328) (1304 64 -328) 
4 313 612 (1304 -208 -328) (1304 -208 -496) (1336 -208 -496) (1336 -208 -328) 
4 313 609 (1336 -208 -496) (1448 -208 -496) (1448 -208 -488) (1336 -208 -488) 
4 313 608 (1448 -208 -488) (1448 -208 -464) (1336 -208 -464) (1336 -208 -488) 
4 313 606 (1440 -208 -328) (1336 -208 -328) (1336 -208 -464) (1440 -208 -464) 
4 313 603 (1448 -208 -464) (1448 -208 -328) (1440 -208 -328) (1440 -208 -464) 
4 313 314 (1448 64 -496) (1448 -208 -496) (1304 -208 -496) (1304 64 -496) 
4 314 700 (1304 -208 -560) (1304 -208 -496) (1304 64 -496) (1304 64 -560) 
4 314 612 (1304 -208 -496) (1304 -208 -560) (1336 -208 -560) (1336 -208 -496) 
4 314 611 (1336 -208 -560) (1448 -208 -560) (1448 -208 -544) (1336 -208 -544) 
4 314 609 (1448 -208 -544) (1448 -208 -496) (1336 -208 -496) (1336 -208 -544) 
4 314 316 (1448 64 -560) (1448 -208 -560) (1304 -208 -560) (1304 64 -560) 
4 315 691 (1304 96 -712) (1304 96 -560) (1304 296 -560) (1304 296 -712) 
4 316 705 (1304 -160 -872) (1304 -208 -872) (1304 -208 -712) (1304 -160 -712) 
4 316 701 (1304 64 -872) (1304 -160 -872) (1304 -160 -712) (1304 64 -712) 
4 316 700 (1304 -208 -576) (1304 -208 -560) (1304 64 -560) (1304 64 -576) 
4 316 671 (1304 -208 -568) (1304 -208 -872) (1336 -208 -872) (1336 -208 -568) 
4 316 669 (1336 -208 -872) (1448 -208 -872) (1448 -208 -568) (1336 -208 -568) 
4 316 612 (1304 -208 -560) (1304 -208 -568) (1336 -208 -568) (1336 -208 -560) 
4 316 611 (1336 -208 -568) (1448 -208 -568) (1448 -208 -560) (1336 -208 -560) 
4 317 712 (1304 528 -888) (1304 528 -1136) (1304 -208 -1136) (1304 -208 -888) 
4 317 678 (1304 -208 -888) (1304 -208 -1136) (1448 -208 -1136) (1448 -208 -888) 
4 318 713 (1304 528 -1136) (1304 528 -1144) (1304 -208 -1144) (1304 -208 -1136) 
4 318 681 (1304 -208 -1136) (1304 -208 -1144) (1448 -208 -1144) (1448 -208 -1136) 
4 319 329 (2488 -800 327.21389768018673) (2736 -800 327.21389768018673) (2736 -800 335.2138976801872) (2488 -800 335.2138976801872) 
4 319 321 (2736 -800 327.21389768018673) (2488 -800 327.21389768018673) (2488 -208 327.21389768018673) (2736 -208 327.21389768018673) 
4 319 320 (2488 -208 327.21389768018673) (2488 -800 327.21389768018673) (2488 -800 335.2138976801872) (2488 -208 335.2138976801872) 
4 320 330 (2480 -800 335.2138976801872) (2480 -800 327.21389768018673) (2488 -800 327.21389768018673) (2488 -800 335.2138976801872) 
4 320 322 (2480 -208 335.2138976801872) (2480 -208 327.21389768018673) (2480 -800 327.21389768018673) (2480 -800 335.2138976801872) 
4 320 321 (2488 -800 327.21389768018673) (2480 -800 327.21389768018673) (2480 -208 327.21389768018673) (2488 -208 327.21389768018673) 
4 321 331 (2480 -800 327.21389768018673) (2480 -800 320) (2736 -800 320) (2736 -800 327.21389768018673) 
4 321 324 (2736 -800 320) (2480 -800 320) (2480 -208 320) (2736 -208 320) 
4 322 378 (1824 -208 335.2138976801872) (1824 -208 327.21389768018673) (1824 -800 327.21389768018673) (1824 -800 335.2138976801872) 
4 322 347 (1824 -800 335.2138976801872) (1824 -800 328) (2112 -800 328) (2112 -800 335.2138976801872) 
4 322 340 (2192 -800 328) (2192 -800 335.2138976801872) (2112 -800 335.2138976801872) (2112 -800 328) 
4 322 337 (2352 -800 328) (2352 -800 335.2138976801872) (2192 -800 335.2138976801872) (2192 -800 328) 
4 322 334 (2352 -800 327.21389768018673) (2360 -800 327.21389768018673) (2360 -800 335.2138976801872) (2352 -800 335.2138976801872) 
4 322 332 (2360 -800 327.21389768018673) (2480 -800 327.21389768018673) (2480 -800 335.2138976801872) (2360 -800 335.2138976801872) 
4 323 379 (1824 -208 327.21389768018673) (1824 -208 320) (1824 -800 320) (1824 -800 327.21389768018673) 
4 323 335 (2352 -800 320) (2360 -800 320) (2360 -800 327.21389768018673) (2352 -800 327.21389768018673) 
4 323 333 (2360 -800 320) (2480 -800 320) (2480 -800 327.21389768018673) (2360 -800 327.21389768018673) 
4 323 327 (2096 -800 320) (1840 -800 320) (1840 -792 320) (2096 -792 320) 
4 323 326 (2480 -800 320) (2112 -800 320) (2112 -792 320) (2480 -792 320) 
4 323 325 (1824 -792 320) (1824 -208 320) (2480 -208 320) (2480 -792 320) 
4 324 495 (2736 -800 -184) (2480 -800 -184) (2480 -208 -184) (2736 -208 -184) 
4 324 331 (2480 -800 -184) (2736 -800 -184) (2736 -800 320) (2480 -800 320) 
4 325 564 (1824 -792 -184) (1824 -208 -184) (1920 -208 -184) (1920 -792 -184) 
4 325 530 (2088 -792 -184) (1920 -792 -184) (1920 -224 -184) (2088 -224 -184) 
4 325 526 (2096 -792 -184) (2088 -792 -184) (2088 -224 -184) (2096 -224 -184) 
4 325 524 (2104 -792 -184) (2096 -792 -184) (2096 -224 -184) (2104 -224 -184) 
4 325 522 (2112 -792 -184) (2104 -792 -184) (2104 -224 -184) (2112 -224 -184) 
4 325 519 (2184 -792 -184) (2112 -792 -184) (2112 -224 -184) (2184 -224 -184) 
4 325 518 (2192 -224 -184) (2192 -792 -184) (2184 -792 -184) (2184 -224 -184) 
4 325 515 (2192 -216 -184) (2192 -224 -184) (1920 -224 -184) (1920 -216 -184) 
4 325 513 (1920 -208 -184) (1936 -208 -184) (1936 -216 -184) (1920 -216 -184) 
4 325 512 (1936 -208 -184) (2160 -208 -184) (2160 -216 -184) (1936 -216 -184) 
4 325 510 (2160 -208 -184) (2176 -208 -184) (2176 -216 -184) (2160 -216 -184) 
4 325 509 (2176 -208 -184) (2192 -208 -184) (2192 -216 -184) (2176 -216 -184) 
4 325 497 (2192 -208 -184) (2360 -208 -184) (2360 -792 -184) (2192 -792 -184) 
4 325 496 (2360 -208 -184) (2480 -208 -184) (2480 -792 -184) (2360 -792 -184) 
4 325 387 (1824 -208 -120) (1824 -208 -184) (1824 -792 -184) (1824 -792 -120) 
4 325 385 (1824 -208 -8) (1824 -208 -120) (1824 -792 -120) (1824 -792 -8) 
4 325 384 (1824 -208 136) (1824 -208 -8) (1824 -792 -8) (1824 -792 136) 
4 325 379 (1824 -208 320) (1824 -208 136) (1824 -792 136) (1824 -792 320) 
4 325 328 (2480 -792 -184) (2480 -792 256) (1824 -792 256) (1824 -792 -184) 
4 325 327 (2096 -792 320) (1840 -792 320) (1840 -792 256) (2096 -792 256) 
4 325 326 (2480 -792 256) (2480 -792 320) (2112 -792 320) (2112 -792 256) 
4 326 341 (2112 -800 256) (2192 -800 256) (2192 -800 272) (2112 -800 272) 
4 326 333 (2360 -800 256) (2480 -800 256) (2480 -800 320) (2360 -800 320) 
4 326 328 (2112 -792 256) (2480 -792 256) (2480 -800 256) (2112 -800 256) 
4 327 348 (1840 -800 256) (2096 -800 256) (2096 -800 272) (1840 -800 272) 
4 327 328 (1840 -792 256) (2096 -792 256) (2096 -800 256) (1840 -800 256) 
4 328 564 (1920 -800 -184) (1824 -800 -184) (1824 -792 -184) (1920 -792 -184) 
4 328 530 (2088 -800 -184) (1920 -800 -184) (1920 -792 -184) (2088 -792 -184) 
4 328 526 (2096 -800 -184) (2088 -800 -184) (2088 -792 -184) (2096 -792 -184) 
4 328 524 (2104 -800 -184) (2096 -800 -184) (2096 -792 -184) (2104 -792 -184) 
4 328 522 (2112 -800 -184) (2104 -800 -184) (2104 -792 -184) (2112 -792 -184) 
4 328 520 (2184 -800 -184) (2112 -800 -184) (2112 -792 -184) (2184 -792 -184) 
4 328 518 (2192 -800 -184) (2184 -800 -184) (2184 -792 -184) (2192 -792 -184) 
4 328 497 (2360 -800 -184) (2192 -800 -184) (2192 -792 -184) (2360 -792 -184) 
4 328 496 (2480 -800 -184) (2360 -800 -184) (2360 -792 -184) (2480 -792 -184) 
4 328 387 (1824 -792 -184) (1824 -800 -184) (1824 -800 -120) (1824 -792 -120) 
4 328 385 (1824 -800 -120) (1824 -800 -8) (1824 -792 -8) (1824 -792 -120) 
4 328 384 (1824 -800 -8) (1824 -800 136) (1824 -792 136) (1824 -792 -8) 
4 328 379 (1824 -800 136) (1824 -800 256) (1824 -792 256) (1824 -792 136) 
4 328 353 (1824 -800 -8) (1824 -800 -184) (2104 -800 -184) (2104 -800 -8) 
4 328 348 (1840 -800 136) (2096 -800 136) (2096 -800 256) (1840 -800 256) 
4 328 341 (2112 -800 -184) (2192 -800 -184) (2192 -800 256) (2112 -800 256) 
4 328 333 (2360 -800 -184) (2480 -800 -184) (2480 -800 256) (2360 -800 256) 
4 329 354 (2488 -944 327.21389768018673) (2736 -944 327.21389768018673) (2736 -944 335.2138976801872) (2488 -944 335.2138976801872) 
4 329 331 (2736 -944 327.21389768018673) (2488 -944 327.21389768018673) (2488 -800 327.21389768018673) (2736 -800 327.21389768018673) 
4 329 330 (2488 -800 327.21389768018673) (2488 -944 327.21389768018673) (2488 -944 335.2138976801872) (2488 -800 335.2138976801872) 
4 330 355 (2480 -944 335.2138976801872) (2480 -944 327.21389768018673) (2488 -944 327.21389768018673) (2488 -944 335.2138976801872) 
4 330 332 (2480 -800 335.2138976801872) (2480 -800 327.21389768018673) (2480 -944 327.21389768018673) (2480 -944 335.2138976801872) 
4 330 331 (2488 -944 327.21389768018673) (2480 -944 327.21389768018673) (2480 -800 327.21389768018673) (2488 -800 327.21389768018673) 
4 331 498 (2736 -944 -184) (2480 -944 -184) (2480 -824 -184) (2736 -824 -184) 
4 331 495 (2480 -824 -184) (2480 -800 -184) (2736 -800 -184) (2736 -824 -184) 
4 331 356 (2480 -944 327.21389768018673) (2480 -944 -184) (2736 -944 -184) (2736 -944 327.21389768018673) 
4 332 357 (2360 -944 335.2138976801872) (2360 -944 327.21389768018673) (2480 -944 327.21389768018673) (2480 -944 335.2138976801872) 
4 332 336 (2360 -944 328) (2360 -944 335.2138976801872) (2360 -824 335.2138976801872) (2360 -824 328) 
4 332 334 (2360 -800 335.2138976801872) (2360 -800 327.21389768018673) (2360 -824 327.21389768018673) (2360 -824 335.2138976801872) 
4 333 500 (2480 -944 -184) (2360 -944 -184) (2360 -824 -184) (2480 -824 -184) 
4 333 496 (2360 -824 -184) (2360 -800 -184) (2480 -800 -184) (2480 -824 -184) 
4 333 358 (2360 -944 327.21389768018673) (2360 -944 -184) (2480 -944 -184) (2480 -944 327.21389768018673) 
4 333 335 (2360 -800 327.21389768018673) (2360 -800 320) (2360 -824 320) (2360 -824 327.21389768018673) 
4 334 337 (2352 -800 335.2138976801872) (2352 -800 328) (2352 -824 328) (2352 -824 335.2138976801872) 
4 334 336 (2352 -824 335.2138976801872) (2352 -824 328) (2360 -824 328) (2360 -824 335.2138976801872) 
4 336 359 (2352 -944 335.2138976801872) (2352 -944 328) (2360 -944 328) (2360 -944 335.2138976801872) 
4 336 337 (2352 -824 335.2138976801872) (2352 -824 328) (2352 -944 328) (2352 -944 335.2138976801872) 
4 337 360 (2192 -944 335.2138976801872) (2192 -944 328) (2352 -944 328) (2352 -944 335.2138976801872) 
4 337 340 (2192 -800 335.2138976801872) (2192 -800 328) (2192 -944 328) (2192 -944 335.2138976801872) 
4 338 363 (2192 -944 72) (2192 -944 -168) (2352 -944 -168) (2352 -944 72) 
4 338 362 (2192 -944 136) (2192 -944 72) (2352 -944 72) (2352 -944 136) 
4 338 361 (2192 -944 320) (2192 -944 136) (2352 -944 136) (2352 -944 320) 
4 338 344 (2192 -824 -80) (2192 -824 -168) (2192 -936 -168) (2192 -936 -80) 
4 338 343 (2192 -824 280) (2192 -824 -72) (2192 -936 -72) (2192 -936 280) 
4 338 339 (2192 -944 -168) (2192 -824 -168) (2216 -824 -168) (2216 -944 -168) 
4 339 344 (2192 -824 -184) (2192 -936 -184) (2192 -936 -168) (2192 -824 -168) 
4 340 360 (2112 -944 335.2138976801872) (2112 -944 328) (2192 -944 328) (2192 -944 335.2138976801872) 
4 340 349 (2112 -808 328) (2112 -944 328) (2112 -944 335.2138976801872) (2112 -808 335.2138976801872) 
4 340 347 (2112 -800 335.2138976801872) (2112 -800 328) (2112 -808 328) (2112 -808 335.2138976801872) 
4 341 342 (2184 -808 272) (2120 -808 272) (2120 -808 -184) (2184 -808 -184) 
4 342 345 (2120 -816 -72) (2120 -816 -184) (2184 -816 -184) (2184 -816 -72) 
4 342 343 (2120 -816 280) (2120 -816 -72) (2184 -816 -72) (2184 -816 280) 
4 343 352 (2112 -936 136) (2112 -936 280) (2112 -816 280) (2112 -816 136) 
4 343 346 (2184 -936 280) (2120 -936 280) (2120 -936 -72) (2184 -936 -72) 
4 343 345 (2184 -936 -72) (2112 -936 -72) (2112 -816 -72) (2184 -816 -72) 
4 344 345 (2184 -936 -184) (2184 -936 -80) (2184 -816 -80) (2184 -816 -184) 
4 345 346 (2184 -936 -72) (2120 -936 -72) (2120 -936 -184) (2184 -936 -184) 
4 346 363 (2184 -944 -168) (2184 -944 72) (2120 -944 72) (2120 -944 -168) 
4 346 362 (2184 -944 72) (2184 -944 136) (2120 -944 136) (2120 -944 72) 
4 346 361 (2184 -944 136) (2184 -944 320) (2120 -944 320) (2120 -944 136) 
4 347 380 (1824 -800 335.2138976801872) (1824 -800 328) (1824 -808 328) (1824 -808 335.2138976801872) 
4 347 349 (1824 -808 335.2138976801872) (1824 -808 328) (2112 -808 328) (2112 -808 335.2138976801872) 
4 348 351 (1840 -808 136) (2096 -808 136) (2096 -808 256) (1840 -808 256) 
4 348 350 (2096 -808 256) (2096 -808 272) (1840 -808 272) (1840 -808 256) 
4 349 380 (1824 -808 335.2138976801872) (1824 -808 328) (1824 -944 328) (1824 -944 335.2138976801872) 
4 349 360 (1824 -944 335.2138976801872) (1824 -944 328) (2112 -944 328) (2112 -944 335.2138976801872) 
4 350 352 (2096 -816 320) (1840 -816 320) (1840 -816 256) (2096 -816 256) 
4 350 351 (2096 -816 256) (1840 -816 256) (1840 -808 256) (2096 -808 256) 
4 351 352 (1824 -816 136) (2112 -816 136) (2112 -816 256) (1824 -816 256) 
4 352 361 (1824 -944 320) (1824 -944 136) (2112 -944 136) (2112 -944 320) 
4 353 564 (1824 -936 -184) (1824 -800 -184) (1920 -800 -184) (1920 -936 -184) 
4 353 530 (1920 -800 -184) (2088 -800 -184) (2088 -936 -184) (1920 -936 -184) 
4 353 527 (2096 -816 -184) (2096 -936 -184) (2088 -936 -184) (2088 -816 -184) 
4 353 526 (2088 -800 -184) (2096 -800 -184) (2096 -816 -184) (2088 -816 -184) 
4 353 524 (2096 -800 -184) (2104 -800 -184) (2104 -808 -184) (2096 -808 -184) 
4 353 387 (1824 -800 -120) (1824 -800 -184) (1824 -936 -184) (1824 -936 -120) 
4 353 385 (1824 -800 -8) (1824 -800 -120) (1824 -936 -120) (1824 -936 -8) 
4 354 368 (2488 -1504 327.21389768018673) (2736 -1504 327.21389768018673) (2736 -1504 335.2138976801872) (2488 -1504 335.2138976801872) 
4 354 356 (2736 -1504 327.21389768018673) (2488 -1504 327.21389768018673) (2488 -944 327.21389768018673) (2736 -944 327.21389768018673) 
4 354 355 (2488 -944 327.21389768018673) (2488 -1504 327.21389768018673) (2488 -1504 335.2138976801872) (2488 -944 335.2138976801872) 
4 355 369 (2480 -1504 335.2138976801872) (2480 -1504 327.21389768018673) (2488 -1504 327.21389768018673) (2488 -1504 335.2138976801872) 
4 355 357 (2480 -944 335.2138976801872) (2480 -944 327.21389768018673) (2480 -1504 327.21389768018673) (2480 -1504 335.2138976801872) 
4 355 356 (2488 -1504 327.21389768018673) (2480 -1504 327.21389768018673) (2480 -944 327.21389768018673) (2488 -944 327.21389768018673) 
4 356 498 (2736 -1504 -184) (2480 -1504 -184) (2480 -944 -184) (2736 -944 -184) 
4 356 370 (2480 -1504 327.21389768018673) (2480 -1504 -184) (2736 -1504 -184) (2736 -1504 327.21389768018673) 
4 357 371 (2360 -1504 335.2138976801872) (2360 -1504 327.21389768018673) (2480 -1504 327.21389768018673) (2480 -1504 335.2138976801872) 
4 357 359 (2360 -944 335.2138976801872) (2360 -944 328) (2360 -1504 328) (2360 -1504 335.2138976801872) 
4 358 500 (2480 -1504 -184) (2360 -1504 -184) (2360 -944 -184) (2480 -944 -184) 
4 358 372 (2360 -1504 327.21389768018673) (2360 -1504 -184) (2480 -1504 -184) (2480 -1504 327.21389768018673) 
4 359 373 (2352 -1504 335.2138976801872) (2352 -1504 328) (2360 -1504 328) (2360 -1504 335.2138976801872) 
4 359 360 (2352 -944 335.2138976801872) (2352 -944 328) (2352 -1504 328) (2352 -1504 335.2138976801872) 
4 360 383 (1824 -1488 328) (1824 -1504 328) (1824 -1504 335.2138976801872) (1824 -1488 335.2138976801872) 
4 360 381 (1824 -1208 328) (1824 -1488 328) (1824 -1488 335.2138976801872) (1824 -1208 335.2138976801872) 
4 360 380 (1824 -944 335.2138976801872) (1824 -944 328) (1824 -1208 328) (1824 -1208 335.2138976801872) 
4 360 373 (1824 -1504 335.2138976801872) (1824 -1504 328) (2352 -1504 328) (2352 -1504 335.2138976801872) 
4 361 382 (1824 -1208 136) (1824 -1488 136) (1824 -1488 248) (1824 -1208 248) 
4 361 362 (1975.9999999999998 -944 136) (2352 -944 136) (2352 -1504 136) (1911.9999999999998 -1504 136) 
4 362 365 (2352 -1208 72) (2352 -1504 72) (1911.9999999999998 -1504 72) (1945.8285714285712 -1208 72) 
4 362 364 (1975.9999999999998 -944 72) (2096 -944 72) (2096 -1208 72) (1945.8285714285712 -1208 72) 
4 362 363 (2096 -944 72) (2352 -944 72) (2352 -1208 72) (2096 -1208 72) 
4 363 365 (2096 -1208 -168) (2352 -1208 -168) (2352 -1208 72) (2096 -1208 72) 
4 363 364 (2096 -1208 8) (2096 -1208 72) (2096 -944 72) (2096 -944 8) 
4 364 367 (1856 -1208 72) (1824 -1208 72) (1824 -1208 8) (1856 -1208 8) 
4 364 366 (1888 -1208 72) (1856 -1208 72) (1856 -1208 8) (1888 -1208 8) 
4 364 365 (2096 -1208 8) (2096 -1208 72) (1888 -1208 72) (1888 -1208 8) 
4 365 366 (1888 -1208 72) (1888 -1208 -152) (1888 -1504 -152) (1888 -1504 72) 
4 366 367 (1856 -1208 72) (1856 -1208 -136) (1856 -1504 -136) (1856 -1504 72) 
4 367 386 (1824 -1488 -8) (1824 -1208 -8) (1824 -1208 -120) (1824 -1488 -120) 
4 368 376 (2488 -1528 327.21389768018673) (2736 -1528 327.21389768018673) (2736 -1528 335.2138976801872) (2488 -1528 335.2138976801872) 
4 368 370 (2736 -1528 327.21389768018673) (2488 -1528 327.21389768018673) (2488 -1504 327.21389768018673) (2736 -1504 327.21389768018673) 
4 368 369 (2488 -1504 327.21389768018673) (2488 -1528 327.21389768018673) (2488 -1528 335.2138976801872) (2488 -1504 335.2138976801872) 
4 369 376 (2480 -1528 335.2138976801872) (2480 -1528 327.21389768018673) (2488 -1528 327.21389768018673) (2488 -1528 335.2138976801872) 
4 369 371 (2480 -1504 335.2138976801872) (2480 -1504 327.21389768018673) (2480 -1528 327.21389768018673) (2480 -1528 335.2138976801872) 
4 369 370 (2488 -1528 327.21389768018673) (2480 -1528 327.21389768018673) (2480 -1504 327.21389768018673) (2488 -1504 327.21389768018673) 
4 370 498 (2736 -1528 -184) (2480 -1528 -184) (2480 -1504 -184) (2736 -1504 -184) 
4 370 376 (2480 -1528 327.21389768018673) (2480 -1528 -184) (2736 -1528 -184) (2736 -1528 327.21389768018673) 
4 371 377 (2360 -1528 335.2138976801872) (2360 -1528 327.21389768018673) (2480 -1528 327.21389768018673) (2480 -1528 335.2138976801872) 
4 371 374 (2360 -1512 327.21389768018673) (2360 -1528 327.21389768018673) (2360 -1528 335.2138976801872) (2360 -1512 335.2138976801872) 
4 371 373 (2360 -1504 335.2138976801872) (2360 -1504 328) (2360 -1512 328) (2360 -1512 335.2138976801872) 
4 372 500 (2480 -1528 -184) (2360 -1528 -184) (2360 -1504 -184) (2480 -1504 -184) 
4 372 375 (2360 -1512 -184) (2360 -1528 -184) (2360 -1528 327.21389768018673) (2360 -1512 327.21389768018673) 
4 373 388 (1824 -1504 335.2138976801872) (1824 -1504 328) (1824 -1512 328) (1824 -1512 335.2138976801872) 
4 373 374 (1824 -1512 335.2138976801872) (1824 -1512 328) (2360 -1512 328) (2360 -1512 335.2138976801872) 
4 374 389 (1824 -1512 335.2138976801872) (1824 -1512 327.21389768018673) (1824 -1528 327.21389768018673) (1824 -1528 335.2138976801872) 
4 374 377 (1824 -1528 335.2138976801872) (1824 -1528 327.21389768018673) (2360 -1528 327.21389768018673) (2360 -1528 335.2138976801872) 
4 375 568 (1920 -1528 -184) (1824 -1528 -184) (1824 -1512 -184) (1920 -1512 -184) 
4 375 541 (2192 -1528 -184) (1920 -1528 -184) (1920 -1512 -184) (2192 -1512 -184) 
4 375 503 (2352 -1528 -184) (2192 -1528 -184) (2192 -1512 -184) (2352 -1512 -184) 
4 375 501 (2360 -1528 -184) (2352 -1528 -184) (2352 -1512 -184) (2360 -1512 -184) 
4 375 390 (1824 -1512 327.21389768018673) (1824 -1512 -184) (1824 -1528 -184) (1824 -1528 327.21389768018673) 
4 376 499 (2480 -1784 -184) (2480 -1528 -184) (2736 -1528 -184) (2736 -1784 -184) 
4 376 377 (2480 -1528 335.2138976801872) (2480 -1528 -184) (2480 -1784 -184) (2480 -1784 335.2138976801872) 
4 377 569 (1824 -1784 -184) (1824 -1528 -184) (1920 -1528 -184) (1920 -1784 -184) 
4 377 542 (1920 -1528 -184) (2192 -1528 -184) (2192 -1784 -184) (1920 -1784 -184) 
4 377 504 (2192 -1528 -184) (2352 -1528 -184) (2352 -1784 -184) (2192 -1784 -184) 
4 377 502 (2352 -1528 -184) (2480 -1528 -184) (2480 -1784 -184) (2352 -1784 -184) 
4 377 391 (1824 -1528 335.2138976801872) (1824 -1528 -184) (1824 -1784 -184) (1824 -1784 335.2138976801872) 
4 378 392 (1816 -208 335.2138976801872) (1816 -208 327.21389768018673) (1816 -800 327.21389768018673) (1816 -800 335.2138976801872) 
4 378 380 (1816 -800 335.2138976801872) (1816 -800 328) (1824 -800 328) (1824 -800 335.2138976801872) 
4 379 401 (1816 -208 248) (1816 -208 136) (1816 -800 136) (1816 -800 248) 
4 379 394 (1816 -208 288) (1816 -208 248) (1816 -800 248) (1816 -800 288) 
4 379 393 (1816 -208 327.21389768018673) (1816 -208 288) (1816 -800 288) (1816 -800 327.21389768018673) 
4 379 384 (1816 -800 136) (1816 -208 136) (1824 -208 136) (1824 -800 136) 
4 380 456 (1816 -1200 328) (1816 -1208 328) (1816 -1208 335.2138976801872) (1816 -1200 335.2138976801872) 
4 380 392 (1816 -800 335.2138976801872) (1816 -800 328) (1816 -1200 328) (1816 -1200 335.2138976801872) 
4 380 381 (1816 -1208 335.2138976801872) (1816 -1208 328) (1824 -1208 328) (1824 -1208 335.2138976801872) 
4 381 456 (1816 -1208 335.2138976801872) (1816 -1208 328) (1816 -1488 328) (1816 -1488 335.2138976801872) 
4 381 383 (1816 -1488 335.2138976801872) (1816 -1488 328) (1824 -1488 328) (1824 -1488 335.2138976801872) 
4 382 467 (1816 -1208 248) (1816 -1208 136) (1816 -1488 136) (1816 -1488 248) 
4 383 470 (1816 -1496 328) (1816 -1504 328) (1816 -1504 335.2138976801872) (1816 -1496 335.2138976801872) 
4 383 456 (1816 -1488 335.2138976801872) (1816 -1488 328) (1816 -1496 328) (1816 -1496 335.2138976801872) 
4 383 388 (1816 -1504 335.2138976801872) (1816 -1504 328) (1824 -1504 328) (1824 -1504 335.2138976801872) 
4 384 451 (1816 -208 112) (1816 -208 -8) (1816 -800 -8) (1816 -800 112) 
4 384 401 (1816 -208 136) (1816 -208 112) (1816 -800 112) (1816 -800 136) 
4 384 385 (1816 -800 -8) (1816 -208 -8) (1824 -208 -8) (1824 -800 -8) 
4 385 451 (1816 -208 -8) (1816 -208 -120) (1816 -936 -120) (1816 -936 -8) 
4 385 387 (1816 -936 -120) (1816 -208 -120) (1824 -208 -120) (1824 -936 -120) 
4 386 490 (1816 -1488 -104) (1816 -1488 -40) (1816 -1208 -40) (1816 -1208 -104) 
4 386 469 (1816 -1488 -40) (1816 -1488 -8) (1816 -1208 -8) (1816 -1208 -40) 
4 387 566 (1816 -928 -184) (1816 -208 -184) (1824 -208 -184) (1824 -928 -184) 
4 387 451 (1816 -208 -120) (1816 -208 -184) (1816 -936 -184) (1816 -936 -120) 
4 388 470 (1816 -1504 335.2138976801872) (1816 -1504 328) (1816 -1512 328) (1816 -1512 335.2138976801872) 
4 388 389 (1816 -1512 335.2138976801872) (1816 -1512 328) (1824 -1512 328) (1824 -1512 335.2138976801872) 
4 389 470 (1816 -1512 335.2138976801872) (1816 -1512 327.21389768018673) (1816 -1528 327.21389768018673) (1816 -1528 335.2138976801872) 
4 389 391 (1816 -1528 335.2138976801872) (1816 -1528 327.21389768018673) (1824 -1528 327.21389768018673) (1824 -1528 335.2138976801872) 
4 390 568 (1816 -1528 -184) (1816 -1512 -184) (1824 -1512 -184) (1824 -1528 -184) 
4 390 493 (1816 -1512 -40) (1816 -1512 -184) (1816 -1528 -184) (1816 -1528 -40) 
4 390 471 (1816 -1512 327.21389768018673) (1816 -1512 -40) (1816 -1528 -40) (1816 -1528 327.21389768018673) 
4 391 569 (1816 -1784 -184) (1816 -1528 -184) (1824 -1528 -184) (1824 -1784 -184) 
4 391 494 (1816 -1528 -40) (1816 -1528 -184) (1816 -1784 -184) (1816 -1784 -40) 
4 391 472 (1816 -1528 335.2138976801872) (1816 -1528 -40) (1816 -1784 -40) (1816 -1784 335.2138976801872) 
4 392 936 (1304 -656 327.21389768018673) (1304 -1200 327.21389768018673) (1304 -1200 335.2138976801872) (1304 -656 335.2138976801872) 
4 392 692 (1304 -208 335.2138976801872) (1304 -208 327.21389768018673) (1304 -656 327.21389768018673) (1304 -656 335.2138976801872) 
4 392 456 (1304 -1200 335.2138976801872) (1304 -1200 327.21389768018673) (1816 -1200 327.21389768018673) (1816 -1200 335.2138976801872) 
4 393 937 (1304 -656 288) (1304 -1200 288) (1304 -1200 327.21389768018673) (1304 -656 327.21389768018673) 
4 393 693 (1304 -208 327.21389768018673) (1304 -208 288) (1304 -656 288) (1304 -656 327.21389768018673) 
4 393 457 (1304 -1200 327.21389768018673) (1304 -1200 288) (1816 -1200 288) (1816 -1200 327.21389768018673) 
4 393 395 (1304 -360 288) (1304 -208 288) (1400 -208 288) (1400 -360 288) 
4 393 394 (1400 -1192 288) (1400 -208 288) (1816 -208 288) (1816 -1192 288) 
4 394 449 (1400 -1192 248) (1400 -1168 248) (1448 -1168 248) (1448 -1192 248) 
4 394 448 (1400 -1168 248) (1400 -1160 248) (1448 -1160 248) (1448 -1168 248) 
4 394 447 (1400 -1160 248) (1400 -1136 248) (1448 -1136 248) (1448 -1160 248) 
4 394 446 (1400 -1136 248) (1400 -1128 248) (1448 -1128 248) (1448 -1136 248) 
4 394 445 (1400 -1128 248) (1400 -1104 248) (1448 -1104 248) (1448 -1128 248) 
4 394 444 (1400 -1104 248) (1400 -1096 248) (1448 -1096 248) (1448 -1104 248) 
4 394 443 (1400 -1096 248) (1400 -1072 248) (1448 -1072 248) (1448 -1096 248) 
4 394 442 (1400 -1072 248) (1400 -1064 248) (1448 -1064 248) (1448 -1072 248) 
4 394 441 (1400 -1064 248) (1400 -1040 248) (1448 -1040 248) (1448 -1064 248) 
4 394 440 (1400 -1040 248) (1400 -1032 248) (1448 -1032 248) (1448 -1040 248) 
4 394 439 (1400 -1032 248) (1400 -1008 248) (1448 -1008 248) (1448 -1032 248) 
4 394 438 (1400 -1008 248) (1400 -1000 248) (1448 -1000 248) (1448 -1008 248) 
4 394 437 (1400 -1000 248) (1400 -976 248) (1448 -976 248) (1448 -1000 248) 
4 394 436 (1400 -976 248) (1400 -968 248) (1448 -968 248) (1448 -976 248) 
4 394 435 (1400 -968 248) (1400 -944 248) (1448 -944 248) (1448 -968 248) 
4 394 434 (1400 -944 248) (1400 -936 248) (1448 -936 248) (1448 -944 248) 
4 394 433 (1400 -936 248) (1400 -912 248) (1448 -912 248) (1448 -936 248) 
4 394 432 (1400 -912 248) (1400 -904 248) (1448 -904 248) (1448 -912 248) 
4 394 431 (1400 -904 248) (1400 -880 248) (1448 -880 248) (1448 -904 248) 
4 394 430 (1400 -880 248) (1400 -872 248) (1448 -872 248) (1448 -880 248) 
4 394 429 (1400 -872 248) (1400 -848 248) (1448 -848 248) (1448 -872 248) 
4 394 428 (1400 -848 248) (1400 -840 248) (1448 -840 248) (1448 -848 248) 
4 394 427 (1400 -840 248) (1400 -816 248) (1448 -816 248) (1448 -840 248) 
4 394 426 (1400 -816 248) (1400 -808 248) (1448 -808 248) (1448 -816 248) 
4 394 425 (1400 -808 248) (1400 -784 248) (1448 -784 248) (1448 -808 248) 
4 394 424 (1400 -784 248) (1400 -776 248) (1448 -776 248) (1448 -784 248) 
4 394 423 (1400 -776 248) (1400 -752 248) (1448 -752 248) (1448 -776 248) 
4 394 422 (1400 -752 248) (1400 -744 248) (1448 -744 248) (1448 -752 248) 
4 394 421 (1400 -744 248) (1400 -720 248) (1448 -720 248) (1448 -744 248) 
4 394 420 (1400 -720 248) (1400 -712 248) (1448 -712 248) (1448 -720 248) 
4 394 419 (1400 -712 248) (1400 -688 248) (1448 -688 248) (1448 -712 248) 
4 394 418 (1400 -688 248) (1400 -680 248) (1448 -680 248) (1448 -688 248) 
4 394 417 (1400 -680 248) (1400 -656 248) (1448 -656 248) (1448 -680 248) 
4 394 415 (1400 -656 248) (1400 -512 248) (1448 -512 248) (1448 -656 248) 
4 394 414 (1400 -512 248) (1400 -488 248) (1448 -488 248) (1448 -512 248) 
4 394 413 (1400 -488 248) (1400 -480 248) (1448 -480 248) (1448 -488 248) 
4 394 412 (1400 -480 248) (1400 -456 248) (1448 -456 248) (1448 -480 248) 
4 394 411 (1400 -456 248) (1400 -448 248) (1448 -448 248) (1448 -456 248) 
4 394 410 (1400 -448 248) (1400 -424 248) (1448 -424 248) (1448 -448 248) 
4 394 409 (1400 -424 248) (1400 -416 248) (1448 -416 248) (1448 -424 248) 
4 394 408 (1400 -416 248) (1400 -392 248) (1448 -392 248) (1448 -416 248) 
4 394 406 (1400 -392 248) (1400 -208 248) (1448 -208 248) (1448 -392 248) 
4 394 401 (1448 -208 248) (1816 -208 248) (1816 -1192 248) (1448 -1192 248) 
4 394 395 (1400 -208 248) (1400 -360 248) (1400 -360 288) (1400 -208 288) 
4 395 694 (1304 -208 288) (1304 -208 248) (1304 -360 248) (1304 -360 288) 
4 395 406 (1376 -208 248) (1400 -208 248) (1400 -360 248) (1376 -360 248) 
4 395 397 (1304 -360 248) (1304 -208 248) (1336 -208 248) (1336 -360 248) 
4 395 396 (1336 -208 248) (1376 -208 248) (1376 -360 248) (1336 -360 248) 
4 396 450 (1376 -1192 248) (1376 -1200 248) (1336 -1200 221.33333333333334) (1336 -1192 221.33333333333334) 
4 396 448 (1376 -1160 248) (1376 -1168 248) (1336 -1168 221.33333333333334) (1336 -1160 221.33333333333334) 
4 396 446 (1376 -1128 248) (1376 -1136 248) (1336 -1136 221.33333333333334) (1336 -1128 221.33333333333334) 
4 396 444 (1376 -1096 248) (1376 -1104 248) (1336 -1104 221.33333333333334) (1336 -1096 221.33333333333334) 
4 396 442 (1376 -1064 248) (1376 -1072 248) (1336 -1072 221.33333333333334) (1336 -1064 221.33333333333334) 
4 396 440 (1376 -1032 248) (1376 -1040 248) (1336 -1040 221.33333333333334) (1336 -1032 221.33333333333334) 
4 396 438 (1376 -1000 248) (1376 -1008 248) (1336 -1008 221.33333333333334) (1336 -1000 221.33333333333334) 
4 396 436 (1376 -968 248) (1376 -976 248) (1336 -976 221.33333333333334) (1336 -968 221.33333333333334) 
4 396 434 (1376 -936 248) (1376 -944 248) (1336 -944 221.33333333333334) (1336 -936 221.33333333333334) 
4 396 432 (1376 -904 248) (1376 -912 248) (1336 -912 221.33333333333334) (1336 -904 221.33333333333334) 
4 396 430 (1376 -872 248) (1376 -880 248) (1336 -880 221.33333333333334) (1336 -872 221.33333333333334) 
4 396 428 (1376 -840 248) (1376 -848 248) (1336 -848 221.33333333333334) (1336 -840 221.33333333333334) 
4 396 426 (1376 -808 248) (1376 -816 248) (1336 -816 221.33333333333334) (1336 -808 221.33333333333334) 
4 396 424 (1376 -776 248) (1376 -784 248) (1336 -784 221.33333333333334) (1336 -776 221.33333333333334) 
4 396 422 (1376 -744 248) (1376 -752 248) (1336 -752 221.33333333333334) (1336 -744 221.33333333333334) 
4 396 420 (1376 -712 248) (1376 -720 248) (1336 -720 221.33333333333334) (1336 -712 221.33333333333334) 
4 396 418 (1376 -680 248) (1376 -688 248) (1336 -688 221.33333333333334) (1336 -680 221.33333333333334) 
4 396 415 (1376 -512 248) (1376 -656 248) (1336 -656 221.33333333333334) (1336 -512 221.33333333333334) 
4 396 413 (1376 -480 248) (1376 -488 248) (1336 -488 221.33333333333334) (1336 -480 221.33333333333334) 
4 396 411 (1376 -448 248) (1376 -456 248) (1336 -456 221.33333333333334) (1336 -448 221.33333333333334) 
4 396 409 (1376 -416 248) (1376 -424 248) (1336 -424 221.33333333333334) (1336 -416 221.33333333333334) 
4 396 406 (1336 -208 221.33333333333334) (1376 -208 248) (1376 -392 248) (1336 -392 221.33333333333334) 
4 396 400 (1336 -656 221.33333333333252) (1336 -1200 221.3333333333325) (1336 -1200 248) (1336 -656 248) 
4 396 399 (1336 -544 221.33333333333252) (1336 -624 221.33333333333252) (1336 -624 248) (1336 -544 248) 
4 396 398 (1336 -392 221.33333333333255) (1336 -512 221.33333333333252) (1336 -512 248) (1336 -392 248) 
4 396 397 (1336 -208 221.33333333333258) (1336 -360 221.33333333333255) (1336 -360 248) (1336 -208 248) 
4 397 695 (1304 -208 248) (1304 -208 199.9999999999999) (1304 -360 199.9999999999999) (1304 -360 248) 
4 397 407 (1304 -208 200) (1336 -208 221.33333333333334) (1336 -360 221.33333333333334) (1304 -360 200) 
4 398 695 (1304 -392 199.9999999999999) (1304 -512 199.9999999999999) (1304 -512 248) (1304 -392 248) 
4 398 413 (1336 -480 221.33333333333334) (1336 -488 221.33333333333334) (1304 -488 200) (1304 -480 200) 
4 398 411 (1336 -448 221.33333333333334) (1336 -456 221.33333333333334) (1304 -456 200) (1304 -448 200) 
4 398 409 (1336 -416 221.33333333333334) (1336 -424 221.33333333333334) (1304 -424 200) (1304 -416 200) 
4 399 697 (1304 -544 199.9999999999999) (1304 -624 199.9999999999999) (1304 -624 248) (1304 -544 248) 
4 399 416 (1336 -544 221.33333333333334) (1336 -624 221.33333333333334) (1304 -624 200) (1304 -544 200) 
4 400 955 (1304 -656 199.9999999999999) (1304 -1200 199.9999999999999) (1304 -1200 248) (1304 -656 248) 
4 400 450 (1336 -1192 221.33333333333334) (1336 -1200 221.33333333333334) (1304 -1200 200) (1304 -1192 200) 
4 400 448 (1336 -1160 221.33333333333334) (1336 -1168 221.33333333333334) (1304 -1168 200) (1304 -1160 200) 
4 400 446 (1336 -1128 221.33333333333334) (1336 -1136 221.33333333333334) (1304 -1136 200) (1304 -1128 200) 
4 400 444 (1336 -1096 221.33333333333334) (1336 -1104 221.33333333333334) (1304 -1104 200) (1304 -1096 200) 
4 400 442 (1336 -1064 221.33333333333334) (1336 -1072 221.33333333333334) (1304 -1072 200) (1304 -1064 200) 
4 400 440 (1336 -1032 221.33333333333334) (1336 -1040 221.33333333333334) (1304 -1040 200) (1304 -1032 200) 
4 400 438 (1336 -1000 221.33333333333334) (1336 -1008 221.33333333333334) (1304 -1008 200) (1304 -1000 200) 
4 400 436 (1336 -968 221.33333333333334) (1336 -976 221.33333333333334) (1304 -976 200) (1304 -968 200) 
4 400 434 (1336 -936 221.33333333333334) (1336 -944 221.33333333333334) (1304 -944 200) (1304 -936 200) 
4 400 432 (1336 -904 221.33333333333334) (1336 -912 221.33333333333334) (1304 -912 200) (1304 -904 200) 
4 400 430 (1336 -872 221.33333333333334) (1336 -880 221.33333333333334) (1304 -880 200) (1304 -872 200) 
4 400 428 (1336 -840 221.33333333333334) (1336 -848 221.33333333333334) (1304 -848 200) (1304 -840 200) 
4 400 426 (1336 -808 221.33333333333334) (1336 -816 221.33333333333334) (1304 -816 200) (1304 -808 200) 
4 400 424 (1336 -776 221.33333333333334) (1336 -784 221.33333333333334) (1304 -784 200) (1304 -776 200) 
4 400 422 (1336 -744 221.33333333333334) (1336 -752 221.33333333333334) (1304 -752 200) (1304 -744 200) 
4 400 420 (1336 -712 221.33333333333334) (1336 -720 221.33333333333334) (1304 -720 200) (1304 -712 200) 
4 400 418 (1336 -680 221.33333333333334) (1336 -688 221.33333333333334) (1304 -688 200) (1304 -680 200) 
4 401 466 (1472 -1200 168) (1472 -1200 144) (1520 -1200 144) (1520 -1200 168) 
4 401 465 (1472 -1200 208) (1472 -1200 176) (1520 -1200 176) (1520 -1200 208) 
4 401 464 (1472 -1200 240) (1472 -1200 216) (1520 -1200 216) (1520 -1200 240) 
4 401 463 (1528 -1200 144) (1584 -1200 144) (1584 -1200 168) (1528 -1200 168) 
4 401 462 (1584 -1200 176) (1584 -1200 208) (1528 -1200 208) (1528 -1200 176) 
4 401 461 (1584 -1200 216) (1584 -1200 240) (1528 -1200 240) (1528 -1200 216) 
4 401 460 (1592 -1200 144) (1640 -1200 144) (1640 -1200 168) (1592 -1200 168) 
4 401 459 (1640 -1200 176) (1640 -1200 208) (1592 -1200 208) (1592 -1200 176) 
4 401 458 (1640 -1200 216) (1640 -1200 240) (1592 -1200 240) (1592 -1200 216) 
4 401 451 (1816 -1200 112) (1336 -1200 112) (1336 -208 112) (1816 -208 112) 
4 401 450 (1336 -1200 136.00000000000114) (1447.9999999999989 -1200 248) (1447.9999999999989 -1192 248) (1336 -1192 136.00000000000114) 
4 401 449 (1447.9999999999989 -1192 248) (1447.9999999999989 -1168 248) (1336 -1168 136.00000000000114) (1336 -1192 136.00000000000114) 
4 401 448 (1447.9999999999989 -1168 248) (1447.9999999999989 -1160 248) (1336 -1160 136.00000000000114) (1336 -1168 136.00000000000114) 
4 401 447 (1447.9999999999989 -1160 248) (1447.9999999999989 -1136 248) (1336 -1136 136.00000000000114) (1336 -1160 136.00000000000114) 
4 401 446 (1447.9999999999989 -1136 248) (1447.9999999999989 -1128 248) (1336 -1128 136.00000000000114) (1336 -1136 136.00000000000114) 
4 401 445 (1447.9999999999989 -1128 248) (1447.9999999999989 -1104 248) (1336 -1104 136.00000000000114) (1336 -1128 136.00000000000114) 
4 401 444 (1447.9999999999989 -1104 248) (1447.9999999999989 -1096 248) (1336 -1096 136.00000000000114) (1336 -1104 136.00000000000114) 
4 401 443 (1447.9999999999989 -1096 248) (1447.9999999999989 -1072 248) (1336 -1072 136.00000000000114) (1336 -1096 136.00000000000114) 
4 401 442 (1447.9999999999989 -1072 248) (1447.9999999999989 -1064 248) (1336 -1064 136.00000000000114) (1336 -1072 136.00000000000114) 
4 401 441 (1447.9999999999989 -1064 248) (1447.9999999999989 -1040 248) (1336 -1040 136.00000000000114) (1336 -1064 136.00000000000114) 
4 401 440 (1447.9999999999989 -1040 248) (1447.9999999999989 -1032 248) (1336 -1032 136.00000000000114) (1336 -1040 136.00000000000114) 
4 401 439 (1447.9999999999989 -1032 248) (1447.9999999999989 -1008 248) (1336 -1008 136.00000000000114) (1336 -1032 136.00000000000114) 
4 401 438 (1447.9999999999989 -1008 248) (1447.9999999999989 -1000 248) (1336 -1000 136.00000000000114) (1336 -1008 136.00000000000114) 
4 401 437 (1447.9999999999989 -1000 248) (1447.9999999999989 -976 248) (1336 -976 136.00000000000114) (1336 -1000 136.00000000000114) 
4 401 436 (1447.9999999999989 -976 248) (1447.9999999999989 -968 248) (1336 -968 136.00000000000114) (1336 -976 136.00000000000114) 
4 401 435 (1447.9999999999989 -968 248) (1447.9999999999989 -944 248) (1336 -944 136.00000000000114) (1336 -968 136.00000000000114) 
4 401 434 (1447.9999999999989 -944 248) (1447.9999999999989 -936 248) (1336 -936 136.00000000000114) (1336 -944 136.00000000000114) 
4 401 433 (1447.9999999999989 -936 248) (1447.9999999999989 -912 248) (1336 -912 136.00000000000114) (1336 -936 136.00000000000114) 
4 401 432 (1447.9999999999989 -912 248) (1447.9999999999989 -904 248) (1336 -904 136.00000000000114) (1336 -912 136.00000000000114) 
4 401 431 (1447.9999999999989 -904 248) (1447.9999999999989 -880 248) (1336 -880 136.00000000000114) (1336 -904 136.00000000000114) 
4 401 430 (1447.9999999999989 -880 248) (1447.9999999999989 -872 248) (1336 -872 136.00000000000114) (1336 -880 136.00000000000114) 
4 401 429 (1447.9999999999989 -872 248) (1447.9999999999989 -848 248) (1336 -848 136.00000000000114) (1336 -872 136.00000000000114) 
4 401 428 (1447.9999999999989 -848 248) (1447.9999999999989 -840 248) (1336 -840 136.00000000000114) (1336 -848 136.00000000000114) 
4 401 427 (1447.9999999999989 -840 248) (1447.9999999999989 -816 248) (1336 -816 136.00000000000114) (1336 -840 136.00000000000114) 
4 401 426 (1447.9999999999989 -816 248) (1447.9999999999989 -808 248) (1336 -808 136.00000000000114) (1336 -816 136.00000000000114) 
4 401 425 (1447.9999999999989 -808 248) (1447.9999999999989 -784 248) (1336 -784 136.00000000000114) (1336 -808 136.00000000000114) 
4 401 424 (1447.9999999999989 -784 248) (1447.9999999999989 -776 248) (1336 -776 136.00000000000114) (1336 -784 136.00000000000114) 
4 401 423 (1447.9999999999989 -776 248) (1447.9999999999989 -752 248) (1336 -752 136.00000000000114) (1336 -776 136.00000000000114) 
4 401 422 (1447.9999999999989 -752 248) (1447.9999999999989 -744 248) (1336 -744 136.00000000000114) (1336 -752 136.00000000000114) 
4 401 421 (1447.9999999999989 -744 248) (1447.9999999999989 -720 248) (1336 -720 136.00000000000114) (1336 -744 136.00000000000114) 
4 401 420 (1447.9999999999989 -720 248) (1447.9999999999989 -712 248) (1336 -712 136.00000000000114) (1336 -720 136.00000000000114) 
4 401 419 (1447.9999999999989 -712 248) (1447.9999999999989 -688 248) (1336 -688 136.00000000000114) (1336 -712 136.00000000000114) 
4 401 418 (1447.9999999999989 -688 248) (1447.9999999999989 -680 248) (1336 -680 136.00000000000114) (1336 -688 136.00000000000114) 
4 401 417 (1447.9999999999989 -680 248) (1447.9999999999989 -656 248) (1336 -656 136.00000000000114) (1336 -680 136.00000000000114) 
4 401 415 (1447.9999999999989 -656 248) (1447.9999999999989 -512 248) (1336 -512 136.00000000000114) (1336 -656 136.00000000000114) 
4 401 414 (1447.9999999999989 -512 248) (1447.9999999999989 -488 248) (1336 -488 136.00000000000114) (1336 -512 136.00000000000114) 
4 401 413 (1447.9999999999989 -488 248) (1447.9999999999989 -480 248) (1336 -480 136.00000000000114) (1336 -488 136.00000000000114) 
4 401 412 (1447.9999999999989 -480 248) (1447.9999999999989 -456 248) (1336 -456 136.00000000000114) (1336 -480 136.00000000000114) 
4 401 411 (1447.9999999999989 -456 248) (1447.9999999999989 -448 248) (1336 -448 136.00000000000114) (1336 -456 136.00000000000114) 
4 401 410 (1447.9999999999989 -448 248) (1447.9999999999989 -424 248) (1336 -424 136.00000000000114) (1336 -448 136.00000000000114) 
4 401 409 (1447.9999999999989 -424 248) (1447.9999999999989 -416 248) (1336 -416 136.00000000000114) (1336 -424 136.00000000000114) 
4 401 408 (1447.9999999999989 -416 248) (1447.9999999999989 -392 248) (1336 -392 136.00000000000114) (1336 -416 136.00000000000114) 
4 401 406 (1447.9999999999989 -392 248) (1447.9999999999989 -208 248) (1336 -208 136.00000000000114) (1336 -392 136.00000000000114) 
4 401 405 (1336 -656 112) (1336 -1200 112) (1336 -1200 136) (1336 -656 136) 
4 401 404 (1336 -544 112) (1336 -624 112) (1336 -624 136) (1336 -544 136) 
4 401 403 (1336 -392 112) (1336 -512 112) (1336 -512 136) (1336 -392 136) 
4 401 402 (1336 -208 112) (1336 -360 112) (1336 -360 136) (1336 -208 136) 
4 402 452 (1312 -360 112) (1312 -208 112) (1336 -208 112) (1336 -360 112) 
4 402 407 (1311.9999999999989 -208 112) (1311.9999999999989 -360 112) (1336 -360 136.00000000000114) (1336 -208 136.00000000000114) 
4 403 453 (1312 -512 112) (1312 -392 112) (1336 -392 112) (1336 -512 112) 
4 403 414 (1328 -512 128.00000000000114) (1336 -512 136.00000000000114) (1336 -488 136.00000000000114) (1328 -488 128.00000000000114) 
4 403 413 (1311.9999999999989 -480 112) (1311.9999999999989 -488 112) (1336 -488 136.00000000000114) (1336 -480 136.00000000000114) 
4 403 412 (1328 -480 128.00000000000114) (1336 -480 136.00000000000114) (1336 -456 136.00000000000114) (1328 -456 128.00000000000114) 
4 403 411 (1311.9999999999989 -448 112) (1311.9999999999989 -456 112) (1336 -456 136.00000000000114) (1336 -448 136.00000000000114) 
4 403 410 (1328 -448 128.00000000000114) (1336 -448 136.00000000000114) (1336 -424 136.00000000000114) (1328 -424 128.00000000000114) 
4 403 409 (1311.9999999999989 -416 112) (1311.9999999999989 -424 112) (1336 -424 136.00000000000114) (1336 -416 136.00000000000114) 
4 403 408 (1328 -416 128.00000000000114) (1336 -416 136.00000000000114) (1336 -392 136.00000000000114) (1328 -392 128.00000000000114) 
4 404 454 (1312 -624 112) (1312 -544 112) (1336 -544 112) (1336 -624 112) 
4 404 416 (1311.9999999999989 -544 112) (1311.9999999999989 -624 112) (1336 -624 136.00000000000114) (1336 -544 136.00000000000114) 
4 405 455 (1336 -1200 112) (1312 -1200 112) (1312 -656 112) (1336 -656 112) 
4 405 450 (1311.9999999999989 -1192 112) (1311.9999999999989 -1200 112) (1336 -1200 136.00000000000114) (1336 -1192 136.00000000000114) 
4 405 449 (1328 -1192 128.00000000000114) (1336 -1192 136.00000000000114) (1336 -1168 136.00000000000114) (1328 -1168 128.00000000000114) 
4 405 448 (1311.9999999999989 -1160 112) (1311.9999999999989 -1168 112) (1336 -1168 136.00000000000114) (1336 -1160 136.00000000000114) 
4 405 447 (1328 -1160 128.00000000000114) (1336 -1160 136.00000000000114) (1336 -1136 136.00000000000114) (1328 -1136 128.00000000000114) 
4 405 446 (1311.9999999999989 -1128 112) (1311.9999999999989 -1136 112) (1336 -1136 136.00000000000114) (1336 -1128 136.00000000000114) 
4 405 445 (1328 -1128 128.00000000000114) (1336 -1128 136.00000000000114) (1336 -1104 136.00000000000114) (1328 -1104 128.00000000000114) 
4 405 444 (1311.9999999999989 -1096 112) (1311.9999999999989 -1104 112) (1336 -1104 136.00000000000114) (1336 -1096 136.00000000000114) 
4 405 443 (1328 -1096 128.00000000000114) (1336 -1096 136.00000000000114) (1336 -1072 136.00000000000114) (1328 -1072 128.00000000000114) 
4 405 442 (1311.9999999999989 -1064 112) (1311.9999999999989 -1072 112) (1336 -1072 136.00000000000114) (1336 -1064 136.00000000000114) 
4 405 441 (1328 -1064 128.00000000000114) (1336 -1064 136.00000000000114) (1336 -1040 136.00000000000114) (1328 -1040 128.00000000000114) 
4 405 440 (1311.9999999999989 -1032 112) (1311.9999999999989 -1040 112) (1336 -1040 136.00000000000114) (1336 -1032 136.00000000000114) 
4 405 439 (1328 -1032 128.00000000000114) (1336 -1032 136.00000000000114) (1336 -1008 136.00000000000114) (1328 -1008 128.00000000000114) 
4 405 438 (1311.9999999999989 -1000 112) (1311.9999999999989 -1008 112) (1336 -1008 136.00000000000114) (1336 -1000 136.00000000000114) 
4 405 437 (1328 -1000 128.00000000000114) (1336 -1000 136.00000000000114) (1336 -976 136.00000000000114) (1328 -976 128.00000000000114) 
4 405 436 (1311.9999999999989 -968 112) (1311.9999999999989 -976 112) (1336 -976 136.00000000000114) (1336 -968 136.00000000000114) 
4 405 435 (1328 -968 128.00000000000114) (1336 -968 136.00000000000114) (1336 -944 136.00000000000114) (1328 -944 128.00000000000114) 
4 405 434 (1311.9999999999989 -936 112) (1311.9999999999989 -944 112) (1336 -944 136.00000000000114) (1336 -936 136.00000000000114) 
4 405 433 (1328 -936 128.00000000000114) (1336 -936 136.00000000000114) (1336 -912 136.00000000000114) (1328 -912 128.00000000000114) 
4 405 432 (1311.9999999999989 -904 112) (1311.9999999999989 -912 112) (1336 -912 136.00000000000114) (1336 -904 136.00000000000114) 
4 405 431 (1328 -904 128.00000000000114) (1336 -904 136.00000000000114) (1336 -880 136.00000000000114) (1328 -880 128.00000000000114) 
4 405 430 (1311.9999999999989 -872 112) (1311.9999999999989 -880 112) (1336 -880 136.00000000000114) (1336 -872 136.00000000000114) 
4 405 429 (1328 -872 128.00000000000114) (1336 -872 136.00000000000114) (1336 -848 136.00000000000114) (1328 -848 128.00000000000114) 
4 405 428 (1311.9999999999989 -840 112) (1311.9999999999989 -848 112) (1336 -848 136.00000000000114) (1336 -840 136.00000000000114) 
4 405 427 (1328 -840 128.00000000000114) (1336 -840 136.00000000000114) (1336 -816 136.00000000000114) (1328 -816 128.00000000000114) 
4 405 426 (1311.9999999999989 -808 112) (1311.9999999999989 -816 112) (1336 -816 136.00000000000114) (1336 -808 136.00000000000114) 
4 405 425 (1328 -808 128.00000000000114) (1336 -808 136.00000000000114) (1336 -784 136.00000000000114) (1328 -784 128.00000000000114) 
4 405 424 (1311.9999999999989 -776 112) (1311.9999999999989 -784 112) (1336 -784 136.00000000000114) (1336 -776 136.00000000000114) 
4 405 423 (1328 -776 128.00000000000114) (1336 -776 136.00000000000114) (1336 -752 136.00000000000114) (1328 -752 128.00000000000114) 
4 405 422 (1311.9999999999989 -744 112) (1311.9999999999989 -752 112) (1336 -752 136.00000000000114) (1336 -744 136.00000000000114) 
4 405 421 (1328 -744 128.00000000000114) (1336 -744 136.00000000000114) (1336 -720 136.00000000000114) (1328 -720 128.00000000000114) 
4 405 420 (1311.9999999999989 -712 112) (1311.9999999999989 -720 112) (1336 -720 136.00000000000114) (1336 -712 136.00000000000114) 
4 405 419 (1328 -712 128.00000000000114) (1336 -712 136.00000000000114) (1336 -688 136.00000000000114) (1328 -688 128.00000000000114) 
4 405 418 (1311.9999999999989 -680 112) (1311.9999999999989 -688 112) (1336 -688 136.00000000000114) (1336 -680 136.00000000000114) 
4 405 417 (1328 -680 128.00000000000114) (1336 -680 136.00000000000114) (1336 -656 136.00000000000114) (1328 -656 128.00000000000114) 
4 406 408 (1336 -392 136) (1448 -392 248) (1400 -392 248) (1336 -392 205.33333333333337) 
4 406 407 (1336 -208 136) (1336 -360 136) (1336 -360 221.33333333333326) (1336 -208 221.33333333333326) 
4 407 700 (1304 -208 136) (1304 -208 112) (1304 -360 112) (1304 -360 136) 
4 407 695 (1304 -208 199.9999999999999) (1304 -208 136) (1304 -360 136) (1304 -360 199.9999999999999) 
4 407 452 (1304 -360 112) (1304 -208 112) (1312 -208 112) (1312 -360 112) 
4 408 409 (1328 -416 128) (1448 -416 248) (1400 -416 248) (1328 -416 200.00000000000003) 
4 409 695 (1304 -424 136) (1304 -424 199.9999999999999) (1304 -416 199.9999999999999) (1304 -416 136) 
4 409 453 (1304 -424 112) (1304 -416 112) (1312 -416 112) (1312 -424 112) 
4 409 410 (1328 -424 128) (1448 -424 248) (1400 -424 248) (1328 -424 200.00000000000003) 
4 410 411 (1328 -448 128) (1448 -448 248) (1400 -448 248) (1328 -448 200.00000000000003) 
4 411 695 (1304 -456 136) (1304 -456 199.9999999999999) (1304 -448 199.9999999999999) (1304 -448 136) 
4 411 453 (1304 -456 112) (1304 -448 112) (1312 -448 112) (1312 -456 112) 
4 411 412 (1328 -456 128) (1448 -456 248) (1400 -456 248) (1328 -456 200.00000000000003) 
4 412 413 (1328 -480 128) (1448 -480 248) (1400 -480 248) (1328 -480 200.00000000000003) 
4 413 695 (1304 -488 136) (1304 -488 199.9999999999999) (1304 -480 199.9999999999999) (1304 -480 136) 
4 413 453 (1304 -488 112) (1304 -480 112) (1312 -480 112) (1312 -488 112) 
4 413 414 (1328 -488 128) (1448 -488 248) (1400 -488 248) (1328 -488 200.00000000000003) 
4 414 415 (1336 -512 136) (1448 -512 248) (1400 -512 248) (1336 -512 205.33333333333337) 
4 415 417 (1336 -656 136) (1448 -656 248) (1400 -656 248) (1336 -656 205.33333333333337) 
4 415 416 (1336 -544 136) (1336 -624 136) (1336 -624 221.3333333333332) (1336 -544 221.3333333333331) 
4 416 697 (1304 -624 136) (1304 -624 199.9999999999999) (1304 -544 199.9999999999999) (1304 -544 136) 
4 416 454 (1304 -624 112) (1304 -544 112) (1312 -544 112) (1312 -624 112) 
4 417 418 (1328 -680 128) (1448 -680 248) (1400 -680 248) (1328 -680 200.00000000000003) 
4 418 955 (1304 -688 136) (1304 -688 199.9999999999999) (1304 -680 199.9999999999999) (1304 -680 136) 
4 418 455 (1304 -688 112) (1304 -680 112) (1312 -680 112) (1312 -688 112) 
4 418 419 (1328 -688 128) (1448 -688 248) (1400 -688 248) (1328 -688 200.00000000000003) 
4 419 420 (1328 -712 128) (1448 -712 248) (1400 -712 248) (1328 -712 200.00000000000003) 
4 420 955 (1304 -720 136) (1304 -720 199.9999999999999) (1304 -712 199.9999999999999) (1304 -712 136) 
4 420 455 (1304 -720 112) (1304 -712 112) (1312 -712 112) (1312 -720 112) 
4 420 421 (1328 -720 128) (1448 -720 248) (1400 -720 248) (1328 -720 200.00000000000003) 
4 421 422 (1328 -744 128) (1448 -744 248) (1400 -744 248) (1328 -744 200.00000000000003) 
4 422 955 (1304 -752 136) (1304 -752 199.9999999999999) (1304 -744 199.9999999999999) (1304 -744 136) 
4 422 455 (1304 -752 112) (1304 -744 112) (1312 -744 112) (1312 -752 112) 
4 422 423 (1328 -752 128) (1448 -752 248) (1400 -752 248) (1328 -752 200.00000000000003) 
4 423 424 (1328 -776 128) (1448 -776 248) (1400 -776 248) (1328 -776 200.00000000000003) 
4 424 955 (1304 -784 136) (1304 -784 199.9999999999999) (1304 -776 199.9999999999999) (1304 -776 136) 
4 424 455 (1304 -784 112) (1304 -776 112) (1312 -776 112) (1312 -784 112) 
4 424 425 (1328 -784 128) (1448 -784 248) (1400 -784 248) (1328 -784 200.00000000000003) 
4 425 426 (1328 -808 128) (1448 -808 248) (1400 -808 248) (1328 -808 200.00000000000003) 
4 426 955 (1304 -816 136) (1304 -816 199.9999999999999) (1304 -808 199.9999999999999) (1304 -808 136) 
4 426 455 (1304 -816 112) (1304 -808 112) (1312 -808 112) (1312 -816 112) 
4 426 427 (1328 -816 128) (1448 -816 248) (1400 -816 248) (1328 -816 200.00000000000003) 
4 427 428 (1328 -840 128) (1448 -840 248) (1400 -840 248) (1328 -840 200.00000000000003) 
4 428 955 (1304 -848 136) (1304 -848 199.9999999999999) (1304 -840 199.9999999999999) (1304 -840 136) 
4 428 455 (1304 -848 112) (1304 -840 112) (1312 -840 112) (1312 -848 112) 
4 428 429 (1328 -848 128) (1448 -848 248) (1400 -848 248) (1328 -848 200.00000000000003) 
4 429 430 (1328 -872 128) (1448 -872 248) (1400 -872 248) (1328 -872 200.00000000000003) 
4 430 955 (1304 -880 136) (1304 -880 199.9999999999999) (1304 -872 199.9999999999999) (1304 -872 136) 
4 430 455 (1304 -880 112) (1304 -872 112) (1312 -872 112) (1312 -880 112) 
4 430 431 (1328 -880 128) (1448 -880 248) (1400 -880 248) (1328 -880 200.00000000000003) 
4 431 432 (1328 -904 128) (1448 -904 248) (1400 -904 248) (1328 -904 200.00000000000003) 
4 432 955 (1304 -912 136) (1304 -912 199.9999999999999) (1304 -904 199.9999999999999) (1304 -904 136) 
4 432 455 (1304 -912 112) (1304 -904 112) (1312 -904 112) (1312 -912 112) 
4 432 433 (1328 -912 128) (1448 -912 248) (1400 -912 248) (1328 -912 200.00000000000003) 
4 433 434 (1328 -936 128) (1448 -936 248) (1400 -936 248) (1328 -936 200.00000000000003) 
4 434 955 (1304 -944 136) (1304 -944 199.9999999999999) (1304 -936 199.9999999999999) (1304 -936 136) 
4 434 455 (1304 -944 112) (1304 -936 112) (1312 -936 112) (1312 -944 112) 
4 434 435 (1328 -944 128) (1448 -944 248) (1400 -944 248) (1328 -944 200.00000000000003) 
4 435 436 (1328 -968 128) (1448 -968 248) (1400 -968 248) (1328 -968 200.00000000000003) 
4 436 955 (1304 -976 136) (1304 -976 199.9999999999999) (1304 -968 199.9999999999999) (1304 -968 136) 
4 436 455 (1304 -976 112) (1304 -968 112) (1312 -968 112) (1312 -976 112) 
4 436 437 (1328 -976 128) (1448 -976 248) (1400 -976 248) (1328 -976 200.00000000000003) 
4 437 438 (1328 -1000 128) (1448 -1000 248) (1400 -1000 248) (1328 -1000 200.00000000000003) 
4 438 955 (1304 -1008 136) (1304 -1008 199.9999999999999) (1304 -1000 199.9999999999999) (1304 -1000 136) 
4 438 455 (1304 -1008 112) (1304 -1000 112) (1312 -1000 112) (1312 -1008 112) 
4 438 439 (1328 -1008 128) (1448 -1008 248) (1400 -1008 248) (1328 -1008 200.00000000000003) 
4 439 440 (1328 -1032 128) (1448 -1032 248) (1400 -1032 248) (1328 -1032 200.00000000000003) 
4 440 955 (1304 -1040 136) (1304 -1040 199.9999999999999) (1304 -1032 199.9999999999999) (1304 -1032 136) 
4 440 455 (1304 -1040 112) (1304 -1032 112) (1312 -1032 112) (1312 -1040 112) 
4 440 441 (1328 -1040 128) (1448 -1040 248) (1400 -1040 248) (1328 -1040 200.00000000000003) 
4 441 442 (1328 -1064 128) (1448 -1064 248) (1400 -1064 248) (1328 -1064 200.00000000000003) 
4 442 955 (1304 -1072 136) (1304 -1072 199.9999999999999) (1304 -1064 199.9999999999999) (1304 -1064 136) 
4 442 455 (1304 -1072 112) (1304 -1064 112) (1312 -1064 112) (1312 -1072 112) 
4 442 443 (1328 -1072 128) (1448 -1072 248) (1400 -1072 248) (1328 -1072 200.00000000000003) 
4 443 444 (1328 -1096 128) (1448 -1096 248) (1400 -1096 248) (1328 -1096 200.00000000000003) 
4 444 955 (1304 -1104 136) (1304 -1104 199.9999999999999) (1304 -1096 199.9999999999999) (1304 -1096 136) 
4 444 455 (1304 -1104 112) (1304 -1096 112) (1312 -1096 112) (1312 -1104 112) 
4 444 445 (1328 -1104 128) (1448 -1104 248) (1400 -1104 248) (1328 -1104 200.00000000000003) 
4 445 446 (1328 -1128 128) (1448 -1128 248) (1400 -1128 248) (1328 -1128 200.00000000000003) 
4 446 955 (1304 -1136 136) (1304 -1136 199.9999999999999) (1304 -1128 199.9999999999999) (1304 -1128 136) 
4 446 455 (1304 -1136 112) (1304 -1128 112) (1312 -1128 112) (1312 -1136 112) 
4 446 447 (1328 -1136 128) (1448 -1136 248) (1400 -1136 248) (1328 -1136 200.00000000000003) 
4 447 448 (1328 -1160 128) (1448 -1160 248) (1400 -1160 248) (1328 -1160 200.00000000000003) 
4 448 955 (1304 -1168 136) (1304 -1168 199.9999999999999) (1304 -1160 199.9999999999999) (1304 -1160 136) 
4 448 455 (1304 -1168 112) (1304 -1160 112) (1312 -1160 112) (1312 -1168 112) 
4 448 449 (1328 -1168 128) (1448 -1168 248) (1400 -1168 248) (1328 -1168 200.00000000000003) 
4 449 450 (1328 -1192 128) (1448 -1192 248) (1400 -1192 248) (1328 -1192 200.00000000000003) 
4 450 955 (1304 -1200 136) (1304 -1200 199.9999999999999) (1304 -1192 199.9999999999999) (1304 -1192 136) 
4 450 455 (1312 -1200 112) (1304 -1200 112) (1304 -1192 112) (1312 -1192 112) 
4 451 617 (1440 -1200 -184) (1336 -1200 -184) (1336 -1176 -184) (1440 -1176 -184) 
4 451 616 (1584 -1176 -184) (1584 -1200 -184) (1440 -1200 -184) (1440 -1176 -184) 
4 451 606 (1336 -208 -184) (1440 -208 -184) (1440 -1176 -184) (1336 -1176 -184) 
4 451 604 (1584 -928 -184) (1584 -1176 -184) (1440 -1176 -184) (1440 -928 -184) 
4 451 603 (1440 -208 -184) (1584 -208 -184) (1584 -928 -184) (1440 -928 -184) 
4 451 592 (1728 -928 -184) (1728 -1200 -184) (1584 -1200 -184) (1584 -928 -184) 
4 451 591 (1584 -208 -184) (1728 -208 -184) (1728 -928 -184) (1584 -928 -184) 
4 451 567 (1816 -928 -184) (1816 -1200 -184) (1728 -1200 -184) (1728 -928 -184) 
4 451 566 (1728 -208 -184) (1816 -208 -184) (1816 -928 -184) (1728 -928 -184) 
4 451 489 (1336 -1200 -184) (1816 -1200 -184) (1816 -1200 -120) (1336 -1200 -120) 
4 451 487 (1368 -1200 -40) (1344 -1200 -40) (1344 -1200 -88) (1368 -1200 -88) 
4 451 486 (1400 -1200 -40) (1376 -1200 -40) (1376 -1200 -88) (1400 -1200 -88) 
4 451 485 (1432 -1200 -40) (1408 -1200 -40) (1408 -1200 -88) (1432 -1200 -88) 
4 451 484 (1464 -1200 -40) (1440 -1200 -40) (1440 -1200 -88) (1464 -1200 -88) 
4 451 483 (1496 -1200 -40) (1472 -1200 -40) (1472 -1200 -88) (1496 -1200 -88) 
4 451 482 (1528 -1200 -40) (1504 -1200 -40) (1504 -1200 -88) (1528 -1200 -88) 
4 451 481 (1560 -1200 -40) (1536 -1200 -40) (1536 -1200 -88) (1560 -1200 -88) 
4 451 480 (1592 -1200 -40) (1568 -1200 -40) (1568 -1200 -88) (1592 -1200 -88) 
4 451 479 (1624 -1200 -40) (1600 -1200 -40) (1600 -1200 -88) (1624 -1200 -88) 
4 451 478 (1656 -1200 -40) (1632 -1200 -40) (1632 -1200 -88) (1656 -1200 -88) 
4 451 477 (1688 -1200 -40) (1664 -1200 -40) (1664 -1200 -88) (1688 -1200 -88) 
4 451 476 (1720 -1200 -40) (1696 -1200 -40) (1696 -1200 -88) (1720 -1200 -88) 
4 451 475 (1752 -1200 -40) (1728 -1200 -40) (1728 -1200 -88) (1752 -1200 -88) 
4 451 474 (1784 -1200 -40) (1760 -1200 -40) (1760 -1200 -88) (1784 -1200 -88) 
4 451 473 (1816 -1200 -88) (1816 -1200 -40) (1792 -1200 -40) (1792 -1200 -88) 
6 451 468 (1816 -1200 0) (1816 -1200 23.999999999999883) (1728 -1200 112) (1392 -1200 112) (1336 -1200 56) (1336 -1200 0) 
4 451 455 (1336 -656 -184) (1336 -1200 -184) (1336 -1200 112) (1336 -656 112) 
4 451 454 (1336 -544 -184) (1336 -624 -184) (1336 -624 112) (1336 -544 112) 
4 451 453 (1336 -392 -184) (1336 -512 -184) (1336 -512 112) (1336 -392 112) 
4 451 452 (1336 -208 -184) (1336 -360 -184) (1336 -360 112) (1336 -208 112) 
4 452 700 (1304 -208 112) (1304 -208 -184) (1304 -360 -184) (1304 -360 112) 
4 452 612 (1304 -360 -184) (1304 -208 -184) (1336 -208 -184) (1336 -360 -184) 
4 453 613 (1304 -512 -184) (1304 -392 -184) (1336 -392 -184) (1336 -512 -184) 
4 454 614 (1304 -624 -184) (1304 -544 -184) (1336 -544 -184) (1336 -624 -184) 
4 455 1033 (1304 -1184 -184) (1304 -1200 -184) (1304 -1200 112) (1304 -1184 112) 
4 455 1032 (1304 -1176 -184) (1304 -1184 -184) (1304 -1184 112) (1304 -1176 112) 
4 455 1031 (1304 -656 -184) (1304 -1176 -184) (1304 -1176 112) (1304 -656 112) 
4 455 617 (1304 -1200 -184) (1304 -1176 -184) (1336 -1176 -184) (1336 -1200 -184) 
4 455 615 (1304 -1176 -184) (1304 -656 -184) (1336 -656 -184) (1336 -1176 -184) 
5 455 489 (1304 -1200 -120) (1304 -1200 -167.9999999999999) (1320.0000000000002 -1200 -184) (1336 -1200 -184) (1336 -1200 -120) 
4 455 488 (1312 -1200 -88) (1336 -1200 -88) (1336 -1200 -40) (1312 -1200 -40) 
4 455 468 (1304 -1200 24.000000000000057) (1304 -1200 0) (1336 -1200 0) (1336 -1200 56) 
4 456 936 (1304 -1200 335.2138976801872) (1304 -1200 327.21389768018673) (1304 -1496 327.21389768018673) (1304 -1496 335.2138976801872) 
4 456 470 (1304 -1496 335.2138976801872) (1304 -1496 327.21389768018673) (1816 -1496 327.21389768018673) (1816 -1496 335.2138976801872) 
4 457 937 (1304 -1200 327.21389768018673) (1304 -1200 288) (1304 -1496 288) (1304 -1496 327.21389768018673) 
4 457 471 (1304 -1496 327.21389768018673) (1304 -1496 288) (1816 -1496 288) (1816 -1496 327.21389768018673) 
4 458 467 (1640 -1208 216) (1640 -1208 240) (1592 -1208 240) (1592 -1208 216) 
4 459 467 (1640 -1208 176) (1640 -1208 208) (1592 -1208 208) (1592 -1208 176) 
4 460 467 (1640 -1208 144) (1640 -1208 168) (1592 -1208 168) (1592 -1208 144) 
4 461 467 (1584 -1208 240) (1528 -1208 240) (1528 -1208 216) (1584 -1208 216) 
4 462 467 (1528 -1208 208) (1528 -1208 176) (1584 -1208 176) (1584 -1208 208) 
4 463 467 (1528 -1208 168) (1528 -1208 144) (1584 -1208 144) (1584 -1208 168) 
4 464 467 (1520 -1208 240) (1472 -1208 240) (1472 -1208 216) (1520 -1208 216) 
4 465 467 (1472 -1208 208) (1472 -1208 176) (1520 -1208 176) (1520 -1208 208) 
4 466 467 (1472 -1208 168) (1472 -1208 144) (1520 -1208 144) (1520 -1208 168) 
4 467 1002 (1304 -1208 136) (1304 -1488 136) (1304 -1488 248) (1304 -1208 248) 
4 468 1036 (1304 -1216 0) (1304 -1480 0) (1304 -1480 24.000000000000046) (1304 -1216 24.000000000000057) 
6 468 471 (1304 -1496 24.000000000000057) (1304 -1496 0) (1816 -1496 0) (1816 -1496 23.999999999999883) (1728 -1496 112) (1392 -1496 112) 
4 469 1037 (1304 -1208 -40) (1304 -1488 -40) (1304 -1488 -8) (1304 -1208 -8) 
4 469 490 (1304 -1488 -40) (1304 -1208 -40) (1816 -1208 -40) (1816 -1488 -40) 
4 470 936 (1304 -1496 335.2138976801872) (1304 -1496 327.21389768018673) (1304 -1528 327.21389768018673) (1304 -1528 335.2138976801872) 
4 470 472 (1304 -1528 335.2138976801872) (1304 -1528 327.21389768018673) (1816 -1528 327.21389768018673) (1816 -1528 335.2138976801872) 
4 471 1043 (1304 -1512 -40) (1304 -1528 -40) (1304 -1528 112) (1304 -1512 112) 
4 471 1041 (1304 -1496 112) (1304 -1496 -40) (1304 -1512 -40) (1304 -1512 112) 
4 471 1010 (1304 -1496 136) (1304 -1496 112) (1304 -1528 112) (1304 -1528 136) 
4 471 1003 (1304 -1496 248) (1304 -1496 136) (1304 -1528 136) (1304 -1528 248) 
4 471 938 (1304 -1496 288) (1304 -1496 248) (1304 -1528 248) (1304 -1528 288) 
4 471 937 (1304 -1496 327.21389768018673) (1304 -1496 288) (1304 -1528 288) (1304 -1528 327.21389768018673) 
4 471 493 (1304 -1528 -40) (1304 -1496 -40) (1816 -1496 -40) (1816 -1528 -40) 
4 472 1044 (1304 -1528 112) (1304 -1528 -40) (1304 -1784 -40) (1304 -1784 112) 
4 472 1011 (1304 -1528 136) (1304 -1528 112) (1304 -1784 112) (1304 -1784 136) 
4 472 1004 (1304 -1528 248) (1304 -1528 136) (1304 -1784 136) (1304 -1784 248) 
4 472 950 (1304 -1528 335.2138976801872) (1304 -1528 248) (1304 -1784 248) (1304 -1784 335.2138976801872) 
4 472 494 (1304 -1784 -40) (1304 -1528 -40) (1816 -1528 -40) (1816 -1784 -40) 
4 473 490 (1816 -1208 -88) (1816 -1208 -40) (1792 -1208 -40) (1792 -1208 -88) 
4 474 490 (1784 -1208 -40) (1760 -1208 -40) (1760 -1208 -88) (1784 -1208 -88) 
4 475 490 (1752 -1208 -40) (1728 -1208 -40) (1728 -1208 -88) (1752 -1208 -88) 
4 476 490 (1720 -1208 -40) (1696 -1208 -40) (1696 -1208 -88) (1720 -1208 -88) 
4 477 490 (1688 -1208 -40) (1664 -1208 -40) (1664 -1208 -88) (1688 -1208 -88) 
4 478 490 (1656 -1208 -40) (1632 -1208 -40) (1632 -1208 -88) (1656 -1208 -88) 
4 479 490 (1624 -1208 -40) (1600 -1208 -40) (1600 -1208 -88) (1624 -1208 -88) 
4 480 490 (1592 -1208 -40) (1568 -1208 -40) (1568 -1208 -88) (1592 -1208 -88) 
4 481 490 (1560 -1208 -40) (1536 -1208 -40) (1536 -1208 -88) (1560 -1208 -88) 
4 482 490 (1528 -1208 -40) (1504 -1208 -40) (1504 -1208 -88) (1528 -1208 -88) 
4 483 490 (1496 -1208 -40) (1472 -1208 -40) (1472 -1208 -88) (1496 -1208 -88) 
4 484 490 (1464 -1208 -40) (1440 -1208 -40) (1440 -1208 -88) (1464 -1208 -88) 
4 485 490 (1432 -1208 -40) (1408 -1208 -40) (1408 -1208 -88) (1432 -1208 -88) 
4 486 490 (1400 -1208 -40) (1376 -1208 -40) (1376 -1208 -88) (1400 -1208 -88) 
4 487 490 (1368 -1208 -40) (1344 -1208 -40) (1344 -1208 -88) (1368 -1208 -88) 
4 488 490 (1336 -1208 -40) (1312 -1208 -40) (1312 -1208 -88) (1336 -1208 -88) 
4 489 621 (1320.0000000000002 -1200 -184) (1728 -1200 -184) (1728 -1208 -184) (1320 -1208 -184) 
4 489 567 (1728 -1200 -184) (1816 -1200 -184) (1816 -1208 -184) (1728 -1208 -184) 
5 489 491 (1320.0000000000002 -1208 -184) (1816 -1208 -184) (1816 -1208 -128) (1304 -1208 -128) (1304 -1208 -167.9999999999999) 
4 490 1037 (1304 -1488 -104) (1304 -1488 -40) (1304 -1208 -40) (1304 -1208 -104) 
4 491 1038 (1304 -1480 -128) (1304 -1216 -128) (1304 -1216 -167.99999999999986) (1304 -1480 -167.99999999999986) 
4 491 621 (1320.0000000000002 -1208 -184) (1728 -1208 -184) (1728 -1488 -184) (1320 -1488 -184) 
4 491 567 (1728 -1208 -184) (1816 -1208 -184) (1816 -1488 -184) (1728 -1488 -184) 
5 491 492 (1320.0000000000002 -1488 -184) (1816 -1488 -184) (1816 -1488 -128) (1304 -1488 -128) (1304 -1488 -167.99999999999986) 
4 492 621 (1320.0000000000002 -1488 -184) (1728 -1488 -184) (1728 -1496 -184) (1320 -1496 -184) 
4 492 567 (1728 -1488 -184) (1816 -1488 -184) (1816 -1496 -184) (1728 -1496 -184) 
5 492 493 (1320.0000000000002 -1496 -184) (1816 -1496 -184) (1816 -1496 -120) (1304 -1496 -120) (1304 -1496 -167.9999999999999) 
4 493 1043 (1304 -1512 -184) (1304 -1528 -184) (1304 -1528 -40) (1304 -1512 -40) 
4 493 1041 (1304 -1496 -184) (1304 -1512 -184) (1304 -1512 -40) (1304 -1496 -40) 
4 493 625 (1304 -1528 -184) (1304 -1512 -184) (1728 -1512 -184) (1728 -1528 -184) 
4 493 622 (1304 -1512 -184) (1304 -1496 -184) (1728 -1496 -184) (1728 -1512 -184) 
4 493 568 (1816 -1512 -184) (1816 -1528 -184) (1728 -1528 -184) (1728 -1512 -184) 
4 493 567 (1728 -1496 -184) (1816 -1496 -184) (1816 -1512 -184) (1728 -1512 -184) 
4 494 1044 (1304 -1528 -184) (1304 -1784 -184) (1304 -1784 -40) (1304 -1528 -40) 
4 494 626 (1304 -1784 -184) (1304 -1528 -184) (1728 -1528 -184) (1728 -1784 -184) 
4 494 569 (1728 -1528 -184) (1816 -1528 -184) (1816 -1784 -184) (1728 -1784 -184) 
4 495 505 (2736 -824 -288) (2480 -824 -288) (2480 -208 -288) (2736 -208 -288) 
4 495 498 (2480 -824 -288) (2736 -824 -288) (2736 -824 -184) (2480 -824 -184) 
4 496 506 (2480 -824 -288) (2360 -824 -288) (2360 -208 -288) (2480 -208 -288) 
4 496 500 (2360 -824 -288) (2480 -824 -288) (2480 -824 -184) (2360 -824 -184) 
4 496 497 (2360 -208 -288) (2360 -800 -288) (2360 -800 -184) (2360 -208 -184) 
4 497 518 (2192 -800 -184) (2192 -224 -184) (2192 -224 -288) (2192 -800 -288) 
4 497 515 (2192 -224 -184) (2192 -216 -184) (2192 -216 -288) (2192 -224 -288) 
4 497 509 (2192 -216 -184) (2192 -208 -184) (2192 -208 -288) (2192 -216 -288) 
4 498 505 (2736 -1528 -288) (2480 -1528 -288) (2480 -824 -288) (2736 -824 -288) 
4 498 499 (2480 -1528 -184) (2480 -1528 -288) (2736 -1528 -288) (2736 -1528 -184) 
4 499 507 (2480 -1784 -288) (2480 -1528 -288) (2736 -1528 -288) (2736 -1784 -288) 
4 499 502 (2480 -1528 -288) (2480 -1784 -288) (2480 -1784 -184) (2480 -1528 -184) 
4 500 506 (2360 -824 -288) (2480 -824 -288) (2480 -1528 -288) (2360 -1528 -288) 
4 500 501 (2360 -1504 -288) (2360 -1528 -288) (2360 -1528 -184) (2360 -1504 -184) 
4 501 503 (2352 -1512 -288) (2352 -1528 -288) (2352 -1528 -184) (2352 -1512 -184) 
4 502 508 (2352 -1784 -288) (2352 -1528 -288) (2480 -1528 -288) (2480 -1784 -288) 
4 502 504 (2352 -1528 -288) (2352 -1784 -288) (2352 -1784 -184) (2352 -1528 -184) 
4 503 541 (2192 -1528 -184) (2192 -1512 -184) (2192 -1512 -288) (2192 -1528 -288) 
4 504 542 (2192 -1784 -184) (2192 -1528 -184) (2192 -1528 -288) (2192 -1784 -288) 
4 504 508 (2192 -1784 -288) (2192 -1528 -288) (2352 -1528 -288) (2352 -1784 -288) 
4 505 653 (2736 -1528 -568) (2480 -1528 -568) (2480 -688 -568) (2736 -688 -568) 
4 505 642 (2480 -688 -568) (2480 -656 -568) (2736 -656 -568) (2736 -688 -568) 
4 505 627 (2480 -656 -568) (2480 -208 -568) (2736 -208 -568) (2736 -656 -568) 
4 505 507 (2736 -1528 -288) (2480 -1528 -288) (2480 -1528 -568) (2736 -1528 -568) 
4 506 654 (2480 -1528 -568) (2360 -1528 -568) (2360 -688 -568) (2480 -688 -568) 
4 506 643 (2360 -688 -568) (2360 -656 -568) (2480 -656 -568) (2480 -688 -568) 
4 506 628 (2360 -656 -568) (2360 -208 -568) (2480 -208 -568) (2480 -656 -568) 
4 507 662 (2480 -1784 -568) (2480 -1528 -568) (2736 -1528 -568) (2736 -1784 -568) 
4 507 508 (2480 -1528 -288) (2480 -1528 -568) (2480 -1784 -568) (2480 -1784 -288) 
4 508 663 (2192 -1784 -568) (2192 -1528 -568) (2480 -1528 -568) (2480 -1784 -568) 
4 508 552 (2192 -1528 -568) (2192 -1784 -568) (2192 -1784 -488) (2192 -1528 -488) 
4 508 542 (2192 -1784 -488) (2192 -1784 -288) (2192 -1528 -288) (2192 -1528 -488) 
4 509 629 (2176 -208 -568) (2192 -208 -568) (2192 -216 -568) (2176 -216 -568) 
4 509 516 (2176 -216 -568) (2192 -216 -568) (2192 -216 -392) (2176 -216 -392) 
4 509 515 (2192 -216 -392) (2192 -216 -184) (2176 -216 -184) (2176 -216 -392) 
4 509 511 (2176 -216 -560) (2176 -216 -408) (2176 -208 -408) (2176 -208 -560) 
4 509 510 (2176 -216 -400) (2176 -216 -184) (2176 -208 -184) (2176 -208 -400) 
4 510 515 (2176 -216 -392) (2176 -216 -184) (2160 -216 -184) (2160 -216 -392) 
4 510 512 (2160 -216 -400) (2160 -216 -184) (2160 -208 -184) (2160 -208 -400) 
4 511 517 (2168 -216 -408) (2160 -216 -408) (2160 -216 -560) (2168 -216 -560) 
4 511 512 (2160 -216 -560) (2160 -216 -408) (2160 -208 -408) (2160 -208 -560) 
4 512 517 (1936 -216 -568) (2160 -216 -568) (2160 -216 -400) (1936 -216 -400) 
4 512 515 (2160 -216 -392) (2160 -216 -184) (1936 -216 -184) (1936 -216 -392) 
4 512 514 (1936 -216 -560) (1936 -216 -408) (1936 -208 -408) (1936 -208 -560) 
4 512 513 (1936 -216 -400) (1936 -216 -184) (1936 -208 -184) (1936 -208 -400) 
4 513 565 (1920 -216 -400) (1920 -216 -368) (1920 -208 -368) (1920 -208 -400) 
4 513 564 (1920 -216 -368) (1920 -216 -184) (1920 -208 -184) (1920 -208 -368) 
4 513 515 (1920 -216 -184) (1920 -216 -392) (1936 -216 -392) (1936 -216 -184) 
4 514 571 (1920 -216 -560) (1920 -216 -496) (1920 -208 -496) (1920 -208 -560) 
4 514 570 (1920 -216 -496) (1920 -216 -488) (1920 -208 -488) (1920 -208 -496) 
4 514 565 (1920 -216 -488) (1920 -216 -408) (1920 -208 -408) (1920 -208 -488) 
4 514 517 (1928 -216 -560) (1936 -216 -560) (1936 -216 -408) (1928 -216 -408) 
4 515 565 (1920 -224 -392) (1920 -224 -368) (1920 -216 -368) (1920 -216 -392) 
4 515 564 (1920 -224 -368) (1920 -224 -184) (1920 -216 -184) (1920 -216 -368) 
4 515 531 (1920 -224 -288) (1920 -224 -392) (2192 -224 -392) (2192 -224 -288) 
4 515 530 (1920 -224 -184) (1920 -224 -288) (2088 -224 -288) (2088 -224 -184) 
4 515 526 (2088 -224 -288) (2096 -224 -288) (2096 -224 -184) (2088 -224 -184) 
4 515 524 (2096 -224 -288) (2104 -224 -288) (2104 -224 -184) (2096 -224 -184) 
4 515 522 (2104 -224 -288) (2112 -224 -288) (2112 -224 -184) (2104 -224 -184) 
4 515 519 (2112 -224 -288) (2184 -224 -288) (2184 -224 -184) (2112 -224 -184) 
4 515 518 (2184 -224 -288) (2192 -224 -288) (2192 -224 -184) (2184 -224 -184) 
4 515 516 (2192 -224 -392) (2176 -224 -392) (2176 -216 -392) (2192 -216 -392) 
4 516 629 (2176 -216 -568) (2192 -216 -568) (2192 -224 -568) (2176 -224 -568) 
4 516 543 (2176 -224 -568) (2192 -224 -568) (2192 -224 -488) (2176 -224 -488) 
4 516 534 (2192 -224 -488) (2192 -224 -408) (2176 -224 -408) (2176 -224 -488) 
4 516 532 (2192 -224 -408) (2192 -224 -400) (2176 -224 -400) (2176 -224 -408) 
4 516 531 (2192 -224 -400) (2192 -224 -392) (2176 -224 -392) (2176 -224 -400) 
4 517 555 (1936 -224 -568) (2160 -224 -568) (2160 -224 -560) (1936 -224 -560) 
4 517 553 (2160 -224 -560) (2160 -224 -488) (1928 -224 -488) (1928 -224 -560) 
4 517 544 (2168 -224 -560) (2168 -224 -488) (2160 -224 -488) (2160 -224 -560) 
4 517 534 (2168 -224 -488) (2168 -224 -408) (1928 -224 -408) (1928 -224 -488) 
4 517 533 (2160 -224 -400) (1936 -224 -400) (1936 -224 -408) (2160 -224 -408) 
4 518 535 (2192 -232 -288) (2192 -800 -288) (2184 -800 -288) (2184 -232 -288) 
4 518 531 (2184 -224 -288) (2192 -224 -288) (2192 -232 -288) (2184 -232 -288) 
4 518 523 (2184 -800 -288) (2192 -800 -288) (2192 -800 -272) (2184 -800 -272) 
4 518 521 (2184 -792 -288) (2184 -800 -288) (2184 -800 -264) (2184 -792 -264) 
4 518 520 (2184 -800 -192) (2184 -800 -184) (2184 -792 -184) (2184 -792 -192) 
4 518 519 (2184 -224 -184) (2184 -224 -288) (2184 -792 -288) (2184 -792 -184) 
4 519 536 (2128 -792 -288) (2112 -792 -288) (2112 -232 -288) (2128 -232 -288) 
4 519 535 (2184 -232 -288) (2184 -792 -288) (2128 -792 -288) (2128 -232 -288) 
4 519 531 (2112 -224 -288) (2184 -224 -288) (2184 -232 -288) (2112 -232 -288) 
4 519 522 (2112 -224 -184) (2112 -224 -288) (2112 -792 -288) (2112 -792 -184) 
4 519 521 (2112 -792 -264) (2112 -792 -288) (2184 -792 -288) (2184 -792 -264) 
4 519 520 (2112 -792 -184) (2112 -792 -192) (2184 -792 -192) (2184 -792 -184) 
4 520 522 (2112 -800 -192) (2112 -800 -184) (2112 -792 -184) (2112 -792 -192) 
4 521 536 (2128 -800 -288) (2112 -800 -288) (2112 -792 -288) (2128 -792 -288) 
4 521 535 (2184 -792 -288) (2184 -800 -288) (2128 -800 -288) (2128 -792 -288) 
4 521 523 (2112 -800 -288) (2184 -800 -288) (2184 -800 -272) (2112 -800 -272) 
4 521 522 (2112 -792 -288) (2112 -800 -288) (2112 -800 -264) (2112 -792 -264) 
4 522 536 (2112 -232 -288) (2112 -800 -288) (2104 -800 -288) (2104 -232 -288) 
4 522 531 (2104 -224 -288) (2112 -224 -288) (2112 -232 -288) (2104 -232 -288) 
4 522 524 (2104 -224 -184) (2104 -224 -288) (2104 -800 -288) (2104 -800 -184) 
4 522 523 (2104 -800 -272) (2104 -800 -288) (2112 -800 -288) (2112 -800 -272) 
4 523 536 (2128 -824 -288) (2104 -824 -288) (2104 -800 -288) (2128 -800 -288) 
4 523 535 (2192 -800 -288) (2192 -824 -288) (2128 -824 -288) (2128 -800 -288) 
4 523 525 (2104 -808 -288) (2104 -824 -288) (2104 -824 -272) (2104 -808 -272) 
4 523 524 (2104 -800 -288) (2104 -808 -288) (2104 -808 -272) (2104 -800 -272) 
4 524 536 (2104 -232 -288) (2104 -808 -288) (2096 -808 -288) (2096 -232 -288) 
4 524 531 (2096 -224 -288) (2104 -224 -288) (2104 -232 -288) (2096 -232 -288) 
4 524 526 (2096 -224 -184) (2096 -224 -288) (2096 -808 -288) (2096 -808 -184) 
4 524 525 (2096 -808 -264) (2096 -808 -288) (2104 -808 -288) (2104 -808 -264) 
4 525 540 (2104 -928 -288) (2104 -944 -288) (2096 -944 -288) (2096 -928 -288) 
4 525 536 (2104 -808 -288) (2104 -928 -288) (2096 -928 -288) (2096 -808 -288) 
4 525 529 (2096 -936 -288) (2096 -944 -288) (2096 -944 -264) (2096 -936 -264) 
4 525 528 (2096 -816 -288) (2096 -936 -288) (2096 -936 -264) (2096 -816 -264) 
4 525 526 (2096 -808 -288) (2096 -816 -288) (2096 -816 -264) (2096 -808 -264) 
4 526 536 (2096 -232 -288) (2096 -816 -288) (2088 -816 -288) (2088 -232 -288) 
4 526 531 (2088 -224 -288) (2096 -224 -288) (2096 -232 -288) (2088 -232 -288) 
4 526 530 (2088 -224 -184) (2088 -224 -288) (2088 -816 -288) (2088 -816 -184) 
4 526 528 (2088 -816 -256) (2088 -816 -288) (2096 -816 -288) (2096 -816 -256) 
4 526 527 (2088 -816 -184) (2088 -816 -192) (2096 -816 -192) (2096 -816 -184) 
4 527 530 (2088 -936 -192) (2088 -936 -184) (2088 -816 -184) (2088 -816 -192) 
4 527 529 (2088 -936 -184) (2088 -936 -192) (2096 -936 -192) (2096 -936 -184) 
4 528 540 (2096 -928 -288) (2096 -936 -288) (2088 -936 -288) (2088 -928 -288) 
4 528 536 (2096 -816 -288) (2096 -928 -288) (2088 -928 -288) (2088 -816 -288) 
4 528 530 (2088 -816 -288) (2088 -936 -288) (2088 -936 -256) (2088 -816 -256) 
4 528 529 (2088 -936 -256) (2088 -936 -288) (2096 -936 -288) (2096 -936 -256) 
4 529 540 (2096 -936 -288) (2096 -944 -288) (2088 -944 -288) (2088 -936 -288) 
4 529 530 (2088 -936 -288) (2088 -944 -288) (2088 -944 -184) (2088 -936 -184) 
4 530 564 (1920 -944 -184) (1920 -224 -184) (1920 -224 -288) (1920 -944 -288) 
4 530 540 (1920 -944 -288) (1920 -928 -288) (2088 -928 -288) (2088 -944 -288) 
4 530 536 (1920 -928 -288) (1920 -232 -288) (2088 -232 -288) (2088 -928 -288) 
4 530 531 (1920 -232 -288) (1920 -224 -288) (2088 -224 -288) (2088 -232 -288) 
4 531 565 (1920 -224 -368) (1920 -224 -400) (1920 -232 -400) (1920 -232 -368) 
4 531 564 (1920 -224 -288) (1920 -224 -368) (1920 -232 -368) (1920 -232 -288) 
4 531 539 (2152 -232 -328) (1920 -232 -328) (1920 -232 -400) (2152 -232 -400) 
4 531 537 (2192 -232 -400) (2192 -232 -328) (2152 -232 -328) (2152 -232 -400) 
4 531 536 (2128 -232 -288) (1920 -232 -288) (1920 -232 -328) (2128 -232 -328) 
4 531 535 (2192 -232 -328) (2192 -232 -288) (2128 -232 -288) (2128 -232 -328) 
4 531 533 (2160 -232 -400) (1936 -232 -400) (1936 -224 -400) (2160 -224 -400) 
4 531 532 (2192 -232 -400) (2176 -232 -400) (2176 -224 -400) (2192 -224 -400) 
4 532 537 (2192 -232 -408) (2192 -232 -400) (2176 -232 -400) (2176 -232 -408) 
4 532 534 (2192 -232 -408) (2176 -232 -408) (2176 -224 -408) (2192 -224 -408) 
4 533 539 (2152 -232 -400) (1936 -232 -400) (1936 -232 -408) (2152 -232 -408) 
4 533 537 (2160 -232 -400) (2152 -232 -400) (2152 -232 -408) (2160 -232 -408) 
4 533 534 (2160 -232 -408) (1936 -232 -408) (1936 -224 -408) (2160 -224 -408) 
4 534 565 (1920 -224 -408) (1920 -224 -488) (1920 -232 -488) (1920 -232 -408) 
4 534 553 (1920 -232 -488) (1920 -224 -488) (2160 -224 -488) (2160 -232 -488) 
4 534 544 (2160 -224 -488) (2176 -224 -488) (2176 -232 -488) (2160 -232 -488) 
4 534 543 (2176 -224 -488) (2192 -224 -488) (2192 -232 -488) (2176 -232 -488) 
4 534 539 (1920 -232 -488) (2152 -232 -488) (2152 -232 -408) (1920 -232 -408) 
4 534 537 (2152 -232 -488) (2192 -232 -488) (2192 -232 -408) (2152 -232 -408) 
4 535 539 (2128 -832 -328) (2128 -232 -328) (2152 -232 -328) (2152 -832 -328) 
4 535 537 (2152 -232 -328) (2192 -232 -328) (2192 -832 -328) (2152 -832 -328) 
4 535 536 (2128 -232 -288) (2128 -232 -328) (2128 -832 -328) (2128 -832 -288) 
4 536 564 (1920 -928 -328) (1920 -928 -288) (1920 -232 -288) (1920 -232 -328) 
4 536 540 (2128 -928 -288) (1920 -928 -288) (1920 -928 -328) (2128 -928 -328) 
4 536 539 (2128 -928 -328) (1920 -928 -328) (1920 -232 -328) (2128 -232 -328) 
4 537 553 (2152 -232 -488) (2160 -232 -488) (2160 -864 -488) (2152 -864 -488) 
4 537 545 (2160 -232 -488) (2192 -232 -488) (2192 -864 -488) (2160 -864 -488) 
4 537 539 (2152 -864 -328) (2152 -232 -328) (2152 -232 -488) (2152 -864 -488) 
4 537 538 (2152 -864 -352) (2152 -864 -488) (2192 -864 -488) (2192 -864 -352) 
4 538 553 (2160 -928 -488) (2152 -928 -488) (2152 -864 -488) (2160 -864 -488) 
4 538 545 (2192 -864 -488) (2192 -928 -488) (2160 -928 -488) (2160 -864 -488) 
4 538 540 (2192 -928 -368) (2192 -928 -352) (2152 -928 -352) (2152 -928 -368) 
4 538 539 (2152 -928 -488) (2152 -928 -352) (2152 -864 -352) (2152 -864 -488) 
4 539 565 (1920 -232 -488) (1920 -928 -488) (1920 -928 -368) (1920 -232 -368) 
4 539 564 (1920 -928 -368) (1920 -928 -328) (1920 -232 -328) (1920 -232 -368) 
4 539 553 (1920 -928 -488) (1920 -232 -488) (2152 -232 -488) (2152 -928 -488) 
4 539 540 (2152 -928 -368) (2152 -928 -328) (1920 -928 -328) (1920 -928 -368) 
4 540 564 (1920 -944 -288) (1920 -928 -288) (1920 -928 -368) (1920 -944 -368) 
4 541 568 (1920 -1528 -184) (1920 -1512 -184) (1920 -1512 -288) (1920 -1528 -288) 
4 542 569 (1920 -1784 -184) (1920 -1528 -184) (1920 -1528 -488) (1920 -1784 -488) 
4 542 554 (1920 -1784 -488) (1920 -1528 -488) (2160 -1528 -488) (2160 -1784 -488) 
4 542 552 (2160 -1528 -488) (2192 -1528 -488) (2192 -1784 -488) (2160 -1784 -488) 
4 543 629 (2176 -224 -568) (2192 -224 -568) (2192 -232 -568) (2176 -232 -568) 
4 543 545 (2176 -232 -568) (2192 -232 -568) (2192 -232 -488) (2176 -232 -488) 
4 543 544 (2176 -232 -560) (2176 -232 -488) (2176 -224 -488) (2176 -224 -560) 
4 544 553 (2160 -232 -488) (2160 -224 -488) (2160 -224 -560) (2160 -232 -560) 
4 544 545 (2160 -232 -488) (2160 -232 -560) (2176 -232 -560) (2176 -232 -488) 
4 545 655 (2176 -688 -568) (2192 -688 -568) (2192 -928 -568) (2176 -928 -568) 
4 545 644 (2176 -656 -568) (2192 -656 -568) (2192 -688 -568) (2176 -688 -568) 
4 545 629 (2176 -232 -568) (2192 -232 -568) (2192 -656 -568) (2176 -656 -568) 
4 545 555 (2160 -232 -560) (2160 -232 -568) (2160 -928 -568) (2160 -928 -560) 
4 545 553 (2160 -928 -488) (2160 -232 -488) (2160 -232 -560) (2160 -928 -560) 
4 546 547 (2184 -1168 -496) (2168 -1168 -496) (2168 -960 -496) (2184 -960 -496) 
4 547 555 (2160 -960 -560) (2160 -960 -568) (2160 -1168 -568) (2160 -1168 -560) 
4 547 553 (2160 -960 -496) (2160 -960 -560) (2160 -1168 -560) (2160 -1168 -496) 
4 548 549 (2184 -1408 -496) (2168 -1408 -496) (2168 -1200 -496) (2184 -1200 -496) 
4 549 555 (2160 -1200 -560) (2160 -1200 -568) (2160 -1408 -568) (2160 -1408 -560) 
4 549 553 (2160 -1200 -496) (2160 -1200 -560) (2160 -1408 -560) (2160 -1408 -496) 
4 550 551 (2184 -1512 -496) (2168 -1512 -496) (2168 -1440 -496) (2184 -1440 -496) 
4 551 555 (2160 -1440 -560) (2160 -1440 -568) (2160 -1512 -568) (2160 -1512 -560) 
4 551 553 (2160 -1440 -496) (2160 -1440 -560) (2160 -1512 -560) (2160 -1512 -496) 
4 552 663 (2160 -1784 -568) (2160 -1528 -568) (2192 -1528 -568) (2192 -1784 -568) 
4 552 559 (2160 -1528 -560) (2160 -1528 -568) (2160 -1784 -568) (2160 -1784 -560) 
4 552 554 (2160 -1784 -488) (2160 -1528 -488) (2160 -1528 -560) (2160 -1784 -560) 
4 553 577 (1920 -1440 -496) (1920 -1440 -560) (1920 -1512 -560) (1920 -1512 -496) 
4 553 575 (1920 -1200 -496) (1920 -1200 -536) (1920 -1408 -536) (1920 -1408 -496) 
4 553 573 (1920 -960 -496) (1920 -960 -536) (1920 -1168 -536) (1920 -1168 -496) 
4 553 571 (1920 -224 -496) (1920 -224 -560) (1920 -920 -560) (1920 -920 -496) 
4 553 570 (1920 -920 -488) (1920 -224 -488) (1920 -224 -496) (1920 -920 -496) 
4 553 562 (1920 -1512 -560) (1920 -928 -560) (1928 -928 -560) (1928 -1512 -560) 
4 553 561 (1920 -720 -560) (1920 -624 -560) (1928 -624 -560) (1928 -720 -560) 
4 553 560 (1920 -416 -560) (1920 -320 -560) (1928 -320 -560) (1928 -416 -560) 
4 553 558 (1936 -728 -560) (1936 -1512 -560) (1928 -1512 -560) (1928 -728 -560) 
4 553 557 (1936 -424 -560) (1936 -616 -560) (1928 -616 -560) (1928 -424 -560) 
4 553 556 (1936 -232 -560) (1936 -312 -560) (1928 -312 -560) (1928 -232 -560) 
4 553 555 (1936 -224 -560) (2160 -224 -560) (2160 -1512 -560) (1936 -1512 -560) 
4 554 579 (1920 -1784 -488) (1920 -1528 -488) (1920 -1528 -560) (1920 -1784 -560) 
4 554 563 (1920 -1784 -560) (1920 -1528 -560) (1928 -1528 -560) (1928 -1784 -560) 
4 554 559 (1928 -1528 -560) (2160 -1528 -560) (2160 -1784 -560) (1928 -1784 -560) 
4 555 558 (1936 -1512 -560) (1936 -728 -560) (1936 -728 -568) (1936 -1512 -568) 
4 555 557 (1936 -616 -560) (1936 -424 -560) (1936 -424 -568) (1936 -616 -568) 
4 555 556 (1936 -312 -560) (1936 -232 -560) (1936 -232 -568) (1936 -312 -568) 
4 558 562 (1928 -1512 -560) (1928 -928 -560) (1928 -928 -568) (1928 -1512 -568) 
4 559 663 (1928 -1784 -568) (1928 -1528 -568) (2160 -1528 -568) (2160 -1784 -568) 
4 559 563 (1928 -1784 -560) (1928 -1528 -560) (1928 -1528 -568) (1928 -1784 -568) 
4 560 571 (1920 -320 -568) (1920 -416 -568) (1920 -416 -560) (1920 -320 -560) 
4 561 571 (1920 -624 -568) (1920 -720 -568) (1920 -720 -560) (1920 -624 -560) 
4 562 577 (1920 -1440 -568) (1920 -1512 -568) (1920 -1512 -560) (1920 -1440 -560) 
4 563 663 (1920 -1784 -568) (1920 -1528 -568) (1928 -1528 -568) (1928 -1784 -568) 
4 563 579 (1920 -1528 -568) (1920 -1784 -568) (1920 -1784 -560) (1920 -1528 -560) 
4 564 566 (1824 -928 -184) (1824 -208 -184) (1824 -208 -368) (1824 -928 -368) 
4 564 565 (1824 -928 -368) (1824 -208 -368) (1920 -208 -368) (1920 -928 -368) 
4 565 582 (1880 -928 -488) (1824 -928 -488) (1824 -920 -488) (1880 -920 -488) 
4 565 580 (1824 -208 -488) (1888 -208 -488) (1888 -920 -488) (1824 -920 -488) 
4 565 570 (1888 -208 -488) (1920 -208 -488) (1920 -920 -488) (1888 -920 -488) 
4 565 566 (1824 -208 -488) (1824 -928 -488) (1824 -928 -368) (1824 -208 -368) 
4 566 593 (1728 -208 -464) (1728 -208 -488) (1728 -928 -488) (1728 -928 -464) 
4 566 591 (1728 -928 -184) (1728 -208 -184) (1728 -208 -464) (1728 -928 -464) 
4 566 582 (1728 -928 -488) (1728 -920 -488) (1824 -920 -488) (1824 -928 -488) 
4 566 580 (1728 -920 -488) (1728 -208 -488) (1824 -208 -488) (1824 -920 -488) 
3 566 567 (1728 -928 -184) (1728 -928 -256) (1816 -928 -184) 
4 567 622 (1728 -1512 -184) (1728 -1496 -184) (1728 -1496 -256) (1728 -1512 -256) 
4 567 621 (1728 -1496 -184) (1728 -1200 -184) (1728 -1200 -256) (1728 -1496 -256) 
4 567 592 (1728 -1200 -184) (1728 -928 -184) (1728 -928 -256) (1728 -1200 -256) 
3 567 568 (1728 -1512 -184) (1728 -1512 -256) (1816 -1512 -184) 
4 568 625 (1728 -1528 -184) (1728 -1512 -184) (1728 -1512 -288) (1728 -1528 -288) 
4 569 626 (1728 -1784 -184) (1728 -1528 -184) (1728 -1528 -488) (1728 -1784 -488) 
4 569 590 (1728 -1784 -488) (1728 -1528 -488) (1888 -1528 -488) (1888 -1784 -488) 
4 569 579 (1888 -1528 -488) (1920 -1528 -488) (1920 -1784 -488) (1888 -1784 -488) 
4 570 580 (1888 -920 -488) (1888 -208 -488) (1888 -208 -496) (1888 -920 -496) 
4 570 572 (1888 -920 -496) (1888 -208 -496) (1912 -208 -496) (1912 -920 -496) 
4 570 571 (1912 -208 -496) (1920 -208 -496) (1920 -920 -496) (1912 -920 -496) 
4 571 656 (1920 -688 -568) (1920 -920 -568) (1912 -920 -568) (1912 -688 -568) 
4 571 645 (1920 -656 -568) (1920 -688 -568) (1912 -688 -568) (1912 -656 -568) 
4 571 630 (1912 -208 -568) (1920 -208 -568) (1920 -656 -568) (1912 -656 -568) 
4 571 572 (1912 -208 -568) (1912 -920 -568) (1912 -920 -496) (1912 -208 -496) 
4 572 656 (1888 -928 -568) (1888 -688 -568) (1912 -688 -568) (1912 -928 -568) 
4 572 645 (1888 -688 -568) (1888 -656 -568) (1912 -656 -568) (1912 -688 -568) 
4 572 630 (1888 -656 -568) (1888 -208 -568) (1912 -208 -568) (1912 -656 -568) 
4 572 583 (1888 -208 -568) (1888 -928 -568) (1888 -928 -544) (1888 -208 -544) 
4 572 581 (1888 -928 -544) (1888 -928 -496) (1888 -920 -496) (1888 -920 -544) 
4 572 580 (1888 -920 -496) (1888 -208 -496) (1888 -208 -544) (1888 -920 -544) 
4 573 574 (1912 -960 -496) (1912 -960 -536) (1912 -1168 -536) (1912 -1168 -496) 
4 574 586 (1888 -960 -568) (1888 -1168 -568) (1888 -1168 -552) (1888 -960 -552) 
4 574 584 (1888 -1168 -552) (1888 -1168 -488) (1888 -960 -488) (1888 -960 -552) 
4 575 576 (1912 -1200 -496) (1912 -1200 -536) (1912 -1408 -536) (1912 -1408 -496) 
4 576 589 (1888 -1200 -568) (1888 -1408 -568) (1888 -1408 -488) (1888 -1200 -488) 
4 577 578 (1912 -1440 -496) (1912 -1440 -568) (1912 -1512 -568) (1912 -1512 -496) 
4 578 589 (1888 -1440 -568) (1888 -1512 -568) (1888 -1512 -488) (1888 -1440 -488) 
4 579 663 (1888 -1784 -568) (1888 -1528 -568) (1920 -1528 -568) (1920 -1784 -568) 
4 579 590 (1888 -1528 -568) (1888 -1784 -568) (1888 -1784 -488) (1888 -1528 -488) 
4 580 595 (1728 -920 -488) (1728 -208 -488) (1728 -208 -544) (1728 -920 -544) 
4 580 583 (1728 -920 -544) (1728 -208 -544) (1888 -208 -544) (1888 -920 -544) 
4 580 582 (1728 -920 -544) (1880 -920 -544) (1880 -920 -488) (1728 -920 -488) 
4 580 581 (1880 -920 -544) (1888 -920 -544) (1888 -920 -496) (1880 -920 -496) 
4 581 583 (1880 -928 -544) (1880 -920 -544) (1888 -920 -544) (1888 -928 -544) 
4 581 582 (1880 -920 -496) (1880 -920 -544) (1880 -944 -544) (1880 -944 -496) 
4 582 595 (1728 -936 -488) (1728 -920 -488) (1728 -920 -544) (1728 -936 -544) 
4 582 585 (1880 -944 -488) (1728 -944 -488) (1728 -944 -544) (1880 -944 -544) 
4 582 583 (1728 -928 -544) (1728 -920 -544) (1880 -920 -544) (1880 -928 -544) 
4 583 664 (1728 -928 -568) (1728 -208 -568) (1736 -208 -568) (1736 -928 -568) 
4 583 656 (1888 -688 -568) (1888 -928 -568) (1736 -928 -568) (1736 -688 -568) 
4 583 645 (1888 -656 -568) (1888 -688 -568) (1736 -688 -568) (1736 -656 -568) 
4 583 639 (1752 -448 -568) (1752 -656 -568) (1736 -656 -568) (1736 -448 -568) 
4 583 638 (1752 -416 -568) (1752 -448 -568) (1736 -448 -568) (1736 -416 -568) 
4 583 635 (1736 -208 -568) (1752 -208 -568) (1752 -416 -568) (1736 -416 -568) 
4 583 630 (1752 -208 -568) (1888 -208 -568) (1888 -656 -568) (1752 -656 -568) 
4 583 596 (1728 -208 -568) (1728 -928 -568) (1728 -928 -544) (1728 -208 -544) 
4 584 588 (1888 -1168 -544) (1888 -1168 -488) (1880 -1168 -488) (1880 -1168 -544) 
4 584 586 (1888 -1168 -552) (1880 -1168 -552) (1880 -960 -552) (1888 -960 -552) 
4 584 585 (1880 -952 -552) (1880 -1168 -552) (1880 -1168 -488) (1880 -952 -488) 
4 585 599 (1728 -1160 -488) (1728 -944 -488) (1728 -944 -552) (1728 -1160 -552) 
4 585 588 (1880 -1168 -488) (1728 -1168 -488) (1728 -1168 -544) (1880 -1168 -544) 
4 585 587 (1864 -1168 -552) (1728 -1168 -552) (1728 -944 -552) (1864 -944 -552) 
4 585 586 (1880 -1168 -552) (1864 -1168 -552) (1864 -960 -552) (1880 -960 -552) 
4 586 587 (1864 -1168 -568) (1864 -1168 -552) (1864 -960 -552) (1864 -960 -568) 
4 587 599 (1728 -944 -568) (1728 -1160 -568) (1728 -1160 -552) (1728 -944 -552) 
4 588 589 (1888 -1184 -544) (1888 -1184 -488) (1728 -1184 -488) (1728 -1184 -544) 
4 589 624 (1728 -1200 -568) (1728 -1512 -568) (1728 -1512 -488) (1728 -1200 -488) 
4 589 601 (1728 -1192 -568) (1728 -1200 -568) (1728 -1200 -488) (1728 -1192 -488) 
4 590 668 (1728 -1784 -568) (1728 -1528 -568) (1736 -1528 -568) (1736 -1784 -568) 
4 590 663 (1736 -1528 -568) (1888 -1528 -568) (1888 -1784 -568) (1736 -1784 -568) 
4 590 626 (1728 -1528 -568) (1728 -1784 -568) (1728 -1784 -488) (1728 -1528 -488) 
4 591 603 (1584 -928 -184) (1584 -208 -184) (1584 -208 -464) (1584 -928 -464) 
4 591 593 (1584 -928 -464) (1584 -208 -464) (1728 -208 -464) (1728 -928 -464) 
4 591 592 (1584 -928 -184) (1584 -928 -256) (1728 -928 -256) (1728 -928 -184) 
4 592 621 (1728 -1200 -256) (1728 -1200 -184) (1584 -1200 -184) (1584 -1200 -256) 
4 592 616 (1584 -1200 -256) (1584 -1200 -184) (1584 -1176 -184) (1584 -1176 -256) 
4 592 604 (1584 -1176 -184) (1584 -928 -184) (1584 -928 -256) (1584 -1176 -256) 
4 593 608 (1584 -928 -464) (1584 -208 -464) (1584 -208 -488) (1584 -928 -488) 
4 593 595 (1584 -928 -488) (1584 -208 -488) (1728 -208 -488) (1728 -928 -488) 
4 593 594 (1584 -928 -488) (1600 -928 -488) (1600 -928 -464) (1584 -928 -464) 
4 594 608 (1584 -936.0000000000001 -464) (1584 -928 -464) (1584 -928 -488) (1584 -936.0000000000001 -488) 
3 594 595 (1584 -936.0000000000001 -488) (1584 -928 -488) (1600 -928 -488) 
4 595 609 (1584 -936 -488) (1584 -208 -488) (1584 -208 -544) (1584 -936 -544) 
3 595 597 (1584 -936 -544) (1584 -928 -544) (1600 -928 -544) 
4 595 596 (1584 -928 -544) (1584 -208 -544) (1728 -208 -544) (1728 -928 -544) 
4 596 669 (1584 -208 -568) (1728 -208 -568) (1728 -928 -568) (1584 -928 -568) 
4 596 611 (1584 -208 -568) (1584 -928 -568) (1584 -928 -544) (1584 -208 -544) 
4 596 597 (1600 -928 -544) (1584 -928 -544) (1584 -928 -568) (1600 -928 -568) 
4 597 611 (1584 -928 -568) (1584 -936.0000000000001 -568) (1584 -936.0000000000001 -544) (1584 -928 -544) 
4 598 600 (1704 -944 -472.0000000000002) (1704 -944 -488) (1704 -1160 -488) (1704 -1160 -472.0000000000002) 
4 598 599 (1720 -1160 -488) (1704 -1160 -488) (1704 -944 -488) (1720 -944 -488) 
4 599 600 (1704 -944 -488) (1704 -944 -568) (1704 -1160 -568) (1704 -1160 -488) 
4 600 610 (1584 -944 -568) (1584 -1160 -568) (1584 -1160 -544) (1584 -944 -544) 
4 600 609 (1584 -1160 -544) (1584 -1160 -488) (1584 -944 -488) (1584 -944 -544) 
4 600 607 (1584 -1160 -488) (1584 -1160 -464) (1584 -944 -464) (1584 -944 -488) 
4 600 602 (1696 -1160 -464) (1584 -1160 -464) (1584 -1160 -568) (1696 -1160 -568) 
4 601 624 (1696 -1200 -568) (1728 -1200 -568) (1728 -1200 -472) (1696 -1200 -472) 
4 601 623 (1709.7142857142858 -1200 -464) (1696 -1200 -464) (1696 -1200 -472) (1720 -1200 -472) 
4 601 602 (1696 -1192 -568) (1696 -1200 -568) (1696 -1200 -464) (1696 -1192 -464) 
4 602 624 (1584 -1200 -568) (1696 -1200 -568) (1696 -1200 -472) (1584 -1200 -472) 
4 602 623 (1696 -1200 -472) (1696 -1200 -464) (1584 -1200 -464) (1584 -1200 -472) 
4 602 619 (1584 -1184 -568) (1584 -1200 -568) (1584 -1200 -464) (1584 -1184 -464) 
4 602 618 (1584 -1176 -568) (1584 -1184 -568) (1584 -1184 -464) (1584 -1176 -464) 
4 602 610 (1584 -1160 -568) (1584 -1176 -568) (1584 -1176 -544) (1584 -1160 -544) 
4 602 609 (1584 -1176 -544) (1584 -1176 -488) (1584 -1160 -488) (1584 -1160 -544) 
4 602 607 (1584 -1176 -488) (1584 -1176 -464) (1584 -1160 -464) (1584 -1160 -488) 
4 603 608 (1440 -928 -464) (1440 -208 -464) (1584 -208 -464) (1584 -928 -464) 
4 603 606 (1440 -208 -464) (1440 -928 -464) (1440 -928 -184) (1440 -208 -184) 
4 603 605 (1440 -928 -256) (1440 -928 -464) (1576 -928 -464) (1576 -928 -256) 
4 603 604 (1440 -928 -184) (1440 -928 -256) (1584 -928 -256) (1584 -928 -184) 
4 604 616 (1584 -1176 -256) (1584 -1176 -184) (1440 -1176 -184) (1440 -1176 -256) 
4 604 606 (1440 -1176 -256) (1440 -1176 -184) (1440 -928 -184) (1440 -928 -256) 
3 604 605 (1440 -1159.9999999999998 -256) (1440 -928 -256) (1576 -928 -256) 
3 605 608 (1440 -1159.9999999999998 -464) (1440 -928 -464) (1576 -928 -464) 
4 605 606 (1440 -928 -464) (1440 -1159.9999999999998 -464) (1440 -1159.9999999999998 -256) (1440 -928 -256) 
4 606 617 (1440 -1176 -184) (1336 -1176 -184) (1336 -1176 -256) (1440 -1176 -256) 
4 606 615 (1336 -1176 -464) (1336 -1176 -184) (1336 -656 -184) (1336 -656 -464) 
4 606 614 (1336 -624 -184) (1336 -544 -184) (1336 -544 -464) (1336 -624 -464) 
4 606 613 (1336 -512 -184) (1336 -392 -184) (1336 -392 -464) (1336 -512 -464) 
4 606 612 (1336 -360 -184) (1336 -208 -184) (1336 -208 -464) (1336 -360 -464) 
4 606 608 (1440 -1176 -464) (1336 -1176 -464) (1336 -208 -464) (1440 -208 -464) 
4 607 618 (1584 -1176 -488) (1584 -1176 -464) (1448 -1176 -464) (1448 -1176 -488) 
3 607 609 (1584 -1176 -488) (1448 -1176 -488) (1584 -944.0000000000001 -488) 
4 608 615 (1336 -1176 -488) (1336 -1176 -464) (1336 -656 -464) (1336 -656 -488) 
4 608 614 (1336 -624 -464) (1336 -544 -464) (1336 -544 -488) (1336 -624 -488) 
4 608 613 (1336 -512 -464) (1336 -392 -464) (1336 -392 -488) (1336 -512 -488) 
4 608 612 (1336 -360 -464) (1336 -208 -464) (1336 -208 -488) (1336 -360 -488) 
5 608 609 (1440 -1176 -488) (1336 -1176 -488) (1336 -208 -488) (1584 -208 -488) (1584 -936 -488) 
4 609 618 (1584 -1176 -544) (1584 -1176 -488) (1448 -1176 -488) (1448 -1176 -544) 
4 609 615 (1336 -1176 -544) (1336 -1176 -488) (1336 -656 -488) (1336 -656 -544) 
4 609 614 (1336 -624 -488) (1336 -544 -488) (1336 -544 -544) (1336 -624 -544) 
4 609 613 (1336 -512 -488) (1336 -392 -488) (1336 -392 -544) (1336 -512 -544) 
4 609 612 (1336 -360 -488) (1336 -208 -488) (1336 -208 -544) (1336 -360 -544) 
5 609 611 (1440 -1176 -544) (1336 -1176 -544) (1336 -208 -544) (1584 -208 -544) (1584 -936 -544) 
3 609 610 (1584 -1176 -544) (1448 -1176 -544) (1584 -944.0000000000001 -544) 
4 610 618 (1448 -1176 -568) (1584 -1176 -568) (1584 -1176 -544) (1448 -1176 -544) 
4 611 670 (1584 -928 -568) (1440.0000000000002 -1168 -568) (1336 -1168 -568) (1336 -928 -568) 
4 611 669 (1336 -208 -568) (1584 -208 -568) (1584 -928 -568) (1336 -928 -568) 
4 611 615 (1336 -656 -568) (1336 -1176 -568) (1336 -1176 -544) (1336 -656 -544) 
4 611 614 (1336 -544 -568) (1336 -624 -568) (1336 -624 -544) (1336 -544 -544) 
4 611 613 (1336 -392 -568) (1336 -512 -568) (1336 -512 -544) (1336 -392 -544) 
4 611 612 (1336 -208 -568) (1336 -360 -568) (1336 -360 -544) (1336 -208 -544) 
4 612 700 (1304 -208 -184) (1304 -208 -568) (1304 -360 -568) (1304 -360 -184) 
4 612 671 (1304 -360 -568) (1304 -208 -568) (1336 -208 -568) (1336 -360 -568) 
4 613 672 (1304 -512 -568) (1304 -392 -568) (1336 -392 -568) (1336 -512 -568) 
4 614 673 (1304 -624 -568) (1304 -544 -568) (1336 -544 -568) (1336 -624 -568) 
4 615 1031 (1304 -656 -568) (1304 -1176 -568) (1304 -1176 -184) (1304 -656 -184) 
4 615 674 (1304 -1168 -568) (1304 -656 -568) (1336 -656 -568) (1336 -1168 -568) 
4 615 617 (1336 -1176 -256) (1336 -1176 -184) (1304 -1176 -184) (1304 -1176 -256) 
4 616 621 (1584 -1200 -256) (1584 -1200 -184) (1440 -1200 -184) (1440 -1200 -256) 
4 616 617 (1440 -1176 -184) (1440 -1176 -256) (1440 -1200 -256) (1440 -1200 -184) 
4 617 1033 (1304 -1200 -256) (1304 -1200 -184) (1304 -1184 -184) (1304 -1184 -256) 
4 617 1032 (1304 -1184 -184) (1304 -1176 -184) (1304 -1176 -256) (1304 -1184 -256) 
4 617 621 (1440 -1200 -184) (1320.0000000000002 -1200 -184) (1392 -1200 -256) (1440 -1200 -256) 
4 618 619 (1448 -1184 -568) (1584 -1184 -568) (1584 -1184 -464) (1448 -1184 -464) 
4 619 624 (1448 -1200 -568) (1584 -1200 -568) (1584 -1200 -472) (1448 -1200 -472) 
4 619 623 (1584 -1200 -472) (1584 -1200 -464) (1448 -1200 -464) (1448 -1200 -472) 
4 619 620 (1448 -1184 -479.99999999999983) (1448 -1184 -568) (1448 -1200 -568) (1448 -1200 -464) 
4 620 1034 (1304 -1184 -568) (1304 -1200 -568) (1304 -1200 -464) (1304 -1184 -479.99999999999983) 
4 620 624 (1304 -1200 -568) (1448 -1200 -568) (1448 -1200 -472) (1304 -1200 -472) 
4 620 623 (1448 -1200 -472) (1448 -1200 -464) (1304 -1200 -464) (1304 -1200 -472) 
4 621 622 (1392 -1496 -256) (1728 -1496 -256) (1728 -1496 -184) (1320 -1496 -184) 
4 622 1041 (1304 -1512 -256) (1304 -1512 -184) (1304 -1496 -184) (1304 -1496 -256) 
4 622 625 (1728 -1512 -256) (1728 -1512 -184) (1304 -1512 -184) (1304 -1512 -256) 
4 623 1042 (1304 -1512 -472) (1304 -1512 -416) (1304 -1496 -416) (1304 -1496 -472) 
4 623 1040 (1304 -1496 -416) (1304 -1488 -416) (1304 -1488 -472) (1304 -1496 -472) 
4 623 1039 (1304 -1488 -416) (1304 -1208 -416) (1304 -1208 -472) (1304 -1488 -472) 
4 623 1035 (1304 -1208 -416) (1304 -1200 -416) (1304 -1200 -472) (1304 -1208 -472) 
4 623 624 (1720 -1512 -472) (1304 -1512 -472) (1304 -1200 -472) (1720 -1200 -472) 
4 624 1042 (1304 -1496 -568) (1304 -1512 -568) (1304 -1512 -472) (1304 -1496 -472) 
4 624 1040 (1304 -1488 -568) (1304 -1496 -568) (1304 -1496 -472) (1304 -1488 -472) 
4 624 1039 (1304 -1208 -568) (1304 -1488 -568) (1304 -1488 -472) (1304 -1208 -472) 
4 624 1035 (1304 -1200 -568) (1304 -1208 -568) (1304 -1208 -472) (1304 -1200 -472) 
4 625 1043 (1304 -1528 -288) (1304 -1528 -184) (1304 -1512 -184) (1304 -1512 -288) 
4 626 1044 (1304 -1528 -568) (1304 -1784 -568) (1304 -1784 -184) (1304 -1528 -184) 
4 626 675 (1304 -1784 -568) (1304 -1528 -568) (1728 -1528 -568) (1728 -1784 -568) 
4 627 676 (2736 -656 -872) (2480 -656 -872) (2480 -208 -872) (2736 -208 -872) 
4 627 647 (2480 -656 -872) (2736 -656 -872) (2736 -656 -704) (2480 -656 -704) 
4 627 642 (2736 -656 -704) (2736 -656 -568) (2480 -656 -568) (2480 -656 -704) 
4 628 677 (2480 -656 -872) (2360 -656 -872) (2360 -208 -872) (2480 -208 -872) 
4 628 648 (2360 -656 -872) (2480 -656 -872) (2480 -656 -704) (2360 -656 -704) 
4 628 643 (2480 -656 -704) (2480 -656 -568) (2360 -656 -568) (2360 -656 -704) 
4 629 644 (2192 -656 -576) (2192 -656 -568) (2176 -656 -568) (2176 -656 -576) 
4 629 631 (2176 -208 -576) (2192 -208 -576) (2192 -656 -576) (2176 -656 -576) 
4 630 645 (1920 -656 -568) (1752 -656 -568) (1752 -656 -576) (1920 -656 -576) 
4 630 639 (1752 -656 -576) (1752 -656 -568) (1752 -448 -568) (1752 -448 -576) 
4 630 638 (1752 -448 -568) (1752 -416 -568) (1752 -416 -576) (1752 -448 -576) 
4 630 635 (1752 -416 -568) (1752 -208 -568) (1752 -208 -576) (1752 -416 -576) 
4 630 631 (1752 -656 -576) (1752 -208 -576) (1920 -208 -576) (1920 -656 -576) 
4 631 646 (2192 -656 -664) (2192 -656 -576) (1752 -656 -576) (1752 -656 -664) 
4 631 639 (1752 -656 -664) (1752 -656 -576) (1752 -448 -576) (1752 -448 -664) 
4 631 638 (1752 -448 -576) (1752 -416 -576) (1752 -416 -664) (1752 -448 -664) 
4 631 635 (1752 -416 -576) (1752 -208 -576) (1752 -208 -664) (1752 -416 -664) 
4 632 652 (1760 -656 -872) (1824 -656 -872) (1824 -656 -704) (1760 -656 -704) 
4 632 651 (1856 -656 -872) (1928 -656 -872) (1928 -656 -704) (1856 -656 -704) 
4 632 650 (1960 -656 -872) (2040 -656 -872) (2040 -656 -704) (1960 -656 -704) 
4 632 649 (2072 -656 -872) (2160 -656 -872) (2160 -656 -704) (2072 -656 -704) 
4 632 634 (1760 -448 -872) (1760 -656 -872) (1760 -656 -704) (1760 -448 -704) 
4 632 633 (1760 -208 -872) (1760 -416 -872) (1760 -416 -704) (1760 -208 -704) 
4 633 637 (1752 -416 -856) (1752 -416 -792) (1752 -208 -792) (1752 -208 -856) 
4 634 641 (1752 -656 -856) (1752 -656 -792) (1752 -448 -792) (1752 -448 -856) 
4 635 664 (1736 -416 -664) (1736 -416 -568) (1736 -208 -568) (1736 -208 -664) 
4 635 638 (1736 -416 -568) (1736 -416 -664) (1752 -416 -664) (1752 -416 -568) 
4 636 665 (1736 -416 -776) (1736 -416 -720) (1736 -208 -720) (1736 -208 -776) 
4 637 665 (1736 -416 -856) (1736 -416 -792) (1736 -208 -792) (1736 -208 -856) 
4 638 664 (1736 -448 -664) (1736 -448 -568) (1736 -416 -568) (1736 -416 -664) 
4 638 639 (1736 -448 -568) (1736 -448 -664) (1752 -448 -664) (1752 -448 -568) 
4 639 664 (1736 -656 -664) (1736 -656 -568) (1736 -448 -568) (1736 -448 -664) 
4 639 646 (1736 -656 -576) (1736 -656 -664) (1752 -656 -664) (1752 -656 -576) 
4 639 645 (1736 -656 -568) (1736 -656 -576) (1752 -656 -576) (1752 -656 -568) 
4 640 666 (1736 -656 -776) (1736 -656 -720) (1736 -448 -720) (1736 -448 -776) 
4 641 666 (1736 -656 -856) (1736 -656 -792) (1736 -448 -792) (1736 -448 -856) 
4 642 653 (2480 -688 -704) (2736 -688 -704) (2736 -688 -568) (2480 -688 -568) 
4 642 647 (2736 -688 -704) (2480 -688 -704) (2480 -656 -704) (2736 -656 -704) 
4 643 654 (2360 -688 -704) (2480 -688 -704) (2480 -688 -568) (2360 -688 -568) 
4 643 648 (2480 -688 -704) (2360 -688 -704) (2360 -656 -704) (2480 -656 -704) 
4 644 655 (2176 -688 -576) (2192 -688 -576) (2192 -688 -568) (2176 -688 -568) 
4 644 646 (2176 -656 -576) (2192 -656 -576) (2192 -688 -576) (2176 -688 -576) 
4 645 664 (1736 -688 -576) (1736 -688 -568) (1736 -656 -568) (1736 -656 -576) 
4 645 656 (1736 -688 -568) (1736 -688 -576) (1920 -688 -576) (1920 -688 -568) 
4 645 646 (1736 -656 -576) (1920 -656 -576) (1920 -688 -576) (1736 -688 -576) 
4 646 664 (1736 -688 -664) (1736 -688 -576) (1736 -656 -576) (1736 -656 -664) 
4 646 657 (1736 -688 -576) (1736 -688 -664) (2192 -688 -664) (2192 -688 -576) 
4 647 676 (2736 -688 -872) (2480 -688 -872) (2480 -656 -872) (2736 -656 -872) 
4 647 653 (2480 -688 -872) (2736 -688 -872) (2736 -688 -704) (2480 -688 -704) 
4 648 677 (2480 -688 -872) (2360 -688 -872) (2360 -656 -872) (2480 -656 -872) 
4 648 654 (2360 -688 -872) (2480 -688 -872) (2480 -688 -704) (2360 -688 -704) 
4 649 658 (2072 -688 -872) (2160 -688 -872) (2160 -688 -704) (2072 -688 -704) 
4 650 658 (1960 -688 -872) (2040 -688 -872) (2040 -688 -704) (1960 -688 -704) 
4 651 658 (1856 -688 -872) (1928 -688 -872) (1928 -688 -704) (1856 -688 -704) 
4 652 658 (1760 -688 -872) (1824 -688 -872) (1824 -688 -704) (1760 -688 -704) 
4 653 676 (2736 -1528 -872) (2480 -1528 -872) (2480 -688 -872) (2736 -688 -872) 
4 653 662 (2480 -1528 -872) (2736 -1528 -872) (2736 -1528 -568) (2480 -1528 -568) 
4 654 677 (2480 -1528 -872) (2360 -1528 -872) (2360 -688 -872) (2480 -688 -872) 
4 655 657 (2192 -928 -576) (2176 -928 -576) (2176 -688 -576) (2192 -688 -576) 
4 656 664 (1736 -928 -576) (1736 -928 -568) (1736 -688 -568) (1736 -688 -576) 
4 656 657 (1920 -928 -576) (1736 -928 -576) (1736 -688 -576) (1920 -688 -576) 
4 657 664 (1736 -928 -664) (1736 -928 -576) (1736 -688 -576) (1736 -688 -664) 
4 658 661 (2192 -896 -872) (2192 -896 -704) (1760 -896 -704) (1760 -896 -872) 
4 658 660 (1752 -824 -792) (1752 -760 -792) (1752 -760 -872) (1752 -824 -872) 
4 659 667 (1736 -896 -776) (1736 -896 -720) (1736 -688 -720) (1736 -688 -776) 
4 660 667 (1736 -760 -872) (1736 -824 -872) (1736 -824 -792) (1736 -760 -792) 
4 662 679 (2480 -1784 -872) (2480 -1528 -872) (2736 -1528 -872) (2736 -1784 -872) 
4 662 663 (2480 -1528 -568) (2480 -1528 -872) (2480 -1784 -872) (2480 -1784 -568) 
4 663 680 (1736 -1784 -872) (1736 -1528 -872) (2480 -1528 -872) (2480 -1784 -872) 
4 663 668 (1736 -1528 -872) (1736 -1784 -872) (1736 -1784 -568) (1736 -1528 -568) 
4 664 669 (1728 -928 -664) (1728 -928 -568) (1728 -208 -568) (1728 -208 -664) 
4 665 669 (1728 -208 -872) (1728 -416 -872) (1728 -416 -704) (1728 -208 -704) 
4 666 669 (1728 -448 -872) (1728 -656 -872) (1728 -656 -704) (1728 -448 -704) 
4 667 669 (1728 -688 -872) (1728 -896 -872) (1728 -896 -704) (1728 -688 -704) 
4 668 680 (1728 -1784 -872) (1728 -1528 -872) (1736 -1528 -872) (1736 -1784 -872) 
4 668 675 (1728 -1528 -872) (1728 -1784 -872) (1728 -1784 -568) (1728 -1528 -568) 
4 669 674 (1336 -656 -872) (1336 -928 -872) (1336 -928 -568) (1336 -656 -568) 
4 669 673 (1336 -544 -872) (1336 -624 -872) (1336 -624 -568) (1336 -544 -568) 
4 669 672 (1336 -392 -872) (1336 -512 -872) (1336 -512 -568) (1336 -392 -568) 
4 669 671 (1336 -208 -872) (1336 -360 -872) (1336 -360 -568) (1336 -208 -568) 
4 669 670 (1336 -928 -568) (1336 -928 -872) (1584 -928 -872) (1584 -928 -568) 
4 670 674 (1336 -928 -872) (1336 -1168 -872) (1336 -1168 -568) (1336 -928 -568) 
4 671 708 (1304 -320 -872) (1304 -360 -872) (1304 -360 -712) (1304 -320 -712) 
4 671 705 (1304 -208 -712) (1304 -208 -872) (1304 -320 -872) (1304 -320 -712) 
4 671 700 (1304 -208 -568) (1304 -208 -576) (1304 -360 -576) (1304 -360 -568) 
4 674 1106 (1304 -1168 -784) (1304 -1168 -656) (1304 -656 -656) (1304 -656 -784) 
4 675 1109 (1304 -1528 -872) (1304 -1784 -872) (1304 -1784 -568) (1304 -1528 -568) 
4 675 680 (1304 -1784 -872) (1304 -1528 -872) (1728 -1528 -872) (1728 -1784 -872) 
4 676 681 (2736 -1528 -1136) (2480 -1528 -1136) (2480 -208 -1136) (2736 -208 -1136) 
4 676 679 (2480 -1528 -1136) (2736 -1528 -1136) (2736 -1528 -872) (2480 -1528 -872) 
4 677 678 (2360 -208 -1136) (2360 -1528 -1136) (2360 -1528 -888) (2360 -208 -888) 
4 678 1110 (1304 -656 -1136) (1304 -1528 -1136) (1304 -1528 -888) (1304 -656 -888) 
4 678 712 (1304 -208 -888) (1304 -208 -1136) (1304 -656 -1136) (1304 -656 -888) 
4 679 681 (2480 -1784 -1136) (2480 -1528 -1136) (2736 -1528 -1136) (2736 -1784 -1136) 
4 679 680 (2480 -1528 -872) (2480 -1528 -1136) (2480 -1784 -1136) (2480 -1784 -872) 
4 680 1111 (1304 -1528 -1136) (1304 -1784 -1136) (1304 -1784 -872) (1304 -1528 -872) 
4 680 681 (1304 -1784 -1136) (1304 -1528 -1136) (2480 -1528 -1136) (2480 -1784 -1136) 
4 681 1112 (1304 -656 -1144) (1304 -1784 -1144) (1304 -1784 -1136) (1304 -656 -1136) 
4 681 713 (1304 -208 -1136) (1304 -208 -1144) (1304 -656 -1144) (1304 -656 -1136) 
4 682 714 (1240 784 336) (1240 784 335.2138976801872) (1240 528 335.2138976801872) (1240 528 336) 
4 682 683 (1304 528 335.2138976801872) (1240 528 335.2138976801872) (1240 784 335.2138976801872) (1304 784 335.2138976801872) 
4 683 715 (1240 784 335.2138976801872) (1240 784 327.21389768018673) (1240 528 327.21389768018673) (1240 528 335.2138976801872) 
4 683 685 (1240 528 335.2138976801872) (1240 528 327.21389768018673) (1304 528 327.21389768018673) (1304 528 335.2138976801872) 
4 683 684 (1304 528 327.21389768018673) (1240 528 327.21389768018673) (1240 784 327.21389768018673) (1304 784 327.21389768018673) 
4 684 737 (1240 784 -872) (1240 528 -872) (1240 528 -296) (1240 784 -296) 
4 684 722 (1240 528 -296) (1240 528 -288) (1240 784 -288) (1240 784 -296) 
4 684 717 (1240 528 -288) (1240 528 327.21389768018673) (1240 784 327.21389768018673) (1240 784 -288) 
4 684 711 (1240 528 -872) (1240 784 -872) (1304 784 -872) (1304 528 -872) 
4 685 716 (1240 528 335.2138976801872) (1240 528 327.21389768018673) (1240 64 327.21389768018673) (1240 64 335.2138976801872) 
4 685 692 (1240 64 335.2138976801872) (1240 64 327.21389768018673) (1304 64 327.21389768018673) (1304 64 335.2138976801872) 
4 686 718 (1240 528 327.21389768018673) (1240 528 304) (1240 64 304) (1240 64 327.21389768018673) 
4 686 693 (1240 64 327.21389768018673) (1240 64 304) (1304 64 304) (1304 64 327.21389768018673) 
4 686 688 (1304 64 304) (1240 64 304) (1240 128 304) (1304 128 304) 
4 686 687 (1240 128 304) (1240 144 304) (1304 143.99999999999994 304) (1304 128 304) 
3 687 718 (1240 128 288) (1240 128 304) (1240 144 304) 
4 687 688 (1304 128 288) (1304 128 304) (1240 128 304) (1240 128 288) 
4 688 718 (1240 128 -288) (1240 64 -288) (1240 64 304) (1240 128 304) 
4 688 700 (1240 64 136) (1240 64 -288) (1304 64 -288) (1304 64 136) 
4 688 695 (1240 64 248) (1240 64 136) (1304 64 136) (1304 64 248) 
4 688 694 (1240 64 288) (1240 64 248) (1304 64 248) (1304 64 288) 
4 688 693 (1240 64 304) (1240 64 288) (1304 64 288) (1304 64 304) 
4 688 689 (1304 64 -288) (1240 64 -288) (1240 80.00000000000001 -288) (1304 80 -288) 
3 689 752 (1240 64 -304) (1240 64 -296) (1240 72 -296) 
4 689 736 (1240 64 -296) (1240 64 -288) (1240 80 -288) (1240 72 -296) 
4 689 700 (1240 64 -288) (1240 64 -304) (1304 64 -304) (1304 64 -288) 
4 690 749 (1240 512 -496) (1240 299.1999999999971 -496) (1240 400 -328) (1240 512 -328) 
4 691 751 (1240 96 -712) (1240 96 -560) (1240 296 -560) (1240 296 -712) 
4 692 936 (1240 -656 335.2138976801872) (1240 -656 327.21389768018673) (1304 -656 327.21389768018673) (1304 -656 335.2138976801872) 
4 692 719 (1240 -360 327.21389768018673) (1240 -656 327.21389768018673) (1240 -656 335.2138976801872) (1240 -360 335.2138976801872) 
4 692 716 (1240 64 335.2138976801872) (1240 64 327.21389768018673) (1240 -360 327.21389768018673) (1240 -360 335.2138976801872) 
4 693 937 (1240 -656 327.21389768018673) (1240 -656 288) (1304 -656 288) (1304 -656 327.21389768018673) 
4 693 720 (1240 -360 288) (1240 -656 288) (1240 -656 327.21389768018673) (1240 -360 327.21389768018673) 
4 693 718 (1240 64 327.21389768018673) (1240 64 288) (1240 -360 288) (1240 -360 327.21389768018673) 
4 693 694 (1240 -360 288) (1240 64 288) (1304 64 288) (1304 -360 288) 
4 694 718 (1240 64 288) (1240 64 248) (1240 -360 248) (1240 -360 288) 
4 694 695 (1240 -360 248) (1240 64 248) (1304 64 248) (1304 -360 248) 
4 695 721 (1240 -360 136) (1240 -520 136) (1240 -520 248) (1240 -360 248) 
4 695 718 (1240 64 248) (1240 64 136) (1240 -360 136) (1240 -360 248) 
4 695 700 (1240 -360 136) (1240 64 136) (1304 64 136) (1304 -360 136) 
4 695 696 (1240 -520 136) (1296 -520 136) (1296 -520 248) (1240 -520 248) 
4 696 721 (1240 -520 136) (1240 -536 136) (1240 -536 248) (1240 -520 248) 
4 696 697 (1240 -536 136) (1296 -536 136) (1296 -536 248) (1240 -536 248) 
4 697 721 (1240 -536 136) (1240 -632 136) (1240 -632 248) (1240 -536 248) 
4 697 699 (1240 -632 136) (1296 -632 136) (1296 -632 248) (1240 -632 248) 
4 698 955 (1296 -656 136) (1304 -656 136) (1304 -656 248) (1296 -656 248) 
4 698 699 (1296 -648 136) (1296 -656 136) (1296 -656 248) (1296 -648 248) 
4 699 955 (1240 -656 248) (1240 -656 136) (1296 -656 136) (1296 -656 248) 
4 699 721 (1240 -632 136) (1240 -656 136) (1240 -656 248) (1240 -632 248) 
4 700 753 (1240 64 -296) (1240 64 -576) (1240 -360 -576) (1240 -360 -296) 
4 700 736 (1240 64 -288) (1240 64 -296) (1240 -360 -296) (1240 -360 -288) 
4 700 718 (1240 64 136) (1240 64 -288) (1240 -360 -288) (1240 -360 136) 
4 701 705 (1296 -160 -872) (1304 -160 -872) (1304 -160 -712) (1296 -160 -712) 
4 701 703 (1296 -128 -712) (1296 24 -712) (1296 24 -872) (1296 -128 -872) 
4 701 702 (1296 56 -712) (1296 64 -712) (1296 64 -872) (1296 56 -872) 
4 702 704 (1256 56 -712) (1256 64 -712) (1256 64 -872) (1256 56 -872) 
4 703 704 (1256 -128 -712) (1256 24 -712) (1256 24 -872) (1256 -128 -872) 
4 704 754 (1240 64 -712) (1240 64 -872) (1240 -160 -872) (1240 -160 -712) 
4 704 707 (1240 -160 -872) (1256 -160 -872) (1256 -160 -712) (1240 -160 -712) 
4 705 708 (1296 -320 -872) (1304 -320 -872) (1304 -320 -712) (1296 -320 -712) 
4 705 706 (1288 -160 -712) (1288 -160 -768) (1288 -320 -768) (1288 -320 -712) 
4 706 707 (1264 -160 -712) (1264 -160 -768) (1264 -320 -768) (1264 -320 -712) 
4 707 754 (1240 -160 -872) (1240 -320 -872) (1240 -320 -712) (1240 -160 -712) 
4 707 710 (1240 -320 -872) (1256 -320 -872) (1256 -320 -712) (1240 -320 -712) 
4 708 709 (1296 -352 -872) (1296 -360 -872) (1296 -360 -712) (1296 -352 -712) 
4 709 710 (1256 -352 -872) (1256 -360 -872) (1256 -360 -712) (1256 -352 -712) 
4 710 754 (1240 -320 -872) (1240 -360 -872) (1240 -360 -712) (1240 -320 -712) 
4 711 737 (1240 784 -1136) (1240 528 -1136) (1240 528 -872) (1240 784 -872) 
4 711 713 (1240 528 -1136) (1240 784 -1136) (1304 784 -1136) (1304 528 -1136) 
4 712 1110 (1240 -656 -888) (1240 -656 -1136) (1304 -656 -1136) (1304 -656 -888) 
4 712 755 (1240 520 -1136) (1240 -656 -1136) (1240 -656 -888) (1240 520 -888) 
4 712 747 (1240 528 -1136) (1240 520 -1136) (1240 520 -888) (1240 528 -888) 
4 713 1112 (1240 -656 -1136) (1240 -656 -1144) (1304 -656 -1144) (1304 -656 -1136) 
4 713 756 (1240 -656 -1144) (1240 -656 -1136) (1240 520 -1136) (1240 520 -1144) 
4 713 748 (1240 520 -1136) (1240 528 -1136) (1240 528 -1144) (1240 520 -1144) 
4 713 738 (1240 528 -1136) (1240 784 -1136) (1240 784 -1144) (1240 528 -1144) 
4 714 757 (1168 784 336) (1168 784 335.2138976801872) (1168 528 335.2138976801872) (1168 528 336) 
4 714 715 (1240 528 335.2138976801872) (1168 528 335.2138976801872) (1168 784 335.2138976801872) (1240 784 335.2138976801872) 
4 715 758 (1168 784 335.2138976801872) (1168 784 327.21389768018673) (1168 528 327.21389768018673) (1168 528 335.2138976801872) 
4 715 717 (1168 528 327.21389768018673) (1168 784 327.21389768018673) (1240 784 327.21389768018673) (1240 528 327.21389768018673) 
4 715 716 (1168 528 335.2138976801872) (1168 528 327.21389768018673) (1240 528 327.21389768018673) (1240 528 335.2138976801872) 
4 716 764 (1168 64 327.21389768018673) (1168 -360 327.21389768018673) (1168 -360 335.2138976801872) (1168 64 335.2138976801872) 
4 716 760 (1168 528 335.2138976801872) (1168 528 327.21389768018673) (1168 64 327.21389768018673) (1168 64 335.2138976801872) 
4 716 719 (1168 -360 335.2138976801872) (1168 -360 327.21389768018673) (1240 -360 327.21389768018673) (1240 -360 335.2138976801872) 
4 717 768 (1168 784 -288) (1168 528 -288) (1168 528 248) (1168 784 248) 
4 717 759 (1168 528 248) (1168 528 327.21389768018673) (1168 784 327.21389768018673) (1168 784 248) 
4 717 722 (1168 528 -288) (1168 784 -288) (1240 784 -288) (1240 528 -288) 
4 718 771 (1168 64 -288) (1168 -360 -288) (1168 -360 248) (1168 64 248) 
4 718 766 (1168 -360 248) (1168 -360 288) (1168 64 288) (1168 64 248) 
4 718 765 (1168 -360 288) (1168 -360 327.21389768018673) (1168 64 327.21389768018673) (1168 64 288) 
3 718 763 (1168 64 296) (1168 64 312) (1168 80.00000000000001 312) 
3 718 762 (1168 528 312) (1168 528 296.00000000000006) (1168 512 312) 
4 718 761 (1168 64 327.21389768018673) (1168 528 327.21389768018673) (1168 528 312) (1168 64 312) 
4 718 736 (1168 -360 -288) (1168 80 -288) (1240 80 -288) (1240 -360 -288) 
4 718 735 (1168 112 -288) (1168 128 -288) (1240 128 -288) (1240 112 -288) 
4 718 734 (1168 144 -288) (1168 160 -288) (1240 160 -288) (1240 144 -288) 
4 718 733 (1168 176 -288) (1168 192 -288) (1240 192 -288) (1240 176 -288) 
4 718 732 (1168 208 -288) (1168 224 -288) (1240 224 -288) (1240 208 -288) 
4 718 731 (1168 240 -288) (1168 256 -288) (1240 256 -288) (1240 240 -288) 
4 718 730 (1168 272 -288) (1168 288 -288) (1240 288 -288) (1240 272 -288) 
4 718 729 (1168 304 -288) (1168 320 -288) (1240 320 -288) (1240 304 -288) 
4 718 728 (1168 336 -288) (1168 352 -288) (1240 352 -288) (1240 336 -288) 
4 718 727 (1168 368 -288) (1168 384 -288) (1240 384 -288) (1240 368 -288) 
4 718 726 (1168 400 -288) (1168 416 -288) (1240 416 -288) (1240 400 -288) 
4 718 725 (1168 432 -288) (1168 448 -288) (1240 448 -288) (1240 432 -288) 
4 718 724 (1168 464 -288) (1168 480 -288) (1240 480 -288) (1240 464 -288) 
4 718 723 (1168 496 -288) (1168 512 -288) (1240 512 -288) (1240 496 -288) 
4 718 721 (1168 -360 248) (1168 -360 136) (1240 -360 136) (1240 -360 248) 
4 718 720 (1168 -360 327.21389768018673) (1168 -360 288) (1240 -360 288) (1240 -360 327.21389768018673) 
4 719 936 (1168 -656 335.2138976801872) (1168 -656 327.21389768018673) (1240 -656 327.21389768018673) (1240 -656 335.2138976801872) 
4 719 764 (1168 -360 335.2138976801872) (1168 -360 327.21389768018673) (1168 -656 327.21389768018673) (1168 -656 335.2138976801872) 
4 720 937 (1168 -656 327.21389768018673) (1168 -656 288) (1240 -656 288) (1240 -656 327.21389768018673) 
4 720 765 (1168 -360 327.21389768018673) (1168 -360 288) (1168 -656 288) (1168 -656 327.21389768018673) 
4 721 955 (1168 -656 248) (1168 -656 136) (1240 -656 136) (1240 -656 248) 
4 721 781 (1168 -360 248) (1168 -360 136) (1168 -656 136) (1168 -656 248) 
4 722 768 (1168 784 -296) (1168 528 -296) (1168 528 -288) (1168 784 -288) 
4 722 737 (1168 528 -296) (1168 784 -296) (1240 784 -296) (1240 528 -296) 
4 723 749 (1168 496 -296) (1168 512 -296) (1240 512 -296) (1240 496 -296) 
4 724 749 (1168 464 -296) (1168 480 -296) (1240 480 -296) (1240 464 -296) 
4 725 749 (1168 432 -296) (1168 448 -296) (1240 448 -296) (1240 432 -296) 
4 726 749 (1168 400 -296) (1168 416 -296) (1240 416 -296) (1240 400 -296) 
4 727 749 (1168 368 -296) (1168 384 -296) (1240 384 -296) (1240 368 -296) 
4 728 749 (1168 336 -296) (1168 352 -296) (1240 352 -296) (1240 336 -296) 
4 729 749 (1168 304 -296) (1168 320 -296) (1240 320 -296) (1240 304 -296) 
4 730 750 (1168 272 -296) (1168 288 -296) (1240 288 -296) (1240 272 -296) 
4 731 750 (1168 240 -296) (1168 256 -296) (1240 256 -296) (1240 240 -296) 
4 732 750 (1168 208 -296) (1168 224 -296) (1240 224 -296) (1240 208 -296) 
4 733 750 (1168 176 -296) (1168 192 -296) (1240 192 -296) (1240 176 -296) 
4 734 750 (1168 144 -296) (1168 160 -296) (1240 160 -296) (1240 144 -296) 
4 735 750 (1168 112 -296) (1168 128 -296) (1240 128 -296) (1240 112 -296) 
4 736 771 (1168 64 -296) (1168 -360 -296) (1168 -360 -288) (1168 64 -288) 
4 736 753 (1168 -360 -296) (1168 64 -296) (1240 64 -296) (1240 -360 -296) 
4 736 752 (1168 64 -296) (1168 80 -296) (1240 80 -296) (1240 64 -296) 
4 737 819 (1168 784 -1136) (1168 528 -1136) (1168 528 -872) (1168 784 -872) 
4 737 768 (1168 528 -872) (1168 528 -296) (1168 784 -296) (1168 784 -872) 
4 737 738 (1240 528 -1136) (1168 528 -1136) (1168 784 -1136) (1240 784 -1136) 
4 738 821 (1168 528 -1144) (1168 528 -1136) (1168 784 -1136) (1168 784 -1144) 
4 738 748 (1240 528 -1144) (1240 528 -1136) (1168 528 -1136) (1168 528 -1144) 
4 739 749 (1240 520 -320) (1240 520 -304) (1168 520 -304) (1168 520 -320) 
4 740 749 (1240 520 -344) (1240 520 -328) (1168 520 -328) (1168 520 -344) 
4 741 749 (1240 520 -368) (1240 520 -352) (1168 520 -352) (1168 520 -368) 
4 742 749 (1240 520 -392) (1240 520 -376) (1168 520 -376) (1168 520 -392) 
4 743 749 (1240 520 -416) (1240 520 -400) (1168 520 -400) (1168 520 -416) 
4 744 749 (1240 520 -440) (1240 520 -424) (1168 520 -424) (1168 520 -440) 
4 745 749 (1240 520 -464) (1240 520 -448) (1168 520 -448) (1168 520 -464) 
4 746 749 (1240 520 -488) (1240 520 -472) (1168 520 -472) (1168 520 -488) 
4 747 820 (1168 520 -1136) (1168 520 -888) (1168 528 -888) (1168 528 -1136) 
4 747 755 (1240 520 -1136) (1240 520 -888) (1168 520 -888) (1168 520 -1136) 
4 748 821 (1168 520 -1144) (1168 520 -1136) (1168 528 -1136) (1168 528 -1144) 
4 748 756 (1240 520 -1144) (1240 520 -1136) (1168 520 -1136) (1168 520 -1144) 
4 749 769 (1168 512 -328) (1168 512 -496) (1168 299.1999999999971 -496) (1168 400.00000000000006 -328) 
4 749 750 (1240 296 -496) (1240 296 -296) (1168 296 -296) (1168 296 -496) 
4 751 770 (1168 296 -560) (1168 296 -712) (1168 96 -712) (1168 96 -560) 
4 752 754 (1168 64 -712) (1168 72 -712) (1240 72 -712) (1240 64 -712) 
4 752 753 (1240 64 -576) (1240 64 -296) (1168 64 -296) (1168 64 -576) 
4 753 771 (1168 -360 -296) (1168 64 -296) (1168 64 -576) (1168 -360 -576) 
4 754 773 (1168 -360 -712) (1168 64 -712) (1168 64 -872) (1168 -360 -872) 
4 755 1135 (1168 -656 -888) (1168 -656 -1136) (1240 -656 -1136) (1240 -656 -888) 
4 755 820 (1168 -656 -1136) (1168 -656 -888) (1168 520 -888) (1168 520 -1136) 
4 756 1141 (1168 -656 -1136) (1168 -656 -1144) (1240 -656 -1144) (1240 -656 -1136) 
4 756 821 (1168 -656 -1144) (1168 -656 -1136) (1168 520 -1136) (1168 520 -1144) 
4 757 822 (960 784 336) (960 784 335.2138976801872) (960 528 335.2138976801872) (960 528 336) 
4 757 758 (1168 528 335.2138976801872) (960 528 335.2138976801872) (960 784 335.2138976801872) (1168 784 335.2138976801872) 
4 758 823 (960 784 335.2138976801872) (960 784 327.21389768018673) (960 528 327.21389768018673) (960 528 335.2138976801872) 
4 758 760 (960 528 335.2138976801872) (960 528 327.21389768018673) (1168 528 327.21389768018673) (1168 528 335.2138976801872) 
4 758 759 (1168 528 327.21389768018673) (960 528 327.21389768018673) (960 784 327.21389768018673) (1168 784 327.21389768018673) 
4 759 825 (960 784 248) (960 528 248) (960 528 327.21389768018673) (960 784 327.21389768018673) 
4 759 768 (960 528 248) (960 784 248) (1168 784 248) (1168 528 248) 
4 760 824 (960 528 335.2138976801872) (960 528 327.21389768018673) (960 64 327.21389768018673) (960 64 335.2138976801872) 
4 760 764 (960 64 335.2138976801872) (960 64 327.21389768018673) (1168 64 327.21389768018673) (1168 64 335.2138976801872) 
4 761 826 (960 528 327.21389768018673) (960 528 312) (960 64 312) (960 64 327.21389768018673) 
4 761 765 (960 64 327.21389768018673) (960 64 312) (1168 64 312) (1168 64 327.21389768018673) 
4 761 763 (1168 64 312) (960 64 312) (960 80.00000000000001 312) (1168 80 312) 
4 761 762 (960 512 312) (960 528 312) (1168 528 312) (1168 512 312) 
3 762 826 (960 528 312) (960 528 296.00000000000006) (960 512 312) 
3 763 826 (960 64 296) (960 64 312) (960 80.00000000000001 312) 
4 763 765 (960 64 312) (960 64 296) (1168 64 296) (1168 64 312) 
4 764 939 (960 -656 335.2138976801872) (960 -656 327.21389768018673) (976 -656 327.21389768018673) (976 -656 335.2138976801872) 
4 764 936 (976 -656 327.21389768018673) (1168 -656 327.21389768018673) (1168 -656 335.2138976801872) (976 -656 335.2138976801872) 
4 764 824 (960 64 335.2138976801872) (960 64 327.21389768018673) (960 -656 327.21389768018673) (960 -656 335.2138976801872) 
4 765 940 (960 -656 327.21389768018673) (960 -656 288) (976 -656 288) (976 -656 327.21389768018673) 
4 765 937 (976 -656 288) (1168 -656 288) (1168 -656 327.21389768018673) (976 -656 327.21389768018673) 
4 765 826 (960 64 327.21389768018673) (960 64 288) (960 -656 288) (960 -656 327.21389768018673) 
4 765 767 (960 -656 288) (960 64 288) (976 64 288) (976 -656 288) 
4 765 766 (976 64 288) (1168 64 288) (1168 -360 288) (976 -360 288) 
4 766 772 (976 64 248) (1072 64 248) (1072 -360 248) (976 -360 248) 
4 766 771 (1072 64 248) (1168 64 248) (1168 -360 248) (1072 -360 248) 
4 766 767 (976 -360 288) (976 64 288) (976 64 248) (976 -360 248) 
4 767 940 (960 -656 288) (960 -656 248) (976 -656 248) (976 -656 288) 
4 767 826 (960 64 288) (960 64 248) (960 -656 248) (960 -656 288) 
4 767 813 (960 -656 248) (960 -496 248) (976 -496 248) (976 -656 248) 
4 767 812 (960 -496 248) (960 -480 248) (976 -480 248) (976 -496 248) 
4 767 796 (960 -480 248) (960 -456 248) (976 -456 248) (976 -480 248) 
4 767 792 (960 -456 248) (960 -448 248) (976 -448 248) (976 -456 248) 
4 767 791 (960 -448 248) (960 -424 248) (976 -424 248) (976 -448 248) 
4 767 787 (960 -424 248) (960 -416 248) (976 -416 248) (976 -424 248) 
4 767 786 (960 -416 248) (960 -392 248) (976 -392 248) (976 -416 248) 
4 767 782 (960 -392 248) (960 -360 248) (976 -360 248) (976 -392 248) 
4 767 772 (960 -360 248) (960 64 248) (976 64 248) (976 -360 248) 
4 768 842 (960 784 -872) (960 528 -872) (960 528 -296) (960 784 -296) 
4 768 827 (960 528 -296) (960 528 -288) (960 784 -288) (960 784 -296) 
4 768 825 (960 528 -288) (960 528 248) (960 784 248) (960 784 -288) 
4 768 819 (960 528 -872) (960 784 -872) (1168 784 -872) (1168 528 -872) 
4 769 852 (960 512 -328) (960 512 -496) (960 299.1999999999971 -496) (960 400 -328) 
4 770 864 (960 72 -712) (960 72 -560) (960 296 -560) (960 296 -712) 
4 771 781 (1168 -360 136) (1168 -360 248) (1072 -360 248) (1072 -360 136) 
4 771 772 (1072 64 248) (1072 64 -576) (1072 -360 -576) (1072 -360 248) 
4 772 865 (960 -360 -712) (960 -360 -560) (960 64 -560) (960 64 -712) 
4 772 863 (960 -360 -560) (960 -360 -552) (960 64 -552) (960 64 -560) 
4 772 862 (960 -360 -552) (960 -360 -328) (960 64 -328) (960 64 -552) 
4 772 860 (960 -360 -328) (960 -360 -296) (960 64 -296) (960 64 -328) 
4 772 841 (960 -360 -296) (960 -360 -288) (960 64 -288) (960 64 -296) 
4 772 826 (960 -360 -288) (960 -360 248) (960 64 248) (960 64 -288) 
4 772 782 (1040 -360 248) (960 -360 248) (960 -360 -712) (1040 -360 -712) 
4 772 780 (1072 -360 -712) (960 -360 -712) (960 64 -712) (1072 64 -712) 
4 773 779 (1120 -360 -872) (1120 -360 -712) (1120 -352 -712) (1120 -352 -872) 
4 773 778 (1120 -320 -712) (1120 -160 -712) (1120 -160 -872) (1120 -320 -872) 
4 773 775 (1120 -128 -712) (1120 24 -712) (1120 24 -872) (1120 -128 -872) 
4 773 774 (1120 56 -712) (1120 64 -712) (1120 64 -872) (1120 56 -872) 
4 774 780 (1080 56 -712) (1080 64 -712) (1080 64 -872) (1080 56 -872) 
4 775 776 (1112 24 -712) (1112 24 -768) (1112 -128 -768) (1112 -128 -712) 
4 776 777 (1088 24 -712) (1088 24 -768) (1088 -128 -768) (1088 -128 -712) 
4 777 780 (1080 -128 -712) (1080 24 -712) (1080 24 -872) (1080 -128 -872) 
4 778 780 (1080 -320 -712) (1080 -160 -712) (1080 -160 -872) (1080 -320 -872) 
4 779 780 (1080 -360 -872) (1080 -360 -712) (1080 -352 -712) (1080 -352 -872) 
4 780 867 (960 64 -872) (960 -360 -872) (960 -360 -712) (960 64 -712) 
4 780 782 (960 -360 -872) (1040 -360 -872) (1040 -360 -712) (960 -360 -712) 
4 781 955 (1168 -656 136) (1168 -656 248) (1072 -656 248) (1072 -656 136) 
4 781 809 (1072 -520 136) (1072 -648 136) (1072 -648 248) (1072 -520 248) 
4 781 799 (1072 -512 199.9999999999999) (1072 -512 248) (1072 -488 248) (1072 -488 199.9999999999999) 
4 781 798 (1072 -480 136) (1072 -488 136) (1072 -488 248) (1072 -480 248) 
4 781 793 (1072 -480 199.9999999999999) (1072 -480 248) (1072 -456 248) (1072 -456 199.9999999999999) 
4 781 792 (1072 -448 136) (1072 -456 136) (1072 -456 248) (1072 -448 248) 
4 781 788 (1072 -448 199.9999999999999) (1072 -448 248) (1072 -424 248) (1072 -424 199.9999999999999) 
4 781 787 (1072 -416 136) (1072 -424 136) (1072 -424 248) (1072 -416 248) 
4 781 783 (1072 -416 199.9999999999999) (1072 -416 248) (1072 -392 248) (1072 -392 199.9999999999999) 
4 782 867 (960 -360 -872) (960 -392 -872) (960 -392 -712) (960 -360 -712) 
4 782 865 (960 -392 -712) (960 -392 -560) (960 -360 -560) (960 -360 -712) 
4 782 863 (960 -392 -560) (960 -392 -552) (960 -360 -552) (960 -360 -560) 
4 782 862 (960 -392 -552) (960 -392 -328) (960 -360 -328) (960 -360 -552) 
4 782 860 (960 -392 -328) (960 -392 -296) (960 -360 -296) (960 -360 -328) 
4 782 841 (960 -392 -296) (960 -392 -288) (960 -360 -288) (960 -360 -296) 
4 782 826 (960 -392 -288) (960 -392 248) (960 -360 248) (960 -360 -288) 
4 782 797 (960 -392 -872) (1040 -392 -872) (1040 -392 112) (960 -392 112) 
5 782 786 (1040 -392 112) (1040 -392 205.3333333333334) (976 -392 248) (960 -392 248) (960 -392 112) 
3 782 785 (1040 -392 221.33333333333323) (1040 -392 248) (999.9999999999999 -392 248) 
4 783 787 (1072 -416 199.9999999999999) (1072 -416 248) (1048 -416 248) (1048 -416 215.9999999999999) 
4 783 785 (1048 -392 248) (1048 -392 215.9999999999999) (1048 -416 215.9999999999999) (1048 -416 248) 
4 784 797 (1048 -392 112) (1064 -392 112) (1064 -416 112) (1048 -416 112) 
3 784 787 (1048 -416 112) (1064 -416 112) (1048 -416 127.99999999999997) 
4 784 786 (1048 -392 127.99999999999997) (1048 -392 112) (1048 -416 112) (1048 -416 127.99999999999997) 
3 785 787 (1048 -416 215.99999999999986) (1048 -416 248) (999.9999999999999 -416 248) 
4 786 826 (960 -416 248) (960 -392 248) (960 -392 112) (960 -416 112) 
4 786 797 (960 -416 112) (960 -392 112) (1048 -392 112) (1048 -416 112) 
5 786 787 (960 -416 112) (1048 -416 112) (1048 -416 199.99999999999994) (975.9999999999999 -416 248) (960 -416 248) 
4 787 826 (960 -424 248) (960 -416 248) (960 -416 112) (960 -424 112) 
4 787 797 (960 -424 112) (960 -416 112) (1072 -416 112) (1072 -424 112) 
5 787 791 (960 -424 112) (1048 -424 112) (1048 -424 199.99999999999994) (975.9999999999999 -424 248) (960 -424 248) 
3 787 790 (1048 -424 215.99999999999986) (1048 -424 248) (999.9999999999999 -424 248) 
3 787 789 (1048 -424 112) (1064 -424 112) (1048 -424 127.99999999999997) 
4 787 788 (1072 -424 199.9999999999999) (1072 -424 248) (1048 -424 248) (1048 -424 215.9999999999999) 
4 788 792 (1072 -448 199.9999999999999) (1072 -448 248) (1048 -448 248) (1048 -448 215.9999999999999) 
4 788 790 (1048 -424 248) (1048 -424 215.9999999999999) (1048 -448 215.9999999999999) (1048 -448 248) 
4 789 797 (1048 -424 112) (1064 -424 112) (1064 -448 112) (1048 -448 112) 
3 789 792 (1048 -448 112) (1064 -448 112) (1048 -448 127.99999999999997) 
4 789 791 (1048 -424 127.99999999999997) (1048 -424 112) (1048 -448 112) (1048 -448 127.99999999999997) 
3 790 792 (1048 -448 215.99999999999986) (1048 -448 248) (999.9999999999999 -448 248) 
4 791 826 (960 -448 248) (960 -424 248) (960 -424 112) (960 -448 112) 
4 791 797 (960 -448 112) (960 -424 112) (1048 -424 112) (1048 -448 112) 
5 791 792 (960 -448 112) (1048 -448 112) (1048 -448 199.99999999999994) (975.9999999999999 -448 248) (960 -448 248) 
4 792 826 (960 -456 248) (960 -448 248) (960 -448 112) (960 -456 112) 
4 792 797 (960 -456 112) (960 -448 112) (1072 -448 112) (1072 -456 112) 
5 792 796 (960 -456 112) (1048 -456 112) (1048 -456 199.99999999999994) (975.9999999999999 -456 248) (960 -456 248) 
3 792 795 (1048 -456 215.99999999999986) (1048 -456 248) (999.9999999999999 -456 248) 
3 792 794 (1048 -456 112) (1064 -456 112) (1048 -456 127.99999999999997) 
4 792 793 (1072 -456 199.9999999999999) (1072 -456 248) (1048 -456 248) (1048 -456 215.9999999999999) 
4 793 798 (1072 -480 199.9999999999999) (1072 -480 248) (1048 -480 248) (1048 -480 215.9999999999999) 
4 793 795 (1048 -456 248) (1048 -456 215.9999999999999) (1048 -480 215.9999999999999) (1048 -480 248) 
3 794 798 (1048 -480 127.99999999999997) (1048 -480 112) (1064 -480 112) 
4 794 797 (1064 -480 112) (1048 -480 112) (1048 -456 112) (1064 -456 112) 
4 794 796 (1048 -456 127.99999999999997) (1048 -456 112) (1048 -480 112) (1048 -480 127.99999999999997) 
3 795 798 (1048 -480 248) (999.9999999999999 -480 248) (1048 -480 215.99999999999986) 
4 796 826 (960 -480 112) (960 -480 248) (960 -456 248) (960 -456 112) 
4 796 812 (975.9999999999999 -480 248) (960 -480 248) (960 -480 112) (976 -480 112) 
4 796 798 (975.9999999999999 -480 248) (976 -480 112) (1048 -480 112) (1048 -480 199.99999999999994) 
4 796 797 (1048 -480 112) (960 -480 112) (960 -456 112) (1048 -456 112) 
4 797 867 (960 -392 -872) (960 -480 -872) (960 -480 -712) (960 -392 -712) 
4 797 865 (960 -480 -712) (960 -480 -560) (960 -392 -560) (960 -392 -712) 
4 797 863 (960 -480 -560) (960 -480 -552) (960 -392 -552) (960 -392 -560) 
4 797 862 (960 -480 -552) (960 -480 -328) (960 -392 -328) (960 -392 -552) 
4 797 860 (960 -480 -328) (960 -480 -296) (960 -392 -296) (960 -392 -328) 
4 797 841 (960 -480 -296) (960 -480 -288) (960 -392 -288) (960 -392 -296) 
4 797 826 (960 -480 -288) (960 -480 112) (960 -392 112) (960 -392 -288) 
4 797 817 (960 -480 -872) (968 -480 -872) (968 -480 -728) (960 -480 -728) 
4 797 815 (968 -480 -872) (976 -480 -872) (976 -480 -728) (968 -480 -728) 
4 797 812 (976 -480 -728) (976 -480 112) (960 -480 112) (960 -480 -728) 
4 797 798 (976 -480 -872) (1072 -480 -872) (1072 -480 112) (976 -480 112) 
4 798 815 (976 -480 -728) (976 -480 -872) (976 -488 -872) (976 -488 -728) 
4 798 812 (976 -480 248) (976 -480 -728) (976 -488 -728) (976 -488 248) 
4 798 803 (976 -488 112) (976 -488 -872) (1072 -488 -872) (1072 -488 112) 
4 798 802 (976 -488 248) (976 -488 112) (1048 -488 112) (1048 -488 199.99999999999994) 
3 798 801 (1048 -488 215.9999999999999) (1048 -488 248) (999.9999999999999 -488 248) 
3 798 800 (1048 -488 112) (1064 -488 112) (1048 -488 127.99999999999997) 
4 798 799 (1072 -488 199.9999999999999) (1072 -488 248) (1048 -488 248) (1048 -488 215.99999999999983) 
4 799 808 (1064 -512 248) (1048 -512 248) (1048 -512 215.99999999999983) (1064 -512 205.3333333333332) 
4 799 801 (1048 -488 248) (1048 -488 215.99999999999983) (1048 -512 215.99999999999986) (1048 -512 248) 
3 800 808 (1048 -512 112) (1064 -512 112) (1048 -512 127.99999999999997) 
4 800 807 (1064 -512 112) (1048 -512 112) (1048 -504 112) (1064 -504 112) 
4 800 804 (1048 -504 112) (1048 -496 112) (1064 -496 112) (1064 -504 112) 
4 800 803 (1048 -496 112) (1048 -488 112) (1064 -488 112) (1064 -496 112) 
4 800 802 (1048 -488 127.99999999999997) (1048 -488 112) (1048 -512 112) (1048 -512 127.99999999999997) 
3 801 808 (1048 -512 215.9999999999999) (1048 -512 248) (999.9999999999999 -512 248) 
4 802 813 (976 -512 112) (976 -512 248) (976 -496 248) (976 -496 112) 
4 802 812 (976 -496 248) (976 -488 248) (976 -488 112) (976 -496 112) 
4 802 808 (984 -512 112) (1048 -512 112) (1048 -512 199.99999999999994) (984 -512 242.66666666666666) 
4 802 807 (1048 -512 112) (976 -512 112) (976 -504 112) (1048 -504 112) 
4 802 804 (976 -504 112) (976 -496 112) (1048 -496 112) (1048 -504 112) 
4 802 803 (976 -496 112) (976 -488 112) (1048 -488 112) (1048 -496 112) 
4 803 815 (976 -488 -872) (976 -496 -872) (976 -496 -728) (976 -488 -728) 
4 803 812 (976 -496 -728) (976 -496 112) (976 -488 112) (976 -488 -728) 
4 803 806 (1072 -496 -872) (1072 -496 -800) (976 -496 -800) (976 -496 -872) 
4 803 805 (1072 -496 -728) (1072 -496 -712) (976 -496 -712) (976 -496 -728) 
4 803 804 (1072 -496 -568) (1072 -496 112) (976 -496 112) (976 -496 -568) 
4 804 813 (976 -504 -568) (976 -504 112) (976 -496 112) (976 -496 -568) 
4 804 807 (1072 -504 -568) (1072 -504 112) (976 -504 112) (976 -504 -568) 
4 805 814 (976 -504 -728) (976 -504 -712) (976 -496 -712) (976 -496 -728) 
4 805 807 (1072 -504 -728) (1072 -504 -712) (976 -504 -712) (976 -504 -728) 
4 806 816 (976 -496 -872) (976 -504 -872) (976 -504 -800) (976 -496 -800) 
4 806 807 (1072 -504 -872) (1072 -504 -800) (976 -504 -800) (976 -504 -872) 
4 807 814 (976 -512 -728) (976 -512 -712) (976 -504 -712) (976 -504 -728) 
4 807 813 (976 -512 -568) (976 -512 112) (976 -504 112) (976 -504 -568) 
4 807 808 (984 -512 -872) (1064 -512 -872) (1064 -512 112) (984 -512 112) 
4 808 809 (984 -520 -872) (1064 -520 -872) (1064 -520 248) (984 -520 248) 
4 809 814 (976 -648 -728) (976 -648 -712) (976 -520 -712) (976 -520 -728) 
4 809 813 (976 -648 -568) (976 -648 248) (976 -520 248) (976 -520 -568) 
4 809 811 (984 -648 -872) (1064 -648 -872) (1064 -648 -760) (984 -648 -760) 
4 809 810 (1064 -648 -752) (1064 -648 248) (984 -648 248) (984 -648 -752) 
4 810 1122 (1064 -656 -752) (1064 -656 -712) (984 -656 -712) (984 -656 -752) 
4 810 1091 (1064 -656 -568) (1064 -656 -464) (984 -656 -464) (984 -656 -568) 
4 810 1045 (1064 -656 -464) (1064 -656 112) (984 -656 112) (984 -656 -464) 
3 810 991 (1064 -656 112) (984 -656 191.99999999999994) (984 -656 112) 
4 810 957 (984 -656 242.66666666666669) (984 -656 191.99999999999994) (1048 -656 127.99999999999999) (1048 -656 199.99999999999986) 
3 810 956 (1064 -656 205.33333333333326) (1064 -656 248) (999.9999999999999 -656 248) 
4 811 1122 (984 -656 -872) (1064 -656 -872) (1064 -656 -760) (984 -656 -760) 
4 812 867 (960 -480 -712) (960 -480 -728) (960 -496 -728) (960 -496 -712) 
4 812 865 (960 -480 -560) (960 -480 -712) (960 -496 -712) (960 -496 -560) 
4 812 863 (960 -480 -552) (960 -480 -560) (960 -496 -560) (960 -496 -552) 
4 812 862 (960 -480 -328) (960 -480 -552) (960 -496 -552) (960 -496 -328) 
4 812 860 (960 -480 -296) (960 -480 -328) (960 -496 -328) (960 -496 -296) 
4 812 841 (960 -480 -288) (960 -480 -296) (960 -496 -296) (960 -496 -288) 
4 812 826 (960 -496 248) (960 -480 248) (960 -480 -288) (960 -496 -288) 
4 812 817 (960 -496 -728) (960 -480 -728) (968 -480 -728) (968 -496 -728) 
4 812 815 (968 -480 -728) (976 -480 -728) (976 -496 -728) (968 -496 -728) 
4 812 814 (960 -496 -728) (976 -496 -728) (976 -496 -712) (960 -496 -712) 
4 812 813 (976 -496 -568) (976 -496 248) (960 -496 248) (960 -496 -568) 
4 813 1091 (960 -656 -464) (960 -656 -568) (976 -656 -568) (976 -656 -464) 
4 813 1045 (960 -656 112) (960 -656 -464) (976 -656 -464) (976 -656 112) 
4 813 991 (960 -656 216.00000000000006) (960 -656 112) (976 -656 112) (976 -656 199.99999999999997) 
4 813 957 (960 -656 248) (960 -656 216.00000000000006) (976 -656 199.99999999999997) (976 -656 248) 
4 813 866 (960 -656 -568) (960 -656 -560) (960 -496 -560) (960 -496 -568) 
4 813 863 (960 -656 -560) (960 -656 -552) (960 -496 -552) (960 -496 -560) 
4 813 862 (960 -656 -552) (960 -656 -328) (960 -496 -328) (960 -496 -552) 
4 813 860 (960 -656 -328) (960 -656 -296) (960 -496 -296) (960 -496 -328) 
4 813 841 (960 -656 -296) (960 -656 -288) (960 -496 -288) (960 -496 -296) 
4 813 826 (960 -656 -288) (960 -656 248) (960 -496 248) (960 -496 -288) 
4 814 1123 (960 -656 -712) (960 -656 -728) (968 -656 -728) (968 -656 -712) 
4 814 869 (960 -624 -712) (960 -536 -712) (960 -536 -728) (960 -624 -728) 
4 814 867 (960 -504 -712) (960 -496 -712) (960 -496 -728) (960 -504 -728) 
4 814 818 (960 -656 -728) (960 -504 -728) (968 -504 -728) (968 -656 -728) 
4 814 817 (960 -504 -728) (960 -496 -728) (968 -496 -728) (968 -504 -728) 
4 815 817 (968 -496 -728) (968 -480 -728) (968 -480 -872) (968 -496 -872) 
4 815 816 (968 -496 -800) (968 -496 -872) (976 -496 -872) (976 -496 -800) 
4 816 817 (968 -504 -872) (968 -504 -800) (968 -496 -800) (968 -496 -872) 
4 817 867 (960 -480 -872) (960 -504 -872) (960 -504 -728) (960 -480 -728) 
4 817 818 (960 -504 -872) (968 -504 -872) (968 -504 -728) (960 -504 -728) 
4 818 1123 (960 -656 -728) (960 -656 -872) (968 -656 -872) (968 -656 -728) 
4 818 869 (960 -536 -872) (960 -624 -872) (960 -624 -728) (960 -536 -728) 
4 819 842 (960 784 -1136) (960 528 -1136) (960 528 -872) (960 784 -872) 
4 819 821 (960 528 -1136) (960 784 -1136) (1168 784 -1136) (1168 528 -1136) 
4 820 1135 (960 -656 -888) (960 -656 -1136) (1168 -656 -1136) (1168 -656 -888) 
4 820 871 (960 528 -1136) (960 -656 -1136) (960 -656 -888) (960 528 -888) 
4 821 1141 (960 -656 -1136) (960 -656 -1144) (1168 -656 -1144) (1168 -656 -1136) 
4 821 872 (960 -656 -1144) (960 -656 -1136) (960 528 -1136) (960 528 -1144) 
4 821 843 (960 528 -1136) (960 784 -1136) (960 784 -1144) (960 528 -1144) 
4 822 873 (872 784 336) (872 784 335.2138976801872) (872 528 335.2138976801872) (872 528 336) 
4 822 823 (960 528 335.2138976801872) (872 528 335.2138976801872) (872 784 335.2138976801872) (960 784 335.2138976801872) 
4 823 874 (872 784 335.2138976801872) (872 784 327.21389768018673) (872 528 327.21389768018673) (872 528 335.2138976801872) 
4 823 825 (872 528 327.21389768018673) (872 784 327.21389768018673) (960 784 327.21389768018673) (960 528 327.21389768018673) 
4 823 824 (872 528 335.2138976801872) (872 528 327.21389768018673) (960 528 327.21389768018673) (960 528 335.2138976801872) 
4 824 939 (872 -656 335.2138976801872) (872 -656 327.21389768018673) (960 -656 327.21389768018673) (960 -656 335.2138976801872) 
4 824 916 (872 16 327.21389768018673) (872 -656 327.21389768018673) (872 -656 335.2138976801872) (872 16 335.2138976801872) 
4 824 914 (872 72 327.21389768018673) (872 16 327.21389768018673) (872 16 335.2138976801872) (872 72 335.2138976801872) 
5 824 883 (872 88.00000000000578 327.21389768018673) (872 72 327.21389768018673) (872 72 335.2138976801872) (872 168 335.2138976801872) (872 168 329.17915347972007) 
3 824 877 (872 168 329.17915347972007) (872 168 335.2138976801872) (872 413.6573521635088 335.2138976801872) 
4 825 875 (872 784 -288) (872 528 -288) (872 528 327.21389768018673) (872 784 327.21389768018673) 
4 825 827 (872 528 -288) (872 784 -288) (960 784 -288) (960 528 -288) 
4 826 1045 (872 -656 112) (872 -656 -288) (960 -656 -288) (960 -656 112) 
5 826 991 (872 -656 248) (872 -656 112) (960 -656 112) (960 -656 216.00000000000006) (928 -656 248) 
3 826 957 (960 -656 216.00000000000006) (960 -656 248) (928 -656 248) 
4 826 940 (872 -656 327.21389768018673) (872 -656 248) (960 -656 248) (960 -656 327.21389768018673) 
4 826 917 (872 16 -288) (872 -656 -288) (872 -656 327.21389768018673) (872 16 327.21389768018673) 
4 826 915 (872 16 256) (872 16 327.21389768018673) (872 72 327.21389768018673) (872 72 312) 
3 826 884 (872 72 312) (872 72 327.21389768018673) (872 87.21389768018672 327.21389768018673) 
4 826 841 (872 -656 -288) (872 16 -288) (960 63.99999999999996 -288) (960 -656 -288) 
4 826 840 (872 71.99999999999997 -288) (872 128 -288) (960 128 -288) (960 119.99999999999994 -288) 
4 826 839 (872 144 -288) (872 160 -288) (960 160 -288) (960 144 -288) 
4 826 838 (872 176 -288) (872 192 -288) (960 192 -288) (960 176 -288) 
4 826 837 (872 208 -288) (872 224 -288) (960 224 -288) (960 208 -288) 
4 826 836 (872 240 -288) (872 256 -288) (960 256 -288) (960 240 -288) 
4 826 835 (872 272 -288) (872 288 -288) (960 288 -288) (960 272 -288) 
4 826 834 (872 304 -288) (872 320 -288) (960 320 -288) (960 304 -288) 
4 826 833 (872 336 -288) (872 352 -288) (960 352 -288) (960 336 -288) 
4 826 832 (872 368 -288) (872 384 -288) (960 384 -288) (960 368 -288) 
4 826 831 (872 400 -288) (872 416 -288) (960 416 -288) (960 400 -288) 
4 826 830 (872 432 -288) (872 448 -288) (960 448 -288) (960 432 -288) 
4 826 829 (872 464 -288) (872 480 -288) (960 480 -288) (960 464 -288) 
4 826 828 (872 496 -288) (872 512 -288) (960 512 -288) (960 496 -288) 
4 827 875 (872 784 -296) (872 528 -296) (872 528 -288) (872 784 -288) 
4 827 842 (872 528 -296) (872 784 -296) (960 784 -296) (960 528 -296) 
4 828 853 (872 496 -296) (872 512 -296) (888 512 -296) (888 496 -296) 
4 828 852 (888 512 -296) (960 512 -296) (960 496 -296) (888 496 -296) 
4 829 853 (872 464 -296) (872 480 -296) (888 480 -296) (888 464 -296) 
4 829 852 (888 480 -296) (960 480 -296) (960 464 -296) (888 464 -296) 
4 830 853 (872 432 -296) (872 448 -296) (888 448 -296) (888 432 -296) 
4 830 852 (888 448 -296) (960 448 -296) (960 432 -296) (888 432 -296) 
4 831 853 (872 400 -296) (872 416 -296) (888 416 -296) (888 400 -296) 
4 831 852 (888 416 -296) (960 416 -296) (960 400 -296) (888 400 -296) 
4 832 853 (872 368 -296) (872 384 -296) (888 384 -296) (888 368 -296) 
4 832 852 (888 384 -296) (960 384 -296) (960 368 -296) (888 368 -296) 
4 833 853 (872 336 -296) (872 352 -296) (888 352 -296) (888 336 -296) 
4 833 852 (888 352 -296) (960 352 -296) (960 336 -296) (888 336 -296) 
4 834 853 (872 304 -296) (872 320 -296) (888 320 -296) (888 304 -296) 
4 834 852 (888 320 -296) (960 320 -296) (960 304 -296) (888 304 -296) 
4 835 854 (872 272 -296) (872 288 -296) (960 288 -296) (960 272 -296) 
4 836 856 (872 240 -296) (872 248 -296) (960 248 -296) (960 240 -296) 
4 836 855 (872 248 -296) (872 256 -296) (960 256 -296) (960 248 -296) 
4 837 857 (872 208 -296) (872 224 -296) (960 224 -296) (960 208 -296) 
4 838 858 (872 176 -296) (872 192 -296) (960 192 -296) (960 176 -296) 
4 839 859 (872 144 -296) (872 160 -296) (960 160 -296) (960 144 -296) 
4 840 859 (872 71.99999999999997 -296) (872 128 -296) (960 128 -296) (960 119.99999999999994 -296) 
4 841 1045 (872 -656 -288) (872 -656 -296) (960 -656 -296) (960 -656 -288) 
4 841 917 (872 15.999999999999986 -296) (872 -656 -296) (872 -656 -288) (872 16 -288) 
4 841 860 (872 -656 -296) (872 16 -296) (960 63.99999999999996 -296) (960 -656 -296) 
4 842 875 (872 784 -1136) (872 528 -1136) (872 528 -296) (872 784 -296) 
4 842 843 (960 528 -1136) (872 528 -1136) (872 784 -1136) (960 784 -1136) 
4 843 882 (872 528 -1144) (872 528 -1136) (872 784 -1136) (872 784 -1144) 
4 843 872 (960 528 -1144) (960 528 -1136) (872 528 -1136) (872 528 -1144) 
4 844 852 (960 520 -320) (960 520 -304) (888 520 -304) (888 520 -320) 
4 845 852 (960 520 -344) (960 520 -328) (888 520 -328) (888 520 -344) 
4 846 852 (960 520 -368) (960 520 -352) (888 520 -352) (888 520 -368) 
4 847 852 (960 520 -392) (960 520 -376) (888 520 -376) (888 520 -392) 
4 848 852 (960 520 -416) (960 520 -400) (888 520 -400) (888 520 -416) 
4 849 852 (960 520 -440) (960 520 -424) (888 520 -424) (888 520 -440) 
4 850 852 (960 520 -464) (960 520 -448) (888 520 -448) (888 520 -464) 
4 851 852 (960 520 -488) (960 520 -472) (888 520 -472) (888 520 -488) 
4 852 854 (960 296 -496) (960 296 -296) (888 296 -296) (888 296 -496) 
4 852 853 (888 512 -496) (888 296 -496) (888 296 -296) (888 512 -296) 
4 853 854 (888 296 -296) (872 296 -296) (872 296 -496) (888 296 -496) 
4 854 855 (960 272 -504) (960 272 -296) (872 272 -296) (872 272 -504) 
4 855 856 (960 248 -512) (960 248 -296) (872 248 -296) (872 248 -512) 
4 856 857 (960 224 -520) (960 224 -296) (872 224 -296) (872 224 -520) 
4 857 858 (960 200 -528) (960 200 -296) (872 200 -296) (872 200 -528) 
4 858 861 (960 176 -536) (960 176 -328) (872 176 -328) (872 176 -536) 
4 858 859 (960 176 -328) (960 176 -296) (872 176 -296) (872 176 -328) 
4 859 862 (872 71.99999999999997 -328) (872 152 -328) (960 152 -328) (960 119.99999999999996 -328) 
4 859 861 (872 152 -328) (872 176 -328) (960 176 -328) (960 152 -328) 
4 860 1045 (872 -656 -296) (872 -656 -328) (960 -656 -328) (960 -656 -296) 
4 860 917 (872 -656 -328) (872 -656 -296) (872 16 -296) (872 16 -328) 
4 860 862 (872 -656 -328) (872 16 -328) (960 63.999999999999986 -328) (960 -656 -328) 
4 861 887 (872 152 -328) (872 168 -328) (872 168 -544) (872 152 -544) 
4 861 862 (960 152 -544) (960 152 -328) (872 152 -328) (872 152 -544) 
4 862 1091 (872 -656 -464) (872 -656 -552) (960 -656 -552) (960 -656 -464) 
4 862 1045 (872 -656 -328) (872 -656 -464) (960 -656 -464) (960 -656 -328) 
4 862 917 (872 -656 -552) (872 -656 -328) (872 16 -328) (872 16 -552) 
4 862 887 (872 72 -328) (872 152 -328) (872 152 -552) (872 72 -552) 
4 862 863 (872 -656 -552) (872 16 -552) (960 63.99999999999994 -552) (960 -656 -552) 
4 863 1091 (872 -656 -552) (872 -656 -560) (960 -656 -560) (960 -656 -552) 
4 863 917 (872 -656 -560) (872 -656 -552) (872 16 -552) (872 16.000000000000057 -560) 
4 863 866 (872 -656 -560) (872 -496 -560) (960 -496 -560) (960 -656 -560) 
4 863 865 (872 -496 -560) (872 16 -560) (960 63.99999999999997 -560) (960 -496 -560) 
4 864 897 (872 72 -560) (872 168 -560) (872 168 -712) (872 72 -712) 
4 865 918 (872 16 -568) (872 16.000000000000014 -712) (872 -496 -712) (872 -496 -568) 
4 865 917 (872 -496 -560) (872 16 -560) (872 16 -568) (872 -496 -568) 
4 865 867 (872 -496 -712) (872 16 -712) (960 63.99999999999994 -712) (960 -496 -712) 
4 865 866 (960 -496 -568) (960 -496 -560) (872 -496 -560) (872 -496 -568) 
4 866 1091 (872 -656 -560) (872 -656 -568) (960 -656 -568) (960 -656 -560) 
4 866 917 (872 -656 -568) (872 -656 -560) (872 -496 -560) (872 -496 -568) 
4 867 919 (872 -504 -712) (872 16 -712) (872 16.000000000000007 -872) (872 -504 -872) 
4 867 868 (872 -504 -872) (920 -504 -872) (920 -504 -712) (872 -504 -712) 
4 868 919 (872 -536 -712) (872 -504 -712) (872 -504 -872) (872 -536 -872) 
4 868 870 (872 -536 -872) (920 -536 -872) (920 -536 -712) (872 -536 -712) 
4 869 870 (920 -536 -712) (920 -536 -872) (920 -624 -872) (920 -624 -712) 
4 870 1123 (872 -656 -712) (872 -656 -872) (920 -656 -872) (920 -656 -712) 
4 870 919 (872 -656 -872) (872 -656 -712) (872 -536 -712) (872 -536 -872) 
4 871 1135 (872 -656 -888) (872 -656 -1136) (960 -656 -1136) (960 -656 -888) 
4 871 932 (872 -656 -1136) (872 -656 -888) (872 72 -888) (872 72 -1136) 
4 871 910 (872 72 -888) (872 168 -888) (872 168 -1136) (872 72 -1136) 
4 871 878 (872 168 -888) (872 528 -888) (872 528 -1136) (872 168 -1136) 
4 872 1141 (872 -656 -1136) (872 -656 -1144) (960 -656 -1144) (960 -656 -1136) 
4 872 935 (872 -656 -1144) (872 -656 -1136) (872 72 -1136) (872 72 -1144) 
4 872 913 (872 72 -1136) (872 168 -1136) (872 168 -1144) (872 72 -1144) 
4 872 882 (872 168 -1136) (872 528 -1136) (872 528 -1144) (872 168 -1144) 
4 873 876 (24 784 336) (24 784 335.2138976801872) (24 528 335.2138976801872) (24 528 336) 
4 873 874 (872 528 335.2138976801872) (24 528 335.2138976801872) (24 784 335.2138976801872) (872 784 335.2138976801872) 
4 874 879 (24 528 335.2138976801872) (24 528 327.21389768018673) (600 528 327.21389768018673) (600 528 335.2138976801872) 
4 874 876 (24 784 335.2138976801872) (24 784 327.21389768018673) (24 528 327.21389768018673) (24 528 335.2138976801872) 
4 874 875 (872 528 327.21389768018673) (24 528 327.21389768018673) (24 784 327.21389768018673) (872 784 327.21389768018673) 
4 875 882 (872 784 -1136) (872 528 -1136) (24 528 -1136) (24 784 -1136) 
4 875 876 (24 784 -1136) (24 528 -1136) (24 528 327.21389768018673) (24 784 327.21389768018673) 
4 876 882 (24 784 -1136) (24 528 -1136) (-232 528 -1136) (-232 784 -1136) 
4 876 881 (-232 528 336) (-232 528 -1136) (24 528 -1136) (24 528 336) 
4 877 883 (600 168 335.2138976801872) (600 168 329.17915347972007) (872 168 329.17915347972007) (872 168 335.2138976801872) 
3 877 879 (600 168 329.17915347972007) (600 168 335.2138976801872) (600 413.6573521635088 335.2138976801872) 
4 878 910 (600 168 -888) (600 168 -1136) (872 168 -1136) (872 168 -888) 
4 878 880 (600 528 -888) (600 528 -1136) (600 168 -1136) (600 168 -888) 
4 879 885 (24 168 335.2138976801872) (24 168 327.21389768018673) (600 168 327.21389768018673) (600 168 335.2138976801872) 
4 879 881 (24 528 335.2138976801872) (24 528 327.21389768018673) (24 168 327.21389768018673) (24 168 335.2138976801872) 
4 880 911 (24 168 -872) (24 168 -1136) (600 168 -1136) (600 168 -872) 
4 880 908 (24 168 -720) (24 168 -872) (600 168 -872) (600 168 -720) 
4 880 905 (24 168 -712) (24 168 -720) (600 168 -720) (600 168 -712) 
4 880 897 (24 168 -560) (24 168 -712) (600 168 -712) (600 168 -560) 
4 880 895 (24 168 -552) (24 168 -560) (600 168 -560) (600 168 -552) 
4 880 887 (24 168 -328) (24 168 -552) (600 168 -552) (600 168 -328) 
4 880 886 (24 168 327.21389768018673) (24 168 -328) (600 168 -328) (600 168 327.21389768018673) 
4 881 912 (-232 168 -872) (-232 168 -1136) (24 168 -1136) (24 168 -872) 
4 881 909 (-232 168 -720) (-232 168 -872) (24 168 -872) (24 168 -720) 
4 881 906 (-232 168 -712) (-232 168 -720) (24 168 -720) (24 168 -712) 
4 881 898 (-232 168 -560) (-232 168 -712) (24 168 -712) (24 168 -560) 
4 881 896 (-232 168 -552) (-232 168 -560) (24 168 -560) (24 168 -552) 
4 881 888 (-232 168 336) (-232 168 -552) (24 168 -552) (24 168 336) 
4 881 882 (24 168 -1136) (-232 168 -1136) (-232 528 -1136) (24 528 -1136) 
4 882 913 (872 168 -1144) (872 168 -1136) (-232 168 -1136) (-232 168 -1144) 
4 883 914 (600 72 335.2138976801872) (600 72 327.21389768018673) (872 72 327.21389768018673) (872 72 335.2138976801872) 
5 883 885 (600 168 335.2138976801872) (600 168 329.17915347972007) (600 88.00000000000578 327.21389768018673) (600 72 327.21389768018673) (600 72 335.2138976801872) 
4 884 915 (600 72 327.21389768018673) (600 72 312) (872 72 312) (872 72 327.21389768018673) 
3 884 886 (600 72 312) (600 72 327.21389768018673) (600 87.21389768018672 327.21389768018673) 
4 885 929 (24 72 335.2138976801872) (24 72 327.21389768018673) (600 72 327.21389768018673) (600 72 335.2138976801872) 
4 885 888 (24 168 335.2138976801872) (24 168 327.21389768018673) (24 72 327.21389768018673) (24 72 335.2138976801872) 
4 886 930 (24 72 327.21389768018673) (24 72 -328) (600 72 -328) (600 72 327.21389768018673) 
4 886 887 (600 72 -328) (24 72 -328) (24 168 -328) (600 168 -328) 
4 887 930 (24 72 -328) (24 72 -552) (600 72 -552) (600 72 -328) 
4 887 895 (768 72 -552) (24 72 -552) (24 168 -552) (768 168 -552) 
4 887 894 (784 72 -552) (776 72 -552) (776 168 -552) (784 168 -552) 
4 887 893 (800 72 -552) (792 72 -552) (792 168 -552) (800 168 -552) 
4 887 892 (816 72 -552) (808 72 -552) (808 168 -552) (816 168 -552) 
4 887 891 (832 72 -552) (824 72 -552) (824 168 -552) (832 168 -552) 
4 887 890 (848 72 -552) (840 72 -552) (840 168 -552) (848 168 -552) 
4 887 889 (864 72 -552) (856 72 -552) (856 168 -552) (864 168 -552) 
4 888 931 (-232 72 336) (-232 72 -552) (24 72 -552) (24 72 336) 
4 888 896 (24 72 -552) (-232 72 -552) (-232 168 -552) (24 168 -552) 
4 889 897 (864 72 -560) (856 72 -560) (856 168 -560) (864 168 -560) 
4 890 897 (848 72 -560) (840 72 -560) (840 168 -560) (848 168 -560) 
4 891 897 (832 72 -560) (824 72 -560) (824 168 -560) (832 168 -560) 
4 892 897 (816 72 -560) (808 72 -560) (808 168 -560) (816 168 -560) 
4 893 897 (800 72 -560) (792 72 -560) (792 168 -560) (800 168 -560) 
4 894 897 (784 72 -560) (776 72 -560) (776 168 -560) (784 168 -560) 
4 895 930 (24 72 -560) (600 72 -560) (600 72 -552) (24 72 -552) 
4 895 897 (768 72 -560) (24 72 -560) (24 168 -560) (768 168 -560) 
4 896 931 (-232 72 -560) (24 72 -560) (24 72 -552) (-232 72 -552) 
4 896 898 (24 72 -560) (-232 72 -560) (-232 168 -560) (24 168 -560) 
4 897 930 (24 72 -712) (600 72 -712) (600 72 -560) (24 72 -560) 
4 897 905 (768 72 -712) (24 72 -712) (24 168 -712) (768 168 -712) 
4 897 904 (784 72 -712) (776 72 -712) (776 168 -712) (784 168 -712) 
4 897 903 (800 72 -712) (792 72 -712) (792 168 -712) (800 168 -712) 
4 897 902 (816 72 -712) (808 72 -712) (808 168 -712) (816 168 -712) 
4 897 901 (832 72 -712) (824 72 -712) (824 168 -712) (832 168 -712) 
4 897 900 (848 72 -712) (840 72 -712) (840 168 -712) (848 168 -712) 
4 897 899 (864 72 -712) (856 72 -712) (856 168 -712) (864 168 -712) 
4 898 931 (-232 72 -712) (24 72 -712) (24 72 -560) (-232 72 -560) 
4 898 906 (24 72 -712) (-232 72 -712) (-232 168 -712) (24 168 -712) 
4 899 907 (864 72 -720) (856 72 -720) (856 168 -720) (864 168 -720) 
4 900 907 (848 72 -720) (840 72 -720) (840 168 -720) (848 168 -720) 
4 901 907 (832 72 -720) (824 72 -720) (824 168 -720) (832 168 -720) 
4 902 907 (816 72 -720) (808 72 -720) (808 168 -720) (816 168 -720) 
4 903 907 (800 72 -720) (792 72 -720) (792 168 -720) (800 168 -720) 
4 904 907 (784 72 -720) (776 72 -720) (776 168 -720) (784 168 -720) 
4 905 930 (24 72 -720) (600 72 -720) (600 72 -712) (24 72 -712) 
4 905 908 (640 72 -720) (24 72 -720) (24 168 -720) (640 168 -720) 
4 906 931 (-232 72 -720) (24 72 -720) (24 72 -712) (-232 72 -712) 
4 906 909 (24 72 -720) (-232 72 -720) (-232 168 -720) (24 168 -720) 
4 908 930 (24 72 -872) (600 72 -872) (600 72 -720) (24 72 -720) 
4 908 911 (600 72 -872) (24 72 -872) (24 168 -872) (600 168 -872) 
4 909 931 (-232 72 -872) (24 72 -872) (24 72 -720) (-232 72 -720) 
4 909 912 (24 72 -872) (-232 72 -872) (-232 168 -872) (24 168 -872) 
4 910 932 (600 72 -1136) (872 72 -1136) (872 72 -888) (600 72 -888) 
4 910 911 (600 168 -1136) (600 72 -1136) (600 72 -888) (600 168 -888) 
4 911 933 (24 72 -1136) (600 72 -1136) (600 72 -872) (24 72 -872) 
4 912 934 (-232 72 -1136) (24 72 -1136) (24 72 -872) (-232 72 -872) 
4 912 913 (24 72 -1136) (-232 72 -1136) (-232 168 -1136) (24 168 -1136) 
4 913 935 (872 72 -1144) (872 72 -1136) (-232 72 -1136) (-232 72 -1144) 
4 914 929 (600 72 335.2138976801872) (600 72 327.21389768018673) (600 16 327.21389768018673) (600 16 335.2138976801872) 
4 914 926 (600 16 335.2138976801872) (600 16 327.21389768018673) (616 16 327.21389768018673) (616 16 335.2138976801872) 
4 914 916 (616 16 327.21389768018673) (872 16 327.21389768018673) (872 16 335.2138976801872) (616 16 335.2138976801872) 
4 915 930 (600 72 327.21389768018673) (600 72 312) (600 16 256) (600 16 327.21389768018673) 
4 915 927 (600 16 327.21389768018673) (600 16 256) (616 16 256) (616 16 327.21389768018673) 
4 915 917 (616 16 256) (872 16 256) (872 16 327.21389768018673) (616 16 327.21389768018673) 
4 916 939 (616 -656 335.2138976801872) (616 -656 327.21389768018673) (872 -656 327.21389768018673) (872 -656 335.2138976801872) 
4 916 926 (616 16 335.2138976801872) (616 16 327.21389768018673) (616 -656 327.21389768018673) (616 -656 335.2138976801872) 
4 917 1091 (616 -656 -464) (616 -656 -568) (872 -656 -568) (872 -656 -464) 
4 917 1045 (616 -656 112) (616 -656 -464) (872 -656 -464) (872 -656 112) 
4 917 991 (616 -656 248) (616 -656 112) (872 -656 112) (872 -656 248) 
4 917 940 (616 -656 327.21389768018673) (616 -656 248) (872 -656 248) (872 -656 327.21389768018673) 
4 917 928 (616 16 -384) (616 16 -392) (616 -656 -392) (616 -656 -384) 
4 917 927 (616 16 327.21389768018673) (616 16 40) (616 -656 40) (616 -656 327.21389768018673) 
4 917 918 (616 -496 -568) (616 16 -568) (872 16 -568) (872 -496 -568) 
4 918 925 (616 -496 -712) (616 16 -712) (624 16 -712) (624 -496 -712) 
4 918 923 (624 16 -712) (664 16 -712) (664 -496 -712) (624 -496 -712) 
4 918 922 (664 16 -712) (768 16 -712) (768 -496 -712) (664 -496 -712) 
4 918 920 (768 16 -712) (808 16 -712) (808 -496 -712) (768 -496 -712) 
4 918 919 (808 16 -712) (872 16 -712) (872 -496 -712) (808 -496 -712) 
4 919 1123 (808 -656 -872) (872 -656 -872) (872 -656 -712) (808 -656 -712) 
4 919 921 (808 -624 -712) (808 -536 -712) (808 -536 -872) (808 -624 -872) 
4 919 920 (808 -504 -712) (808 16 -712) (808 16 -872) (808 -504 -872) 
4 920 922 (768 -504 -712) (768 16 -712) (768 16 -872) (768 -504 -872) 
4 921 922 (768 -624 -712) (768 -536 -712) (768 -536 -872) (768 -624 -872) 
4 922 1123 (664 -656 -872) (768 -656 -872) (768 -656 -712) (664 -656 -712) 
4 922 924 (664 -624 -712) (664 -536 -712) (664 -536 -872) (664 -624 -872) 
4 922 923 (664 -504 -712) (664 16 -712) (664 16 -872) (664 -504 -872) 
4 923 925 (624 -504 -712) (624 16 -712) (624 16 -872) (624 -504 -872) 
4 924 925 (624 -624 -712) (624 -536 -712) (624 -536 -872) (624 -624 -872) 
4 925 1123 (616 -656 -712) (616 -656 -872) (624 -656 -872) (624 -656 -712) 
4 926 948 (600 -656 335.2138976801872) (600 -656 327.21389768018673) (616 -656 327.21389768018673) (616 -656 335.2138976801872) 
4 926 929 (600 16 335.2138976801872) (600 16 327.21389768018673) (600 -656 327.21389768018673) (600 -656 335.2138976801872) 
4 927 1098 (600 -656 112) (600 -656 40) (616 -656 40) (616 -656 112) 
4 927 991 (600 -656 248) (600 -656 112) (616 -656 112) (616 -656 248) 
4 927 949 (600 -656 327.21389768018673) (600 -656 248) (616 -656 248) (616 -656 327.21389768018673) 
4 927 930 (600 16 327.21389768018673) (600 16 40) (600 -656 40) (600 -656 327.21389768018673) 
4 928 1099 (608 -656 -392) (616 -656 -392) (616 -656 -384) (608 -656 -384) 
4 929 948 (24 -656 335.2138976801872) (24 -656 327.21389768018673) (600 -656 327.21389768018673) (600 -656 335.2138976801872) 
4 929 931 (24 72 335.2138976801872) (24 72 327.21389768018673) (24 -656 327.21389768018673) (24 -656 335.2138976801872) 
4 930 1128 (24 -656 -576) (24 -656 -872) (600 -656 -872) (600 -656 -576) 
4 930 1115 (24 -656 -568) (24 -656 -576) (600 -656 -576) (600 -656 -568) 
4 930 1101 (24 -656 112) (24 -656 -568) (600 -656 -568) (600 -656 112) 
4 930 991 (24 -656 248) (24 -656 112) (600 -656 112) (600 -656 248) 
4 930 949 (24 -656 327.21389768018673) (24 -656 248) (600 -656 248) (600 -656 327.21389768018673) 
4 930 933 (24 72 -872) (600 72 -872) (600 -656 -872) (24 -656 -872) 
4 931 1129 (-232 -656 -576) (-232 -656 -872) (24 -656 -872) (24 -656 -576) 
4 931 1116 (-232 -656 -568) (-232 -656 -576) (24 -656 -576) (24 -656 -568) 
4 931 1103 (-232 -656 112) (-232 -656 -568) (24 -656 -568) (24 -656 112) 
4 931 992 (-232 -656 248) (-232 -656 112) (24 -656 112) (24 -656 248) 
4 931 951 (-232 -656 336) (-232 -656 248) (24 -656 248) (24 -656 336) 
4 931 934 (-232 72 -872) (24 72 -872) (24 -656 -872) (-232 -656 -872) 
4 932 1135 (600 -656 -1136) (872 -656 -1136) (872 -656 -888) (600 -656 -888) 
4 932 933 (600 72 -1136) (600 -656 -1136) (600 -656 -888) (600 72 -888) 
4 933 1136 (24 -656 -1136) (600 -656 -1136) (600 -656 -872) (24 -656 -872) 
4 934 1137 (-232 -656 -1136) (24 -656 -1136) (24 -656 -872) (-232 -656 -872) 
4 934 935 (-232 72 -1136) (24 72 -1136) (24 -656 -1136) (-232 -656 -1136) 
4 935 1141 (872 -656 -1144) (872 -656 -1136) (-232 -656 -1136) (-232 -656 -1144) 
4 936 950 (976 -1528 335.2138976801872) (976 -1528 327.21389768018673) (1304 -1528 327.21389768018673) (1304 -1528 335.2138976801872) 
4 936 946 (976 -1496 327.21389768018673) (976 -1528 327.21389768018673) (976 -1528 335.2138976801872) (976 -1496 335.2138976801872) 
4 936 941 (976 -1192 327.21389768018673) (976 -1496 327.21389768018673) (976 -1496 335.2138976801872) (976 -1192 335.2138976801872) 
4 936 939 (976 -656 335.2138976801872) (976 -656 327.21389768018673) (976 -1192 327.21389768018673) (976 -1192 335.2138976801872) 
4 937 947 (976 -1496 288) (976 -1528 288) (976 -1528 327.21389768018673) (976 -1496 327.21389768018673) 
4 937 942 (976 -1496 295.99999999999994) (976 -1496 327.21389768018673) (976 -1192 327.21389768018673) (976 -1192 295.99999999999994) 
4 937 940 (976 -656 327.21389768018673) (976 -656 288) (976 -1192 288) (976 -1192 327.21389768018673) 
4 937 938 (1304 -1528 288) (976 -1528 288) (976 -1496 288) (1304 -1496 288) 
4 938 1003 (1304 -1496 248) (1304 -1528 248) (976 -1528 248) (976 -1496 248) 
4 938 947 (976 -1496 248) (976 -1528 248) (976 -1528 288) (976 -1496 288) 
4 939 948 (616 -656 335.2138976801872) (616 -656 327.21389768018673) (616 -1192 327.21389768018673) (616 -1192 335.2138976801872) 
4 939 944 (616 -1192 335.2138976801872) (616 -1192 327.21389768018673) (647.2138976801867 -1192 327.21389768018673) (655.2138976801872 -1192 335.2138976801872) 
4 939 943 (944 -1192 328) (936.7861023198128 -1192 335.2138976801872) (655.2138976801872 -1192 335.2138976801872) (648 -1192 328) 
4 939 941 (944.7861023198133 -1192 327.21389768018673) (976 -1192 327.21389768018673) (976 -1192 335.2138976801872) (936.7861023198128 -1192 335.2138976801872) 
4 940 991 (616 -656 248) (928 -656 248) (927.9999999999999 -1192 248) (616 -1192 248) 
4 940 989 (976 -1168 248) (976 -1192 248) (927.9999999999999 -1192 248) (927.9999999999999 -1168 248) 
4 940 988 (976 -1160 248) (976 -1168 248) (927.9999999999999 -1168 248) (927.9999999999999 -1160 248) 
4 940 987 (976 -1136 248) (976 -1160 248) (927.9999999999999 -1160 248) (927.9999999999999 -1136 248) 
4 940 986 (976 -1128 248) (976 -1136 248) (927.9999999999999 -1136 248) (927.9999999999999 -1128 248) 
4 940 985 (976 -1104 248) (976 -1128 248) (927.9999999999999 -1128 248) (927.9999999999999 -1104 248) 
4 940 984 (976 -1096 248) (976 -1104 248) (927.9999999999999 -1104 248) (927.9999999999999 -1096 248) 
4 940 983 (976 -1072 248) (976 -1096 248) (927.9999999999999 -1096 248) (927.9999999999999 -1072 248) 
4 940 982 (976 -1064 248) (976 -1072 248) (927.9999999999999 -1072 248) (927.9999999999999 -1064 248) 
4 940 981 (976 -1040 248) (976 -1064 248) (927.9999999999999 -1064 248) (927.9999999999999 -1040 248) 
4 940 980 (976 -1032 248) (976 -1040 248) (927.9999999999999 -1040 248) (927.9999999999999 -1032 248) 
4 940 979 (976 -1008 248) (976 -1032 248) (927.9999999999999 -1032 248) (927.9999999999999 -1008 248) 
4 940 978 (976 -1000 248) (976 -1008 248) (927.9999999999999 -1008 248) (927.9999999999999 -1000 248) 
4 940 977 (976 -976 248) (976 -1000 248) (927.9999999999999 -1000 248) (927.9999999999999 -976 248) 
4 940 976 (976 -968 248) (976 -976 248) (927.9999999999999 -976 248) (927.9999999999999 -968 248) 
4 940 975 (976 -944 248) (976 -968 248) (927.9999999999999 -968 248) (927.9999999999999 -944 248) 
4 940 974 (976 -936 248) (976 -944 248) (927.9999999999999 -944 248) (927.9999999999999 -936 248) 
4 940 973 (976 -912 248) (976 -936 248) (927.9999999999999 -936 248) (927.9999999999999 -912 248) 
4 940 972 (976 -904 248) (976 -912 248) (927.9999999999999 -912 248) (927.9999999999999 -904 248) 
4 940 971 (976 -880 248) (976 -904 248) (927.9999999999999 -904 248) (927.9999999999999 -880 248) 
4 940 970 (976 -872 248) (976 -880 248) (927.9999999999999 -880 248) (927.9999999999999 -872 248) 
4 940 969 (976 -848 248) (976 -872 248) (927.9999999999999 -872 248) (927.9999999999999 -848 248) 
4 940 968 (976 -840 248) (976 -848 248) (927.9999999999999 -848 248) (927.9999999999999 -840 248) 
4 940 967 (976 -816 248) (976 -840 248) (927.9999999999999 -840 248) (927.9999999999999 -816 248) 
4 940 966 (976 -808 248) (976 -816 248) (927.9999999999999 -816 248) (927.9999999999999 -808 248) 
4 940 965 (976 -784 248) (976 -808 248) (927.9999999999999 -808 248) (927.9999999999999 -784 248) 
4 940 964 (976 -776 248) (976 -784 248) (927.9999999999999 -784 248) (927.9999999999999 -776 248) 
4 940 963 (976 -752 248) (976 -776 248) (927.9999999999999 -776 248) (927.9999999999999 -752 248) 
4 940 962 (976 -744 248) (976 -752 248) (927.9999999999999 -752 248) (927.9999999999999 -744 248) 
4 940 961 (976 -720 248) (976 -744 248) (927.9999999999999 -744 248) (927.9999999999999 -720 248) 
4 940 960 (976 -712 248) (976 -720 248) (927.9999999999999 -720 248) (927.9999999999999 -712 248) 
4 940 959 (976 -688 248) (976 -712 248) (927.9999999999999 -712 248) (928 -688 248) 
4 940 958 (976 -680 248) (976 -688 248) (928 -688 248) (928 -680 248) 
4 940 957 (928 -656 248) (976 -656 248) (976 -680 248) (928 -680 248) 
4 940 949 (616 -656 327.21389768018673) (616 -656 248) (616 -1192 248) (616 -1192 327.21389768018673) 
3 940 945 (616 -1192 327.21389768018673) (616 -1192 296) (647.2138976801867 -1192 327.21389768018673) 
3 940 942 (976 -1192 296) (976 -1192 327.21389768018673) (944.7861023198133 -1192 327.21389768018673) 
4 941 946 (936.7861023198127 -1496 335.2138976801872) (944.7861023198132 -1496 327.21389768018673) (976 -1496 327.21389768018673) (976 -1496 335.2138976801872) 
4 941 943 (936.7861023198121 -1192 335.2138976801872) (943.9999999999993 -1192 328) (943.9999999999995 -1496 328) (936.7861023198124 -1496 335.2138976801872) 
3 942 947 (944.7861023198132 -1496 327.21389768018673) (976 -1496 295.99999999999994) (976 -1496 327.21389768018673) 
4 943 946 (944 -1496 328) (936.7861023198128 -1496 335.2138976801872) (655.2138976801872 -1496 335.2138976801872) (648 -1496 328) 
4 943 944 (647.9999999999999 -1496 328) (655.2138976801871 -1496 335.2138976801872) (655.2138976801868 -1192 335.2138976801872) (647.9999999999997 -1192 328) 
4 944 948 (616 -1192 335.2138976801872) (616 -1192 327.21389768018673) (616 -1496 327.21389768018673) (616 -1496 335.2138976801872) 
4 944 946 (616 -1496 335.2138976801872) (616 -1496 327.21389768018673) (647.2138976801867 -1496 327.21389768018673) (655.2138976801872 -1496 335.2138976801872) 
4 945 949 (616 -1192 327.21389768018673) (616 -1192 296) (616 -1496 296) (616 -1496 327.21389768018673) 
3 945 947 (616 -1496 327.21389768018673) (616 -1496 296) (647.2138976801867 -1496 327.21389768018673) 
4 946 950 (616 -1528 335.2138976801872) (616 -1528 327.21389768018673) (976 -1528 327.21389768018673) (976 -1528 335.2138976801872) 
4 946 948 (616 -1496 335.2138976801872) (616 -1496 327.21389768018673) (616 -1528 327.21389768018673) (616 -1528 335.2138976801872) 
4 947 1003 (976 -1496 248) (976 -1528 248) (616 -1528 248) (616 -1496 248) 
4 947 949 (616 -1496 327.21389768018673) (616 -1496 248) (616 -1528 248) (616 -1528 327.21389768018673) 
4 948 951 (24 -656 335.2138976801872) (24 -656 327.21389768018673) (24 -1528 327.21389768018673) (24 -1528 335.2138976801872) 
4 948 950 (24 -1528 335.2138976801872) (24 -1528 327.21389768018673) (616 -1528 327.21389768018673) (616 -1528 335.2138976801872) 
4 949 1005 (24 -1528 248) (24 -1208 248) (600 -1208 248) (600 -1528 248) 
4 949 1000 (24 -1208 248) (24 -1200 248) (600 -1200 248) (600 -1208 248) 
4 949 991 (24 -1200 248) (24 -656 248) (616 -656 248) (616 -1200 248) 
4 950 1007 (24 -1784 248) (24 -1528 248) (616 -1528 248) (616 -1784 248) 
4 950 1004 (616 -1528 248) (1304 -1528 248) (1304 -1784 248) (616 -1784 248) 
4 950 953 (24 -1528 335.2138976801872) (24 -1528 248) (24 -1784 248) (24 -1784 335.2138976801872) 
4 951 1006 (24 -1208 248) (24 -1528 248) (-232 -1528 248) (-232 -1208 248) 
4 951 1001 (24 -1200 248) (24 -1208 248) (-232 -1208 248) (-232 -1200 248) 
4 951 992 (-232 -656 248) (24 -656 248) (24 -1200 248) (-232 -1200 248) 
4 951 954 (-232 -1528 336) (-232 -1528 248) (8 -1528 248) (8 -1528 336) 
4 951 953 (8 -1528 248) (24 -1528 248) (24 -1528 335.2138976801872) (8 -1528 335.2138976801872) 
4 951 952 (24 -1528 335.2138976801872) (24 -1528 336) (8 -1528 336) (8 -1528 335.2138976801872) 
4 952 954 (8 -1528 336) (8 -1528 335.2138976801872) (8 -1784 335.2138976801872) (8 -1784 336) 
4 952 953 (24 -1784 335.2138976801872) (8 -1784 335.2138976801872) (8 -1528 335.2138976801872) (24 -1528 335.2138976801872) 
4 953 1008 (8 -1528 248) (24 -1528 248) (24 -1784 248) (8 -1784 248) 
4 953 954 (8 -1528 335.2138976801872) (8 -1528 248) (8 -1784 248) (8 -1784 335.2138976801872) 
4 954 1009 (-232 -1528 248) (8 -1528 248) (8 -1784 248) (-232 -1784 248) 
4 955 993 (1296 -1200 248) (1072 -1200 248) (1072 -1200 136) (1296 -1200 136) 
4 955 990 (1072 -1200 136) (1072 -1200 199.9999999999999) (1072 -1192 199.9999999999999) (1072 -1192 136) 
4 955 988 (1072 -1168 199.9999999999999) (1072 -1160 199.9999999999999) (1072 -1160 136) (1072 -1168 136) 
4 955 986 (1072 -1136 199.9999999999999) (1072 -1128 199.9999999999999) (1072 -1128 136) (1072 -1136 136) 
4 955 984 (1072 -1104 199.9999999999999) (1072 -1096 199.9999999999999) (1072 -1096 136) (1072 -1104 136) 
4 955 982 (1072 -1072 199.9999999999999) (1072 -1064 199.9999999999999) (1072 -1064 136) (1072 -1072 136) 
4 955 980 (1072 -1040 199.9999999999999) (1072 -1032 199.9999999999999) (1072 -1032 136) (1072 -1040 136) 
4 955 978 (1072 -1008 199.9999999999999) (1072 -1000 199.9999999999999) (1072 -1000 136) (1072 -1008 136) 
4 955 976 (1072 -976 199.9999999999999) (1072 -968 199.9999999999999) (1072 -968 136) (1072 -976 136) 
4 955 974 (1072 -944 199.9999999999999) (1072 -936 199.9999999999999) (1072 -936 136) (1072 -944 136) 
4 955 972 (1072 -912 199.9999999999999) (1072 -904 199.9999999999999) (1072 -904 136) (1072 -912 136) 
4 955 970 (1072 -880 199.9999999999999) (1072 -872 199.9999999999999) (1072 -872 136) (1072 -880 136) 
4 955 968 (1072 -848 199.9999999999999) (1072 -840 199.9999999999999) (1072 -840 136) (1072 -848 136) 
4 955 966 (1072 -816 199.9999999999999) (1072 -808 199.9999999999999) (1072 -808 136) (1072 -816 136) 
4 955 964 (1072 -784 199.9999999999999) (1072 -776 199.9999999999999) (1072 -776 136) (1072 -784 136) 
4 955 962 (1072 -752 199.9999999999999) (1072 -744 199.9999999999999) (1072 -744 136) (1072 -752 136) 
4 955 960 (1072 -720 199.9999999999999) (1072 -712 199.9999999999999) (1072 -712 136) (1072 -720 136) 
4 955 958 (1072 -688 199.9999999999999) (1072 -680 199.9999999999999) (1072 -680 136) (1072 -688 136) 
4 955 956 (1072 -1200 199.9999999999999) (1072 -1200 248) (1072 -656 248) (1072 -656 199.9999999999999) 
4 956 990 (1072 -1192 199.99999999999972) (1072 -1200 199.99999999999972) (999.9999999999995 -1200 248) (999.9999999999995 -1192 248) 
4 956 988 (1072 -1160 199.99999999999972) (1072 -1168 199.99999999999972) (999.9999999999995 -1168 248) (999.9999999999995 -1160 248) 
4 956 986 (1072 -1128 199.99999999999972) (1072 -1136 199.99999999999972) (999.9999999999995 -1136 248) (999.9999999999995 -1128 248) 
4 956 984 (1072 -1096 199.99999999999972) (1072 -1104 199.99999999999972) (999.9999999999995 -1104 248) (999.9999999999995 -1096 248) 
4 956 982 (1072 -1064 199.99999999999972) (1072 -1072 199.99999999999972) (999.9999999999995 -1072 248) (999.9999999999995 -1064 248) 
4 956 980 (1072 -1032 199.99999999999972) (1072 -1040 199.99999999999972) (999.9999999999995 -1040 248) (999.9999999999995 -1032 248) 
4 956 978 (1072 -1000 199.99999999999972) (1072 -1008 199.99999999999972) (999.9999999999995 -1008 248) (999.9999999999995 -1000 248) 
4 956 976 (1072 -968 199.99999999999972) (1072 -976 199.99999999999972) (999.9999999999995 -976 248) (999.9999999999995 -968 248) 
4 956 974 (1072 -936 199.99999999999972) (1072 -944 199.99999999999972) (999.9999999999995 -944 248) (999.9999999999995 -936 248) 
4 956 972 (1072 -904 199.99999999999972) (1072 -912 199.99999999999972) (999.9999999999995 -912 248) (999.9999999999995 -904 248) 
4 956 970 (1072 -872 199.99999999999972) (1072 -880 199.99999999999972) (999.9999999999995 -880 248) (999.9999999999995 -872 248) 
4 956 968 (1072 -840 199.99999999999972) (1072 -848 199.99999999999972) (999.9999999999995 -848 248) (999.9999999999995 -840 248) 
4 956 966 (1072 -808 199.99999999999972) (1072 -816 199.99999999999972) (999.9999999999995 -816 248) (999.9999999999995 -808 248) 
4 956 964 (1072 -776 199.99999999999972) (1072 -784 199.99999999999972) (999.9999999999995 -784 248) (999.9999999999995 -776 248) 
4 956 962 (1072 -744 199.99999999999972) (1072 -752 199.99999999999972) (999.9999999999995 -752 248) (999.9999999999995 -744 248) 
4 956 960 (1072 -712 199.99999999999972) (1072 -720 199.99999999999972) (999.9999999999995 -720 248) (999.9999999999995 -712 248) 
4 956 958 (1072 -680 199.99999999999972) (1072 -688 199.99999999999972) (999.9999999999995 -688 248) (999.9999999999995 -680 248) 
4 957 991 (1048 -680 127.9999999999996) (928 -680 248) (927.9999999999999 -656 248) (1048 -656 127.99999999999957) 
4 957 958 (976.0000000000001 -680 248) (928 -680 248) (1048 -680 128) (1048 -680 199.99999999999994) 
4 958 1045 (1072 -680 112) (1072 -688 112) (1064.000000000001 -688 112) (1064.000000000001 -680 112) 
4 958 991 (1063.9999999999995 -680 112) (1063.9999999999995 -688 112) (928 -688 248) (928 -680 248) 
4 958 959 (976.0000000000001 -688 248) (928 -688 248) (1048 -688 128) (1048 -688 199.99999999999994) 
4 959 991 (1048 -712 127.9999999999996) (928 -712 248) (928 -688 248) (1048 -688 127.9999999999996) 
4 959 960 (976.0000000000001 -712 248) (928 -712 248) (1048 -712 128) (1048 -712 199.99999999999994) 
4 960 1045 (1072 -712 112) (1072 -720 112) (1064.0000000000007 -720 112) (1064.0000000000007 -712 112) 
4 960 991 (1063.9999999999995 -712 112) (1063.9999999999995 -720 112) (928 -720 248) (928 -712 248) 
4 960 961 (976.0000000000001 -720 248) (928 -720 248) (1048 -720 128) (1048 -720 199.99999999999994) 
4 961 991 (1048 -744 127.9999999999996) (928 -744 248) (928 -720 248) (1048 -720 127.9999999999996) 
4 961 962 (976.0000000000001 -744 248) (928 -744 248) (1048 -744 128) (1048 -744 199.99999999999994) 
4 962 1045 (1072 -744 112) (1072 -752 112) (1064.0000000000007 -752 112) (1064.0000000000007 -744 112) 
4 962 991 (1063.9999999999995 -744 112) (1063.9999999999995 -752 112) (928 -752 248) (928 -744 248) 
4 962 963 (976.0000000000001 -752 248) (928 -752 248) (1048 -752 128) (1048 -752 199.99999999999994) 
4 963 991 (1048 -776 127.9999999999996) (928 -776 248) (928 -752 248) (1048 -752 127.9999999999996) 
4 963 964 (976.0000000000001 -776 248) (928 -776 248) (1048 -776 128) (1048 -776 199.99999999999994) 
4 964 1045 (1072 -776 112) (1072 -784 112) (1064.0000000000007 -784 112) (1064.0000000000007 -776 112) 
4 964 991 (1063.9999999999995 -776 112) (1063.9999999999995 -784 112) (928 -784 248) (928 -776 248) 
4 964 965 (976.0000000000001 -784 248) (928 -784 248) (1048 -784 128) (1048 -784 199.99999999999994) 
4 965 991 (1048 -808 127.9999999999996) (928 -808 248) (928 -784 248) (1048 -784 127.9999999999996) 
4 965 966 (976.0000000000001 -808 248) (928 -808 248) (1048 -808 128) (1048 -808 199.99999999999994) 
4 966 1045 (1072 -808 112) (1072 -816 112) (1064.0000000000007 -816 112) (1064.0000000000007 -808 112) 
4 966 991 (1063.9999999999995 -808 112) (1063.9999999999995 -816 112) (928 -816 248) (928 -808 248) 
4 966 967 (976.0000000000001 -816 248) (928 -816 248) (1048 -816 128) (1048 -816 199.99999999999994) 
4 967 991 (1048 -840 127.9999999999996) (928 -840 248) (928 -816 248) (1048 -816 127.9999999999996) 
4 967 968 (976.0000000000001 -840 248) (928 -840 248) (1048 -840 128) (1048 -840 199.99999999999994) 
4 968 1045 (1072 -840 112) (1072 -848 112) (1064.0000000000005 -848 112) (1064.0000000000005 -840 112) 
4 968 991 (1063.9999999999995 -840 112) (1063.9999999999995 -848 112) (928 -848 248) (928 -840 248) 
4 968 969 (976.0000000000001 -848 248) (928 -848 248) (1048 -848 128) (1048 -848 199.99999999999994) 
4 969 991 (1048 -872 127.9999999999996) (928 -872 248) (928 -848 248) (1048 -848 127.9999999999996) 
4 969 970 (976.0000000000001 -872 248) (928 -872 248) (1048 -872 128) (1048 -872 199.99999999999994) 
4 970 1045 (1072 -872 112) (1072 -880 112) (1064.0000000000005 -880 112) (1064.0000000000005 -872 112) 
4 970 991 (1063.9999999999995 -872 112) (1063.9999999999995 -880 112) (928 -880 248) (928 -872 248) 
4 970 971 (976.0000000000001 -880 248) (928 -880 248) (1048 -880 128) (1048 -880 199.99999999999994) 
4 971 991 (1048 -904 127.9999999999996) (928 -904 248) (928 -880 248) (1048 -880 127.9999999999996) 
4 971 972 (976.0000000000001 -904 248) (928 -904 248) (1048 -904 128) (1048 -904 199.99999999999994) 
4 972 1045 (1072 -904 112) (1072 -912 112) (1064.0000000000005 -912 112) (1064.0000000000005 -904 112) 
4 972 991 (1063.9999999999995 -904 112) (1063.9999999999995 -912 112) (928 -912 248) (928 -904 248) 
4 972 973 (976.0000000000001 -912 248) (928 -912 248) (1048 -912 128) (1048 -912 199.99999999999994) 
4 973 991 (1048 -936 127.9999999999996) (928 -936 248) (928 -912 248) (1048 -912 127.9999999999996) 
4 973 974 (976.0000000000001 -936 248) (928 -936 248) (1048 -936 128) (1048 -936 199.99999999999994) 
4 974 1045 (1072 -936 112) (1072 -944 112) (1064.0000000000005 -944 112) (1064.0000000000005 -936 112) 
4 974 991 (1063.9999999999995 -936 112) (1063.9999999999995 -944 112) (928 -944 248) (928 -936 248) 
4 974 975 (976.0000000000001 -944 248) (928 -944 248) (1048 -944 128) (1048 -944 199.99999999999994) 
4 975 991 (1048 -968 127.9999999999996) (928 -968 248) (928 -944 248) (1048 -944 127.9999999999996) 
4 975 976 (976.0000000000001 -968 248) (928 -968 248) (1048 -968 128) (1048 -968 199.99999999999994) 
4 976 1045 (1072 -968 112) (1072 -976 112) (1064.0000000000005 -976 112) (1064.0000000000005 -968 112) 
4 976 991 (1063.9999999999995 -968 112) (1063.9999999999995 -976 112) (928 -976 248) (928 -968 248) 
4 976 977 (976.0000000000001 -976 248) (928 -976 248) (1048 -976 128) (1048 -976 199.99999999999994) 
4 977 991 (1048 -1000 127.9999999999996) (928 -1000 248) (928 -976 248) (1048 -976 127.9999999999996) 
4 977 978 (976.0000000000001 -1000 248) (928 -1000 248) (1048 -1000 128) (1048 -1000 199.99999999999994) 
4 978 1045 (1072 -1000 112) (1072 -1008 112) (1064.0000000000005 -1008 112) (1064.0000000000005 -1000 112) 
4 978 991 (1063.9999999999995 -1000 112) (1063.9999999999995 -1008 112) (928 -1008 248) (928 -1000 248) 
4 978 979 (976.0000000000001 -1008 248) (928 -1008 248) (1048 -1008 128) (1048 -1008 199.99999999999994) 
4 979 991 (1048 -1032 127.9999999999996) (928 -1032 248) (928 -1008 248) (1048 -1008 127.9999999999996) 
4 979 980 (976.0000000000001 -1032 248) (928 -1032 248) (1048 -1032 128) (1048 -1032 199.99999999999994) 
4 980 1045 (1072 -1032 112) (1072 -1040 112) (1064.0000000000005 -1040 112) (1064.0000000000005 -1032 112) 
4 980 991 (1063.9999999999995 -1032 112) (1063.9999999999995 -1040 112) (928 -1040 248) (928 -1032 248) 
4 980 981 (976.0000000000001 -1040 248) (928 -1040 248) (1048 -1040 128) (1048 -1040 199.99999999999994) 
4 981 991 (1048 -1064 127.9999999999996) (928 -1064 248) (928 -1040 248) (1048 -1040 127.9999999999996) 
4 981 982 (976.0000000000001 -1064 248) (928 -1064 248) (1048 -1064 128) (1048 -1064 199.99999999999994) 
4 982 1045 (1072 -1064 112) (1072 -1072 112) (1064.0000000000002 -1072 112) (1064.0000000000002 -1064 112) 
4 982 991 (1063.9999999999995 -1064 112) (1063.9999999999995 -1072 112) (928 -1072 248) (928 -1064 248) 
4 982 983 (976.0000000000001 -1072 248) (928 -1072 248) (1048 -1072 128) (1048 -1072 199.99999999999994) 
4 983 991 (1048 -1096 127.9999999999996) (928 -1096 248) (928 -1072 248) (1048 -1072 127.9999999999996) 
4 983 984 (976.0000000000001 -1096 248) (928 -1096 248) (1048 -1096 128) (1048 -1096 199.99999999999994) 
4 984 1045 (1072 -1096 112) (1072 -1104 112) (1064 -1104 112) (1064 -1096 112) 
4 984 991 (1063.9999999999995 -1096 112) (1063.9999999999995 -1104 112) (928 -1104 248) (928 -1096 248) 
4 984 985 (976.0000000000001 -1104 248) (928 -1104 248) (1048 -1104 128) (1048 -1104 199.99999999999994) 
4 985 991 (1048 -1128 127.9999999999996) (928 -1128 248) (928 -1104 248) (1048 -1104 127.9999999999996) 
4 985 986 (976.0000000000001 -1128 248) (928 -1128 248) (1048 -1128 128) (1048 -1128 199.99999999999994) 
4 986 1045 (1072 -1128 112) (1072 -1136 112) (1064 -1136 112) (1064 -1128 112) 
4 986 991 (1063.9999999999995 -1128 112) (1063.9999999999995 -1136 112) (928 -1136 248) (928 -1128 248) 
4 986 987 (976.0000000000001 -1136 248) (928 -1136 248) (1048 -1136 128) (1048 -1136 199.99999999999994) 
4 987 991 (1048 -1160 127.9999999999996) (928 -1160 248) (928 -1136 248) (1048 -1136 127.9999999999996) 
4 987 988 (976.0000000000001 -1160 248) (928 -1160 248) (1048 -1160 128) (1048 -1160 199.99999999999994) 
4 988 1045 (1072 -1160 112) (1072 -1168 112) (1064 -1168 112) (1064 -1160 112) 
4 988 991 (1063.9999999999995 -1160 112) (1063.9999999999995 -1168 112) (928 -1168 248) (928 -1160 248) 
4 988 989 (976.0000000000001 -1168 248) (928 -1168 248) (1048 -1168 128) (1048 -1168 199.99999999999994) 
4 989 991 (1048 -1192 127.9999999999996) (928 -1192 248) (928 -1168 248) (1048 -1168 127.9999999999996) 
4 989 990 (976.0000000000001 -1192 248) (928 -1192 248) (1048 -1192 128) (1048 -1192 199.99999999999994) 
4 990 1046 (1072 -1192 112) (1072 -1200 112) (1064 -1200 112) (1064 -1192 112) 
4 990 991 (1063.9999999999995 -1192 112) (1063.9999999999995 -1200 112) (928 -1200 248) (928 -1192 248) 
4 991 1101 (24 -656 112) (600 -656 112) (600 -1200 112) (24 -1200 112) 
4 991 1098 (600 -656 112) (616 -656 112) (616 -1200 112) (600 -1200 112) 
4 991 1046 (1064 -1176 112) (1064 -1200 112) (616 -1200 112) (616 -1176 112) 
4 991 1045 (616 -656 112) (1064.000000000001 -656 112) (1064 -1176 112) (616 -1176 112) 
4 991 1026 (24 -1200 112) (600 -1200 112) (600 -1200 136) (24 -1200 136) 
4 991 1000 (600 -1200 248) (24 -1200 248) (24 -1200 136) (600 -1200 136) 
4 991 999 (792 -1200 168) (792 -1200 144) (840 -1200 144) (840 -1200 168) 
4 991 998 (792 -1200 208) (792 -1200 176) (840 -1200 176) (840 -1200 208) 
4 991 997 (792 -1200 240) (792 -1200 216) (840 -1200 216) (840 -1200 240) 
4 991 996 (848 -1200 144) (896 -1200 144) (896 -1200 168) (848 -1200 168) 
4 991 995 (896 -1200 176) (896 -1200 208) (848 -1200 208) (848 -1200 176) 
4 991 994 (896 -1200 216) (896 -1200 240) (848 -1200 240) (848 -1200 216) 
4 992 1103 (-232 -656 112) (24 -656 112) (24 -1200 112) (-232 -1200 112) 
4 992 1027 (-232 -1200 112) (24 -1200 112) (24 -1200 136) (-232 -1200 136) 
4 992 1001 (24 -1200 136) (24 -1200 248) (-232 -1200 248) (-232 -1200 136) 
4 993 1002 (1072 -1208 136) (1296 -1208 136) (1296 -1208 248) (1072 -1208 248) 
4 994 1002 (896 -1208 216) (896 -1208 240) (848 -1208 240) (848 -1208 216) 
4 995 1002 (896 -1208 176) (896 -1208 208) (848 -1208 208) (848 -1208 176) 
4 996 1002 (896 -1208 144) (896 -1208 168) (848 -1208 168) (848 -1208 144) 
4 997 1002 (840 -1208 240) (792 -1208 240) (792 -1208 216) (840 -1208 216) 
4 998 1002 (792 -1208 208) (792 -1208 176) (840 -1208 176) (840 -1208 208) 
4 999 1002 (792 -1208 168) (792 -1208 144) (840 -1208 144) (840 -1208 168) 
4 1000 1026 (24 -1200 136) (600 -1200 136) (600 -1208 136) (24 -1208 136) 
4 1000 1005 (24 -1208 136) (600 -1208 136) (600 -1208 248) (24 -1208 248) 
4 1001 1027 (-232 -1200 136) (24 -1200 136) (24 -1208 136) (-232 -1208 136) 
4 1001 1006 (-232 -1208 136) (24 -1208 136) (24 -1208 248) (-232 -1208 248) 
4 1002 1020 (616 -1488 136) (616 -1480 136) (680 -1480 136) (680 -1488 136) 
4 1002 1019 (616 -1472 136) (616 -1464 136) (680 -1464 136) (680 -1472 136) 
4 1002 1018 (616 -1456 136) (616 -1448 136) (680 -1448 136) (680 -1456 136) 
4 1002 1017 (616 -1440 136) (616 -1432 136) (680 -1432 136) (680 -1440 136) 
4 1002 1016 (616 -1424 136) (616 -1416 136) (680 -1416 136) (680 -1424 136) 
4 1002 1015 (616 -1408 136) (616 -1400 136) (680 -1400 136) (680 -1408 136) 
4 1002 1014 (616 -1392 136) (616 -1384 136) (680 -1384 136) (680 -1392 136) 
4 1002 1013 (616 -1376 136) (616 -1368 136) (680 -1368 136) (680 -1376 136) 
4 1002 1012 (616 -1360 136) (616 -1352 136) (680 -1352 136) (680 -1360 136) 
4 1003 1021 (616 -1528 136) (616 -1496 136) (680 -1496 136) (680 -1528 136) 
4 1003 1010 (680 -1496 136) (1304 -1496 136) (1304 -1528 136) (680 -1528 136) 
4 1004 1022 (616 -1784 136) (616 -1528 136) (680 -1528 136) (680 -1784 136) 
4 1004 1011 (680 -1528 136) (1304 -1528 136) (1304 -1784 136) (680 -1784 136) 
4 1004 1007 (616 -1528 136) (616 -1784 136) (616 -1784 248) (616 -1528 248) 
4 1005 1026 (24 -1208 136) (600 -1208 136) (600 -1528 136) (24 -1528 136) 
4 1006 1027 (-232 -1208 136) (24 -1208 136) (24 -1528 136) (-232 -1528 136) 
4 1006 1009 (-232 -1528 136) (8 -1528 136) (8 -1528 248) (-232 -1528 248) 
4 1006 1008 (8 -1528 136) (24 -1528 136) (24 -1528 248) (8 -1528 248) 
4 1007 1028 (24 -1784 136) (24 -1528 136) (616 -1528 136) (616 -1784 136) 
4 1007 1008 (24 -1528 248) (24 -1528 136) (24 -1784 136) (24 -1784 248) 
4 1008 1029 (8 -1528 136) (24 -1528 136) (24 -1784 136) (8 -1784 136) 
4 1008 1009 (8 -1528 248) (8 -1528 136) (8 -1784 136) (8 -1784 248) 
4 1009 1030 (-232 -1528 136) (8 -1528 136) (8 -1784 136) (-232 -1784 136) 
4 1010 1089 (680 -1528 112) (680 -1512 112) (1296 -1512 112) (1296 -1528 112) 
4 1010 1075 (680 -1512 112) (680 -1496 112) (1296 -1496 112) (1296 -1512 112) 
4 1010 1043 (1304 -1512 112) (1304 -1528 112) (1296 -1528 112) (1296 -1512 112) 
4 1010 1041 (1296 -1496 112) (1304 -1496 112) (1304 -1512 112) (1296 -1512 112) 
4 1010 1024 (680 -1496 128) (680 -1496 112) (680 -1528 112) (680 -1528 128) 
4 1010 1021 (680 -1528 136) (680 -1496 136) (680 -1496 128) (680 -1528 128) 
4 1011 1090 (680 -1784 112) (680 -1528 112) (1296 -1528 112) (1296 -1784 112) 
4 1011 1044 (1296 -1528 112) (1304 -1528 112) (1304 -1784 112) (1296 -1784 112) 
4 1011 1025 (680 -1528 128) (680 -1528 112) (680 -1784 112) (680 -1784 128) 
4 1011 1022 (680 -1784 136) (680 -1528 136) (680 -1528 128) (680 -1784 128) 
4 1012 1023 (616 -1360 128) (616 -1352 128) (680 -1352 128) (680 -1360 128) 
4 1013 1023 (616 -1376 128) (616 -1368 128) (680 -1368 128) (680 -1376 128) 
4 1014 1023 (616 -1392 128) (616 -1384 128) (680 -1384 128) (680 -1392 128) 
4 1015 1023 (616 -1408 128) (616 -1400 128) (680 -1400 128) (680 -1408 128) 
4 1016 1023 (616 -1424 128) (616 -1416 128) (680 -1416 128) (680 -1424 128) 
4 1017 1023 (616 -1440 128) (616 -1432 128) (680 -1432 128) (680 -1440 128) 
4 1018 1023 (616 -1456 128) (616 -1448 128) (680 -1448 128) (680 -1456 128) 
4 1019 1023 (616 -1472 128) (616 -1464 128) (680 -1464 128) (680 -1472 128) 
4 1020 1023 (616 -1488 128) (616 -1480 128) (680 -1480 128) (680 -1488 128) 
4 1021 1024 (616 -1528 128) (616 -1496 128) (680 -1496 128) (680 -1528 128) 
4 1022 1028 (616 -1784 136) (616 -1528 136) (616 -1528 128) (616 -1784 128) 
4 1022 1025 (616 -1784 128) (616 -1528 128) (680 -1528 128) (680 -1784 128) 
4 1023 1066 (616 -1488 112) (616 -1424 112) (680 -1424 112) (680 -1488 112) 
4 1023 1064 (616 -1424 112) (616 -1376 112) (648 -1376 112) (648 -1424 112) 
4 1023 1063 (616 -1376 112) (616 -1272 112) (648 -1272 112) (648 -1376 112) 
4 1023 1062 (648 -1272 112) (680 -1272 112) (680 -1424 112) (648 -1424 112) 
4 1023 1049 (616 -1272 112) (616 -1208 112) (680 -1208 112) (680 -1272 112) 
4 1024 1089 (616 -1528 112) (616 -1512 112) (680 -1512 112) (680 -1528 112) 
4 1024 1075 (616 -1512 112) (616 -1496 112) (680 -1496 112) (680 -1512 112) 
4 1025 1090 (616 -1784 112) (616 -1528 112) (680 -1528 112) (680 -1784 112) 
4 1025 1028 (616 -1784 128) (616 -1528 128) (616 -1528 112) (616 -1784 112) 
4 1026 1101 (24 -1200 112) (600 -1200 112) (600 -1528 112) (24 -1528 112) 
4 1027 1103 (-232 -1200 112) (24 -1200 112) (24 -1528 112) (-232 -1528 112) 
4 1027 1030 (-232 -1528 112) (8 -1528 112) (8 -1528 136) (-232 -1528 136) 
4 1027 1029 (8 -1528 112) (24 -1528 112) (24 -1528 136) (8 -1528 136) 
4 1028 1102 (24 -1784 112) (24 -1528 112) (600 -1528 112) (600 -1784 112) 
4 1028 1100 (600 -1528 112) (616 -1528 112) (616 -1784 112) (600 -1784 112) 
4 1028 1029 (24 -1528 136) (24 -1528 112) (24 -1784 112) (24 -1784 136) 
4 1029 1104 (8 -1528 112) (24 -1528 112) (24 -1784 112) (8 -1784 112) 
4 1029 1030 (8 -1528 136) (8 -1528 112) (8 -1784 112) (8 -1784 136) 
4 1030 1105 (-232 -1528 112) (8 -1528 112) (8 -1784 112) (-232 -1784 112) 
4 1031 1091 (1296 -656 -568) (1296 -1176 -568) (1296 -1176 -464) (1296 -656 -464) 
4 1031 1045 (1296 -1176 -464) (1296 -1176 112) (1296 -656 112) (1296 -656 -464) 
4 1031 1032 (1296 -1176 112) (1296 -1176 -256) (1304 -1176 -256) (1304 -1176 112) 
4 1032 1046 (1296 -1184 -256) (1296 -1184 112) (1296 -1176 112) (1296 -1176 -256) 
4 1032 1033 (1296 -1184 112) (1296 -1184 -256) (1304 -1184 -256) (1304 -1184 112) 
4 1033 1046 (1296 -1200 -256) (1296 -1200 112) (1296 -1184 112) (1296 -1184 -256) 
4 1034 1093 (1296 -1184 -568) (1296 -1200 -568) (1296 -1200 -480) (1296 -1184 -479.99999999999994) 
3 1034 1092 (1296 -1200 -480) (1296 -1200 -463.9999999999998) (1296 -1184 -479.99999999999994) 
4 1034 1035 (1296 -1200 -463.9999999999998) (1296 -1200 -568) (1304 -1200 -568) (1304 -1200 -463.9999999999998) 
4 1035 1093 (1296 -1200 -568) (1296 -1208 -568) (1296 -1208 -480) (1296 -1200 -480) 
4 1035 1092 (1296 -1208 -480) (1296 -1208 -464) (1296 -1200 -464) (1296 -1200 -480) 
4 1035 1047 (1296 -1208 -464) (1296 -1208 -256) (1296 -1200 -256) (1296 -1200 -464) 
4 1035 1039 (1296 -1208 -256) (1296 -1208 -568) (1304 -1208 -568) (1304 -1208 -256) 
4 1036 1068 (1296 -1480 24) (1296 -1432 24) (1296 -1432 0) (1296 -1480 0) 
4 1036 1067 (1296 -1432 24) (1296 -1424 24) (1296 -1424 0) (1296 -1432 0) 
4 1036 1053 (1296 -1424 24) (1296 -1272 24) (1296 -1272 0) (1296 -1424 0) 
4 1036 1048 (1296 -1272 24) (1296 -1216 24) (1296 -1216 0) (1296 -1272 0) 
4 1037 1068 (1296 -1488 -120) (1296 -1488 -8) (1296 -1432 -8) (1296 -1432 -120) 
4 1037 1059 (1296 -1272 -96) (1296 -1272 -104) (1296 -1424 -104) (1296 -1424 -96) 
4 1037 1058 (1296 -1272 -80) (1296 -1272 -88) (1296 -1424 -88) (1296 -1424 -80) 
4 1037 1057 (1296 -1272 -64) (1296 -1272 -72) (1296 -1424 -72) (1296 -1424 -64) 
4 1037 1056 (1296 -1272 -48) (1296 -1272 -56) (1296 -1424 -56) (1296 -1424 -48) 
4 1037 1055 (1296 -1272 -32) (1296 -1272 -40) (1296 -1424 -40) (1296 -1424 -32) 
4 1037 1054 (1296 -1272 -16) (1296 -1272 -24) (1296 -1424 -24) (1296 -1424 -16) 
4 1037 1050 (1296 -1264 -8) (1296 -1208 -8) (1296 -1208 -120) (1296 -1264 -120) 
4 1038 1069 (1296 -1480 -128) (1296 -1424 -128) (1296 -1424 -168) (1296 -1480 -168) 
4 1038 1060 (1296 -1424 -128) (1296 -1272 -128) (1296 -1272 -168) (1296 -1424 -168) 
4 1038 1052 (1296 -1272 -128) (1296 -1216 -128) (1296 -1216 -168) (1296 -1272 -168) 
4 1039 1093 (1296 -1208 -568) (1296 -1488 -568) (1296 -1488 -480) (1296 -1208 -480) 
4 1039 1092 (1296 -1488 -480) (1296 -1488 -464) (1296 -1208 -464) (1296 -1208 -480) 
4 1039 1085 (1296 -1488 -464) (1296 -1488 -432) (1296 -1472 -432) (1296 -1472 -464) 
4 1039 1084 (1296 -1472 -432) (1296 -1424 -432) (1296 -1424 -464) (1296 -1472 -464) 
4 1039 1070 (1296 -1488 -432) (1296 -1488 -248) (1296 -1480 -248) (1296 -1480 -432) 
4 1039 1069 (1296 -1480 -176) (1296 -1424 -176) (1296 -1424 -432) (1296 -1480 -432) 
4 1039 1060 (1296 -1424 -176) (1296 -1272 -176) (1296 -1272 -464) (1296 -1424 -464) 
4 1039 1052 (1296 -1272 -176) (1296 -1208 -176) (1296 -1208 -464) (1296 -1272 -464) 
4 1039 1040 (1296 -1488 -256) (1296 -1488 -568) (1304 -1488 -568) (1304 -1488 -256) 
4 1040 1093 (1296 -1488 -568) (1296 -1496 -568) (1296 -1496 -480) (1296 -1488 -480) 
4 1040 1092 (1296 -1496 -480) (1296 -1496 -464) (1296 -1488 -464) (1296 -1488 -480) 
4 1040 1085 (1296 -1496 -464) (1296 -1496 -432) (1296 -1488 -432) (1296 -1488 -464) 
4 1040 1076 (1296 -1496 -432) (1296 -1496 -256) (1296 -1488 -256) (1296 -1488 -432) 
4 1040 1042 (1296 -1496 -304) (1296 -1496 -568) (1304 -1496 -568) (1304 -1496 -304) 
4 1041 1078 (1296 -1512 -256) (1296 -1512 32) (1296 -1496 32) (1296 -1496 -256) 
4 1041 1075 (1296 -1512 32) (1296 -1512 112) (1296 -1496 112) (1296 -1496 32) 
4 1041 1043 (1296 -1512 112) (1296 -1512 -256) (1304 -1512 -256) (1304 -1512 112) 
4 1042 1093 (1296 -1496 -568) (1296 -1512 -568) (1296 -1512 -480) (1296 -1496 -480) 
4 1042 1092 (1296 -1512 -480) (1296 -1512 -464) (1296 -1496 -464) (1296 -1496 -480) 
4 1042 1085 (1296 -1512 -464) (1296 -1512 -432) (1296 -1496 -432) (1296 -1496 -464) 
4 1042 1079 (1296 -1512 -432) (1296 -1512 -304) (1296 -1496 -304) (1296 -1496 -432) 
4 1043 1089 (1296 -1528 -288) (1296 -1528 112) (1296 -1512 112) (1296 -1512 -288) 
4 1044 1109 (1296 -1784 -568) (1296 -1528 -568) (1304 -1528 -568) (1304 -1784 -568) 
4 1044 1097 (1296 -1528 -568) (1296 -1784 -568) (1296 -1784 -464) (1296 -1528 -464) 
4 1044 1090 (1296 -1784 -464) (1296 -1784 112) (1296 -1528 112) (1296 -1528 -464) 
4 1045 1099 (616 -656 -384) (616 -656 -392) (616 -1176 -392) (616 -1176 -384) 
4 1045 1098 (616 -1176 112) (616 -656 112) (616 -656 40) (616 -1176 40) 
4 1045 1091 (616 -1176 -464) (616 -656 -464) (1296 -656 -464) (1296 -1176 -464) 
4 1045 1046 (616 -1176 112) (616 -1176 -256) (1296 -1176 -256) (1296 -1176 112) 
4 1046 1098 (616 -1200 112) (616 -1176 112) (616 -1176 40) (616 -1200 40) 
4 1047 1099 (616 -1200 -384) (616 -1200 -392) (616 -1208 -392) (616 -1208 -384) 
4 1047 1094 (616 -1208 -464) (616 -1200 -464) (680 -1200 -464) (680 -1208 -464) 
4 1047 1092 (688 -1200 -464) (1296 -1200 -464) (1296 -1208 -464) (688 -1208 -464) 
4 1047 1052 (616 -1208 -256) (616 -1208 -464) (1296 -1208 -464) (1296 -1208 -256) 
4 1048 1061 (680 -1272 0) (1288 -1272 0) (1288 -1272 32) (680 -1272 32) 
4 1048 1053 (1288 -1272 0) (1296 -1272 0) (1296 -1272 32) (1288 -1272 32) 
4 1048 1051 (1288 -1272 0) (680 -1272 0) (680 -1208 0) (1288 -1208 0) 
4 1048 1050 (1288 -1264 0) (1288 -1208 0) (1296 -1208 0) (1296 -1264 0) 
4 1048 1049 (680 -1208 32) (680 -1208 0) (680 -1272 0) (680 -1272 32) 
4 1049 1063 (616 -1272 112) (616 -1272 0) (648 -1272 0) (648 -1272 112) 
4 1049 1062 (648 -1272 0) (680 -1272 0) (680 -1272 112) (648 -1272 112) 
4 1049 1051 (680 -1272 0) (616 -1272 0) (616 -1208 0) (680 -1208 0) 
4 1050 1051 (1288 -1208 -120) (1288 -1264 -120) (1288 -1264 0) (1288 -1208 0) 
4 1051 1063 (616 -1272 0) (616 -1272 -120) (648 -1272 -120) (648 -1272 0) 
4 1051 1062 (648 -1272 -120) (680 -1272 -120) (680 -1272 0) (648 -1272 0) 
4 1051 1061 (680 -1272 -120) (1288 -1272 -120) (1288 -1272 0) (680 -1272 0) 
4 1052 1099 (616 -1208 -384) (616 -1208 -392) (616 -1272 -392) (616 -1272 -384) 
4 1052 1094 (616 -1272 -464) (616 -1208 -464) (680 -1208 -464) (680 -1272 -464) 
4 1052 1092 (688 -1208 -464) (1296 -1208 -464) (1296 -1272 -464) (688 -1272 -464) 
4 1052 1063 (616 -1272 -128) (616 -1272 -464) (648 -1272 -464) (648 -1272 -128) 
4 1052 1062 (648 -1272 -464) (680 -1272 -464) (680 -1272 -128) (648 -1272 -128) 
4 1052 1061 (680 -1272 -464) (1288 -1272 -464) (1288 -1272 -128) (680 -1272 -128) 
4 1052 1060 (1288 -1272 -464) (1296 -1272 -464) (1296 -1272 -128) (1288 -1272 -128) 
4 1053 1067 (1296 -1424 0) (1296 -1424 32) (1288 -1424 32) (1288 -1424 0) 
4 1053 1061 (1288 -1272 32) (1288 -1272 0) (1288 -1424 0) (1288 -1424 32) 
4 1054 1061 (1288 -1272 -16) (1288 -1272 -24) (1288 -1424 -24) (1288 -1424 -16) 
4 1055 1061 (1288 -1272 -32) (1288 -1272 -40) (1288 -1424 -40) (1288 -1424 -32) 
4 1056 1061 (1288 -1272 -48) (1288 -1272 -56) (1288 -1424 -56) (1288 -1424 -48) 
4 1057 1061 (1288 -1272 -64) (1288 -1272 -72) (1288 -1424 -72) (1288 -1424 -64) 
4 1058 1061 (1288 -1272 -80) (1288 -1272 -88) (1288 -1424 -88) (1288 -1424 -80) 
4 1059 1061 (1288 -1272 -96) (1288 -1272 -104) (1288 -1424 -104) (1288 -1424 -96) 
4 1060 1092 (1288 -1272 -464) (1296 -1272 -464) (1296 -1424 -464) (1288 -1424 -464) 
4 1060 1084 (1288 -1424 -464) (1296 -1424 -464) (1296 -1424 -432) (1288 -1424 -432) 
4 1060 1069 (1296 -1424 -432) (1296 -1424 -128) (1288 -1424 -128) (1288 -1424 -432) 
4 1060 1061 (1288 -1272 -120) (1288 -1272 -464) (1288 -1424 -464) (1288 -1424 -120) 
4 1061 1092 (688 -1272 -464) (1288 -1272 -464) (1288 -1424 -464) (688 -1424 -464) 
4 1061 1084 (680 -1424 -464) (1288 -1424 -464) (1288 -1424 -432) (680 -1424 -432) 
4 1061 1074 (1256 -1424 -128) (680 -1424 -128) (680 -1424 -432) (1256 -1424 -432) 
4 1061 1073 (1288 -1424 -432) (1288 -1424 -128) (1256 -1424 -128) (1256 -1424 -432) 
4 1061 1072 (1256 -1424 32) (680 -1424 32) (680 -1424 -120) (1256 -1424 -120) 
4 1061 1071 (1288 -1424 -120) (1288 -1424 32) (1256 -1424 32) (1256 -1424 -120) 
4 1061 1062 (680 -1272 32) (680 -1272 -464) (680 -1424 -464) (680 -1424 32) 
4 1062 1095 (680 -1376 -464) (680 -1424 -464) (648 -1424 -464) (648 -1376 -464) 
4 1062 1094 (648 -1272 -464) (680 -1272 -464) (680 -1376 -464) (648 -1376 -464) 
4 1062 1084 (648 -1424 -464) (680 -1424 -464) (680 -1424 -432) (648 -1424 -432) 
4 1062 1074 (680 -1424 -432) (680 -1424 -128) (648 -1424 -128) (648 -1424 -432) 
4 1062 1072 (680 -1424 -120) (680 -1424 32) (648 -1424 32) (648 -1424 -120) 
4 1062 1066 (680 -1424 32) (680 -1424 112) (648 -1424 112) (648 -1424 32) 
3 1062 1065 (648 -1392 -432) (648 -1376 -432) (648 -1376 -448.00000000000017) 
4 1062 1064 (648 -1424 -432) (648 -1424 112) (648 -1376 112) (648 -1376 -432) 
4 1062 1063 (648 -1272 112) (648 -1272 -464) (648 -1376 -464) (648 -1376 112) 
4 1063 1099 (616 -1272 -384) (616 -1272 -392) (616 -1376 -392) (616 -1376 -384) 
4 1063 1094 (616 -1376 -464) (616 -1272 -464) (648 -1272 -464) (648 -1376 -464) 
4 1063 1065 (616 -1376 -432) (616 -1376 -448.00000000000017) (648 -1376 -448.00000000000017) (648 -1376 -432) 
4 1063 1064 (616 -1376 112) (616 -1376 -432) (648 -1376 -432) (648 -1376 112) 
4 1064 1099 (616 -1376 -384) (616 -1376 -392) (616 -1424 -392) (616 -1424 -384) 
4 1064 1074 (616 -1424 -128) (616 -1424 -432) (648 -1424 -432) (648 -1424 -128) 
4 1064 1072 (616 -1424 32) (616 -1424 -120) (648 -1424 -120) (648 -1424 32) 
4 1064 1066 (616 -1424 112) (616 -1424 32) (648 -1424 32) (648 -1424 112) 
4 1064 1065 (616 -1376 -432) (648 -1376 -432) (648 -1392 -432) (616 -1392 -432) 
4 1066 1072 (680 -1488 32) (616 -1488 32) (616 -1424 32) (680 -1424 32) 
4 1067 1071 (1288 -1432 32) (1288 -1424 32) (1288 -1424 0) (1288 -1432 0) 
4 1067 1068 (1288 -1432 32) (1288 -1432 0) (1296 -1432 0) (1296 -1432 32) 
4 1068 1071 (1288 -1472 32) (1288 -1432 32) (1288 -1432 -120) (1288 -1472 -120) 
4 1069 1085 (1296 -1472 -432) (1296 -1480 -432) (1288 -1480 -432) (1288 -1472 -432) 
4 1069 1084 (1288 -1424 -432) (1296 -1424 -432) (1296 -1472 -432) (1288 -1472 -432) 
4 1069 1073 (1288 -1424 -432) (1288 -1472 -432) (1288 -1472 -128) (1288 -1424 -128) 
4 1069 1070 (1288 -1480 -248) (1288 -1480 -432) (1296 -1480 -432) (1296 -1480 -248) 
4 1070 1085 (1296 -1480 -432) (1296 -1488 -432) (1288 -1488 -432) (1288 -1480 -432) 
4 1070 1076 (1288 -1488 -432) (1296 -1488 -432) (1296 -1488 -256) (1288 -1488 -256) 
4 1071 1072 (1256 -1472 32) (1256 -1424 32) (1256 -1424 -120) (1256 -1472 -120) 
4 1073 1084 (1256 -1424 -432) (1288 -1424 -432) (1288 -1472 -432) (1256 -1472 -432) 
4 1073 1074 (1256 -1424 -432) (1256 -1472 -432) (1256 -1472 -128) (1256 -1424 -128) 
4 1074 1099 (616 -1424 -384) (616 -1424 -392) (616 -1488 -392) (616 -1488 -384) 
4 1074 1084 (648 -1424 -432) (1256 -1424 -432) (1256 -1472 -432) (648 -1472 -432) 
4 1074 1077 (616 -1488 -256) (616 -1488 -432) (1256 -1488 -432) (1256 -1488 -256) 
4 1075 1089 (616 -1512 112) (616 -1512 32) (1296 -1512 32) (1296 -1512 112) 
4 1075 1082 (1256 -1512 32) (616 -1512 32) (616 -1496 32) (1256 -1496 32) 
4 1075 1080 (1288 -1512 32) (1256 -1512 32) (1256 -1504 32) (1288 -1504 32) 
4 1075 1078 (1296 -1512 32) (1288 -1512 32) (1288 -1496 32) (1296 -1496 32) 
4 1076 1085 (1288 -1488 -432) (1296 -1488 -432) (1296 -1496 -432) (1288 -1496 -432) 
4 1076 1079 (1288 -1496 -432) (1296 -1496 -432) (1296 -1496 -304) (1288 -1496 -304) 
4 1077 1099 (616 -1488 -384) (616 -1488 -392) (616 -1496 -392) (616 -1496 -384) 
3 1077 1087 (616 -1496 -432) (616 -1488 -432) (624 -1496 -432) 
4 1077 1083 (616 -1496 -432) (1256 -1496 -432) (1256 -1496 -304) (616 -1496 -304) 
4 1078 1089 (1296 -1512 -256) (1296 -1512 32) (1288 -1512 32) (1288 -1512 -256) 
4 1078 1080 (1288 -1504 -256) (1288 -1512 -256) (1288 -1512 32) (1288 -1504 32) 
4 1079 1085 (1296 -1512 -432) (1288 -1512 -432) (1288 -1496 -432) (1296 -1496 -432) 
4 1079 1081 (1288 -1504 -432) (1288 -1512 -432) (1288 -1512 -304) (1288 -1504 -304) 
4 1080 1089 (1288 -1512 -256) (1288 -1512 32) (1256 -1512 32) (1256 -1512 -256) 
4 1080 1082 (1256 -1512 -256) (1256 -1512 32) (1256 -1504 32) (1256 -1504 -256) 
4 1081 1088 (1288 -1512 -432) (1256 -1512 -432) (1256 -1504 -432) (1288 -1504 -432) 
4 1081 1083 (1256 -1504 -432) (1256 -1512 -432) (1256 -1512 -304) (1256 -1504 -304) 
4 1082 1089 (616 -1512 32) (616 -1512 -256) (1256 -1512 -256) (1256 -1512 32) 
4 1083 1099 (616 -1512 -392) (616 -1512 -384) (616 -1496 -384) (616 -1496 -392) 
4 1083 1088 (1256 -1512 -432) (616 -1512 -432) (616 -1504 -432) (1256 -1504 -432) 
4 1083 1087 (616 -1504 -432) (616 -1496 -432) (624.0000000000001 -1496 -432) (632.0000000000001 -1504 -432) 
4 1084 1095 (648 -1424 -464) (680 -1424 -464) (680 -1472 -464) (648 -1472 -464) 
4 1084 1092 (688 -1424 -464) (1296 -1424 -464) (1296 -1472 -464) (688 -1472 -464) 
3 1084 1086 (1272 -1472 -464) (1288 -1472 -464) (1288 -1472 -448) 
4 1084 1085 (1288 -1472 -464) (1296 -1472 -464) (1296 -1472 -432) (1288 -1472 -432) 
4 1085 1092 (1288 -1472 -464) (1296 -1472 -464) (1296 -1512 -464) (1288 -1512 -464) 
4 1085 1088 (1288 -1504 -464) (1288 -1512 -464) (1288 -1512 -432) (1288 -1504 -432) 
4 1085 1086 (1288 -1472 -448) (1288 -1472 -464) (1288 -1504 -464) (1288 -1504 -448) 
4 1086 1092 (1272 -1472 -464) (1288 -1472 -464) (1288 -1504 -464) (1271.9999999999998 -1504 -464) 
3 1086 1088 (1272 -1504 -464) (1288 -1504 -464) (1288 -1504 -448) 
3 1087 1096 (616 -1504 -464) (616 -1487.9999999999998 -464) (632.0000000000001 -1504 -464) 
4 1087 1088 (616 -1504 -464) (632.0000000000001 -1504 -464) (632.0000000000001 -1504 -432) (616 -1504 -432) 
4 1088 1096 (616 -1512 -464) (616 -1504 -464) (648 -1504 -464) (648 -1512 -464) 
4 1088 1095 (648 -1504 -464) (680 -1504 -464) (680 -1512 -464) (648 -1512 -464) 
4 1088 1092 (688 -1504 -464) (1288 -1504 -464) (1288 -1512 -464) (688 -1512 -464) 
4 1090 1100 (616 -1784 112) (616 -1528 112) (616 -1528 -464) (616 -1784 -464) 
4 1090 1097 (616 -1784 -464) (616 -1528 -464) (1296 -1528 -464) (1296 -1784 -464) 
4 1091 1114 (616 -1168 -568) (616 -664 -568) (976 -664 -568) (976 -1168 -568) 
4 1091 1113 (1120 -1168 -568) (976 -1168 -568) (976 -664 -568) (1120 -664 -568) 
4 1092 1093 (1296 -1512 -480) (688 -1512 -480) (688 -1184 -480) (1296 -1184 -480) 
4 1093 1095 (680 -1376 -568) (680 -1512 -568) (680 -1512 -480) (680 -1376 -480) 
4 1093 1094 (680 -1184 -480) (680 -1184 -568) (680 -1376 -568) (680 -1376 -480) 
4 1094 1095 (680 -1376 -568) (680 -1376 -464) (648 -1376 -464) (648 -1376 -568) 
4 1095 1096 (648 -1416 -568) (648 -1512 -568) (648 -1512 -464) (648 -1416 -464) 
4 1097 1119 (616 -1784 -568) (616 -1528 -568) (1240 -1528 -568) (1240 -1784 -568) 
4 1097 1109 (1240 -1528 -568) (1296 -1528 -568) (1296 -1784 -568) (1240 -1784 -568) 
4 1097 1100 (616 -1528 -568) (616 -1784 -568) (616 -1784 -464) (616 -1528 -464) 
4 1098 1101 (600 -1200 112) (600 -656 112) (600 -656 40) (600 -1200 40) 
4 1100 1119 (600 -1784 -568) (600 -1528 -568) (616 -1528 -568) (616 -1784 -568) 
4 1100 1102 (600 -1528 -568) (600 -1784 -568) (600 -1784 112) (600 -1528 112) 
4 1101 1117 (24 -1528 -568) (24 -1168 -568) (600 -1168 -568) (600 -1528 -568) 
4 1101 1115 (24 -1168 -568) (24 -656 -568) (600 -656 -568) (600 -1168 -568) 
4 1102 1119 (24 -1784 -568) (24 -1528 -568) (600 -1528 -568) (600 -1784 -568) 
4 1102 1104 (24 -1528 -568) (24 -1784 -568) (24 -1784 112) (24 -1528 112) 
4 1103 1118 (24 -1168 -568) (24 -1528 -568) (-232 -1528 -568) (-232 -1168 -568) 
4 1103 1116 (-232 -656 -568) (24 -656 -568) (24 -1168 -568) (-232 -1168 -568) 
4 1103 1105 (-232 -1528 -568) (8 -1528 -568) (8 -1528 112) (-232 -1528 112) 
4 1103 1104 (8 -1528 -568) (24 -1528 -568) (24 -1528 112) (8 -1528 112) 
4 1104 1120 (8 -1528 -568) (24 -1528 -568) (24 -1784 -568) (8 -1784 -568) 
4 1104 1105 (8 -1528 112) (8 -1528 -568) (8 -1784 -568) (8 -1784 112) 
4 1105 1121 (-232 -1528 -568) (8 -1528 -568) (8 -1784 -568) (-232 -1784 -568) 
4 1107 1122 (1240 -656 -712) (1240 -656 -784) (1240 -664 -784) (1240 -664 -712) 
4 1107 1108 (1240 -664 -784) (1248 -664 -784) (1248 -664 -712) (1240 -664 -712) 
4 1108 1127 (1240 -664 -784) (1240 -1168 -784) (1240 -1168 -656) (1240 -664 -656) 
4 1109 1132 (1240 -1528 -576) (1240 -1528 -872) (1240 -1784 -872) (1240 -1784 -576) 
4 1109 1119 (1240 -1784 -568) (1240 -1528 -568) (1240 -1528 -576) (1240 -1784 -576) 
4 1109 1111 (1240 -1784 -872) (1240 -1528 -872) (1304 -1528 -872) (1304 -1784 -872) 
4 1110 1135 (1240 -656 -888) (1240 -656 -1136) (1240 -1528 -1136) (1240 -1528 -888) 
4 1111 1138 (1240 -1784 -872) (1240 -1528 -872) (1240 -1528 -1136) (1240 -1784 -1136) 
4 1111 1112 (1240 -1784 -1136) (1240 -1528 -1136) (1304 -1528 -1136) (1304 -1784 -1136) 
4 1112 1141 (1240 -1784 -1144) (1240 -1784 -1136) (1240 -656 -1136) (1240 -656 -1144) 
4 1113 1127 (1120 -1168 -576) (976 -1168 -576) (976 -664 -576) (1120 -664 -576) 
4 1113 1114 (976 -664 -576) (976 -1168 -576) (976 -1168 -568) (976 -664 -568) 
4 1114 1127 (976 -664 -576) (976 -1168 -576) (616 -1168 -576) (616 -664 -576) 
4 1115 1128 (24 -656 -576) (600 -656 -576) (600 -1168 -576) (24 -1168 -576) 
4 1115 1117 (24 -1168 -576) (600 -1168 -576) (600 -1168 -568) (24 -1168 -568) 
4 1116 1129 (-232 -656 -576) (24 -656 -576) (24 -1168 -576) (-232 -1168 -576) 
4 1116 1118 (-232 -1168 -576) (24 -1168 -576) (24 -1168 -568) (-232 -1168 -568) 
4 1117 1130 (24 -1168 -576) (600 -1168 -576) (600 -1528 -576) (24 -1528 -576) 
4 1118 1131 (-232 -1168 -576) (24 -1168 -576) (24 -1528 -576) (-232 -1528 -576) 
4 1118 1121 (-232 -1528 -576) (8 -1528 -576) (8 -1528 -568) (-232 -1528 -568) 
4 1118 1120 (8 -1528 -576) (24 -1528 -576) (24 -1528 -568) (8 -1528 -568) 
4 1119 1132 (24 -1784 -576) (24 -1528 -576) (1240 -1528 -576) (1240 -1784 -576) 
4 1119 1120 (24 -1528 -568) (24 -1528 -576) (24 -1784 -576) (24 -1784 -568) 
4 1120 1133 (8 -1528 -576) (24 -1528 -576) (24 -1784 -576) (8 -1784 -576) 
4 1120 1121 (8 -1528 -568) (8 -1528 -576) (8 -1784 -576) (8 -1784 -568) 
4 1121 1134 (-232 -1528 -576) (8 -1528 -576) (8 -1784 -576) (-232 -1784 -576) 
4 1122 1127 (984 -664 -872) (1240 -664 -872) (1240 -664 -712) (984 -664 -712) 
4 1123 1127 (616 -664 -712) (616 -664 -872) (968 -664 -872) (968 -664 -712) 
4 1124 1126 (1144.0000000000005 -1160 -576) (1144.0000000000005 -920 -576) (1240 -920 -627.1999999999997) (1240 -1160 -627.1999999999998) 
4 1124 1125 (1144.0000000000005 -912 -576) (1144.0000000000007 -672 -576) (1240 -672 -627.1999999999996) (1240 -912 -627.1999999999997) 
4 1125 1127 (1136.0000000000005 -912 -576) (1136.0000000000002 -672 -576) (1240 -672 -631.4666666666666) (1240 -912 -631.4666666666665) 
4 1126 1127 (1136.0000000000005 -1160 -576) (1136.0000000000005 -920 -576) (1240 -920 -631.4666666666665) (1240 -1160 -631.4666666666665) 
4 1128 1136 (24 -656 -872) (600 -656 -872) (600 -1168 -872) (24 -1168 -872) 
4 1128 1130 (24 -1168 -872) (600 -1168 -872) (600 -1168 -576) (24 -1168 -576) 
4 1129 1137 (-232 -656 -872) (24 -656 -872) (24 -1168 -872) (-232 -1168 -872) 
4 1129 1131 (-232 -1168 -872) (24 -1168 -872) (24 -1168 -576) (-232 -1168 -576) 
4 1130 1136 (24 -1168 -872) (600 -1168 -872) (600 -1528 -872) (24 -1528 -872) 
4 1131 1137 (-232 -1168 -872) (24 -1168 -872) (24 -1528 -872) (-232 -1528 -872) 
4 1131 1134 (-232 -1528 -872) (8 -1528 -872) (8 -1528 -576) (-232 -1528 -576) 
4 1131 1133 (8 -1528 -872) (24 -1528 -872) (24 -1528 -576) (8 -1528 -576) 
4 1132 1138 (24 -1784 -872) (24 -1528 -872) (1240 -1528 -872) (1240 -1784 -872) 
4 1132 1133 (24 -1528 -576) (24 -1528 -872) (24 -1784 -872) (24 -1784 -576) 
4 1133 1139 (8 -1528 -872) (24 -1528 -872) (24 -1784 -872) (8 -1784 -872) 
4 1133 1134 (8 -1528 -576) (8 -1528 -872) (8 -1784 -872) (8 -1784 -576) 
4 1134 1140 (-232 -1528 -872) (8 -1528 -872) (8 -1784 -872) (-232 -1784 -872) 
4 1135 1136 (600 -656 -1136) (600 -1528 -1136) (600 -1528 -888) (600 -656 -888) 
4 1137 1141 (-232 -656 -1136) (24 -656 -1136) (24 -1528 -1136) (-232 -1528 -1136) 
4 1137 1140 (-232 -1528 -1136) (8 -1528 -1136) (8 -1528 -872) (-232 -1528 -872) 
4 1137 1139 (8 -1528 -1136) (24 -1528 -1136) (24 -1528 -872) (8 -1528 -872) 
4 1138 1141 (24 -1784 -1136) (24 -1528 -1136) (1240 -1528 -1136) (1240 -1784 -1136) 
4 1138 1139 (24 -1528 -872) (24 -1528 -1136) (24 -1784 -1136) (24 -1784 -872) 
4 1139 1141 (8 -1528 -1136) (24 -1528 -1136) (24 -1784 -1136) (8 -1784 -1136) 
4 1139 1140 (8 -1528 -872) (8 -1528 -1136) (8 -1784 -1136) (8 -1784 -872) 
4 1140 1141 (-232 -1528 -1136) (8 -1528 -1136) (8 -1784 -1136) (-232 -1784 -1136) 
0 -1
1 -1
2 -1
3 -1
4 -1
5 -1
6 -1
7 -1
8 -1
9 -1
10 -1
11 -1
12 -1
13 -1
14 -1
15 -1
16 -1
17 -1
18 -1
19 -1
20 -1
21 -1
22 -1
23 -1
24 -1
25 -1
26 -1
27 -1
28 -1
29 -1
30 -1
31 -1
32 -1
33 -1
34 -1
35 -1
36 -1
37 -1
38 -1
39 -1
40 -1
41 -1
42 -1
43 -1
44 -1
45 -1
46 -1
47 -1
48 -1
49 -1
50 -1
51 -1
52 -1
53 -1
54 -1
55 -1
56 -1
57 -1
58 -1
59 -1
60 -1
61 -1
62 -1
63 -1
64 -1
65 -1
66 -1
67 -1
68 -1
69 -1
70 -1
71 -1
72 -1
73 -1
74 -1
75 -1
76 -1
77 -1
78 -1
79 -1
80 -1
81 -1
82 -1
83 -1
84 -1
85 -1
86 -1
87 -1
88 -1
89 -1
90 -1
91 -1
92 -1
93 -1
94 -1
95 -1
96 -1
97 -1
98 -1
99 -1
100 -1
101 -1
102 -1
103 -1
104 -1
105 -1
106 -1
107 -1
108 -1
109 -1
110 -1
111 -1
112 -1
113 -1
114 -1
115 -1
116 -1
117 -1
118 -1
119 -1
120 -1
121 -1
122 -1
123 -1
124 -1
125 -1
126 -1
127 -1
128 -1
129 -1
130 -1
131 -1
132 -1
133 -1
134 -1
135 -1
136 -1
137 -1
138 -1
139 -1
140 -1
141 -1
142 -1
143 -1
144 -1
145 -1
146 -1
147 -1
148 -1
149 -1
150 -1
151 -1
152 -1
153 -1
154 -1
155 -1
156 -1
157 -1
158 -1
159 -1
160 -1
161 -1
162 -1
163 -1
164 -1
165 -1
166 -1
167 -1
168 -1
169 -1
170 -1
171 -1
172 -1
173 -1
174 -1
175 -1
176 -1
177 -1
178 -1
179 -1
180 -1
181 -1
182 -1
183 -1
184 -1
185 -1
186 -1
187 -1
188 -1
189 -1
190 -1
191 -1
192 -1
193 -1
194 -1
195 -1
196 -1
197 -1
198 -1
199 -1
200 -1
201 -1
202 -1
203 -1
204 -1
205 -1
206 -1
207 -1
208 -1
209 -1
210 -1
211 -1
212 -1
213 -1
214 -1
215 -1
216 -1
217 -1
218 -1
219 -1
220 -1
221 -1
222 -1
223 -1
224 -1
225 -1
226 -1
227 -1
228 229 -1
230 -1
231 -1
232 -1
233 -1
234 -1
235 -1
236 -1
237 -1
238 -1
239 -1
240 -1
241 -1
242 -1
243 -1
244 -1
245 -1
246 -1
247 -1
248 -1
249 -1
250 -1
251 -1
252 -1
253 -1
254 -1
255 -1
256 -1
257 -1
258 -1
259 -1
260 -1
261 -1
262 -1
263 -1
264 -1
265 -1
266 -1
267 -1
268 -1
269 -1
270 -1
271 -1
272 -1
273 -1
274 -1
275 -1
276 -1
277 -1
278 -1
279 -1
280 -1
281 -1
282 -1
283 -1
284 -1
285 -1
286 -1
287 -1
288 -1
289 -1
290 -1
291 -1
292 -1
293 -1
294 -1
295 -1
296 -1
297 -1
298 -1
299 -1
300 -1
301 -1
302 -1
303 -1
304 -1
305 -1
306 -1
307 -1
308 -1
309 -1
310 -1
311 -1
312 -1
313 -1
314 -1
315 -1
316 -1
317 -1
318 -1
319 -1
320 -1
321 -1
322 -1
323 -1
324 -1
325 -1
326 -1
327 -1
328 -1
329 -1
330 -1
331 -1
332 -1
333 -1
334 -1
335 -1
336 -1
337 -1
338 -1
339 -1
340 -1
341 -1
342 -1
343 -1
344 345 -1
346 -1
347 -1
348 -1
349 -1
350 -1
351 -1
352 -1
353 -1
354 -1
355 -1
356 -1
357 -1
358 -1
359 -1
360 -1
361 -1
362 -1
363 -1
364 -1
365 -1
366 -1
367 -1
368 -1
369 -1
370 -1
371 -1
372 -1
373 -1
374 -1
375 -1
376 -1
377 -1
378 -1
379 -1
380 -1
381 -1
382 -1
383 -1
384 -1
385 -1
386 -1
387 -1
388 -1
389 -1
390 -1
391 -1
392 -1
393 -1
394 -1
395 -1
396 -1
397 -1
398 -1
399 -1
400 -1
401 -1
402 -1
403 -1
404 -1
405 -1
406 -1
407 -1
408 -1
409 -1
410 -1
411 -1
412 -1
413 -1
414 -1
415 -1
416 -1
417 -1
418 -1
419 -1
420 -1
421 -1
422 -1
423 -1
424 -1
425 -1
426 -1
427 -1
428 -1
429 -1
430 -1
431 -1
432 -1
433 -1
434 -1
435 -1
436 -1
437 -1
438 -1
439 -1
440 -1
441 -1
442 -1
443 -1
444 -1
445 -1
446 -1
447 -1
448 -1
449 -1
450 -1
451 -1
452 -1
453 -1
454 -1
455 -1
456 -1
457 -1
458 -1
459 -1
460 461 462 -1
463 464 465 -1
466 467 468 -1
469 470 471 -1
472 473 474 -1
475 476 477 -1
478 479 480 -1
481 482 483 -1
484 485 486 -1
487 -1
488 -1
489 -1
490 -1
491 -1
492 -1
493 494 495 -1
496 497 498 -1
499 500 501 -1
502 503 504 -1
505 506 507 -1
508 509 510 -1
511 512 513 -1
514 515 516 -1
517 518 519 -1
520 521 522 -1
523 524 525 -1
526 527 528 -1
529 530 531 -1
532 533 534 -1
535 536 537 -1
538 539 540 -1
541 -1
542 -1
543 -1
544 -1
545 -1
546 -1
547 -1
548 -1
549 -1
550 -1
551 -1
552 -1
553 -1
554 -1
555 -1
556 -1
557 -1
558 -1
559 -1
560 -1
561 -1
562 -1
563 -1
564 -1
565 -1
566 -1
567 -1
568 -1
569 -1
570 -1
571 -1
572 -1
573 -1
574 -1
575 -1
576 -1
577 -1
578 -1
579 -1
580 -1
581 -1
582 -1
583 -1
584 -1
585 -1
586 -1
587 -1
588 -1
589 -1
590 -1
591 -1
592 -1
593 -1
594 -1
595 -1
596 -1
597 -1
598 -1
599 -1
600 -1
601 -1
602 -1
603 -1
604 -1
605 -1
606 -1
607 -1
608 -1
609 -1
610 -1
611 -1
612 -1
613 -1
614 -1
615 -1
616 -1
617 -1
618 -1
619 -1
620 -1
621 -1
622 -1
623 -1
624 -1
625 -1
626 -1
627 -1
628 -1
629 -1
630 -1
631 -1
632 -1
633 634 -1
635 636 -1
637 -1
638 -1
639 -1
640 -1
641 -1
642 643 -1
644 -1
645 -1
646 -1
647 -1
648 -1
649 -1
650 -1
651 -1
652 -1
653 -1
654 -1
655 -1
656 -1
657 -1
658 -1
659 -1
660 -1
661 -1
662 -1
663 -1
664 665 666 -1
667 -1
668 -1
669 -1
670 -1
671 -1
672 -1
673 -1
674 -1
675 -1
676 -1
677 -1
678 -1
679 -1
680 -1
681 -1
682 -1
683 -1
684 -1
685 -1
686 -1
687 -1
688 -1
689 -1
690 -1
691 -1
692 -1
693 -1
694 -1
695 -1
696 -1
697 -1
698 -1
699 -1
700 -1
701 -1
702 -1
703 -1
704 -1
705 -1
706 -1
707 -1
708 -1
709 -1
710 -1
711 -1
712 -1
713 -1
714 -1
715 -1
716 -1
717 -1
718 -1
719 -1
720 -1
721 -1
722 -1
723 -1
724 -1
725 -1
726 -1
727 -1
728 -1
729 -1
730 -1
731 -1
732 -1
733 -1
734 -1
735 -1
736 -1
737 -1
738 -1
739 -1
740 -1
741 -1
742 -1
743 -1
744 -1
745 -1
746 -1
747 -1
748 -1
749 -1
750 -1
751 -1
752 753 754 -1
755 -1
756 757 -1
758 -1
759 -1
760 -1
761 -1
762 -1
763 -1
764 -1
765 -1
766 -1
767 -1
768 -1
769 -1
770 -1
771 -1
772 -1
773 -1
774 -1
775 -1
776 -1
777 -1
778 -1
779 -1
780 -1
781 782 -1
783 -1
784 -1
785 -1
786 -1
787 -1
788 -1
789 -1
790 -1
791 -1
792 -1
793 -1
794 -1
795 -1
796 -1
797 -1
798 -1
799 -1
800 -1
801 -1
802 -1
803 -1
804 -1
805 -1
806 -1
807 -1
808 -1
809 -1
810 -1
811 -1
812 -1
813 -1
814 -1
815 -1
816 -1
817 -1
818 -1
819 -1
820 -1
821 -1
822 -1
823 -1
824 -1
825 -1
826 -1
827 -1
828 -1
829 -1
830 -1
831 -1
832 -1
833 -1
834 -1
835 -1
836 -1
837 -1
838 -1
839 -1
840 -1
841 -1
842 843 -1
844 -1
845 -1
846 -1
847 -1
848 -1
849 -1
850 -1
851 -1
852 -1
853 -1
854 -1
855 -1
856 -1
857 -1
858 -1
859 -1
860 -1
861 862 863 -1
864 865 -1
866 867 -1
868 869 870 -1
871 -1
872 -1
873 -1
874 -1
875 876 877 -1
878 -1
879 880 -1
881 -1
882 -1
883 -1
884 -1
885 -1
886 -1
887 -1
888 -1
889 -1
890 -1
891 -1
892 -1
893 -1
894 -1
895 -1
896 -1
897 -1
898 -1
899 -1
900 -1
901 -1
902 -1
903 -1
904 -1
905 -1
906 -1
907 -1
908 -1
909 -1
910 -1
911 -1
912 -1
913 -1
914 -1
915 -1
916 -1
917 -1
918 -1
919 -1
920 -1
921 -1
922 -1
923 -1
924 -1
925 -1
926 -1
927 -1
928 -1
929 -1
930 -1
931 -1
932 -1
933 934 935 -1
936 -1
937 -1
938 -1
939 -1
940 -1
941 -1
942 -1
943 -1
944 -1
945 -1
946 -1
947 -1
948 -1
949 -1
950 -1
951 -1
952 -1
953 -1
954 -1
955 -1
956 -1
957 -1
958 -1
959 -1
960 961 962 -1
963 -1
964 -1
965 -1
966 -1
967 -1
968 -1
969 -1
970 971 972 -1
973 -1
974 975 976 -1
977 -1
978 -1
979 -1
980 -1
981 -1
982 -1
983 -1
984 985 986 -1
987 -1
988 -1
989 990 -1
991 -1
992 -1
993 -1
994 -1
995 -1
996 -1
997 -1
998 -1
999 -1
1000 -1
1001 -1
1002 -1
1003 -1
1004 -1
1005 -1
1006 -1
1007 -1
1008 -1
1009 -1
1010 -1
1011 -1
1012 -1
1013 -1
1014 -1
1015 -1
1016 -1
1017 -1
1018 -1
1019 -1
1020 -1
1021 -1
1022 -1
1023 -1
1024 -1
1025 -1
1026 -1
1027 -1
1028 -1
1029 -1
1030 -1
1031 -1
1032 -1
1033 -1
1034 -1
1035 -1
1036 -1
1037 -1
1038 -1
1039 -1
1040 -1
1041 -1
1042 -1
1043 -1
1044 -1
1045 -1
1046 -1
1047 -1
1048 -1
1049 -1
1050 -1
1051 -1
1052 -1
1053 -1
1054 -1
1055 -1
1056 -1
1057 -1
1058 -1
1059 -1
1060 -1
1061 -1
1062 -1
1063 -1
1064 -1
1065 -1
1066 -1
1067 -1
1068 -1
1069 -1
1070 -1
1071 -1
1072 -1
1073 -1
1074 -1
1075 -1
1076 1077 1078 -1
1079 1080 1081 -1
1082 1083 1084 -1
1085 1086 1087 -1
1088 1089 1090 -1
1091 1092 1093 -1
1094 -1
1095 -1
1096 -1
1097 -1
1098 -1
1099 -1
1100 -1
1101 -1
1102 -1
1103 -1
1104 -1
1105 -1
1106 -1
1107 -1
1108 -1
1109 -1
1110 -1
1111 -1
1112 -1
1113 -1
1114 -1
1115 -1
1116 -1
1117 -1
1118 -1
1119 -1
1120 -1
1121 -1
1122 -1
1123 -1
1124 -1
1125 -1
1126 -1
1127 -1
1128 -1
1129 -1
1130 -1
1131 -1
1132 -1
1133 -1
1134 -1
1135 -1
1136 -1
1137 -1
1138 -1
1139 -1
1140 -1
1141 -1
1142 -1
1143 -1
1144 -1
1145 -1
1146 -1
1147 -1
1148 -1
1149 -1
1150 -1
1151 -1
1152 -1
1153 -1
1154 -1
1155 -1
1156 -1
1157 -1
1158 -1
1159 -1
1160 -1
1161 -1
1162 -1
1163 -1
1164 -1
1165 -1
1166 -1
1167 -1
1168 -1
1169 -1
1170 -1
1171 -1
1172 -1
1173 -1
1174 -1
1175 -1
1176 -1
1177 -1
1178 -1
1179 -1
1180 -1
1181 -1
1182 -1
1183 -1
1184 -1
1185 -1
1186 -1
1187 -1
1188 -1
1189 -1
1190 -1
1191 -1
1192 -1
1193 -1
1194 -1
1195 -1
1196 -1
1197 -1
1198 -1
1199 -1
1200 -1
1201 -1
1202 -1
1203 -1
1204 -1
1205 -1
1206 -1
1207 -1
1208 -1
1209 -1
1210 -1
1211 -1
1212 -1
1213 -1
1214 -1
1215 -1
1216 -1
1217 -1
1218 -1
1219 -1
1220 -1
1221 -1
1222 -1
1223 -1
1224 -1
1225 -1
1226 -1
1227 -1
1228 -1
1229 -1
1230 -1
1231 -1
1232 -1
1233 -1
1234 -1
1235 -1
